Age,Gender,Avg_Daily_Screen_Time_hr,Primary_Device,Exceeded_Recommended_Limit,Educational_to_Recreational_Ratio,Health_Impacts,Urban_or_Rural,age_group,screen_time_hours,sleep_affected
14,Male,3.99,Smartphone,True,0.42,"Poor Sleep, Eye Strain",Urban,13-17 (Teen),3.99,1
11,Female,4.61,Laptop,True,0.3,Poor Sleep,Urban,8-12 (Pre-teen),4.61,1
18,Female,3.73,TV,True,0.32,Poor Sleep,Urban,18-29 (Young Adult),3.73,1
15,Female,1.21,Laptop,False,0.39,,Urban,13-17 (Teen),1.21,0
12,Female,5.89,Smartphone,True,0.49,"Poor Sleep, Anxiety",Urban,8-12 (Pre-teen),5.89,1
14,Female,4.88,Smartphone,True,0.44,Poor Sleep,Urban,13-17 (Teen),4.88,1
17,Male,2.97,TV,False,0.48,,Rural,13-17 (Teen),2.97,0
10,Male,2.74,TV,True,0.54,,Urban,8-12 (Pre-teen),2.74,0
14,Male,4.61,Laptop,True,0.36,"Poor Sleep, Anxiety",Rural,13-17 (Teen),4.61,1
18,Male,3.24,Tablet,True,0.48,"Poor Sleep, Obesity Risk",Urban,18-29 (Young Adult),3.24,1
18,Male,3.53,Tablet,True,0.44,Poor Sleep,Rural,18-29 (Young Adult),3.53,1
15,Female,4.94,TV,True,0.36,Poor Sleep,Rural,13-17 (Teen),4.94,1
12,Male,4.59,Smartphone,True,0.43,Poor Sleep,Urban,8-12 (Pre-teen),4.59,1
11,Male,6.08,TV,True,0.48,Eye Strain,Rural,8-12 (Pre-teen),6.08,0
15,Male,6.15,Smartphone,True,0.4,Poor Sleep,Urban,13-17 (Teen),6.15,1
15,Female,3.69,Smartphone,True,0.34,Poor Sleep,Urban,13-17 (Teen),3.69,1
10,Female,7.1,Smartphone,True,0.43,"Poor Sleep, Eye Strain",Rural,8-12 (Pre-teen),7.1,1
13,Female,6.98,Smartphone,True,0.48,Obesity Risk,Urban,13-17 (Teen),6.98,0
12,Male,3.82,Smartphone,True,0.4,Anxiety,Urban,8-12 (Pre-teen),3.82,0
9,Female,0.0,TV,False,0.42,,Urban,8-12 (Pre-teen),0.0,0
15,Male,3.85,Smartphone,True,0.49,Obesity Risk,Urban,13-17 (Teen),3.85,0
13,Female,4.05,Smartphone,True,0.33,Eye Strain,Urban,13-17 (Teen),4.05,0
9,Female,1.63,Tablet,False,0.58,,Urban,8-12 (Pre-teen),1.63,0
12,Female,6.78,TV,True,0.33,Eye Strain,Urban,8-12 (Pre-teen),6.78,0
8,Male,3.19,Tablet,True,0.54,"Poor Sleep, Anxiety, Obesity Risk",Urban,8-12 (Pre-teen),3.19,1
17,Male,4.96,Smartphone,True,0.32,,Urban,13-17 (Teen),4.96,0
13,Female,1.85,Smartphone,False,0.49,,Urban,13-17 (Teen),1.85,0
16,Male,4.22,Smartphone,True,0.5,Poor Sleep,Urban,13-17 (Teen),4.22,1
8,Male,0.31,Smartphone,False,0.51,,Urban,8-12 (Pre-teen),0.31,0
18,Male,5.13,TV,True,0.43,"Poor Sleep, Obesity Risk",Urban,18-29 (Young Adult),5.13,1
18,Male,4.45,Smartphone,True,0.48,Eye Strain,Urban,18-29 (Young Adult),4.45,0
17,Female,3.02,Smartphone,True,0.39,,Rural,13-17 (Teen),3.02,0
10,Male,2.16,Tablet,True,0.41,,Urban,8-12 (Pre-teen),2.16,0
14,Male,4.28,Smartphone,True,0.34,Eye Strain,Rural,13-17 (Teen),4.28,0
11,Female,5.34,Smartphone,True,0.4,"Poor Sleep, Eye Strain",Urban,8-12 (Pre-teen),5.34,1
16,Female,3.5,Laptop,True,0.4,"Eye Strain, Obesity Risk",Rural,13-17 (Teen),3.5,0
10,Male,11.68,TV,True,0.47,Poor Sleep,Urban,8-12 (Pre-teen),11.68,1
12,Female,1.63,Smartphone,False,0.5,,Urban,8-12 (Pre-teen),1.63,0
10,Male,4.63,Smartphone,True,0.47,Poor Sleep,Urban,8-12 (Pre-teen),4.63,1
14,Male,4.21,TV,True,0.38,Poor Sleep,Urban,13-17 (Teen),4.21,1
12,Male,4.56,Smartphone,True,0.5,"Poor Sleep, Eye Strain",Urban,8-12 (Pre-teen),4.56,1
16,Female,3.51,TV,True,0.44,"Poor Sleep, Anxiety",Urban,13-17 (Teen),3.51,1
14,Female,4.69,Smartphone,True,0.35,"Poor Sleep, Eye Strain",Urban,13-17 (Teen),4.69,1
9,Male,7.61,TV,True,0.5,Poor Sleep,Urban,8-12 (Pre-teen),7.61,1
11,Male,2.75,Smartphone,False,0.35,,Rural,8-12 (Pre-teen),2.75,0
16,Male,6.74,TV,True,0.42,"Eye Strain, Anxiety, Obesity Risk",Urban,13-17 (Teen),6.74,0
9,Female,0.0,Smartphone,False,0.47,,Urban,8-12 (Pre-teen),0.0,0
17,Male,2.34,Smartphone,False,0.48,,Rural,13-17 (Teen),2.34,0
16,Male,2.85,Smartphone,False,0.3,,Rural,13-17 (Teen),2.85,0
17,Male,4.29,Laptop,True,0.39,"Poor Sleep, Eye Strain",Rural,13-17 (Teen),4.29,1
12,Male,6.03,TV,True,0.39,"Poor Sleep, Anxiety",Urban,8-12 (Pre-teen),6.03,1
9,Female,1.06,Smartphone,False,0.42,,Urban,8-12 (Pre-teen),1.06,0
11,Male,2.83,Smartphone,False,0.4,,Urban,8-12 (Pre-teen),2.83,0
14,Male,3.92,Smartphone,True,0.47,,Urban,13-17 (Teen),3.92,0
15,Male,4.55,Smartphone,True,0.39,"Poor Sleep, Anxiety",Urban,13-17 (Teen),4.55,1
10,Female,6.86,Smartphone,True,0.56,Poor Sleep,Rural,8-12 (Pre-teen),6.86,1
8,Male,3.47,TV,True,0.41,"Poor Sleep, Obesity Risk",Rural,8-12 (Pre-teen),3.47,1
11,Female,4.61,Tablet,True,0.46,Poor Sleep,Urban,8-12 (Pre-teen),4.61,1
9,Male,0.0,Smartphone,False,0.59,,Rural,8-12 (Pre-teen),0.0,0
15,Male,3.47,Smartphone,True,0.41,,Rural,13-17 (Teen),3.47,0
11,Male,4.31,TV,True,0.42,Poor Sleep,Urban,8-12 (Pre-teen),4.31,1
9,Male,2.3,Smartphone,True,0.45,,Urban,8-12 (Pre-teen),2.3,0
13,Male,4.5,Laptop,True,0.38,,Urban,13-17 (Teen),4.5,0
13,Female,2.65,Laptop,False,0.38,,Rural,13-17 (Teen),2.65,0
17,Male,5.34,Laptop,True,0.43,,Urban,13-17 (Teen),5.34,0
11,Male,3.87,TV,True,0.43,"Poor Sleep, Obesity Risk",Urban,8-12 (Pre-teen),3.87,1
13,Male,5.67,Tablet,True,0.41,"Poor Sleep, Anxiety",Urban,13-17 (Teen),5.67,1
9,Female,3.8,TV,True,0.53,"Poor Sleep, Eye Strain",Rural,8-12 (Pre-teen),3.8,1
17,Male,4.61,TV,True,0.34,"Poor Sleep, Obesity Risk",Rural,13-17 (Teen),4.61,1
9,Male,0.9,Tablet,False,0.6,,Rural,8-12 (Pre-teen),0.9,0
17,Female,3.3,TV,True,0.42,,Urban,13-17 (Teen),3.3,0
11,Male,5.12,TV,True,0.31,Poor Sleep,Urban,8-12 (Pre-teen),5.12,1
15,Female,5.82,TV,True,0.48,Poor Sleep,Urban,13-17 (Teen),5.82,1
14,Female,4.27,Smartphone,True,0.47,"Poor Sleep, Eye Strain",Rural,13-17 (Teen),4.27,1
16,Male,5.79,Smartphone,True,0.35,Poor Sleep,Urban,13-17 (Teen),5.79,1
15,Female,2.69,TV,False,0.32,,Urban,13-17 (Teen),2.69,0
12,Female,3.64,Smartphone,True,0.44,Poor Sleep,Urban,8-12 (Pre-teen),3.64,1
9,Male,4.23,TV,True,0.46,,Urban,8-12 (Pre-teen),4.23,0
12,Male,6.15,Laptop,True,0.41,Poor Sleep,Urban,8-12 (Pre-teen),6.15,1
15,Female,5.72,Tablet,True,0.33,"Poor Sleep, Eye Strain",Urban,13-17 (Teen),5.72,1
17,Male,3.41,Laptop,True,0.31,,Rural,13-17 (Teen),3.41,0
16,Male,4.45,Laptop,True,0.48,"Poor Sleep, Eye Strain",Urban,13-17 (Teen),4.45,1
16,Male,2.9,Smartphone,False,0.31,,Urban,13-17 (Teen),2.9,0
8,Female,7.54,Smartphone,True,0.46,"Poor Sleep, Eye Strain",Urban,8-12 (Pre-teen),7.54,1
16,Male,4.34,Tablet,True,0.48,"Poor Sleep, Anxiety",Urban,13-17 (Teen),4.34,1
14,Female,5.43,Smartphone,True,0.49,,Urban,13-17 (Teen),5.43,0
16,Female,4.78,Tablet,True,0.33,"Poor Sleep, Anxiety",Rural,13-17 (Teen),4.78,1
15,Female,3.64,Tablet,True,0.48,"Poor Sleep, Anxiety, Obesity Risk",Urban,13-17 (Teen),3.64,1
8,Female,1.67,Smartphone,False,0.45,,Rural,8-12 (Pre-teen),1.67,0
15,Female,4.96,Tablet,True,0.42,"Anxiety, Obesity Risk",Rural,13-17 (Teen),4.96,0
15,Male,5.91,Smartphone,True,0.44,"Poor Sleep, Eye Strain",Urban,13-17 (Teen),5.91,1
18,Female,6.3,Tablet,True,0.39,Poor Sleep,Rural,18-29 (Young Adult),6.3,1
10,Female,0.0,Tablet,False,0.4,,Urban,8-12 (Pre-teen),0.0,0
8,Male,3.39,TV,True,0.43,,Rural,8-12 (Pre-teen),3.39,0
15,Male,3.57,Smartphone,True,0.32,"Poor Sleep, Obesity Risk",Rural,13-17 (Teen),3.57,1
10,Female,1.36,Smartphone,False,0.57,,Urban,8-12 (Pre-teen),1.36,0
10,Male,0.0,Smartphone,False,0.45,,Rural,8-12 (Pre-teen),0.0,0
8,Male,2.75,TV,True,0.53,,Rural,8-12 (Pre-teen),2.75,0
18,Female,6.4,Smartphone,True,0.32,,Urban,18-29 (Young Adult),6.4,0
12,Female,3.77,Laptop,True,0.48,Poor Sleep,Rural,8-12 (Pre-teen),3.77,1
17,Female,4.73,Smartphone,True,0.47,Poor Sleep,Urban,13-17 (Teen),4.73,1
14,Male,5.76,Tablet,True,0.4,Poor Sleep,Urban,13-17 (Teen),5.76,1
17,Female,2.78,Smartphone,False,0.34,,Urban,13-17 (Teen),2.78,0
16,Female,3.93,Smartphone,True,0.39,Poor Sleep,Rural,13-17 (Teen),3.93,1
14,Male,4.61,TV,True,0.31,Obesity Risk,Urban,13-17 (Teen),4.61,0
16,Male,5.67,TV,True,0.49,Poor Sleep,Urban,13-17 (Teen),5.67,1
15,Female,4.51,Laptop,True,0.4,Poor Sleep,Urban,13-17 (Teen),4.51,1
9,Female,0.45,Smartphone,False,0.46,,Rural,8-12 (Pre-teen),0.45,0
8,Male,2.52,Smartphone,True,0.58,,Urban,8-12 (Pre-teen),2.52,0
14,Male,6.04,Smartphone,True,0.39,,Urban,13-17 (Teen),6.04,0
14,Female,6.1,Smartphone,True,0.47,Poor Sleep,Rural,13-17 (Teen),6.1,1
15,Male,5.61,Smartphone,True,0.39,Obesity Risk,Urban,13-17 (Teen),5.61,0
12,Male,2.34,Smartphone,False,0.37,,Urban,8-12 (Pre-teen),2.34,0
10,Male,6.86,TV,True,0.56,Poor Sleep,Urban,8-12 (Pre-teen),6.86,1
15,Female,3.78,Laptop,True,0.31,Poor Sleep,Rural,13-17 (Teen),3.78,1
13,Male,4.67,Smartphone,True,0.44,"Anxiety, Obesity Risk",Urban,13-17 (Teen),4.67,0
18,Male,3.25,Tablet,True,0.45,"Poor Sleep, Eye Strain",Rural,18-29 (Young Adult),3.25,1
10,Male,4.98,Smartphone,True,0.46,,Rural,8-12 (Pre-teen),4.98,0
8,Male,5.22,Smartphone,True,0.45,"Poor Sleep, Eye Strain, Obesity Risk",Urban,8-12 (Pre-teen),5.22,1
10,Female,5.02,TV,True,0.6,,Urban,8-12 (Pre-teen),5.02,0
12,Male,6.06,Smartphone,True,0.43,Eye Strain,Urban,8-12 (Pre-teen),6.06,0
10,Female,1.86,Smartphone,False,0.46,,Rural,8-12 (Pre-teen),1.86,0
8,Female,6.48,Smartphone,True,0.48,,Rural,8-12 (Pre-teen),6.48,0
12,Male,4.37,Laptop,True,0.46,Eye Strain,Rural,8-12 (Pre-teen),4.37,0
17,Male,4.16,Laptop,True,0.31,Poor Sleep,Rural,13-17 (Teen),4.16,1
14,Female,3.91,Laptop,True,0.39,Eye Strain,Urban,13-17 (Teen),3.91,0
14,Male,4.54,Laptop,True,0.41,Poor Sleep,Urban,13-17 (Teen),4.54,1
18,Female,4.59,Smartphone,True,0.35,"Poor Sleep, Anxiety, Obesity Risk",Rural,18-29 (Young Adult),4.59,1
16,Female,2.42,Smartphone,False,0.45,,Urban,13-17 (Teen),2.42,0
17,Male,6.78,Smartphone,True,0.49,Poor Sleep,Urban,13-17 (Teen),6.78,1
17,Female,4.19,TV,True,0.48,Obesity Risk,Rural,13-17 (Teen),4.19,0
10,Female,3.27,TV,True,0.48,"Poor Sleep, Eye Strain",Rural,8-12 (Pre-teen),3.27,1
14,Male,6.01,Tablet,True,0.34,"Poor Sleep, Eye Strain",Urban,13-17 (Teen),6.01,1
8,Female,4.74,Smartphone,True,0.5,"Eye Strain, Obesity Risk",Urban,8-12 (Pre-teen),4.74,0
11,Female,3.42,Smartphone,True,0.43,"Poor Sleep, Eye Strain, Obesity Risk",Urban,8-12 (Pre-teen),3.42,1
11,Female,5.47,Smartphone,True,0.41,"Poor Sleep, Anxiety",Urban,8-12 (Pre-teen),5.47,1
12,Female,6.28,Smartphone,True,0.32,Poor Sleep,Rural,8-12 (Pre-teen),6.28,1
14,Male,3.26,Smartphone,True,0.46,"Poor Sleep, Anxiety",Urban,13-17 (Teen),3.26,1
14,Male,6.06,Smartphone,True,0.38,Anxiety,Urban,13-17 (Teen),6.06,0
18,Female,4.67,TV,True,0.32,Poor Sleep,Urban,18-29 (Young Adult),4.67,1
11,Male,3.75,Smartphone,True,0.43,,Urban,8-12 (Pre-teen),3.75,0
14,Female,6.7,Smartphone,True,0.3,"Poor Sleep, Eye Strain",Urban,13-17 (Teen),6.7,1
18,Female,3.58,Smartphone,True,0.38,,Urban,18-29 (Young Adult),3.58,0
10,Female,2.51,TV,True,0.47,,Rural,8-12 (Pre-teen),2.51,0
13,Male,5.24,Smartphone,True,0.43,Poor Sleep,Urban,13-17 (Teen),5.24,1
9,Female,0.0,Tablet,False,0.49,,Rural,8-12 (Pre-teen),0.0,0
17,Female,5.14,Smartphone,True,0.36,Poor Sleep,Urban,13-17 (Teen),5.14,1
16,Female,3.7,Tablet,True,0.33,Eye Strain,Urban,13-17 (Teen),3.7,0
12,Male,4.79,TV,True,0.32,Poor Sleep,Urban,8-12 (Pre-teen),4.79,1
13,Male,3.3,Tablet,True,0.43,"Poor Sleep, Eye Strain, Anxiety",Rural,13-17 (Teen),3.3,1
11,Female,5.97,Smartphone,True,0.5,Poor Sleep,Urban,8-12 (Pre-teen),5.97,1
18,Female,3.05,Smartphone,True,0.37,"Eye Strain, Anxiety, Obesity Risk",Urban,18-29 (Young Adult),3.05,0
17,Female,5.18,Smartphone,True,0.42,Eye Strain,Urban,13-17 (Teen),5.18,0
14,Female,3.66,Laptop,True,0.33,"Poor Sleep, Eye Strain",Urban,13-17 (Teen),3.66,1
16,Male,4.08,Smartphone,True,0.47,,Urban,13-17 (Teen),4.08,0
14,Female,4.41,TV,True,0.32,,Urban,13-17 (Teen),4.41,0
8,Female,4.84,Smartphone,True,0.54,Poor Sleep,Urban,8-12 (Pre-teen),4.84,1
8,Female,6.82,Smartphone,True,0.52,,Rural,8-12 (Pre-teen),6.82,0
16,Female,4.6,Smartphone,True,0.4,Poor Sleep,Urban,13-17 (Teen),4.6,1
18,Female,4.06,Smartphone,True,0.44,Poor Sleep,Urban,18-29 (Young Adult),4.06,1
16,Female,6.5,TV,True,0.49,,Urban,13-17 (Teen),6.5,0
11,Female,4.21,TV,True,0.3,"Poor Sleep, Eye Strain, Anxiety, Obesity Risk",Rural,8-12 (Pre-teen),4.21,1
16,Female,7.07,Laptop,True,0.36,Poor Sleep,Urban,13-17 (Teen),7.07,1
10,Male,2.48,Smartphone,True,0.51,,Rural,8-12 (Pre-teen),2.48,0
14,Female,4.06,Smartphone,True,0.42,Poor Sleep,Urban,13-17 (Teen),4.06,1
13,Male,3.9,Smartphone,True,0.36,,Urban,13-17 (Teen),3.9,0
15,Female,2.38,TV,False,0.33,,Urban,13-17 (Teen),2.38,0
18,Female,6.59,Laptop,True,0.39,Poor Sleep,Rural,18-29 (Young Adult),6.59,1
16,Male,5.6,Laptop,True,0.4,Poor Sleep,Rural,13-17 (Teen),5.6,1
12,Male,5.32,Laptop,True,0.31,Poor Sleep,Urban,8-12 (Pre-teen),5.32,1
8,Male,4.82,TV,True,0.51,"Poor Sleep, Eye Strain, Anxiety",Rural,8-12 (Pre-teen),4.82,1
10,Male,3.69,TV,True,0.56,Poor Sleep,Urban,8-12 (Pre-teen),3.69,1
17,Male,4.17,TV,True,0.39,Poor Sleep,Urban,13-17 (Teen),4.17,1
15,Male,4.09,TV,True,0.35,"Poor Sleep, Anxiety",Urban,13-17 (Teen),4.09,1
18,Male,5.83,Smartphone,True,0.39,Anxiety,Rural,18-29 (Young Adult),5.83,0
13,Female,4.74,Laptop,True,0.44,Poor Sleep,Rural,13-17 (Teen),4.74,1
15,Female,4.01,TV,True,0.39,"Poor Sleep, Eye Strain",Urban,13-17 (Teen),4.01,1
16,Female,2.59,Laptop,False,0.44,,Urban,13-17 (Teen),2.59,0
11,Female,4.94,Smartphone,True,0.45,Poor Sleep,Urban,8-12 (Pre-teen),4.94,1
8,Male,4.15,TV,True,0.59,Eye Strain,Rural,8-12 (Pre-teen),4.15,0
8,Male,0.3,TV,False,0.48,,Urban,8-12 (Pre-teen),0.3,0
17,Female,4.75,Tablet,True,0.37,Obesity Risk,Rural,13-17 (Teen),4.75,0
11,Male,5.12,Laptop,True,0.48,,Urban,8-12 (Pre-teen),5.12,0
14,Male,3.2,Smartphone,True,0.4,"Poor Sleep, Obesity Risk",Urban,13-17 (Teen),3.2,1
9,Male,5.72,Smartphone,True,0.51,Eye Strain,Urban,8-12 (Pre-teen),5.72,0
10,Male,6.8,TV,True,0.43,,Rural,8-12 (Pre-teen),6.8,0
8,Female,4.73,Tablet,True,0.42,"Poor Sleep, Anxiety",Urban,8-12 (Pre-teen),4.73,1
12,Male,1.51,Smartphone,False,0.5,,Urban,8-12 (Pre-teen),1.51,0
8,Female,7.74,Tablet,True,0.5,Poor Sleep,Urban,8-12 (Pre-teen),7.74,1
15,Female,5.08,Smartphone,True,0.33,"Poor Sleep, Eye Strain",Urban,13-17 (Teen),5.08,1
8,Female,1.13,TV,False,0.41,,Urban,8-12 (Pre-teen),1.13,0
18,Male,5.12,Smartphone,True,0.46,"Poor Sleep, Eye Strain, Obesity Risk",Rural,18-29 (Young Adult),5.12,1
8,Male,6.34,TV,True,0.51,Poor Sleep,Urban,8-12 (Pre-teen),6.34,1
9,Female,5.05,Smartphone,True,0.58,Poor Sleep,Urban,8-12 (Pre-teen),5.05,1
9,Female,0.73,Smartphone,False,0.58,,Urban,8-12 (Pre-teen),0.73,0
13,Male,5.49,Smartphone,True,0.45,Poor Sleep,Urban,13-17 (Teen),5.49,1
14,Female,4.51,Laptop,True,0.36,Poor Sleep,Urban,13-17 (Teen),4.51,1
12,Male,2.9,Smartphone,False,0.48,,Urban,8-12 (Pre-teen),2.9,0
8,Male,6.29,Tablet,True,0.49,Poor Sleep,Urban,8-12 (Pre-teen),6.29,1
8,Male,2.1,Smartphone,True,0.5,,Urban,8-12 (Pre-teen),2.1,0
10,Female,4.53,TV,True,0.47,Poor Sleep,Urban,8-12 (Pre-teen),4.53,1
9,Female,2.44,Tablet,True,0.48,,Rural,8-12 (Pre-teen),2.44,0
12,Female,2.14,Smartphone,False,0.4,,Urban,8-12 (Pre-teen),2.14,0
17,Female,2.72,Smartphone,False,0.33,,Urban,13-17 (Teen),2.72,0
13,Female,4.49,Smartphone,True,0.41,"Poor Sleep, Anxiety",Urban,13-17 (Teen),4.49,1
14,Female,3.15,Tablet,True,0.38,,Urban,13-17 (Teen),3.15,0
11,Male,3.74,Smartphone,True,0.42,"Eye Strain, Anxiety",Rural,8-12 (Pre-teen),3.74,0
14,Female,3.82,Tablet,True,0.46,Poor Sleep,Urban,13-17 (Teen),3.82,1
18,Female,6.53,TV,True,0.43,Poor Sleep,Urban,18-29 (Young Adult),6.53,1
15,Female,4.54,Laptop,True,0.46,"Poor Sleep, Eye Strain",Urban,13-17 (Teen),4.54,1
18,Female,3.87,Laptop,True,0.36,,Urban,18-29 (Young Adult),3.87,0
8,Female,0.1,Tablet,False,0.5,,Rural,8-12 (Pre-teen),0.1,0
13,Male,4.44,Smartphone,True,0.39,Poor Sleep,Urban,13-17 (Teen),4.44,1
15,Male,4.75,Smartphone,True,0.44,,Rural,13-17 (Teen),4.75,0
12,Female,3.65,Tablet,True,0.4,Eye Strain,Urban,8-12 (Pre-teen),3.65,0
11,Male,3.85,Laptop,True,0.31,"Poor Sleep, Eye Strain, Obesity Risk",Urban,8-12 (Pre-teen),3.85,1
9,Male,2.32,TV,True,0.51,,Urban,8-12 (Pre-teen),2.32,0
13,Male,3.65,Laptop,True,0.37,"Poor Sleep, Eye Strain",Rural,13-17 (Teen),3.65,1
13,Female,5.78,TV,True,0.43,"Poor Sleep, Obesity Risk",Rural,13-17 (Teen),5.78,1
18,Male,2.96,TV,False,0.43,,Urban,18-29 (Young Adult),2.96,0
8,Female,0.91,Smartphone,False,0.43,,Urban,8-12 (Pre-teen),0.91,0
16,Male,4.17,Smartphone,True,0.36,"Poor Sleep, Eye Strain",Urban,13-17 (Teen),4.17,1
18,Male,3.98,Laptop,True,0.37,Poor Sleep,Urban,18-29 (Young Adult),3.98,1
13,Male,2.94,Smartphone,False,0.43,,Urban,13-17 (Teen),2.94,0
10,Female,6.63,TV,True,0.54,"Poor Sleep, Eye Strain",Urban,8-12 (Pre-teen),6.63,1
11,Male,2.9,TV,False,0.36,,Urban,8-12 (Pre-teen),2.9,0
18,Female,5.84,Smartphone,True,0.43,Eye Strain,Urban,18-29 (Young Adult),5.84,0
11,Male,4.78,Smartphone,True,0.39,"Poor Sleep, Anxiety",Rural,8-12 (Pre-teen),4.78,1
10,Male,4.13,Smartphone,True,0.4,Poor Sleep,Urban,8-12 (Pre-teen),4.13,1
17,Male,3.67,Smartphone,True,0.34,Poor Sleep,Urban,13-17 (Teen),3.67,1
10,Male,3.02,TV,True,0.46,"Poor Sleep, Obesity Risk",Rural,8-12 (Pre-teen),3.02,1
10,Female,1.92,TV,False,0.41,,Urban,8-12 (Pre-teen),1.92,0
11,Female,4.16,Laptop,True,0.36,"Anxiety, Obesity Risk",Urban,8-12 (Pre-teen),4.16,0
14,Male,3.9,TV,True,0.37,"Poor Sleep, Eye Strain, Obesity Risk",Urban,13-17 (Teen),3.9,1
11,Female,6.12,TV,True,0.34,,Urban,8-12 (Pre-teen),6.12,0
16,Male,6.23,Smartphone,True,0.47,Obesity Risk,Rural,13-17 (Teen),6.23,0
8,Male,2.87,Smartphone,True,0.52,,Urban,8-12 (Pre-teen),2.87,0
15,Male,4.88,Smartphone,True,0.34,"Poor Sleep, Obesity Risk",Urban,13-17 (Teen),4.88,1
14,Female,2.61,Smartphone,False,0.38,,Rural,13-17 (Teen),2.61,0
9,Female,1.19,Tablet,False,0.45,,Urban,8-12 (Pre-teen),1.19,0
15,Male,2.54,Laptop,False,0.3,,Urban,13-17 (Teen),2.54,0
8,Male,5.36,Tablet,True,0.56,Poor Sleep,Urban,8-12 (Pre-teen),5.36,1
18,Male,4.18,TV,True,0.31,,Urban,18-29 (Young Adult),4.18,0
16,Male,4.47,TV,True,0.43,"Poor Sleep, Eye Strain, Anxiety",Urban,13-17 (Teen),4.47,1
16,Female,5.91,TV,True,0.38,Anxiety,Rural,13-17 (Teen),5.91,0
9,Female,1.64,Smartphone,False,0.49,,Urban,8-12 (Pre-teen),1.64,0
14,Female,4.13,Smartphone,True,0.49,"Poor Sleep, Eye Strain, Obesity Risk",Rural,13-17 (Teen),4.13,1
17,Male,1.97,Smartphone,False,0.44,,Rural,13-17 (Teen),1.97,0
10,Female,0.21,Smartphone,False,0.5,,Urban,8-12 (Pre-teen),0.21,0
14,Female,3.27,Tablet,True,0.45,"Poor Sleep, Obesity Risk",Urban,13-17 (Teen),3.27,1
17,Female,4.62,Smartphone,True,0.38,,Urban,13-17 (Teen),4.62,0
16,Female,4.14,Smartphone,True,0.41,"Poor Sleep, Eye Strain",Urban,13-17 (Teen),4.14,1
11,Female,3.82,Laptop,True,0.5,"Eye Strain, Anxiety",Urban,8-12 (Pre-teen),3.82,0
8,Female,4.69,Smartphone,True,0.59,Poor Sleep,Urban,8-12 (Pre-teen),4.69,1
9,Male,3.59,Smartphone,True,0.44,,Rural,8-12 (Pre-teen),3.59,0
8,Male,3.28,Tablet,True,0.46,Anxiety,Rural,8-12 (Pre-teen),3.28,0
12,Male,3.94,TV,True,0.44,Poor Sleep,Urban,8-12 (Pre-teen),3.94,1
12,Male,6.34,Laptop,True,0.43,,Rural,8-12 (Pre-teen),6.34,0
18,Female,5.16,Smartphone,True,0.47,Poor Sleep,Urban,18-29 (Young Adult),5.16,1
14,Male,2.89,Laptop,False,0.4,,Rural,13-17 (Teen),2.89,0
16,Female,3.73,Laptop,True,0.34,"Poor Sleep, Eye Strain, Anxiety",Rural,13-17 (Teen),3.73,1
16,Male,5.77,Laptop,True,0.41,"Eye Strain, Anxiety",Urban,13-17 (Teen),5.77,0
10,Male,3.57,Smartphone,True,0.52,,Rural,8-12 (Pre-teen),3.57,0
10,Female,6.58,TV,True,0.52,Poor Sleep,Rural,8-12 (Pre-teen),6.58,1
10,Male,3.2,Smartphone,True,0.55,"Poor Sleep, Eye Strain",Urban,8-12 (Pre-teen),3.2,1
11,Male,2.08,TV,False,0.31,,Rural,8-12 (Pre-teen),2.08,0
15,Male,4.26,Smartphone,True,0.42,"Poor Sleep, Eye Strain, Anxiety",Urban,13-17 (Teen),4.26,1
13,Male,8.24,TV,True,0.4,Poor Sleep,Urban,13-17 (Teen),8.24,1
15,Male,3.85,Smartphone,True,0.35,"Poor Sleep, Anxiety, Obesity Risk",Urban,13-17 (Teen),3.85,1
8,Female,1.63,Smartphone,False,0.59,,Urban,8-12 (Pre-teen),1.63,0
15,Male,2.2,Smartphone,False,0.44,,Rural,13-17 (Teen),2.2,0
11,Female,2.73,Tablet,False,0.35,,Urban,8-12 (Pre-teen),2.73,0
18,Male,5.02,Smartphone,True,0.49,,Urban,18-29 (Young Adult),5.02,0
8,Female,4.92,Tablet,True,0.59,"Poor Sleep, Anxiety",Urban,8-12 (Pre-teen),4.92,1
15,Female,4.32,Smartphone,True,0.33,Poor Sleep,Urban,13-17 (Teen),4.32,1
11,Male,3.71,Smartphone,True,0.4,Poor Sleep,Urban,8-12 (Pre-teen),3.71,1
13,Male,4.29,Smartphone,True,0.3,,Urban,13-17 (Teen),4.29,0
15,Female,6.56,Smartphone,True,0.33,"Poor Sleep, Eye Strain",Urban,13-17 (Teen),6.56,1
11,Male,0.95,Smartphone,False,0.36,,Urban,8-12 (Pre-teen),0.95,0
10,Female,2.0,Smartphone,False,0.58,,Urban,8-12 (Pre-teen),2.0,0
16,Female,3.12,Smartphone,True,0.44,Eye Strain,Urban,13-17 (Teen),3.12,0
10,Female,1.65,Smartphone,False,0.56,,Urban,8-12 (Pre-teen),1.65,0
16,Male,3.96,Smartphone,True,0.37,Poor Sleep,Urban,13-17 (Teen),3.96,1
9,Female,1.68,TV,False,0.6,,Rural,8-12 (Pre-teen),1.68,0
9,Female,4.05,TV,True,0.48,,Urban,8-12 (Pre-teen),4.05,0
9,Male,4.29,Tablet,True,0.53,Poor Sleep,Urban,8-12 (Pre-teen),4.29,1
13,Male,4.46,Laptop,True,0.45,"Poor Sleep, Anxiety",Urban,13-17 (Teen),4.46,1
10,Male,0.0,TV,False,0.47,,Rural,8-12 (Pre-teen),0.0,0
16,Male,5.54,Smartphone,True,0.34,,Rural,13-17 (Teen),5.54,0
11,Female,2.02,Tablet,False,0.39,,Urban,8-12 (Pre-teen),2.02,0
8,Female,1.67,TV,False,0.56,,Urban,8-12 (Pre-teen),1.67,0
11,Female,5.3,Tablet,True,0.33,"Poor Sleep, Eye Strain",Urban,8-12 (Pre-teen),5.3,1
8,Female,9.35,Smartphone,True,0.55,Anxiety,Rural,8-12 (Pre-teen),9.35,0
12,Male,3.97,Smartphone,True,0.36,Poor Sleep,Rural,8-12 (Pre-teen),3.97,1
11,Male,4.12,Laptop,True,0.34,,Urban,8-12 (Pre-teen),4.12,0
15,Male,4.88,Laptop,True,0.43,Eye Strain,Rural,13-17 (Teen),4.88,0
15,Female,5.48,Smartphone,True,0.42,"Eye Strain, Anxiety",Urban,13-17 (Teen),5.48,0
14,Female,3.23,Smartphone,True,0.31,,Urban,13-17 (Teen),3.23,0
10,Male,5.99,TV,True,0.4,"Poor Sleep, Eye Strain",Urban,8-12 (Pre-teen),5.99,1
8,Male,1.25,Tablet,False,0.4,,Urban,8-12 (Pre-teen),1.25,0
8,Male,0.0,Smartphone,False,0.44,,Urban,8-12 (Pre-teen),0.0,0
18,Male,3.91,Laptop,True,0.43,"Poor Sleep, Eye Strain",Rural,18-29 (Young Adult),3.91,1
10,Female,8.74,Tablet,True,0.56,Poor Sleep,Urban,8-12 (Pre-teen),8.74,1
13,Female,7.85,TV,True,0.43,"Poor Sleep, Eye Strain",Rural,13-17 (Teen),7.85,1
14,Female,5.76,Smartphone,True,0.35,"Poor Sleep, Anxiety, Obesity Risk",Urban,13-17 (Teen),5.76,1
13,Female,3.37,Smartphone,True,0.46,Anxiety,Rural,13-17 (Teen),3.37,0
13,Female,4.11,Laptop,True,0.37,Poor Sleep,Urban,13-17 (Teen),4.11,1
13,Male,4.06,Smartphone,True,0.44,Poor Sleep,Urban,13-17 (Teen),4.06,1
10,Male,2.29,Smartphone,True,0.58,,Urban,8-12 (Pre-teen),2.29,0
13,Female,1.9,TV,False,0.43,,Urban,13-17 (Teen),1.9,0
15,Male,3.83,Smartphone,True,0.42,Poor Sleep,Urban,13-17 (Teen),3.83,1
18,Male,4.13,Smartphone,True,0.33,Poor Sleep,Rural,18-29 (Young Adult),4.13,1
18,Female,3.99,Smartphone,True,0.41,Eye Strain,Rural,18-29 (Young Adult),3.99,0
9,Male,0.0,Tablet,False,0.44,,Urban,8-12 (Pre-teen),0.0,0
12,Male,3.54,TV,True,0.34,"Poor Sleep, Eye Strain",Urban,8-12 (Pre-teen),3.54,1
8,Female,2.4,TV,True,0.44,,Urban,8-12 (Pre-teen),2.4,0
8,Male,5.51,Smartphone,True,0.6,"Poor Sleep, Obesity Risk",Rural,8-12 (Pre-teen),5.51,1
12,Male,4.68,Tablet,True,0.42,"Poor Sleep, Eye Strain, Obesity Risk",Urban,8-12 (Pre-teen),4.68,1
10,Male,4.05,TV,True,0.42,Poor Sleep,Urban,8-12 (Pre-teen),4.05,1
11,Female,3.97,Smartphone,True,0.36,Eye Strain,Rural,8-12 (Pre-teen),3.97,0
10,Male,9.2,Smartphone,True,0.48,Eye Strain,Urban,8-12 (Pre-teen),9.2,0
8,Male,3.93,Smartphone,True,0.43,,Urban,8-12 (Pre-teen),3.93,0
8,Female,0.0,Smartphone,False,0.55,,Urban,8-12 (Pre-teen),0.0,0
12,Female,3.15,Tablet,True,0.38,"Poor Sleep, Anxiety",Urban,8-12 (Pre-teen),3.15,1
13,Male,2.42,Laptop,False,0.4,,Urban,13-17 (Teen),2.42,0
10,Female,0.66,Smartphone,False,0.54,,Urban,8-12 (Pre-teen),0.66,0
16,Female,1.92,Smartphone,False,0.38,,Urban,13-17 (Teen),1.92,0
12,Male,4.46,Laptop,True,0.3,Poor Sleep,Urban,8-12 (Pre-teen),4.46,1
15,Male,5.57,Smartphone,True,0.44,Eye Strain,Rural,13-17 (Teen),5.57,0
8,Male,6.76,Tablet,True,0.48,"Poor Sleep, Eye Strain",Urban,8-12 (Pre-teen),6.76,1
12,Male,5.69,Smartphone,True,0.43,"Poor Sleep, Eye Strain, Obesity Risk",Urban,8-12 (Pre-teen),5.69,1
10,Male,4.51,Tablet,True,0.44,,Urban,8-12 (Pre-teen),4.51,0
8,Female,2.9,Smartphone,True,0.56,,Urban,8-12 (Pre-teen),2.9,0
11,Male,3.35,Smartphone,True,0.44,Poor Sleep,Rural,8-12 (Pre-teen),3.35,1
12,Male,5.82,TV,True,0.45,"Poor Sleep, Eye Strain, Anxiety",Urban,8-12 (Pre-teen),5.82,1
14,Male,5.09,TV,True,0.43,Poor Sleep,Urban,13-17 (Teen),5.09,1
8,Female,5.49,TV,True,0.46,"Poor Sleep, Obesity Risk",Rural,8-12 (Pre-teen),5.49,1
10,Male,4.1,Tablet,True,0.45,"Poor Sleep, Obesity Risk",Urban,8-12 (Pre-teen),4.1,1
9,Male,6.83,Smartphone,True,0.56,"Poor Sleep, Eye Strain",Rural,8-12 (Pre-teen),6.83,1
16,Male,4.1,TV,True,0.49,,Rural,13-17 (Teen),4.1,0
17,Female,2.9,Laptop,False,0.35,,Urban,13-17 (Teen),2.9,0
13,Male,4.78,Smartphone,True,0.46,"Poor Sleep, Anxiety",Urban,13-17 (Teen),4.78,1
17,Female,5.69,Smartphone,True,0.33,,Urban,13-17 (Teen),5.69,0
10,Male,6.33,Tablet,True,0.5,Poor Sleep,Urban,8-12 (Pre-teen),6.33,1
15,Male,3.14,TV,True,0.37,Anxiety,Urban,13-17 (Teen),3.14,0
15,Male,5.56,Laptop,True,0.31,"Poor Sleep, Obesity Risk",Urban,13-17 (Teen),5.56,1
9,Male,3.11,Smartphone,True,0.47,Anxiety,Urban,8-12 (Pre-teen),3.11,0
13,Male,4.9,TV,True,0.38,"Poor Sleep, Obesity Risk",Urban,13-17 (Teen),4.9,1
14,Male,6.39,Tablet,True,0.4,"Poor Sleep, Anxiety",Urban,13-17 (Teen),6.39,1
9,Male,1.38,Smartphone,False,0.52,,Urban,8-12 (Pre-teen),1.38,0
18,Male,7.75,Tablet,True,0.34,,Urban,18-29 (Young Adult),7.75,0
17,Female,5.12,Smartphone,True,0.3,Poor Sleep,Urban,13-17 (Teen),5.12,1
9,Female,2.31,Smartphone,True,0.59,,Urban,8-12 (Pre-teen),2.31,0
17,Female,5.34,Smartphone,True,0.47,"Poor Sleep, Eye Strain",Urban,13-17 (Teen),5.34,1
8,Male,7.91,Smartphone,True,0.58,Poor Sleep,Urban,8-12 (Pre-teen),7.91,1
15,Female,4.46,Tablet,True,0.32,"Poor Sleep, Eye Strain",Rural,13-17 (Teen),4.46,1
8,Male,2.02,Smartphone,True,0.57,,Urban,8-12 (Pre-teen),2.02,0
16,Male,4.92,Smartphone,True,0.47,Poor Sleep,Rural,13-17 (Teen),4.92,1
18,Male,4.64,Smartphone,True,0.46,Poor Sleep,Urban,18-29 (Young Adult),4.64,1
13,Male,3.55,TV,True,0.34,"Poor Sleep, Eye Strain",Rural,13-17 (Teen),3.55,1
14,Female,5.04,Smartphone,True,0.38,Poor Sleep,Urban,13-17 (Teen),5.04,1
17,Male,2.91,Tablet,False,0.34,,Rural,13-17 (Teen),2.91,0
14,Male,4.64,Smartphone,True,0.44,"Poor Sleep, Anxiety",Rural,13-17 (Teen),4.64,1
17,Female,4.68,Tablet,True,0.38,"Poor Sleep, Eye Strain",Urban,13-17 (Teen),4.68,1
10,Female,6.09,TV,True,0.47,"Eye Strain, Anxiety, Obesity Risk",Rural,8-12 (Pre-teen),6.09,0
9,Female,4.12,Smartphone,True,0.47,"Poor Sleep, Eye Strain",Rural,8-12 (Pre-teen),4.12,1
16,Female,5.29,TV,True,0.5,Anxiety,Rural,13-17 (Teen),5.29,0
15,Male,4.03,Smartphone,True,0.38,Poor Sleep,Rural,13-17 (Teen),4.03,1
17,Male,5.44,Laptop,True,0.36,"Eye Strain, Anxiety",Urban,13-17 (Teen),5.44,0
14,Male,4.94,Smartphone,True,0.41,,Urban,13-17 (Teen),4.94,0
16,Female,3.95,Laptop,True,0.41,,Urban,13-17 (Teen),3.95,0
11,Female,3.28,Smartphone,True,0.36,Poor Sleep,Urban,8-12 (Pre-teen),3.28,1
11,Female,4.39,Smartphone,True,0.37,Poor Sleep,Urban,8-12 (Pre-teen),4.39,1
8,Female,1.87,Smartphone,False,0.59,,Urban,8-12 (Pre-teen),1.87,0
15,Male,3.07,Smartphone,True,0.46,,Urban,13-17 (Teen),3.07,0
10,Male,0.96,TV,False,0.54,,Urban,8-12 (Pre-teen),0.96,0
14,Male,3.82,Smartphone,True,0.31,Poor Sleep,Urban,13-17 (Teen),3.82,1
9,Female,0.26,TV,False,0.55,,Rural,8-12 (Pre-teen),0.26,0
9,Male,3.21,Smartphone,True,0.45,"Poor Sleep, Eye Strain, Obesity Risk",Urban,8-12 (Pre-teen),3.21,1
14,Female,5.15,Tablet,True,0.36,"Poor Sleep, Eye Strain, Anxiety",Urban,13-17 (Teen),5.15,1
13,Male,4.86,Smartphone,True,0.48,"Eye Strain, Obesity Risk",Urban,13-17 (Teen),4.86,0
10,Male,5.88,TV,True,0.41,Anxiety,Urban,8-12 (Pre-teen),5.88,0
16,Male,4.29,Tablet,True,0.46,Poor Sleep,Urban,13-17 (Teen),4.29,1
17,Male,6.13,TV,True,0.39,Eye Strain,Urban,13-17 (Teen),6.13,0
13,Female,4.53,Laptop,True,0.5,,Urban,13-17 (Teen),4.53,0
17,Female,6.49,TV,True,0.37,"Poor Sleep, Eye Strain, Obesity Risk",Rural,13-17 (Teen),6.49,1
17,Male,4.61,Laptop,True,0.33,Poor Sleep,Urban,13-17 (Teen),4.61,1
13,Male,4.04,Tablet,True,0.35,,Urban,13-17 (Teen),4.04,0
8,Male,4.31,TV,True,0.46,Eye Strain,Urban,8-12 (Pre-teen),4.31,0
11,Male,4.55,TV,True,0.43,"Poor Sleep, Eye Strain",Rural,8-12 (Pre-teen),4.55,1
17,Male,4.76,Smartphone,True,0.46,"Poor Sleep, Obesity Risk",Urban,13-17 (Teen),4.76,1
13,Female,4.08,Smartphone,True,0.39,Obesity Risk,Urban,13-17 (Teen),4.08,0
13,Female,5.54,TV,True,0.42,Poor Sleep,Rural,13-17 (Teen),5.54,1
18,Female,6.81,Laptop,True,0.4,,Urban,18-29 (Young Adult),6.81,0
12,Female,4.05,Smartphone,True,0.42,Poor Sleep,Urban,8-12 (Pre-teen),4.05,1
8,Female,7.57,Smartphone,True,0.57,Poor Sleep,Urban,8-12 (Pre-teen),7.57,1
15,Female,4.55,Smartphone,True,0.43,"Poor Sleep, Eye Strain",Rural,13-17 (Teen),4.55,1
12,Male,3.13,Smartphone,True,0.33,"Poor Sleep, Eye Strain",Urban,8-12 (Pre-teen),3.13,1
12,Female,4.26,TV,True,0.49,"Poor Sleep, Eye Strain",Rural,8-12 (Pre-teen),4.26,1
14,Male,4.28,TV,True,0.47,Poor Sleep,Urban,13-17 (Teen),4.28,1
11,Female,5.24,Smartphone,True,0.32,Poor Sleep,Urban,8-12 (Pre-teen),5.24,1
13,Male,3.75,Tablet,True,0.36,Anxiety,Urban,13-17 (Teen),3.75,0
11,Male,4.54,Laptop,True,0.37,Eye Strain,Rural,8-12 (Pre-teen),4.54,0
10,Male,2.79,Smartphone,True,0.59,,Urban,8-12 (Pre-teen),2.79,0
14,Male,5.67,Smartphone,True,0.35,"Poor Sleep, Eye Strain",Rural,13-17 (Teen),5.67,1
15,Female,3.91,Laptop,True,0.49,Poor Sleep,Rural,13-17 (Teen),3.91,1
11,Female,4.55,Laptop,True,0.49,Poor Sleep,Rural,8-12 (Pre-teen),4.55,1
9,Male,11.18,Tablet,True,0.52,Eye Strain,Rural,8-12 (Pre-teen),11.18,0
17,Female,7.29,Laptop,True,0.49,Poor Sleep,Rural,13-17 (Teen),7.29,1
10,Male,2.76,Tablet,True,0.54,,Urban,8-12 (Pre-teen),2.76,0
8,Female,0.96,Smartphone,False,0.4,,Urban,8-12 (Pre-teen),0.96,0
15,Female,4.91,Smartphone,True,0.35,,Rural,13-17 (Teen),4.91,0
10,Male,3.23,Tablet,True,0.58,Poor Sleep,Urban,8-12 (Pre-teen),3.23,1
17,Female,4.71,Smartphone,True,0.39,Eye Strain,Urban,13-17 (Teen),4.71,0
14,Male,3.41,TV,True,0.35,"Poor Sleep, Anxiety",Urban,13-17 (Teen),3.41,1
17,Female,5.22,Smartphone,True,0.37,"Poor Sleep, Eye Strain",Urban,13-17 (Teen),5.22,1
12,Female,3.67,Smartphone,True,0.33,"Poor Sleep, Anxiety",Rural,8-12 (Pre-teen),3.67,1
17,Female,5.45,Tablet,True,0.41,"Eye Strain, Anxiety",Urban,13-17 (Teen),5.45,0
12,Female,3.6,Laptop,True,0.48,"Poor Sleep, Eye Strain",Rural,8-12 (Pre-teen),3.6,1
14,Female,4.36,Smartphone,True,0.46,Poor Sleep,Urban,13-17 (Teen),4.36,1
16,Male,4.51,Smartphone,True,0.46,Anxiety,Rural,13-17 (Teen),4.51,0
12,Male,5.6,Laptop,True,0.47,Obesity Risk,Urban,8-12 (Pre-teen),5.6,0
8,Male,4.1,Smartphone,True,0.53,"Poor Sleep, Eye Strain",Urban,8-12 (Pre-teen),4.1,1
17,Female,5.7,Smartphone,True,0.38,,Rural,13-17 (Teen),5.7,0
17,Female,6.58,Smartphone,True,0.49,,Rural,13-17 (Teen),6.58,0
8,Female,7.78,TV,True,0.5,Poor Sleep,Rural,8-12 (Pre-teen),7.78,1
9,Male,5.32,TV,True,0.42,Eye Strain,Urban,8-12 (Pre-teen),5.32,0
13,Male,5.04,Tablet,True,0.33,,Rural,13-17 (Teen),5.04,0
16,Female,5.2,Tablet,True,0.4,Poor Sleep,Rural,13-17 (Teen),5.2,1
15,Female,5.02,TV,True,0.35,Poor Sleep,Urban,13-17 (Teen),5.02,1
12,Female,4.52,TV,True,0.37,Poor Sleep,Urban,8-12 (Pre-teen),4.52,1
8,Male,2.68,TV,True,0.41,,Urban,8-12 (Pre-teen),2.68,0
14,Female,4.91,Smartphone,True,0.4,Obesity Risk,Urban,13-17 (Teen),4.91,0
12,Male,4.97,Laptop,True,0.32,"Poor Sleep, Anxiety",Rural,8-12 (Pre-teen),4.97,1
13,Female,2.73,Smartphone,False,0.3,,Urban,13-17 (Teen),2.73,0
14,Male,5.77,Laptop,True,0.42,Poor Sleep,Rural,13-17 (Teen),5.77,1
10,Female,6.68,Smartphone,True,0.42,Poor Sleep,Urban,8-12 (Pre-teen),6.68,1
17,Male,3.74,TV,True,0.47,,Urban,13-17 (Teen),3.74,0
10,Female,9.33,Tablet,True,0.41,Poor Sleep,Rural,8-12 (Pre-teen),9.33,1
12,Male,4.95,Smartphone,True,0.46,Poor Sleep,Urban,8-12 (Pre-teen),4.95,1
13,Male,4.66,Smartphone,True,0.48,Poor Sleep,Urban,13-17 (Teen),4.66,1
16,Male,3.47,TV,True,0.39,"Poor Sleep, Eye Strain",Urban,13-17 (Teen),3.47,1
12,Male,4.58,Smartphone,True,0.49,Obesity Risk,Urban,8-12 (Pre-teen),4.58,0
8,Female,8.46,Smartphone,True,0.46,,Urban,8-12 (Pre-teen),8.46,0
11,Female,3.93,Smartphone,True,0.33,,Rural,8-12 (Pre-teen),3.93,0
12,Male,5.47,Smartphone,True,0.33,Eye Strain,Urban,8-12 (Pre-teen),5.47,0
17,Male,4.05,Laptop,True,0.44,,Urban,13-17 (Teen),4.05,0
17,Female,4.88,TV,True,0.37,Poor Sleep,Urban,13-17 (Teen),4.88,1
12,Female,5.21,Laptop,True,0.33,,Urban,8-12 (Pre-teen),5.21,0
14,Male,3.11,Laptop,True,0.4,"Poor Sleep, Eye Strain",Urban,13-17 (Teen),3.11,1
11,Female,5.47,Tablet,True,0.4,,Urban,8-12 (Pre-teen),5.47,0
8,Female,4.45,Smartphone,True,0.59,Poor Sleep,Rural,8-12 (Pre-teen),4.45,1
12,Female,5.09,Laptop,True,0.48,"Poor Sleep, Obesity Risk",Rural,8-12 (Pre-teen),5.09,1
14,Female,2.56,Tablet,False,0.38,,Urban,13-17 (Teen),2.56,0
17,Female,4.78,Smartphone,True,0.41,,Urban,13-17 (Teen),4.78,0
17,Female,5.9,Laptop,True,0.35,Poor Sleep,Urban,13-17 (Teen),5.9,1
13,Female,3.73,Smartphone,True,0.34,Poor Sleep,Urban,13-17 (Teen),3.73,1
12,Male,3.76,Smartphone,True,0.38,"Poor Sleep, Eye Strain, Obesity Risk",Urban,8-12 (Pre-teen),3.76,1
11,Male,3.74,Laptop,True,0.46,"Poor Sleep, Anxiety",Rural,8-12 (Pre-teen),3.74,1
9,Female,5.87,Smartphone,True,0.45,"Poor Sleep, Eye Strain, Anxiety, Obesity Risk",Urban,8-12 (Pre-teen),5.87,1
11,Female,6.62,TV,True,0.49,Eye Strain,Rural,8-12 (Pre-teen),6.62,0
17,Female,6.0,Smartphone,True,0.49,Poor Sleep,Urban,13-17 (Teen),6.0,1
17,Female,5.71,TV,True,0.43,Poor Sleep,Urban,13-17 (Teen),5.71,1
10,Male,3.87,Smartphone,True,0.56,Poor Sleep,Urban,8-12 (Pre-teen),3.87,1
17,Male,3.94,Laptop,True,0.48,Poor Sleep,Rural,13-17 (Teen),3.94,1
8,Male,2.61,Smartphone,True,0.45,,Rural,8-12 (Pre-teen),2.61,0
15,Female,6.88,Smartphone,True,0.44,Eye Strain,Urban,13-17 (Teen),6.88,0
12,Male,5.41,Tablet,True,0.32,Eye Strain,Rural,8-12 (Pre-teen),5.41,0
11,Female,3.67,TV,True,0.36,"Poor Sleep, Eye Strain, Obesity Risk",Rural,8-12 (Pre-teen),3.67,1
15,Male,7.42,Smartphone,True,0.37,Poor Sleep,Urban,13-17 (Teen),7.42,1
14,Female,3.39,Laptop,True,0.37,"Poor Sleep, Anxiety",Urban,13-17 (Teen),3.39,1
9,Male,7.41,TV,True,0.59,,Urban,8-12 (Pre-teen),7.41,0
8,Male,3.08,TV,True,0.42,,Rural,8-12 (Pre-teen),3.08,0
18,Female,3.89,Tablet,True,0.43,Eye Strain,Urban,18-29 (Young Adult),3.89,0
11,Male,4.57,Smartphone,True,0.32,,Urban,8-12 (Pre-teen),4.57,0
15,Male,6.81,TV,True,0.45,Eye Strain,Urban,13-17 (Teen),6.81,0
9,Female,6.87,TV,True,0.59,Poor Sleep,Urban,8-12 (Pre-teen),6.87,1
10,Female,3.56,Smartphone,True,0.42,Eye Strain,Rural,8-12 (Pre-teen),3.56,0
8,Female,4.95,Tablet,True,0.59,"Poor Sleep, Eye Strain, Obesity Risk",Urban,8-12 (Pre-teen),4.95,1
8,Male,7.2,Smartphone,True,0.6,,Rural,8-12 (Pre-teen),7.2,0
10,Male,2.48,Smartphone,True,0.42,,Rural,8-12 (Pre-teen),2.48,0
18,Male,2.29,Smartphone,False,0.41,,Urban,18-29 (Young Adult),2.29,0
12,Female,6.82,Smartphone,True,0.32,"Poor Sleep, Anxiety",Rural,8-12 (Pre-teen),6.82,1
10,Female,4.18,Smartphone,True,0.59,"Poor Sleep, Obesity Risk",Rural,8-12 (Pre-teen),4.18,1
8,Male,7.59,Smartphone,True,0.57,,Urban,8-12 (Pre-teen),7.59,0
8,Male,4.96,Smartphone,True,0.51,Eye Strain,Urban,8-12 (Pre-teen),4.96,0
15,Female,2.7,Laptop,False,0.42,,Urban,13-17 (Teen),2.7,0
17,Female,5.37,Smartphone,True,0.35,"Poor Sleep, Eye Strain",Urban,13-17 (Teen),5.37,1
18,Female,3.02,Laptop,True,0.31,"Poor Sleep, Eye Strain",Urban,18-29 (Young Adult),3.02,1
9,Female,2.28,TV,True,0.46,,Rural,8-12 (Pre-teen),2.28,0
10,Male,7.37,TV,True,0.55,Eye Strain,Urban,8-12 (Pre-teen),7.37,0
9,Female,0.62,TV,False,0.59,,Rural,8-12 (Pre-teen),0.62,0
10,Male,5.21,Tablet,True,0.58,Poor Sleep,Urban,8-12 (Pre-teen),5.21,1
14,Female,6.65,Tablet,True,0.38,"Poor Sleep, Anxiety",Urban,13-17 (Teen),6.65,1
8,Female,2.8,Tablet,True,0.55,,Urban,8-12 (Pre-teen),2.8,0
17,Female,6.48,Smartphone,True,0.44,,Rural,13-17 (Teen),6.48,0
15,Male,5.88,TV,True,0.49,,Urban,13-17 (Teen),5.88,0
17,Male,6.03,Laptop,True,0.34,Poor Sleep,Urban,13-17 (Teen),6.03,1
17,Female,5.55,TV,True,0.35,Poor Sleep,Rural,13-17 (Teen),5.55,1
17,Male,4.89,TV,True,0.31,"Poor Sleep, Anxiety",Urban,13-17 (Teen),4.89,1
9,Male,0.0,Smartphone,False,0.43,,Urban,8-12 (Pre-teen),0.0,0
10,Female,0.6,Smartphone,False,0.5,,Urban,8-12 (Pre-teen),0.6,0
16,Male,6.41,Laptop,True,0.46,,Urban,13-17 (Teen),6.41,0
14,Female,3.79,Smartphone,True,0.4,Poor Sleep,Rural,13-17 (Teen),3.79,1
11,Female,4.95,Laptop,True,0.33,,Rural,8-12 (Pre-teen),4.95,0
17,Male,3.44,Smartphone,True,0.34,"Poor Sleep, Anxiety",Urban,13-17 (Teen),3.44,1
12,Male,8.29,Smartphone,True,0.41,Anxiety,Urban,8-12 (Pre-teen),8.29,0
9,Male,6.34,Smartphone,True,0.5,"Poor Sleep, Eye Strain, Anxiety",Urban,8-12 (Pre-teen),6.34,1
18,Female,5.47,TV,True,0.31,Poor Sleep,Urban,18-29 (Young Adult),5.47,1
15,Male,4.24,TV,True,0.5,"Anxiety, Obesity Risk",Urban,13-17 (Teen),4.24,0
11,Female,3.71,Laptop,True,0.43,Poor Sleep,Urban,8-12 (Pre-teen),3.71,1
16,Female,6.02,Laptop,True,0.38,Anxiety,Rural,13-17 (Teen),6.02,0
12,Male,6.42,Smartphone,True,0.47,"Poor Sleep, Anxiety",Urban,8-12 (Pre-teen),6.42,1
16,Female,4.03,TV,True,0.49,Poor Sleep,Urban,13-17 (Teen),4.03,1
11,Male,5.26,TV,True,0.45,,Urban,8-12 (Pre-teen),5.26,0
17,Female,4.14,Smartphone,True,0.33,"Poor Sleep, Eye Strain",Rural,13-17 (Teen),4.14,1
12,Male,5.93,Smartphone,True,0.35,Eye Strain,Urban,8-12 (Pre-teen),5.93,0
16,Female,4.14,Smartphone,True,0.31,Poor Sleep,Urban,13-17 (Teen),4.14,1
15,Female,5.08,Tablet,True,0.5,,Urban,13-17 (Teen),5.08,0
10,Male,5.95,TV,True,0.47,Poor Sleep,Urban,8-12 (Pre-teen),5.95,1
8,Female,0.36,Smartphone,False,0.52,,Urban,8-12 (Pre-teen),0.36,0
10,Female,6.46,TV,True,0.56,Eye Strain,Urban,8-12 (Pre-teen),6.46,0
11,Female,3.84,TV,True,0.35,,Urban,8-12 (Pre-teen),3.84,0
9,Female,0.02,Tablet,False,0.44,,Urban,8-12 (Pre-teen),0.02,0
8,Male,2.62,Smartphone,True,0.49,,Urban,8-12 (Pre-teen),2.62,0
14,Male,2.63,Smartphone,False,0.32,,Urban,13-17 (Teen),2.63,0
15,Female,2.58,Laptop,False,0.49,,Urban,13-17 (Teen),2.58,0
14,Male,2.32,Smartphone,False,0.36,,Urban,13-17 (Teen),2.32,0
12,Male,3.11,TV,True,0.35,Poor Sleep,Rural,8-12 (Pre-teen),3.11,1
8,Female,5.12,TV,True,0.47,Eye Strain,Urban,8-12 (Pre-teen),5.12,0
14,Female,6.59,Laptop,True,0.38,Obesity Risk,Rural,13-17 (Teen),6.59,0
14,Male,5.01,Smartphone,True,0.42,,Urban,13-17 (Teen),5.01,0
16,Male,3.68,Smartphone,True,0.36,"Poor Sleep, Eye Strain, Anxiety",Urban,13-17 (Teen),3.68,1
10,Male,2.51,Smartphone,True,0.41,,Urban,8-12 (Pre-teen),2.51,0
16,Female,4.23,Tablet,True,0.36,Poor Sleep,Urban,13-17 (Teen),4.23,1
8,Male,4.59,Tablet,True,0.48,Poor Sleep,Urban,8-12 (Pre-teen),4.59,1
8,Female,4.42,TV,True,0.54,"Poor Sleep, Eye Strain, Obesity Risk",Urban,8-12 (Pre-teen),4.42,1
11,Female,2.84,Laptop,False,0.36,,Urban,8-12 (Pre-teen),2.84,0
16,Male,3.31,Smartphone,True,0.31,,Rural,13-17 (Teen),3.31,0
13,Female,7.19,TV,True,0.35,"Poor Sleep, Anxiety",Urban,13-17 (Teen),7.19,1
18,Female,3.6,TV,True,0.38,"Poor Sleep, Eye Strain",Urban,18-29 (Young Adult),3.6,1
10,Female,5.24,Smartphone,True,0.57,Anxiety,Urban,8-12 (Pre-teen),5.24,0
8,Male,5.67,Smartphone,True,0.52,"Poor Sleep, Eye Strain",Rural,8-12 (Pre-teen),5.67,1
11,Female,2.65,Smartphone,False,0.34,,Rural,8-12 (Pre-teen),2.65,0
16,Male,3.82,Tablet,True,0.46,Poor Sleep,Urban,13-17 (Teen),3.82,1
10,Female,8.29,TV,True,0.48,Poor Sleep,Urban,8-12 (Pre-teen),8.29,1
16,Female,6.42,Smartphone,True,0.38,"Poor Sleep, Eye Strain",Urban,13-17 (Teen),6.42,1
14,Female,5.57,Smartphone,True,0.45,Obesity Risk,Urban,13-17 (Teen),5.57,0
11,Male,3.11,Smartphone,True,0.34,,Urban,8-12 (Pre-teen),3.11,0
10,Male,4.22,Tablet,True,0.54,"Poor Sleep, Anxiety",Urban,8-12 (Pre-teen),4.22,1
17,Male,4.27,Laptop,True,0.41,Poor Sleep,Rural,13-17 (Teen),4.27,1
12,Male,5.3,TV,True,0.37,Poor Sleep,Rural,8-12 (Pre-teen),5.3,1
12,Male,6.1,TV,True,0.36,Poor Sleep,Urban,8-12 (Pre-teen),6.1,1
10,Female,3.38,Tablet,True,0.55,,Urban,8-12 (Pre-teen),3.38,0
16,Female,5.01,Smartphone,True,0.36,"Poor Sleep, Anxiety",Rural,13-17 (Teen),5.01,1
11,Male,3.15,Smartphone,True,0.49,Poor Sleep,Urban,8-12 (Pre-teen),3.15,1
18,Male,3.26,Laptop,True,0.44,"Poor Sleep, Eye Strain",Urban,18-29 (Young Adult),3.26,1
12,Male,5.3,Tablet,True,0.35,Anxiety,Urban,8-12 (Pre-teen),5.3,0
11,Female,4.1,Smartphone,True,0.36,Poor Sleep,Urban,8-12 (Pre-teen),4.1,1
12,Female,3.11,Smartphone,True,0.39,"Poor Sleep, Obesity Risk",Urban,8-12 (Pre-teen),3.11,1
14,Male,4.91,Smartphone,True,0.37,Poor Sleep,Urban,13-17 (Teen),4.91,1
16,Male,5.39,Smartphone,True,0.38,,Rural,13-17 (Teen),5.39,0
14,Male,5.41,TV,True,0.45,"Poor Sleep, Eye Strain, Anxiety",Urban,13-17 (Teen),5.41,1
12,Female,5.04,TV,True,0.46,"Eye Strain, Anxiety, Obesity Risk",Urban,8-12 (Pre-teen),5.04,0
17,Male,7.59,Laptop,True,0.39,Eye Strain,Urban,13-17 (Teen),7.59,0
17,Female,4.71,Smartphone,True,0.47,Poor Sleep,Urban,13-17 (Teen),4.71,1
14,Female,5.96,Laptop,True,0.35,Eye Strain,Rural,13-17 (Teen),5.96,0
17,Female,6.92,Smartphone,True,0.48,Poor Sleep,Rural,13-17 (Teen),6.92,1
12,Male,3.49,Smartphone,True,0.44,Eye Strain,Rural,8-12 (Pre-teen),3.49,0
10,Female,3.48,Smartphone,True,0.45,Poor Sleep,Urban,8-12 (Pre-teen),3.48,1
14,Male,5.31,Smartphone,True,0.46,,Urban,13-17 (Teen),5.31,0
18,Male,5.78,Laptop,True,0.31,"Poor Sleep, Anxiety",Rural,18-29 (Young Adult),5.78,1
18,Female,3.78,Smartphone,True,0.34,Poor Sleep,Rural,18-29 (Young Adult),3.78,1
9,Male,7.07,TV,True,0.46,,Rural,8-12 (Pre-teen),7.07,0
16,Male,4.39,Smartphone,True,0.48,Poor Sleep,Urban,13-17 (Teen),4.39,1
17,Male,6.43,Laptop,True,0.46,Obesity Risk,Urban,13-17 (Teen),6.43,0
17,Male,3.37,Smartphone,True,0.37,"Poor Sleep, Anxiety",Urban,13-17 (Teen),3.37,1
8,Male,6.39,Tablet,True,0.49,Anxiety,Rural,8-12 (Pre-teen),6.39,0
13,Female,5.96,Laptop,True,0.3,Poor Sleep,Urban,13-17 (Teen),5.96,1
14,Male,5.14,Laptop,True,0.32,,Urban,13-17 (Teen),5.14,0
15,Female,3.83,Smartphone,True,0.31,"Poor Sleep, Eye Strain",Rural,13-17 (Teen),3.83,1
17,Male,3.94,Smartphone,True,0.48,Eye Strain,Urban,13-17 (Teen),3.94,0
16,Male,5.44,Tablet,True,0.37,"Poor Sleep, Eye Strain, Obesity Risk",Urban,13-17 (Teen),5.44,1
9,Female,3.62,TV,True,0.4,"Poor Sleep, Eye Strain",Urban,8-12 (Pre-teen),3.62,1
18,Female,2.9,Smartphone,False,0.32,,Urban,18-29 (Young Adult),2.9,0
17,Male,4.0,Laptop,True,0.3,"Poor Sleep, Obesity Risk",Rural,13-17 (Teen),4.0,1
9,Male,5.51,TV,True,0.5,Poor Sleep,Urban,8-12 (Pre-teen),5.51,1
12,Female,3.58,Smartphone,True,0.45,,Urban,8-12 (Pre-teen),3.58,0
12,Female,4.6,Laptop,True,0.46,Eye Strain,Rural,8-12 (Pre-teen),4.6,0
13,Female,3.29,Tablet,True,0.43,"Poor Sleep, Eye Strain",Urban,13-17 (Teen),3.29,1
10,Male,1.67,Tablet,False,0.46,,Urban,8-12 (Pre-teen),1.67,0
15,Female,3.65,Smartphone,True,0.44,"Poor Sleep, Eye Strain",Rural,13-17 (Teen),3.65,1
8,Male,0.0,Smartphone,False,0.56,,Urban,8-12 (Pre-teen),0.0,0
13,Female,6.74,Laptop,True,0.43,"Poor Sleep, Obesity Risk",Rural,13-17 (Teen),6.74,1
11,Male,3.94,Smartphone,True,0.31,Anxiety,Urban,8-12 (Pre-teen),3.94,0
8,Female,0.73,Tablet,False,0.46,,Rural,8-12 (Pre-teen),0.73,0
14,Female,3.92,TV,True,0.48,"Poor Sleep, Eye Strain",Urban,13-17 (Teen),3.92,1
16,Female,3.74,Tablet,True,0.35,"Poor Sleep, Anxiety",Rural,13-17 (Teen),3.74,1
11,Male,6.17,Laptop,True,0.46,Anxiety,Urban,8-12 (Pre-teen),6.17,0
11,Male,4.25,Smartphone,True,0.37,,Urban,8-12 (Pre-teen),4.25,0
13,Male,3.81,Tablet,True,0.41,Poor Sleep,Urban,13-17 (Teen),3.81,1
10,Female,6.51,Smartphone,True,0.54,Eye Strain,Urban,8-12 (Pre-teen),6.51,0
13,Male,4.03,Smartphone,True,0.38,Poor Sleep,Urban,13-17 (Teen),4.03,1
14,Female,4.87,Smartphone,True,0.33,"Poor Sleep, Eye Strain",Urban,13-17 (Teen),4.87,1
18,Male,3.82,Smartphone,True,0.41,Eye Strain,Urban,18-29 (Young Adult),3.82,0
17,Male,3.92,Smartphone,True,0.39,"Poor Sleep, Eye Strain",Urban,13-17 (Teen),3.92,1
17,Male,3.63,Smartphone,True,0.45,,Rural,13-17 (Teen),3.63,0
10,Female,4.83,TV,True,0.58,Poor Sleep,Urban,8-12 (Pre-teen),4.83,1
14,Female,4.91,Smartphone,True,0.3,Poor Sleep,Urban,13-17 (Teen),4.91,1
10,Female,4.8,Smartphone,True,0.49,Poor Sleep,Urban,8-12 (Pre-teen),4.8,1
9,Male,2.71,TV,True,0.5,,Urban,8-12 (Pre-teen),2.71,0
17,Female,6.13,Smartphone,True,0.32,Poor Sleep,Urban,13-17 (Teen),6.13,1
11,Female,5.56,Laptop,True,0.49,,Rural,8-12 (Pre-teen),5.56,0
15,Male,5.12,TV,True,0.42,,Urban,13-17 (Teen),5.12,0
16,Male,4.16,Smartphone,True,0.48,Eye Strain,Urban,13-17 (Teen),4.16,0
14,Male,3.74,TV,True,0.39,"Poor Sleep, Eye Strain",Rural,13-17 (Teen),3.74,1
8,Male,5.25,Tablet,True,0.6,"Poor Sleep, Eye Strain, Obesity Risk",Urban,8-12 (Pre-teen),5.25,1
10,Female,2.08,Tablet,True,0.51,,Urban,8-12 (Pre-teen),2.08,0
16,Female,3.75,Smartphone,True,0.47,,Urban,13-17 (Teen),3.75,0
8,Male,4.44,TV,True,0.45,,Urban,8-12 (Pre-teen),4.44,0
16,Male,4.07,Smartphone,True,0.39,Poor Sleep,Urban,13-17 (Teen),4.07,1
15,Female,4.94,Smartphone,True,0.31,Poor Sleep,Rural,13-17 (Teen),4.94,1
8,Male,4.14,TV,True,0.47,,Rural,8-12 (Pre-teen),4.14,0
13,Male,5.75,Smartphone,True,0.35,,Urban,13-17 (Teen),5.75,0
12,Female,5.91,Laptop,True,0.32,,Urban,8-12 (Pre-teen),5.91,0
13,Female,2.9,Smartphone,False,0.34,,Urban,13-17 (Teen),2.9,0
17,Male,4.35,Smartphone,True,0.38,,Urban,13-17 (Teen),4.35,0
12,Male,5.37,Smartphone,True,0.43,,Urban,8-12 (Pre-teen),5.37,0
13,Male,3.88,Smartphone,True,0.42,"Poor Sleep, Eye Strain",Urban,13-17 (Teen),3.88,1
12,Male,4.67,TV,True,0.37,,Urban,8-12 (Pre-teen),4.67,0
18,Male,5.47,Smartphone,True,0.47,Poor Sleep,Rural,18-29 (Young Adult),5.47,1
12,Male,5.98,Smartphone,True,0.44,,Rural,8-12 (Pre-teen),5.98,0
11,Female,4.44,Laptop,True,0.42,,Rural,8-12 (Pre-teen),4.44,0
10,Female,1.53,Smartphone,False,0.45,,Urban,8-12 (Pre-teen),1.53,0
10,Male,2.59,Smartphone,True,0.45,,Urban,8-12 (Pre-teen),2.59,0
11,Female,6.91,Laptop,True,0.42,"Eye Strain, Anxiety",Urban,8-12 (Pre-teen),6.91,0
16,Female,4.61,Smartphone,True,0.33,"Poor Sleep, Anxiety, Obesity Risk",Urban,13-17 (Teen),4.61,1
9,Male,4.5,Smartphone,True,0.46,Eye Strain,Urban,8-12 (Pre-teen),4.5,0
16,Male,3.2,Smartphone,True,0.42,,Rural,13-17 (Teen),3.2,0
8,Male,2.85,Smartphone,True,0.46,,Urban,8-12 (Pre-teen),2.85,0
8,Male,3.35,Smartphone,True,0.51,"Poor Sleep, Eye Strain",Urban,8-12 (Pre-teen),3.35,1
12,Male,4.58,Laptop,True,0.48,Obesity Risk,Urban,8-12 (Pre-teen),4.58,0
13,Female,4.65,Smartphone,True,0.44,"Poor Sleep, Anxiety",Urban,13-17 (Teen),4.65,1
13,Male,5.26,Smartphone,True,0.49,,Rural,13-17 (Teen),5.26,0
10,Male,5.45,Smartphone,True,0.5,,Urban,8-12 (Pre-teen),5.45,0
14,Male,2.89,TV,False,0.37,,Urban,13-17 (Teen),2.89,0
16,Female,4.42,Laptop,True,0.35,"Poor Sleep, Anxiety",Urban,13-17 (Teen),4.42,1
18,Male,2.81,Smartphone,False,0.36,,Urban,18-29 (Young Adult),2.81,0
17,Male,4.15,Tablet,True,0.32,"Poor Sleep, Eye Strain",Urban,13-17 (Teen),4.15,1
15,Female,5.35,Smartphone,True,0.34,Eye Strain,Urban,13-17 (Teen),5.35,0
13,Female,5.0,Smartphone,True,0.38,Poor Sleep,Rural,13-17 (Teen),5.0,1
15,Male,6.07,Laptop,True,0.43,"Poor Sleep, Eye Strain, Anxiety",Urban,13-17 (Teen),6.07,1
12,Female,3.3,Smartphone,True,0.4,,Rural,8-12 (Pre-teen),3.3,0
15,Female,5.96,TV,True,0.37,Eye Strain,Urban,13-17 (Teen),5.96,0
17,Male,2.24,Tablet,False,0.39,,Urban,13-17 (Teen),2.24,0
11,Female,2.67,Laptop,False,0.4,,Urban,8-12 (Pre-teen),2.67,0
17,Female,5.18,TV,True,0.4,Poor Sleep,Rural,13-17 (Teen),5.18,1
15,Female,4.32,TV,True,0.38,Poor Sleep,Urban,13-17 (Teen),4.32,1
17,Male,2.96,Smartphone,False,0.49,,Urban,13-17 (Teen),2.96,0
9,Male,2.87,Tablet,True,0.4,,Urban,8-12 (Pre-teen),2.87,0
12,Female,5.27,Smartphone,True,0.48,Eye Strain,Rural,8-12 (Pre-teen),5.27,0
16,Male,5.28,TV,True,0.49,,Urban,13-17 (Teen),5.28,0
11,Male,6.02,Smartphone,True,0.34,"Eye Strain, Obesity Risk",Urban,8-12 (Pre-teen),6.02,0
18,Male,3.01,Smartphone,True,0.4,Poor Sleep,Rural,18-29 (Young Adult),3.01,1
13,Female,6.33,Smartphone,True,0.47,Eye Strain,Urban,13-17 (Teen),6.33,0
8,Male,3.24,Smartphone,True,0.43,,Rural,8-12 (Pre-teen),3.24,0
16,Female,4.68,TV,True,0.4,,Urban,13-17 (Teen),4.68,0
8,Male,2.96,TV,True,0.56,,Rural,8-12 (Pre-teen),2.96,0
12,Female,5.54,Tablet,True,0.42,,Urban,8-12 (Pre-teen),5.54,0
11,Male,3.14,Smartphone,True,0.41,Poor Sleep,Urban,8-12 (Pre-teen),3.14,1
10,Male,6.1,TV,True,0.51,"Eye Strain, Anxiety, Obesity Risk",Rural,8-12 (Pre-teen),6.1,0
13,Male,4.9,TV,True,0.41,,Urban,13-17 (Teen),4.9,0
9,Female,0.0,Smartphone,False,0.6,,Urban,8-12 (Pre-teen),0.0,0
10,Female,5.54,Smartphone,True,0.6,Poor Sleep,Urban,8-12 (Pre-teen),5.54,1
12,Male,4.96,Tablet,True,0.5,"Poor Sleep, Eye Strain, Anxiety",Urban,8-12 (Pre-teen),4.96,1
16,Female,5.84,Smartphone,True,0.41,,Urban,13-17 (Teen),5.84,0
9,Male,0.0,TV,False,0.43,,Rural,8-12 (Pre-teen),0.0,0
17,Female,3.25,TV,True,0.37,,Rural,13-17 (Teen),3.25,0
15,Male,5.73,Smartphone,True,0.37,Poor Sleep,Urban,13-17 (Teen),5.73,1
9,Male,7.07,Smartphone,True,0.41,"Poor Sleep, Anxiety",Urban,8-12 (Pre-teen),7.07,1
18,Female,5.21,Smartphone,True,0.43,"Poor Sleep, Eye Strain, Anxiety",Urban,18-29 (Young Adult),5.21,1
12,Female,5.18,TV,True,0.44,,Rural,8-12 (Pre-teen),5.18,0
14,Female,4.89,Smartphone,True,0.4,,Rural,13-17 (Teen),4.89,0
15,Female,4.64,Laptop,True,0.37,Poor Sleep,Urban,13-17 (Teen),4.64,1
8,Male,3.16,Smartphone,True,0.44,"Poor Sleep, Eye Strain",Urban,8-12 (Pre-teen),3.16,1
13,Female,4.45,TV,True,0.47,"Poor Sleep, Anxiety",Urban,13-17 (Teen),4.45,1
8,Male,3.42,Tablet,True,0.54,"Poor Sleep, Eye Strain, Anxiety",Urban,8-12 (Pre-teen),3.42,1
9,Female,1.62,Smartphone,False,0.48,,Urban,8-12 (Pre-teen),1.62,0
8,Male,6.88,Smartphone,True,0.56,,Urban,8-12 (Pre-teen),6.88,0
18,Male,6.4,TV,True,0.48,,Urban,18-29 (Young Adult),6.4,0
12,Female,2.44,Smartphone,False,0.41,,Urban,8-12 (Pre-teen),2.44,0
17,Male,5.76,Smartphone,True,0.31,Poor Sleep,Urban,13-17 (Teen),5.76,1
16,Female,5.25,TV,True,0.44,"Poor Sleep, Anxiety, Obesity Risk",Urban,13-17 (Teen),5.25,1
13,Male,4.93,Laptop,True,0.33,,Urban,13-17 (Teen),4.93,0
18,Male,5.54,Laptop,True,0.36,"Eye Strain, Anxiety",Rural,18-29 (Young Adult),5.54,0
18,Male,4.77,TV,True,0.43,,Urban,18-29 (Young Adult),4.77,0
8,Female,2.03,TV,True,0.47,,Rural,8-12 (Pre-teen),2.03,0
8,Male,1.02,TV,False,0.46,,Urban,8-12 (Pre-teen),1.02,0
9,Female,3.98,Smartphone,True,0.55,Poor Sleep,Urban,8-12 (Pre-teen),3.98,1
16,Female,3.63,Smartphone,True,0.32,"Poor Sleep, Eye Strain",Urban,13-17 (Teen),3.63,1
10,Female,3.27,TV,True,0.55,Poor Sleep,Urban,8-12 (Pre-teen),3.27,1
8,Female,5.91,TV,True,0.51,Poor Sleep,Rural,8-12 (Pre-teen),5.91,1
12,Female,5.09,Smartphone,True,0.31,"Poor Sleep, Eye Strain, Anxiety",Urban,8-12 (Pre-teen),5.09,1
14,Female,5.27,Laptop,True,0.33,"Poor Sleep, Anxiety",Urban,13-17 (Teen),5.27,1
13,Male,4.63,Tablet,True,0.42,Eye Strain,Rural,13-17 (Teen),4.63,0
8,Female,0.0,Smartphone,False,0.54,,Urban,8-12 (Pre-teen),0.0,0
12,Male,4.79,Tablet,True,0.44,Poor Sleep,Urban,8-12 (Pre-teen),4.79,1
12,Female,4.19,Laptop,True,0.36,"Poor Sleep, Eye Strain",Urban,8-12 (Pre-teen),4.19,1
13,Male,3.26,Smartphone,True,0.41,"Poor Sleep, Obesity Risk",Urban,13-17 (Teen),3.26,1
10,Female,4.19,TV,True,0.44,"Poor Sleep, Obesity Risk",Urban,8-12 (Pre-teen),4.19,1
12,Female,3.69,TV,True,0.42,"Poor Sleep, Eye Strain",Rural,8-12 (Pre-teen),3.69,1
14,Male,3.18,Smartphone,True,0.41,Poor Sleep,Urban,13-17 (Teen),3.18,1
12,Female,3.65,Smartphone,True,0.43,"Poor Sleep, Eye Strain, Anxiety, Obesity Risk",Rural,8-12 (Pre-teen),3.65,1
12,Female,5.15,TV,True,0.36,,Urban,8-12 (Pre-teen),5.15,0
12,Female,4.83,TV,True,0.42,Eye Strain,Urban,8-12 (Pre-teen),4.83,0
17,Female,6.38,Smartphone,True,0.34,"Poor Sleep, Eye Strain",Urban,13-17 (Teen),6.38,1
17,Female,4.83,Laptop,True,0.36,Poor Sleep,Urban,13-17 (Teen),4.83,1
10,Male,0.0,Smartphone,False,0.5,,Urban,8-12 (Pre-teen),0.0,0
8,Female,3.58,Smartphone,True,0.41,"Poor Sleep, Anxiety",Rural,8-12 (Pre-teen),3.58,1
12,Male,6.08,TV,True,0.42,Eye Strain,Urban,8-12 (Pre-teen),6.08,0
16,Female,4.65,Tablet,True,0.33,"Poor Sleep, Anxiety",Urban,13-17 (Teen),4.65,1
8,Male,3.32,Tablet,True,0.42,"Poor Sleep, Eye Strain",Rural,8-12 (Pre-teen),3.32,1
10,Male,0.46,TV,False,0.53,,Rural,8-12 (Pre-teen),0.46,0
11,Female,2.3,Tablet,False,0.39,,Urban,8-12 (Pre-teen),2.3,0
8,Male,0.0,TV,False,0.49,,Urban,8-12 (Pre-teen),0.0,0
8,Male,10.12,TV,True,0.53,Poor Sleep,Urban,8-12 (Pre-teen),10.12,1
15,Male,3.18,Laptop,True,0.49,,Urban,13-17 (Teen),3.18,0
9,Male,2.06,TV,True,0.57,,Urban,8-12 (Pre-teen),2.06,0
15,Male,4.89,TV,True,0.49,Obesity Risk,Urban,13-17 (Teen),4.89,0
14,Male,3.02,Tablet,True,0.47,,Rural,13-17 (Teen),3.02,0
17,Male,2.97,Tablet,False,0.46,,Urban,13-17 (Teen),2.97,0
17,Female,3.2,Smartphone,True,0.47,,Urban,13-17 (Teen),3.2,0
9,Female,7.87,Tablet,True,0.6,,Urban,8-12 (Pre-teen),7.87,0
13,Female,6.76,Smartphone,True,0.44,,Urban,13-17 (Teen),6.76,0
13,Male,5.3,Smartphone,True,0.46,Poor Sleep,Urban,13-17 (Teen),5.3,1
10,Female,3.49,Smartphone,True,0.52,"Poor Sleep, Eye Strain",Urban,8-12 (Pre-teen),3.49,1
18,Female,3.3,TV,True,0.41,Poor Sleep,Urban,18-29 (Young Adult),3.3,1
9,Male,1.04,TV,False,0.52,,Urban,8-12 (Pre-teen),1.04,0
8,Female,0.0,Smartphone,False,0.54,,Rural,8-12 (Pre-teen),0.0,0
13,Female,5.51,TV,True,0.34,"Poor Sleep, Obesity Risk",Urban,13-17 (Teen),5.51,1
12,Female,3.99,Laptop,True,0.46,Eye Strain,Urban,8-12 (Pre-teen),3.99,0
18,Male,2.7,Laptop,False,0.33,,Urban,18-29 (Young Adult),2.7,0
16,Female,5.13,Smartphone,True,0.48,"Poor Sleep, Eye Strain",Rural,13-17 (Teen),5.13,1
8,Male,1.65,TV,False,0.46,,Rural,8-12 (Pre-teen),1.65,0
14,Female,3.54,Smartphone,True,0.37,Poor Sleep,Urban,13-17 (Teen),3.54,1
12,Male,4.54,TV,True,0.48,Anxiety,Rural,8-12 (Pre-teen),4.54,0
12,Male,4.06,TV,True,0.43,Anxiety,Rural,8-12 (Pre-teen),4.06,0
9,Female,2.71,TV,True,0.45,,Urban,8-12 (Pre-teen),2.71,0
18,Male,5.15,Smartphone,True,0.36,"Poor Sleep, Eye Strain, Anxiety",Urban,18-29 (Young Adult),5.15,1
10,Female,9.22,TV,True,0.55,"Poor Sleep, Eye Strain",Urban,8-12 (Pre-teen),9.22,1
14,Female,6.79,Tablet,True,0.41,,Rural,13-17 (Teen),6.79,0
13,Female,3.33,Smartphone,True,0.37,Obesity Risk,Rural,13-17 (Teen),3.33,0
9,Female,6.23,TV,True,0.52,Poor Sleep,Urban,8-12 (Pre-teen),6.23,1
13,Female,3.71,TV,True,0.32,Poor Sleep,Urban,13-17 (Teen),3.71,1
9,Male,5.25,Tablet,True,0.54,"Eye Strain, Anxiety",Urban,8-12 (Pre-teen),5.25,0
9,Male,6.78,TV,True,0.45,Poor Sleep,Rural,8-12 (Pre-teen),6.78,1
9,Male,3.37,Smartphone,True,0.54,Poor Sleep,Urban,8-12 (Pre-teen),3.37,1
18,Male,4.01,Smartphone,True,0.37,"Anxiety, Obesity Risk",Urban,18-29 (Young Adult),4.01,0
10,Male,5.74,TV,True,0.41,Poor Sleep,Urban,8-12 (Pre-teen),5.74,1
9,Male,11.0,Smartphone,True,0.58,"Poor Sleep, Eye Strain",Rural,8-12 (Pre-teen),11.0,1
11,Female,5.01,Smartphone,True,0.48,Obesity Risk,Urban,8-12 (Pre-teen),5.01,0
16,Male,3.08,Smartphone,True,0.4,Poor Sleep,Urban,13-17 (Teen),3.08,1
13,Female,5.65,Smartphone,True,0.31,"Poor Sleep, Eye Strain",Urban,13-17 (Teen),5.65,1
8,Female,6.02,TV,True,0.44,,Urban,8-12 (Pre-teen),6.02,0
15,Female,4.34,Smartphone,True,0.38,Poor Sleep,Rural,13-17 (Teen),4.34,1
14,Female,3.83,Smartphone,True,0.34,Poor Sleep,Urban,13-17 (Teen),3.83,1
17,Male,4.42,TV,True,0.49,Eye Strain,Rural,13-17 (Teen),4.42,0
10,Male,3.58,TV,True,0.59,"Poor Sleep, Anxiety",Urban,8-12 (Pre-teen),3.58,1
8,Male,11.97,Tablet,True,0.43,Poor Sleep,Rural,8-12 (Pre-teen),11.97,1
12,Female,5.07,Smartphone,True,0.34,Anxiety,Urban,8-12 (Pre-teen),5.07,0
11,Female,3.99,Smartphone,True,0.35,,Urban,8-12 (Pre-teen),3.99,0
17,Male,5.73,Smartphone,True,0.45,"Poor Sleep, Obesity Risk",Urban,13-17 (Teen),5.73,1
15,Female,5.77,TV,True,0.45,"Poor Sleep, Eye Strain",Urban,13-17 (Teen),5.77,1
8,Female,6.44,Smartphone,True,0.59,Obesity Risk,Urban,8-12 (Pre-teen),6.44,0
17,Male,3.52,TV,True,0.45,Obesity Risk,Rural,13-17 (Teen),3.52,0
8,Female,7.04,Smartphone,True,0.57,Anxiety,Rural,8-12 (Pre-teen),7.04,0
11,Female,3.64,Laptop,True,0.41,Eye Strain,Rural,8-12 (Pre-teen),3.64,0
15,Female,6.59,Smartphone,True,0.46,Poor Sleep,Urban,13-17 (Teen),6.59,1
12,Female,3.19,Tablet,True,0.34,Anxiety,Urban,8-12 (Pre-teen),3.19,0
9,Male,1.88,TV,False,0.45,,Rural,8-12 (Pre-teen),1.88,0
13,Female,2.17,Smartphone,False,0.34,,Urban,13-17 (Teen),2.17,0
12,Female,4.65,Smartphone,True,0.44,"Poor Sleep, Eye Strain",Urban,8-12 (Pre-teen),4.65,1
9,Male,0.0,Smartphone,False,0.41,,Urban,8-12 (Pre-teen),0.0,0
18,Male,7.04,TV,True,0.31,,Urban,18-29 (Young Adult),7.04,0
18,Male,5.26,Smartphone,True,0.36,"Poor Sleep, Obesity Risk",Urban,18-29 (Young Adult),5.26,1
18,Female,5.02,Laptop,True,0.43,"Poor Sleep, Eye Strain, Anxiety",Urban,18-29 (Young Adult),5.02,1
10,Male,4.79,TV,True,0.46,Eye Strain,Urban,8-12 (Pre-teen),4.79,0
16,Male,5.58,Smartphone,True,0.45,Eye Strain,Urban,13-17 (Teen),5.58,0
14,Female,5.91,Smartphone,True,0.48,Poor Sleep,Rural,13-17 (Teen),5.91,1
14,Male,4.41,Tablet,True,0.4,"Poor Sleep, Obesity Risk",Urban,13-17 (Teen),4.41,1
18,Male,3.05,TV,True,0.48,"Poor Sleep, Eye Strain",Urban,18-29 (Young Adult),3.05,1
13,Male,4.99,TV,True,0.36,,Urban,13-17 (Teen),4.99,0
15,Female,2.43,Smartphone,False,0.43,,Rural,13-17 (Teen),2.43,0
11,Female,4.24,Smartphone,True,0.34,,Urban,8-12 (Pre-teen),4.24,0
15,Male,4.9,Tablet,True,0.46,Poor Sleep,Urban,13-17 (Teen),4.9,1
11,Female,5.1,Smartphone,True,0.36,,Urban,8-12 (Pre-teen),5.1,0
15,Female,4.38,Laptop,True,0.48,,Rural,13-17 (Teen),4.38,0
16,Female,4.84,Laptop,True,0.43,,Urban,13-17 (Teen),4.84,0
10,Female,7.16,TV,True,0.44,Poor Sleep,Urban,8-12 (Pre-teen),7.16,1
10,Female,3.0,TV,True,0.47,,Urban,8-12 (Pre-teen),3.0,0
18,Female,3.95,Smartphone,True,0.39,Poor Sleep,Urban,18-29 (Young Adult),3.95,1
9,Male,5.47,Tablet,True,0.6,"Poor Sleep, Eye Strain, Obesity Risk",Rural,8-12 (Pre-teen),5.47,1
17,Male,6.86,Smartphone,True,0.39,"Poor Sleep, Anxiety",Rural,13-17 (Teen),6.86,1
10,Male,4.74,Smartphone,True,0.45,,Urban,8-12 (Pre-teen),4.74,0
10,Male,4.05,Smartphone,True,0.55,Poor Sleep,Rural,8-12 (Pre-teen),4.05,1
12,Female,5.4,TV,True,0.31,Poor Sleep,Rural,8-12 (Pre-teen),5.4,1
12,Female,5.82,Laptop,True,0.38,"Poor Sleep, Anxiety",Urban,8-12 (Pre-teen),5.82,1
9,Female,4.3,Tablet,True,0.45,Poor Sleep,Urban,8-12 (Pre-teen),4.3,1
17,Female,4.22,TV,True,0.37,"Poor Sleep, Obesity Risk",Urban,13-17 (Teen),4.22,1
13,Female,4.89,Laptop,True,0.42,"Eye Strain, Anxiety",Urban,13-17 (Teen),4.89,0
12,Female,4.28,TV,True,0.39,Poor Sleep,Rural,8-12 (Pre-teen),4.28,1
13,Male,3.83,Smartphone,True,0.43,,Urban,13-17 (Teen),3.83,0
8,Female,5.22,Smartphone,True,0.46,"Poor Sleep, Eye Strain",Urban,8-12 (Pre-teen),5.22,1
12,Female,4.48,Tablet,True,0.49,"Poor Sleep, Eye Strain",Urban,8-12 (Pre-teen),4.48,1
16,Male,1.75,TV,False,0.35,,Urban,13-17 (Teen),1.75,0
17,Male,3.17,TV,True,0.45,"Poor Sleep, Eye Strain",Rural,13-17 (Teen),3.17,1
9,Male,0.79,Smartphone,False,0.51,,Rural,8-12 (Pre-teen),0.79,0
8,Male,5.84,Tablet,True,0.47,,Urban,8-12 (Pre-teen),5.84,0
17,Male,2.23,Laptop,False,0.42,,Urban,13-17 (Teen),2.23,0
18,Female,4.31,TV,True,0.41,Eye Strain,Urban,18-29 (Young Adult),4.31,0
16,Male,6.01,Laptop,True,0.4,,Urban,13-17 (Teen),6.01,0
17,Female,6.0,Smartphone,True,0.4,"Poor Sleep, Eye Strain",Urban,13-17 (Teen),6.0,1
16,Female,2.61,Smartphone,False,0.41,,Urban,13-17 (Teen),2.61,0
16,Female,4.13,TV,True,0.34,,Urban,13-17 (Teen),4.13,0
13,Female,4.14,Laptop,True,0.33,"Poor Sleep, Eye Strain",Urban,13-17 (Teen),4.14,1
15,Male,6.83,Tablet,True,0.31,Anxiety,Rural,13-17 (Teen),6.83,0
18,Female,4.55,Laptop,True,0.46,Poor Sleep,Urban,18-29 (Young Adult),4.55,1
8,Female,7.22,TV,True,0.56,,Urban,8-12 (Pre-teen),7.22,0
17,Male,5.7,Smartphone,True,0.5,"Poor Sleep, Eye Strain",Rural,13-17 (Teen),5.7,1
11,Female,5.55,Smartphone,True,0.36,,Urban,8-12 (Pre-teen),5.55,0
8,Female,2.23,Smartphone,True,0.55,,Urban,8-12 (Pre-teen),2.23,0
15,Female,4.2,Smartphone,True,0.43,Poor Sleep,Urban,13-17 (Teen),4.2,1
8,Male,4.48,Smartphone,True,0.43,Eye Strain,Rural,8-12 (Pre-teen),4.48,0
10,Female,3.53,Smartphone,True,0.47,Poor Sleep,Urban,8-12 (Pre-teen),3.53,1
11,Male,3.46,Smartphone,True,0.41,"Poor Sleep, Eye Strain",Urban,8-12 (Pre-teen),3.46,1
15,Male,5.33,Smartphone,True,0.33,Poor Sleep,Urban,13-17 (Teen),5.33,1
13,Female,3.45,TV,True,0.45,Eye Strain,Rural,13-17 (Teen),3.45,0
17,Male,4.47,Smartphone,True,0.49,"Poor Sleep, Eye Strain",Urban,13-17 (Teen),4.47,1
14,Female,2.89,Smartphone,False,0.34,,Rural,13-17 (Teen),2.89,0
15,Male,3.44,Tablet,True,0.5,Eye Strain,Urban,13-17 (Teen),3.44,0
9,Male,6.14,Tablet,True,0.56,Eye Strain,Urban,8-12 (Pre-teen),6.14,0
17,Female,4.7,Smartphone,True,0.39,Poor Sleep,Urban,13-17 (Teen),4.7,1
18,Male,2.68,Smartphone,False,0.4,,Urban,18-29 (Young Adult),2.68,0
15,Male,5.16,Laptop,True,0.31,Poor Sleep,Urban,13-17 (Teen),5.16,1
10,Male,0.0,TV,False,0.54,,Rural,8-12 (Pre-teen),0.0,0
14,Male,3.62,Smartphone,True,0.31,"Poor Sleep, Eye Strain",Rural,13-17 (Teen),3.62,1
10,Male,1.64,Smartphone,False,0.43,,Urban,8-12 (Pre-teen),1.64,0
14,Male,3.9,Smartphone,True,0.38,,Urban,13-17 (Teen),3.9,0
18,Male,4.58,Smartphone,True,0.44,"Poor Sleep, Eye Strain",Urban,18-29 (Young Adult),4.58,1
9,Male,6.77,TV,True,0.5,Eye Strain,Urban,8-12 (Pre-teen),6.77,0
17,Male,3.7,TV,True,0.39,Poor Sleep,Urban,13-17 (Teen),3.7,1
13,Male,4.32,Laptop,True,0.3,"Eye Strain, Obesity Risk",Urban,13-17 (Teen),4.32,0
10,Male,2.41,Tablet,True,0.51,,Urban,8-12 (Pre-teen),2.41,0
10,Male,6.08,TV,True,0.5,"Poor Sleep, Anxiety, Obesity Risk",Rural,8-12 (Pre-teen),6.08,1
16,Male,1.69,Tablet,False,0.31,,Rural,13-17 (Teen),1.69,0
14,Male,4.86,Laptop,True,0.4,"Poor Sleep, Eye Strain, Anxiety, Obesity Risk",Rural,13-17 (Teen),4.86,1
12,Male,4.84,Smartphone,True,0.41,"Poor Sleep, Eye Strain, Obesity Risk",Urban,8-12 (Pre-teen),4.84,1
17,Female,4.69,Laptop,True,0.34,"Poor Sleep, Anxiety",Urban,13-17 (Teen),4.69,1
14,Male,3.09,TV,True,0.36,,Urban,13-17 (Teen),3.09,0
16,Male,5.02,TV,True,0.34,Eye Strain,Rural,13-17 (Teen),5.02,0
8,Male,2.52,Smartphone,True,0.53,,Urban,8-12 (Pre-teen),2.52,0
14,Male,4.77,Smartphone,True,0.34,,Urban,13-17 (Teen),4.77,0
13,Female,4.65,Smartphone,True,0.34,Poor Sleep,Urban,13-17 (Teen),4.65,1
17,Male,6.42,Smartphone,True,0.47,"Eye Strain, Obesity Risk",Urban,13-17 (Teen),6.42,0
16,Male,3.74,Smartphone,True,0.47,"Poor Sleep, Anxiety",Urban,13-17 (Teen),3.74,1
8,Male,2.79,Smartphone,True,0.44,,Urban,8-12 (Pre-teen),2.79,0
11,Female,4.28,Laptop,True,0.5,,Rural,8-12 (Pre-teen),4.28,0
16,Male,7.11,Laptop,True,0.42,Anxiety,Rural,13-17 (Teen),7.11,0
11,Female,4.87,Smartphone,True,0.43,"Poor Sleep, Eye Strain",Urban,8-12 (Pre-teen),4.87,1
17,Male,4.09,TV,True,0.36,"Poor Sleep, Anxiety",Urban,13-17 (Teen),4.09,1
10,Male,1.85,Smartphone,False,0.43,,Urban,8-12 (Pre-teen),1.85,0
16,Male,2.56,TV,False,0.47,,Rural,13-17 (Teen),2.56,0
9,Male,2.14,TV,True,0.58,,Urban,8-12 (Pre-teen),2.14,0
11,Female,4.23,Smartphone,True,0.41,"Poor Sleep, Anxiety, Obesity Risk",Urban,8-12 (Pre-teen),4.23,1
13,Male,4.77,Laptop,True,0.48,,Rural,13-17 (Teen),4.77,0
9,Male,3.68,Smartphone,True,0.52,Poor Sleep,Urban,8-12 (Pre-teen),3.68,1
15,Male,5.96,Smartphone,True,0.49,"Poor Sleep, Anxiety",Urban,13-17 (Teen),5.96,1
15,Female,6.59,Smartphone,True,0.31,Anxiety,Rural,13-17 (Teen),6.59,0
8,Male,5.03,Smartphone,True,0.58,,Urban,8-12 (Pre-teen),5.03,0
10,Female,3.59,Tablet,True,0.46,"Poor Sleep, Obesity Risk",Urban,8-12 (Pre-teen),3.59,1
17,Male,3.03,TV,True,0.5,"Poor Sleep, Obesity Risk",Urban,13-17 (Teen),3.03,1
16,Male,4.98,Smartphone,True,0.35,"Poor Sleep, Anxiety",Urban,13-17 (Teen),4.98,1
12,Male,2.97,Smartphone,False,0.38,,Urban,8-12 (Pre-teen),2.97,0
13,Female,5.59,Laptop,True,0.33,"Poor Sleep, Anxiety",Rural,13-17 (Teen),5.59,1
11,Female,4.9,Smartphone,True,0.33,Poor Sleep,Urban,8-12 (Pre-teen),4.9,1
17,Male,6.71,Smartphone,True,0.47,"Poor Sleep, Eye Strain",Rural,13-17 (Teen),6.71,1
9,Female,2.79,Smartphone,True,0.49,,Urban,8-12 (Pre-teen),2.79,0
18,Female,4.71,Smartphone,True,0.46,"Poor Sleep, Eye Strain",Rural,18-29 (Young Adult),4.71,1
15,Female,4.06,TV,True,0.48,"Poor Sleep, Eye Strain, Anxiety",Urban,13-17 (Teen),4.06,1
18,Female,5.42,Laptop,True,0.3,Eye Strain,Urban,18-29 (Young Adult),5.42,0
13,Female,6.14,Smartphone,True,0.41,"Poor Sleep, Eye Strain",Urban,13-17 (Teen),6.14,1
12,Male,4.44,TV,True,0.35,Eye Strain,Urban,8-12 (Pre-teen),4.44,0
16,Male,4.16,Smartphone,True,0.44,"Poor Sleep, Eye Strain",Rural,13-17 (Teen),4.16,1
8,Male,6.48,Tablet,True,0.54,,Rural,8-12 (Pre-teen),6.48,0
12,Female,4.86,Smartphone,True,0.35,,Urban,8-12 (Pre-teen),4.86,0
13,Male,3.79,Smartphone,True,0.32,Poor Sleep,Urban,13-17 (Teen),3.79,1
12,Male,3.96,Tablet,True,0.46,Poor Sleep,Rural,8-12 (Pre-teen),3.96,1
13,Female,6.34,Laptop,True,0.48,"Poor Sleep, Anxiety, Obesity Risk",Urban,13-17 (Teen),6.34,1
13,Male,3.47,Tablet,True,0.38,Poor Sleep,Urban,13-17 (Teen),3.47,1
14,Male,5.32,TV,True,0.35,,Urban,13-17 (Teen),5.32,0
11,Female,6.2,TV,True,0.46,"Poor Sleep, Anxiety",Urban,8-12 (Pre-teen),6.2,1
18,Male,5.73,Smartphone,True,0.35,"Poor Sleep, Anxiety, Obesity Risk",Urban,18-29 (Young Adult),5.73,1
15,Male,6.77,Smartphone,True,0.43,"Eye Strain, Anxiety",Urban,13-17 (Teen),6.77,0
14,Female,4.51,TV,True,0.41,,Rural,13-17 (Teen),4.51,0
16,Male,3.72,Smartphone,True,0.43,"Eye Strain, Anxiety, Obesity Risk",Urban,13-17 (Teen),3.72,0
14,Male,4.96,Laptop,True,0.41,Poor Sleep,Urban,13-17 (Teen),4.96,1
10,Female,2.96,TV,True,0.59,,Urban,8-12 (Pre-teen),2.96,0
10,Male,2.55,TV,True,0.5,,Rural,8-12 (Pre-teen),2.55,0
15,Female,4.11,Tablet,True,0.34,"Eye Strain, Anxiety",Urban,13-17 (Teen),4.11,0
12,Male,4.16,Laptop,True,0.35,"Eye Strain, Anxiety",Urban,8-12 (Pre-teen),4.16,0
11,Female,5.59,Smartphone,True,0.46,Poor Sleep,Rural,8-12 (Pre-teen),5.59,1
15,Female,4.99,Smartphone,True,0.46,"Poor Sleep, Obesity Risk",Urban,13-17 (Teen),4.99,1
13,Male,2.5,Smartphone,False,0.47,,Rural,13-17 (Teen),2.5,0
9,Male,5.79,Tablet,True,0.51,Poor Sleep,Urban,8-12 (Pre-teen),5.79,1
11,Female,8.55,Tablet,True,0.39,"Poor Sleep, Anxiety, Obesity Risk",Urban,8-12 (Pre-teen),8.55,1
18,Female,5.12,Smartphone,True,0.44,"Poor Sleep, Anxiety, Obesity Risk",Urban,18-29 (Young Adult),5.12,1
11,Male,5.06,Smartphone,True,0.49,,Urban,8-12 (Pre-teen),5.06,0
13,Male,6.01,Smartphone,True,0.3,Poor Sleep,Urban,13-17 (Teen),6.01,1
13,Female,3.47,Tablet,True,0.37,Eye Strain,Rural,13-17 (Teen),3.47,0
8,Male,4.07,TV,True,0.57,Poor Sleep,Urban,8-12 (Pre-teen),4.07,1
15,Female,5.56,Smartphone,True,0.39,Poor Sleep,Rural,13-17 (Teen),5.56,1
13,Male,4.23,TV,True,0.5,"Poor Sleep, Obesity Risk",Urban,13-17 (Teen),4.23,1
10,Male,5.49,Smartphone,True,0.57,"Poor Sleep, Obesity Risk",Urban,8-12 (Pre-teen),5.49,1
16,Female,4.16,Smartphone,True,0.41,Eye Strain,Urban,13-17 (Teen),4.16,0
9,Male,1.76,Smartphone,False,0.41,,Rural,8-12 (Pre-teen),1.76,0
18,Female,4.32,Smartphone,True,0.42,Poor Sleep,Urban,18-29 (Young Adult),4.32,1
15,Male,4.12,Smartphone,True,0.4,"Poor Sleep, Obesity Risk",Urban,13-17 (Teen),4.12,1
17,Female,6.34,Tablet,True,0.47,Eye Strain,Urban,13-17 (Teen),6.34,0
10,Female,2.28,TV,True,0.5,,Urban,8-12 (Pre-teen),2.28,0
12,Male,2.85,Tablet,False,0.3,,Rural,8-12 (Pre-teen),2.85,0
13,Female,4.18,Smartphone,True,0.39,Poor Sleep,Urban,13-17 (Teen),4.18,1
17,Male,4.92,Smartphone,True,0.35,,Urban,13-17 (Teen),4.92,0
13,Female,3.07,TV,True,0.4,"Poor Sleep, Eye Strain",Urban,13-17 (Teen),3.07,1
11,Female,3.05,Smartphone,True,0.5,Poor Sleep,Urban,8-12 (Pre-teen),3.05,1
10,Female,13.01,Smartphone,True,0.57,"Poor Sleep, Anxiety",Urban,8-12 (Pre-teen),13.01,1
11,Female,4.33,Smartphone,True,0.45,Eye Strain,Rural,8-12 (Pre-teen),4.33,0
8,Male,2.64,TV,True,0.6,,Urban,8-12 (Pre-teen),2.64,0
11,Male,5.61,Smartphone,True,0.5,"Poor Sleep, Eye Strain, Anxiety",Rural,8-12 (Pre-teen),5.61,1
8,Male,1.52,Smartphone,False,0.6,,Rural,8-12 (Pre-teen),1.52,0
8,Female,4.31,Smartphone,True,0.44,"Eye Strain, Anxiety",Urban,8-12 (Pre-teen),4.31,0
17,Male,4.08,Smartphone,True,0.4,,Rural,13-17 (Teen),4.08,0
13,Female,4.25,Smartphone,True,0.3,Poor Sleep,Rural,13-17 (Teen),4.25,1
12,Male,4.45,Laptop,True,0.4,Poor Sleep,Urban,8-12 (Pre-teen),4.45,1
18,Male,6.34,Smartphone,True,0.41,Anxiety,Urban,18-29 (Young Adult),6.34,0
11,Female,3.8,Smartphone,True,0.45,,Urban,8-12 (Pre-teen),3.8,0
18,Female,3.52,Tablet,True,0.36,,Rural,18-29 (Young Adult),3.52,0
10,Male,7.87,Smartphone,True,0.6,,Rural,8-12 (Pre-teen),7.87,0
8,Male,1.15,Tablet,False,0.45,,Urban,8-12 (Pre-teen),1.15,0
13,Female,3.11,TV,True,0.32,,Rural,13-17 (Teen),3.11,0
9,Female,4.15,Tablet,True,0.48,"Poor Sleep, Obesity Risk",Urban,8-12 (Pre-teen),4.15,1
15,Female,3.79,Laptop,True,0.37,Poor Sleep,Rural,13-17 (Teen),3.79,1
17,Male,4.89,Smartphone,True,0.36,,Urban,13-17 (Teen),4.89,0
12,Female,4.53,TV,True,0.35,,Urban,8-12 (Pre-teen),4.53,0
14,Female,4.16,TV,True,0.39,,Urban,13-17 (Teen),4.16,0
17,Male,3.85,TV,True,0.47,Poor Sleep,Urban,13-17 (Teen),3.85,1
9,Female,0.78,TV,False,0.51,,Urban,8-12 (Pre-teen),0.78,0
15,Female,5.05,Smartphone,True,0.48,Poor Sleep,Urban,13-17 (Teen),5.05,1
9,Male,9.29,Tablet,True,0.59,Poor Sleep,Rural,8-12 (Pre-teen),9.29,1
11,Female,3.61,TV,True,0.42,Poor Sleep,Rural,8-12 (Pre-teen),3.61,1
8,Male,2.04,TV,True,0.54,,Urban,8-12 (Pre-teen),2.04,0
12,Male,5.36,Smartphone,True,0.47,"Poor Sleep, Anxiety, Obesity Risk",Rural,8-12 (Pre-teen),5.36,1
16,Female,4.31,Smartphone,True,0.45,,Rural,13-17 (Teen),4.31,0
8,Male,4.38,Smartphone,True,0.59,Obesity Risk,Urban,8-12 (Pre-teen),4.38,0
16,Male,5.68,Laptop,True,0.49,"Poor Sleep, Eye Strain",Urban,13-17 (Teen),5.68,1
18,Female,2.39,Laptop,False,0.43,,Rural,18-29 (Young Adult),2.39,0
15,Female,5.08,Smartphone,True,0.48,"Poor Sleep, Eye Strain",Urban,13-17 (Teen),5.08,1
13,Female,4.52,Smartphone,True,0.33,Poor Sleep,Urban,13-17 (Teen),4.52,1
14,Female,4.06,Laptop,True,0.35,Poor Sleep,Urban,13-17 (Teen),4.06,1
10,Female,0.0,Smartphone,False,0.43,,Urban,8-12 (Pre-teen),0.0,0
8,Female,0.0,Smartphone,False,0.53,,Urban,8-12 (Pre-teen),0.0,0
12,Male,5.22,Smartphone,True,0.45,,Rural,8-12 (Pre-teen),5.22,0
9,Male,5.56,Tablet,True,0.57,Poor Sleep,Urban,8-12 (Pre-teen),5.56,1
12,Female,3.29,TV,True,0.32,Eye Strain,Urban,8-12 (Pre-teen),3.29,0
15,Female,4.74,TV,True,0.46,"Poor Sleep, Eye Strain",Urban,13-17 (Teen),4.74,1
18,Female,3.9,TV,True,0.32,Poor Sleep,Rural,18-29 (Young Adult),3.9,1
16,Male,5.14,Smartphone,True,0.34,"Poor Sleep, Eye Strain",Urban,13-17 (Teen),5.14,1
9,Female,0.81,TV,False,0.42,,Urban,8-12 (Pre-teen),0.81,0
10,Female,3.17,TV,True,0.42,Poor Sleep,Rural,8-12 (Pre-teen),3.17,1
10,Male,5.61,TV,True,0.5,Poor Sleep,Rural,8-12 (Pre-teen),5.61,1
8,Male,7.93,Smartphone,True,0.45,"Poor Sleep, Eye Strain, Obesity Risk",Urban,8-12 (Pre-teen),7.93,1
15,Female,3.26,TV,True,0.45,"Poor Sleep, Anxiety",Rural,13-17 (Teen),3.26,1
13,Male,4.28,Smartphone,True,0.44,"Poor Sleep, Eye Strain",Rural,13-17 (Teen),4.28,1
15,Male,4.4,Smartphone,True,0.37,"Poor Sleep, Anxiety",Urban,13-17 (Teen),4.4,1
18,Female,3.77,Smartphone,True,0.41,Poor Sleep,Urban,18-29 (Young Adult),3.77,1
16,Male,4.21,Laptop,True,0.5,Poor Sleep,Urban,13-17 (Teen),4.21,1
12,Male,3.49,Laptop,True,0.37,Poor Sleep,Urban,8-12 (Pre-teen),3.49,1
10,Female,1.53,Tablet,False,0.47,,Rural,8-12 (Pre-teen),1.53,0
12,Female,3.0,Smartphone,False,0.36,,Rural,8-12 (Pre-teen),3.0,0
12,Female,2.72,Smartphone,False,0.45,,Urban,8-12 (Pre-teen),2.72,0
12,Male,5.04,Smartphone,True,0.34,Anxiety,Rural,8-12 (Pre-teen),5.04,0
10,Female,2.26,TV,True,0.51,,Urban,8-12 (Pre-teen),2.26,0
18,Male,3.76,Laptop,True,0.31,Obesity Risk,Rural,18-29 (Young Adult),3.76,0
17,Male,3.41,TV,True,0.32,"Poor Sleep, Anxiety",Rural,13-17 (Teen),3.41,1
11,Male,5.23,Smartphone,True,0.44,Eye Strain,Rural,8-12 (Pre-teen),5.23,0
16,Female,5.98,Smartphone,True,0.3,Poor Sleep,Urban,13-17 (Teen),5.98,1
17,Male,5.02,Smartphone,True,0.45,Eye Strain,Urban,13-17 (Teen),5.02,0
9,Male,3.93,TV,True,0.55,"Poor Sleep, Anxiety",Urban,8-12 (Pre-teen),3.93,1
15,Male,4.1,Tablet,True,0.38,"Poor Sleep, Eye Strain, Obesity Risk",Urban,13-17 (Teen),4.1,1
15,Female,4.6,Laptop,True,0.33,Poor Sleep,Urban,13-17 (Teen),4.6,1
14,Male,3.09,TV,True,0.36,Poor Sleep,Urban,13-17 (Teen),3.09,1
15,Female,3.69,Laptop,True,0.46,Poor Sleep,Urban,13-17 (Teen),3.69,1
10,Male,3.42,Smartphone,True,0.4,Poor Sleep,Urban,8-12 (Pre-teen),3.42,1
13,Female,3.64,Smartphone,True,0.38,Eye Strain,Urban,13-17 (Teen),3.64,0
8,Female,0.37,TV,False,0.53,,Urban,8-12 (Pre-teen),0.37,0
14,Male,5.02,Laptop,True,0.37,,Urban,13-17 (Teen),5.02,0
8,Female,6.02,Smartphone,True,0.6,,Rural,8-12 (Pre-teen),6.02,0
16,Female,3.81,Smartphone,True,0.37,"Poor Sleep, Eye Strain",Rural,13-17 (Teen),3.81,1
8,Male,0.66,Smartphone,False,0.45,,Urban,8-12 (Pre-teen),0.66,0
8,Male,6.05,TV,True,0.55,Anxiety,Urban,8-12 (Pre-teen),6.05,0
14,Male,6.16,Smartphone,True,0.44,Poor Sleep,Urban,13-17 (Teen),6.16,1
9,Female,4.91,Smartphone,True,0.5,"Poor Sleep, Anxiety",Urban,8-12 (Pre-teen),4.91,1
12,Male,3.55,TV,True,0.36,"Poor Sleep, Obesity Risk",Urban,8-12 (Pre-teen),3.55,1
15,Male,6.66,Laptop,True,0.32,,Urban,13-17 (Teen),6.66,0
15,Female,2.9,Smartphone,False,0.38,,Rural,13-17 (Teen),2.9,0
10,Male,3.0,TV,True,0.51,,Urban,8-12 (Pre-teen),3.0,0
14,Male,5.87,Smartphone,True,0.35,"Poor Sleep, Obesity Risk",Urban,13-17 (Teen),5.87,1
10,Male,4.12,Smartphone,True,0.44,Poor Sleep,Rural,8-12 (Pre-teen),4.12,1
13,Female,5.04,Tablet,True,0.42,"Poor Sleep, Eye Strain",Urban,13-17 (Teen),5.04,1
13,Male,3.08,Laptop,True,0.38,Poor Sleep,Urban,13-17 (Teen),3.08,1
10,Male,6.06,TV,True,0.53,"Poor Sleep, Anxiety",Rural,8-12 (Pre-teen),6.06,1
14,Male,3.73,Smartphone,True,0.43,Anxiety,Rural,13-17 (Teen),3.73,0
10,Female,0.0,TV,False,0.52,,Urban,8-12 (Pre-teen),0.0,0
15,Male,5.64,Smartphone,True,0.46,Poor Sleep,Urban,13-17 (Teen),5.64,1
17,Female,2.95,Tablet,False,0.49,,Rural,13-17 (Teen),2.95,0
11,Male,6.12,Smartphone,True,0.4,"Poor Sleep, Eye Strain",Rural,8-12 (Pre-teen),6.12,1
8,Female,6.65,Smartphone,True,0.44,,Urban,8-12 (Pre-teen),6.65,0
11,Male,3.94,Laptop,True,0.33,Poor Sleep,Urban,8-12 (Pre-teen),3.94,1
14,Female,3.48,Smartphone,True,0.45,"Poor Sleep, Anxiety",Urban,13-17 (Teen),3.48,1
18,Male,5.1,TV,True,0.3,"Poor Sleep, Eye Strain",Urban,18-29 (Young Adult),5.1,1
11,Female,4.49,Smartphone,True,0.47,,Urban,8-12 (Pre-teen),4.49,0
13,Male,5.03,Smartphone,True,0.33,"Poor Sleep, Obesity Risk",Urban,13-17 (Teen),5.03,1
16,Male,4.07,TV,True,0.43,"Poor Sleep, Anxiety",Rural,13-17 (Teen),4.07,1
8,Female,6.99,Tablet,True,0.51,"Poor Sleep, Eye Strain",Urban,8-12 (Pre-teen),6.99,1
12,Female,4.32,Smartphone,True,0.4,"Poor Sleep, Eye Strain",Urban,8-12 (Pre-teen),4.32,1
18,Male,5.83,Smartphone,True,0.44,Poor Sleep,Rural,18-29 (Young Adult),5.83,1
14,Male,3.07,Smartphone,True,0.36,"Poor Sleep, Anxiety",Rural,13-17 (Teen),3.07,1
8,Male,5.74,TV,True,0.44,Poor Sleep,Urban,8-12 (Pre-teen),5.74,1
11,Female,4.04,Tablet,True,0.36,Poor Sleep,Rural,8-12 (Pre-teen),4.04,1
13,Male,5.02,Smartphone,True,0.31,"Poor Sleep, Eye Strain, Anxiety",Urban,13-17 (Teen),5.02,1
9,Female,0.0,Smartphone,False,0.44,,Rural,8-12 (Pre-teen),0.0,0
17,Female,3.16,TV,True,0.39,"Poor Sleep, Eye Strain",Urban,13-17 (Teen),3.16,1
12,Female,6.37,Smartphone,True,0.3,"Poor Sleep, Anxiety",Rural,8-12 (Pre-teen),6.37,1
18,Female,5.29,TV,True,0.49,Anxiety,Rural,18-29 (Young Adult),5.29,0
17,Female,5.6,Smartphone,True,0.47,Anxiety,Urban,13-17 (Teen),5.6,0
8,Female,0.0,Tablet,False,0.54,,Rural,8-12 (Pre-teen),0.0,0
13,Female,2.79,Laptop,False,0.43,,Rural,13-17 (Teen),2.79,0
13,Female,3.41,TV,True,0.43,Obesity Risk,Urban,13-17 (Teen),3.41,0
11,Male,4.74,TV,True,0.42,Eye Strain,Rural,8-12 (Pre-teen),4.74,0
15,Female,4.07,Smartphone,True,0.41,Poor Sleep,Rural,13-17 (Teen),4.07,1
11,Male,1.91,Smartphone,False,0.46,,Urban,8-12 (Pre-teen),1.91,0
15,Male,5.98,TV,True,0.42,"Poor Sleep, Obesity Risk",Rural,13-17 (Teen),5.98,1
15,Male,5.05,Smartphone,True,0.48,"Poor Sleep, Eye Strain",Rural,13-17 (Teen),5.05,1
12,Male,5.21,TV,True,0.5,"Poor Sleep, Eye Strain",Rural,8-12 (Pre-teen),5.21,1
11,Female,5.71,TV,True,0.4,Poor Sleep,Urban,8-12 (Pre-teen),5.71,1
9,Female,2.7,Smartphone,True,0.49,,Urban,8-12 (Pre-teen),2.7,0
18,Female,4.16,TV,True,0.31,Poor Sleep,Rural,18-29 (Young Adult),4.16,1
10,Male,5.29,TV,True,0.43,,Urban,8-12 (Pre-teen),5.29,0
10,Male,6.91,Tablet,True,0.44,,Rural,8-12 (Pre-teen),6.91,0
11,Female,3.84,Tablet,True,0.45,"Poor Sleep, Eye Strain, Anxiety",Rural,8-12 (Pre-teen),3.84,1
11,Male,5.71,Smartphone,True,0.46,Poor Sleep,Rural,8-12 (Pre-teen),5.71,1
17,Female,4.73,Tablet,True,0.4,Poor Sleep,Urban,13-17 (Teen),4.73,1
18,Female,5.85,Laptop,True,0.47,"Eye Strain, Obesity Risk",Rural,18-29 (Young Adult),5.85,0
18,Female,6.42,Smartphone,True,0.41,"Eye Strain, Anxiety, Obesity Risk",Rural,18-29 (Young Adult),6.42,0
12,Female,5.86,TV,True,0.47,Poor Sleep,Urban,8-12 (Pre-teen),5.86,1
11,Male,5.89,Smartphone,True,0.49,Poor Sleep,Urban,8-12 (Pre-teen),5.89,1
18,Male,2.12,TV,False,0.48,,Rural,18-29 (Young Adult),2.12,0
17,Female,4.0,Smartphone,True,0.47,Eye Strain,Urban,13-17 (Teen),4.0,0
15,Female,4.2,Smartphone,True,0.46,Eye Strain,Rural,13-17 (Teen),4.2,0
13,Male,6.44,Smartphone,True,0.34,"Poor Sleep, Eye Strain",Urban,13-17 (Teen),6.44,1
13,Male,4.75,Smartphone,True,0.38,"Poor Sleep, Anxiety",Urban,13-17 (Teen),4.75,1
15,Female,4.45,TV,True,0.38,Poor Sleep,Urban,13-17 (Teen),4.45,1
14,Female,3.8,TV,True,0.3,Obesity Risk,Rural,13-17 (Teen),3.8,0
17,Female,5.62,Smartphone,True,0.41,"Poor Sleep, Eye Strain",Rural,13-17 (Teen),5.62,1
18,Female,3.49,Smartphone,True,0.4,Poor Sleep,Urban,18-29 (Young Adult),3.49,1
17,Female,4.57,Smartphone,True,0.49,Obesity Risk,Urban,13-17 (Teen),4.57,0
15,Male,3.54,Tablet,True,0.3,"Poor Sleep, Anxiety",Rural,13-17 (Teen),3.54,1
9,Female,4.06,Tablet,True,0.51,,Rural,8-12 (Pre-teen),4.06,0
16,Male,6.64,Smartphone,True,0.38,Poor Sleep,Urban,13-17 (Teen),6.64,1
8,Male,3.34,Smartphone,True,0.44,Poor Sleep,Urban,8-12 (Pre-teen),3.34,1
15,Male,4.08,Laptop,True,0.39,"Eye Strain, Anxiety, Obesity Risk",Rural,13-17 (Teen),4.08,0
18,Male,6.96,TV,True,0.39,Eye Strain,Rural,18-29 (Young Adult),6.96,0
11,Male,4.12,TV,True,0.42,"Poor Sleep, Eye Strain, Anxiety",Urban,8-12 (Pre-teen),4.12,1
11,Female,3.77,Smartphone,True,0.37,Eye Strain,Urban,8-12 (Pre-teen),3.77,0
12,Female,4.14,Tablet,True,0.43,Poor Sleep,Urban,8-12 (Pre-teen),4.14,1
15,Male,4.61,Laptop,True,0.36,"Poor Sleep, Eye Strain",Rural,13-17 (Teen),4.61,1
12,Male,3.99,Smartphone,True,0.36,"Eye Strain, Anxiety",Urban,8-12 (Pre-teen),3.99,0
15,Female,3.9,TV,True,0.36,Poor Sleep,Urban,13-17 (Teen),3.9,1
17,Male,4.66,Laptop,True,0.31,Poor Sleep,Urban,13-17 (Teen),4.66,1
8,Female,2.22,TV,True,0.53,,Rural,8-12 (Pre-teen),2.22,0
17,Male,4.24,Smartphone,True,0.36,"Poor Sleep, Eye Strain, Anxiety",Urban,13-17 (Teen),4.24,1
16,Female,4.01,TV,True,0.45,,Urban,13-17 (Teen),4.01,0
13,Female,4.27,Smartphone,True,0.33,Poor Sleep,Urban,13-17 (Teen),4.27,1
10,Female,5.12,Smartphone,True,0.42,"Poor Sleep, Eye Strain, Obesity Risk",Urban,8-12 (Pre-teen),5.12,1
15,Male,4.49,Smartphone,True,0.32,,Rural,13-17 (Teen),4.49,0
16,Male,3.97,Smartphone,True,0.33,Poor Sleep,Rural,13-17 (Teen),3.97,1
13,Female,2.11,Smartphone,False,0.45,,Urban,13-17 (Teen),2.11,0
18,Male,4.54,Smartphone,True,0.42,"Poor Sleep, Eye Strain",Urban,18-29 (Young Adult),4.54,1
14,Male,3.66,TV,True,0.35,"Eye Strain, Anxiety",Urban,13-17 (Teen),3.66,0
8,Female,0.0,Smartphone,False,0.43,,Urban,8-12 (Pre-teen),0.0,0
12,Female,4.07,Smartphone,True,0.47,Obesity Risk,Urban,8-12 (Pre-teen),4.07,0
12,Male,3.99,Smartphone,True,0.36,"Poor Sleep, Obesity Risk",Urban,8-12 (Pre-teen),3.99,1
17,Male,4.51,Smartphone,True,0.31,"Poor Sleep, Eye Strain",Urban,13-17 (Teen),4.51,1
11,Male,4.49,Tablet,True,0.44,Poor Sleep,Urban,8-12 (Pre-teen),4.49,1
13,Male,3.99,TV,True,0.49,Poor Sleep,Urban,13-17 (Teen),3.99,1
14,Male,3.73,Smartphone,True,0.32,"Poor Sleep, Anxiety",Rural,13-17 (Teen),3.73,1
16,Male,6.2,TV,True,0.4,Poor Sleep,Urban,13-17 (Teen),6.2,1
8,Male,4.56,TV,True,0.58,"Poor Sleep, Anxiety",Urban,8-12 (Pre-teen),4.56,1
13,Male,4.05,Smartphone,True,0.41,,Urban,13-17 (Teen),4.05,0
14,Male,4.97,Smartphone,True,0.4,Obesity Risk,Rural,13-17 (Teen),4.97,0
10,Female,8.49,Smartphone,True,0.41,"Eye Strain, Anxiety",Rural,8-12 (Pre-teen),8.49,0
15,Male,5.17,Smartphone,True,0.42,Poor Sleep,Urban,13-17 (Teen),5.17,1
12,Male,4.85,Laptop,True,0.32,,Urban,8-12 (Pre-teen),4.85,0
16,Male,4.53,TV,True,0.35,Anxiety,Rural,13-17 (Teen),4.53,0
12,Female,4.22,Laptop,True,0.38,Poor Sleep,Urban,8-12 (Pre-teen),4.22,1
16,Male,5.76,TV,True,0.44,"Poor Sleep, Anxiety",Urban,13-17 (Teen),5.76,1
17,Male,5.42,TV,True,0.37,,Rural,13-17 (Teen),5.42,0
11,Female,5.45,Smartphone,True,0.39,,Urban,8-12 (Pre-teen),5.45,0
16,Female,5.1,Tablet,True,0.32,Anxiety,Rural,13-17 (Teen),5.1,0
12,Female,2.55,Smartphone,False,0.33,,Urban,8-12 (Pre-teen),2.55,0
17,Male,4.81,Laptop,True,0.44,,Urban,13-17 (Teen),4.81,0
16,Female,5.93,Laptop,True,0.42,"Poor Sleep, Eye Strain, Anxiety",Urban,13-17 (Teen),5.93,1
10,Female,2.81,Smartphone,True,0.47,,Urban,8-12 (Pre-teen),2.81,0
11,Female,4.54,Laptop,True,0.43,Obesity Risk,Urban,8-12 (Pre-teen),4.54,0
16,Female,2.96,Smartphone,False,0.47,,Urban,13-17 (Teen),2.96,0
17,Female,3.3,Tablet,True,0.44,Poor Sleep,Urban,13-17 (Teen),3.3,1
18,Male,4.69,Tablet,True,0.43,"Poor Sleep, Eye Strain",Rural,18-29 (Young Adult),4.69,1
13,Female,4.61,Tablet,True,0.33,"Poor Sleep, Obesity Risk",Rural,13-17 (Teen),4.61,1
9,Female,0.99,Tablet,False,0.6,,Urban,8-12 (Pre-teen),0.99,0
14,Female,6.13,Tablet,True,0.39,"Eye Strain, Obesity Risk",Rural,13-17 (Teen),6.13,0
9,Male,10.17,Smartphone,True,0.6,Poor Sleep,Urban,8-12 (Pre-teen),10.17,1
18,Female,5.63,TV,True,0.42,"Poor Sleep, Eye Strain",Rural,18-29 (Young Adult),5.63,1
9,Female,9.79,TV,True,0.43,,Urban,8-12 (Pre-teen),9.79,0
18,Male,2.52,Smartphone,False,0.38,,Rural,18-29 (Young Adult),2.52,0
8,Female,2.16,Tablet,True,0.53,,Rural,8-12 (Pre-teen),2.16,0
18,Male,4.59,Laptop,True,0.47,"Poor Sleep, Eye Strain",Urban,18-29 (Young Adult),4.59,1
18,Female,5.71,Smartphone,True,0.37,Eye Strain,Urban,18-29 (Young Adult),5.71,0
18,Female,3.15,Smartphone,True,0.41,Poor Sleep,Urban,18-29 (Young Adult),3.15,1
10,Female,1.07,Smartphone,False,0.51,,Urban,8-12 (Pre-teen),1.07,0
13,Female,5.67,TV,True,0.43,Obesity Risk,Rural,13-17 (Teen),5.67,0
15,Female,2.02,TV,False,0.44,,Urban,13-17 (Teen),2.02,0
16,Female,3.15,Smartphone,True,0.3,Poor Sleep,Urban,13-17 (Teen),3.15,1
14,Female,6.22,Tablet,True,0.42,"Poor Sleep, Eye Strain",Urban,13-17 (Teen),6.22,1
11,Female,4.14,Laptop,True,0.45,Poor Sleep,Urban,8-12 (Pre-teen),4.14,1
13,Male,2.93,TV,False,0.36,,Rural,13-17 (Teen),2.93,0
12,Male,4.66,TV,True,0.46,Poor Sleep,Rural,8-12 (Pre-teen),4.66,1
15,Female,3.28,Laptop,True,0.48,Eye Strain,Urban,13-17 (Teen),3.28,0
8,Female,2.12,TV,True,0.54,,Urban,8-12 (Pre-teen),2.12,0
8,Male,7.16,Smartphone,True,0.53,"Poor Sleep, Eye Strain",Rural,8-12 (Pre-teen),7.16,1
18,Female,2.78,Smartphone,False,0.4,,Urban,18-29 (Young Adult),2.78,0
13,Female,6.47,Smartphone,True,0.45,Poor Sleep,Rural,13-17 (Teen),6.47,1
17,Male,3.9,Laptop,True,0.36,"Poor Sleep, Obesity Risk",Urban,13-17 (Teen),3.9,1
9,Female,4.38,Tablet,True,0.4,Poor Sleep,Rural,8-12 (Pre-teen),4.38,1
12,Female,5.22,Smartphone,True,0.34,Poor Sleep,Urban,8-12 (Pre-teen),5.22,1
8,Male,4.18,TV,True,0.52,Obesity Risk,Urban,8-12 (Pre-teen),4.18,0
14,Female,4.23,Laptop,True,0.49,Eye Strain,Urban,13-17 (Teen),4.23,0
8,Male,2.57,TV,True,0.52,,Rural,8-12 (Pre-teen),2.57,0
11,Female,2.6,Tablet,False,0.34,,Urban,8-12 (Pre-teen),2.6,0
16,Male,4.42,TV,True,0.4,Eye Strain,Rural,13-17 (Teen),4.42,0
8,Female,0.4,Smartphone,False,0.45,,Urban,8-12 (Pre-teen),0.4,0
11,Female,5.62,Smartphone,True,0.31,Poor Sleep,Rural,8-12 (Pre-teen),5.62,1
13,Female,2.66,Laptop,False,0.3,,Urban,13-17 (Teen),2.66,0
13,Female,3.64,Smartphone,True,0.46,,Urban,13-17 (Teen),3.64,0
15,Male,3.75,TV,True,0.49,,Urban,13-17 (Teen),3.75,0
8,Female,4.31,Smartphone,True,0.46,Poor Sleep,Rural,8-12 (Pre-teen),4.31,1
14,Male,6.69,Smartphone,True,0.49,Poor Sleep,Urban,13-17 (Teen),6.69,1
8,Male,0.0,TV,False,0.54,,Urban,8-12 (Pre-teen),0.0,0
14,Male,3.75,Smartphone,True,0.38,"Poor Sleep, Eye Strain",Urban,13-17 (Teen),3.75,1
10,Female,1.52,Smartphone,False,0.41,,Rural,8-12 (Pre-teen),1.52,0
18,Male,5.48,Smartphone,True,0.4,Poor Sleep,Rural,18-29 (Young Adult),5.48,1
15,Female,5.48,Smartphone,True,0.37,"Poor Sleep, Anxiety, Obesity Risk",Urban,13-17 (Teen),5.48,1
10,Female,0.0,Tablet,False,0.47,,Rural,8-12 (Pre-teen),0.0,0
8,Female,0.0,Smartphone,False,0.59,,Urban,8-12 (Pre-teen),0.0,0
15,Female,3.13,Smartphone,True,0.42,Poor Sleep,Rural,13-17 (Teen),3.13,1
10,Female,1.52,TV,False,0.58,,Urban,8-12 (Pre-teen),1.52,0
9,Male,2.82,Tablet,True,0.49,,Urban,8-12 (Pre-teen),2.82,0
8,Female,7.24,TV,True,0.53,"Poor Sleep, Eye Strain",Urban,8-12 (Pre-teen),7.24,1
10,Male,0.0,Smartphone,False,0.45,,Urban,8-12 (Pre-teen),0.0,0
9,Female,2.16,TV,True,0.56,,Rural,8-12 (Pre-teen),2.16,0
9,Male,4.73,Smartphone,True,0.58,,Rural,8-12 (Pre-teen),4.73,0
13,Female,2.76,Smartphone,False,0.38,,Urban,13-17 (Teen),2.76,0
8,Female,6.7,Tablet,True,0.45,Poor Sleep,Urban,8-12 (Pre-teen),6.7,1
9,Female,4.47,Tablet,True,0.48,"Poor Sleep, Anxiety",Urban,8-12 (Pre-teen),4.47,1
13,Male,7.1,Tablet,True,0.4,"Eye Strain, Obesity Risk",Urban,13-17 (Teen),7.1,0
10,Male,5.99,Smartphone,True,0.6,,Urban,8-12 (Pre-teen),5.99,0
11,Female,5.5,Laptop,True,0.36,Eye Strain,Rural,8-12 (Pre-teen),5.5,0
8,Male,3.82,Smartphone,True,0.57,Poor Sleep,Urban,8-12 (Pre-teen),3.82,1
15,Male,3.74,Laptop,True,0.43,,Urban,13-17 (Teen),3.74,0
14,Male,6.26,Laptop,True,0.34,Poor Sleep,Urban,13-17 (Teen),6.26,1
14,Male,6.08,Smartphone,True,0.38,Poor Sleep,Urban,13-17 (Teen),6.08,1
10,Male,0.0,TV,False,0.46,,Urban,8-12 (Pre-teen),0.0,0
17,Female,5.48,Smartphone,True,0.42,"Eye Strain, Anxiety",Urban,13-17 (Teen),5.48,0
17,Female,5.06,Smartphone,True,0.38,"Poor Sleep, Obesity Risk",Urban,13-17 (Teen),5.06,1
10,Male,8.38,TV,True,0.43,,Urban,8-12 (Pre-teen),8.38,0
9,Male,5.03,Tablet,True,0.4,"Poor Sleep, Eye Strain, Obesity Risk",Urban,8-12 (Pre-teen),5.03,1
8,Male,3.8,Smartphone,True,0.5,Eye Strain,Urban,8-12 (Pre-teen),3.8,0
14,Male,3.01,Smartphone,True,0.42,,Urban,13-17 (Teen),3.01,0
14,Female,5.29,Laptop,True,0.45,Poor Sleep,Urban,13-17 (Teen),5.29,1
9,Male,4.32,TV,True,0.52,Eye Strain,Urban,8-12 (Pre-teen),4.32,0
14,Female,5.26,TV,True,0.34,"Poor Sleep, Eye Strain",Urban,13-17 (Teen),5.26,1
15,Female,6.99,Smartphone,True,0.45,"Eye Strain, Anxiety",Urban,13-17 (Teen),6.99,0
8,Female,3.16,TV,True,0.56,"Poor Sleep, Anxiety",Urban,8-12 (Pre-teen),3.16,1
16,Female,3.46,Smartphone,True,0.45,Poor Sleep,Rural,13-17 (Teen),3.46,1
14,Male,3.58,Laptop,True,0.44,Poor Sleep,Rural,13-17 (Teen),3.58,1
10,Male,6.47,Tablet,True,0.5,Poor Sleep,Rural,8-12 (Pre-teen),6.47,1
15,Male,4.94,Smartphone,True,0.47,"Poor Sleep, Obesity Risk",Rural,13-17 (Teen),4.94,1
14,Male,5.03,Smartphone,True,0.48,Poor Sleep,Urban,13-17 (Teen),5.03,1
18,Male,5.97,Smartphone,True,0.45,,Urban,18-29 (Young Adult),5.97,0
15,Male,5.44,TV,True,0.41,,Urban,13-17 (Teen),5.44,0
13,Female,3.56,Smartphone,True,0.44,Poor Sleep,Urban,13-17 (Teen),3.56,1
16,Female,7.65,Smartphone,True,0.31,,Rural,13-17 (Teen),7.65,0
12,Female,4.3,Smartphone,True,0.36,"Poor Sleep, Eye Strain, Obesity Risk",Urban,8-12 (Pre-teen),4.3,1
10,Male,6.25,Smartphone,True,0.54,,Urban,8-12 (Pre-teen),6.25,0
10,Male,5.3,Smartphone,True,0.48,,Urban,8-12 (Pre-teen),5.3,0
8,Female,7.56,TV,True,0.42,"Poor Sleep, Eye Strain, Anxiety",Urban,8-12 (Pre-teen),7.56,1
15,Female,4.61,Laptop,True,0.45,Poor Sleep,Rural,13-17 (Teen),4.61,1
9,Male,4.51,Smartphone,True,0.56,Poor Sleep,Rural,8-12 (Pre-teen),4.51,1
10,Female,0.96,TV,False,0.55,,Urban,8-12 (Pre-teen),0.96,0
15,Female,3.2,Laptop,True,0.5,Poor Sleep,Urban,13-17 (Teen),3.2,1
15,Male,2.7,Laptop,False,0.37,,Urban,13-17 (Teen),2.7,0
18,Male,3.16,Smartphone,True,0.34,Poor Sleep,Urban,18-29 (Young Adult),3.16,1
11,Male,3.41,Smartphone,True,0.46,Poor Sleep,Urban,8-12 (Pre-teen),3.41,1
11,Male,3.61,TV,True,0.39,,Rural,8-12 (Pre-teen),3.61,0
12,Female,3.51,Laptop,True,0.42,,Urban,8-12 (Pre-teen),3.51,0
13,Female,3.86,Smartphone,True,0.39,,Urban,13-17 (Teen),3.86,0
12,Male,4.74,Smartphone,True,0.41,"Poor Sleep, Anxiety",Urban,8-12 (Pre-teen),4.74,1
14,Female,4.48,Smartphone,True,0.33,Poor Sleep,Rural,13-17 (Teen),4.48,1
9,Female,2.17,Tablet,True,0.5,,Urban,8-12 (Pre-teen),2.17,0
14,Female,4.29,Laptop,True,0.33,"Anxiety, Obesity Risk",Urban,13-17 (Teen),4.29,0
17,Female,4.39,Smartphone,True,0.39,"Poor Sleep, Anxiety",Rural,13-17 (Teen),4.39,1
14,Female,4.27,Laptop,True,0.32,Eye Strain,Urban,13-17 (Teen),4.27,0
8,Female,3.36,Smartphone,True,0.42,Poor Sleep,Urban,8-12 (Pre-teen),3.36,1
14,Female,5.43,TV,True,0.45,,Urban,13-17 (Teen),5.43,0
12,Male,5.53,Smartphone,True,0.47,"Poor Sleep, Obesity Risk",Urban,8-12 (Pre-teen),5.53,1
10,Female,4.59,Smartphone,True,0.4,Poor Sleep,Urban,8-12 (Pre-teen),4.59,1
10,Male,1.77,TV,False,0.52,,Urban,8-12 (Pre-teen),1.77,0
11,Male,7.55,Smartphone,True,0.44,Poor Sleep,Urban,8-12 (Pre-teen),7.55,1
9,Male,0.0,Smartphone,False,0.52,,Urban,8-12 (Pre-teen),0.0,0
9,Male,0.0,Tablet,False,0.54,,Rural,8-12 (Pre-teen),0.0,0
8,Male,0.84,TV,False,0.6,,Urban,8-12 (Pre-teen),0.84,0
12,Female,4.83,Laptop,True,0.46,"Poor Sleep, Eye Strain, Obesity Risk",Urban,8-12 (Pre-teen),4.83,1
11,Male,3.86,Laptop,True,0.36,Eye Strain,Rural,8-12 (Pre-teen),3.86,0
18,Male,6.03,Smartphone,True,0.4,Poor Sleep,Urban,18-29 (Young Adult),6.03,1
17,Male,4.42,Smartphone,True,0.36,"Eye Strain, Anxiety",Urban,13-17 (Teen),4.42,0
9,Female,3.84,TV,True,0.44,"Poor Sleep, Obesity Risk",Urban,8-12 (Pre-teen),3.84,1
10,Male,2.39,TV,True,0.58,,Urban,8-12 (Pre-teen),2.39,0
14,Female,5.19,Laptop,True,0.36,,Urban,13-17 (Teen),5.19,0
14,Female,4.57,Smartphone,True,0.31,,Rural,13-17 (Teen),4.57,0
11,Female,4.68,Laptop,True,0.32,Eye Strain,Urban,8-12 (Pre-teen),4.68,0
12,Female,5.55,Smartphone,True,0.4,Poor Sleep,Urban,8-12 (Pre-teen),5.55,1
12,Female,4.84,TV,True,0.48,"Poor Sleep, Eye Strain",Rural,8-12 (Pre-teen),4.84,1
13,Female,4.82,Smartphone,True,0.44,Poor Sleep,Urban,13-17 (Teen),4.82,1
16,Female,4.95,Smartphone,True,0.4,"Poor Sleep, Anxiety",Urban,13-17 (Teen),4.95,1
9,Female,0.0,TV,False,0.47,,Urban,8-12 (Pre-teen),0.0,0
12,Female,3.63,TV,True,0.44,Poor Sleep,Rural,8-12 (Pre-teen),3.63,1
10,Male,5.78,Tablet,True,0.43,Eye Strain,Urban,8-12 (Pre-teen),5.78,0
11,Male,3.74,Smartphone,True,0.46,Poor Sleep,Urban,8-12 (Pre-teen),3.74,1
17,Female,2.93,Smartphone,False,0.45,,Urban,13-17 (Teen),2.93,0
13,Male,7.03,TV,True,0.49,,Rural,13-17 (Teen),7.03,0
15,Male,5.42,TV,True,0.43,Poor Sleep,Rural,13-17 (Teen),5.42,1
8,Male,6.82,Tablet,True,0.44,,Urban,8-12 (Pre-teen),6.82,0
17,Female,3.57,Smartphone,True,0.31,"Poor Sleep, Obesity Risk",Urban,13-17 (Teen),3.57,1
15,Male,4.15,Smartphone,True,0.44,"Poor Sleep, Eye Strain",Urban,13-17 (Teen),4.15,1
18,Female,3.19,TV,True,0.39,,Urban,18-29 (Young Adult),3.19,0
14,Female,4.91,Smartphone,True,0.42,Anxiety,Urban,13-17 (Teen),4.91,0
8,Female,0.98,TV,False,0.44,,Rural,8-12 (Pre-teen),0.98,0
9,Female,7.63,Smartphone,True,0.55,Poor Sleep,Rural,8-12 (Pre-teen),7.63,1
10,Male,4.68,TV,True,0.45,Poor Sleep,Urban,8-12 (Pre-teen),4.68,1
8,Female,3.89,Smartphone,True,0.44,Poor Sleep,Urban,8-12 (Pre-teen),3.89,1
16,Female,2.64,Smartphone,False,0.4,,Rural,13-17 (Teen),2.64,0
15,Male,5.22,Laptop,True,0.34,Poor Sleep,Urban,13-17 (Teen),5.22,1
9,Male,5.87,TV,True,0.52,Eye Strain,Urban,8-12 (Pre-teen),5.87,0
16,Male,5.03,Laptop,True,0.38,"Poor Sleep, Eye Strain",Rural,13-17 (Teen),5.03,1
14,Female,1.43,Smartphone,False,0.39,,Urban,13-17 (Teen),1.43,0
16,Male,4.95,Smartphone,True,0.42,Eye Strain,Rural,13-17 (Teen),4.95,0
13,Female,6.6,Laptop,True,0.45,Poor Sleep,Urban,13-17 (Teen),6.6,1
13,Male,5.26,TV,True,0.4,,Urban,13-17 (Teen),5.26,0
18,Male,2.55,TV,False,0.33,,Urban,18-29 (Young Adult),2.55,0
11,Male,4.08,TV,True,0.35,,Rural,8-12 (Pre-teen),4.08,0
17,Female,4.6,Smartphone,True,0.34,Eye Strain,Urban,13-17 (Teen),4.6,0
17,Male,5.69,Smartphone,True,0.43,Poor Sleep,Urban,13-17 (Teen),5.69,1
9,Female,5.64,TV,True,0.58,Poor Sleep,Rural,8-12 (Pre-teen),5.64,1
14,Female,5.13,TV,True,0.49,"Poor Sleep, Anxiety",Rural,13-17 (Teen),5.13,1
12,Male,5.88,Smartphone,True,0.32,Eye Strain,Rural,8-12 (Pre-teen),5.88,0
18,Female,3.9,Smartphone,True,0.34,Eye Strain,Urban,18-29 (Young Adult),3.9,0
13,Male,5.83,Laptop,True,0.37,"Poor Sleep, Anxiety",Urban,13-17 (Teen),5.83,1
9,Female,4.59,Smartphone,True,0.6,,Rural,8-12 (Pre-teen),4.59,0
12,Male,4.95,Smartphone,True,0.33,Obesity Risk,Rural,8-12 (Pre-teen),4.95,0
17,Female,2.56,Smartphone,False,0.33,,Urban,13-17 (Teen),2.56,0
11,Male,4.28,Smartphone,True,0.43,Poor Sleep,Urban,8-12 (Pre-teen),4.28,1
16,Female,4.26,Smartphone,True,0.5,Poor Sleep,Urban,13-17 (Teen),4.26,1
13,Female,4.43,Tablet,True,0.49,Poor Sleep,Urban,13-17 (Teen),4.43,1
9,Male,5.58,TV,True,0.46,"Poor Sleep, Eye Strain, Anxiety",Urban,8-12 (Pre-teen),5.58,1
8,Male,4.67,TV,True,0.59,Poor Sleep,Urban,8-12 (Pre-teen),4.67,1
12,Male,4.3,Smartphone,True,0.42,"Poor Sleep, Anxiety",Urban,8-12 (Pre-teen),4.3,1
16,Female,3.74,Smartphone,True,0.48,"Eye Strain, Anxiety",Urban,13-17 (Teen),3.74,0
13,Male,4.46,Laptop,True,0.44,Eye Strain,Urban,13-17 (Teen),4.46,0
17,Male,4.36,Tablet,True,0.38,"Poor Sleep, Obesity Risk",Urban,13-17 (Teen),4.36,1
14,Female,4.63,Smartphone,True,0.35,,Rural,13-17 (Teen),4.63,0
12,Female,2.42,Smartphone,False,0.42,,Urban,8-12 (Pre-teen),2.42,0
17,Male,3.42,Laptop,True,0.43,"Poor Sleep, Anxiety",Rural,13-17 (Teen),3.42,1
13,Male,5.14,Smartphone,True,0.31,"Poor Sleep, Eye Strain",Urban,13-17 (Teen),5.14,1
12,Male,4.78,Laptop,True,0.38,,Urban,8-12 (Pre-teen),4.78,0
18,Male,2.92,TV,False,0.38,,Urban,18-29 (Young Adult),2.92,0
16,Male,4.86,Laptop,True,0.46,Poor Sleep,Urban,13-17 (Teen),4.86,1
13,Male,1.82,Smartphone,False,0.37,,Urban,13-17 (Teen),1.82,0
18,Male,6.28,Tablet,True,0.49,"Poor Sleep, Anxiety",Urban,18-29 (Young Adult),6.28,1
15,Male,3.69,Laptop,True,0.31,Anxiety,Rural,13-17 (Teen),3.69,0
9,Male,3.88,TV,True,0.41,"Poor Sleep, Anxiety, Obesity Risk",Rural,8-12 (Pre-teen),3.88,1
16,Female,4.69,Smartphone,True,0.47,,Urban,13-17 (Teen),4.69,0
12,Male,6.16,Smartphone,True,0.44,"Eye Strain, Anxiety",Urban,8-12 (Pre-teen),6.16,0
14,Female,2.89,Laptop,False,0.46,,Rural,13-17 (Teen),2.89,0
17,Male,3.5,TV,True,0.38,"Poor Sleep, Anxiety",Urban,13-17 (Teen),3.5,1
8,Male,4.78,TV,True,0.57,Anxiety,Urban,8-12 (Pre-teen),4.78,0
17,Male,4.61,Tablet,True,0.41,,Urban,13-17 (Teen),4.61,0
12,Male,4.02,Smartphone,True,0.33,Poor Sleep,Urban,8-12 (Pre-teen),4.02,1
17,Female,4.44,Laptop,True,0.49,"Poor Sleep, Obesity Risk",Rural,13-17 (Teen),4.44,1
9,Male,0.14,Tablet,False,0.4,,Urban,8-12 (Pre-teen),0.14,0
13,Male,3.26,TV,True,0.48,"Eye Strain, Obesity Risk",Urban,13-17 (Teen),3.26,0
18,Female,3.56,Smartphone,True,0.47,Eye Strain,Urban,18-29 (Young Adult),3.56,0
8,Male,7.91,Smartphone,True,0.51,"Poor Sleep, Obesity Risk",Urban,8-12 (Pre-teen),7.91,1
10,Female,12.09,Tablet,True,0.45,Poor Sleep,Urban,8-12 (Pre-teen),12.09,1
12,Male,5.0,Smartphone,True,0.36,,Rural,8-12 (Pre-teen),5.0,0
11,Male,4.6,Laptop,True,0.39,Poor Sleep,Urban,8-12 (Pre-teen),4.6,1
10,Female,3.05,Smartphone,True,0.58,"Poor Sleep, Obesity Risk",Urban,8-12 (Pre-teen),3.05,1
17,Male,3.45,Tablet,True,0.36,Poor Sleep,Rural,13-17 (Teen),3.45,1
12,Male,5.21,Tablet,True,0.49,"Poor Sleep, Eye Strain",Urban,8-12 (Pre-teen),5.21,1
18,Female,2.81,TV,False,0.34,,Urban,18-29 (Young Adult),2.81,0
15,Male,3.05,Smartphone,True,0.37,,Urban,13-17 (Teen),3.05,0
18,Female,4.95,Laptop,True,0.49,"Eye Strain, Anxiety",Rural,18-29 (Young Adult),4.95,0
11,Male,4.12,Laptop,True,0.37,"Poor Sleep, Obesity Risk",Rural,8-12 (Pre-teen),4.12,1
8,Female,1.24,Smartphone,False,0.4,,Rural,8-12 (Pre-teen),1.24,0
18,Male,3.87,TV,True,0.38,"Poor Sleep, Anxiety",Rural,18-29 (Young Adult),3.87,1
14,Male,5.8,Smartphone,True,0.46,Poor Sleep,Urban,13-17 (Teen),5.8,1
15,Male,6.05,Smartphone,True,0.36,"Poor Sleep, Anxiety",Urban,13-17 (Teen),6.05,1
10,Male,1.63,TV,False,0.44,,Urban,8-12 (Pre-teen),1.63,0
13,Female,1.7,Laptop,False,0.48,,Urban,13-17 (Teen),1.7,0
9,Female,1.81,Smartphone,False,0.58,,Urban,8-12 (Pre-teen),1.81,0
14,Female,3.45,Tablet,True,0.35,"Poor Sleep, Eye Strain",Rural,13-17 (Teen),3.45,1
15,Female,3.61,Laptop,True,0.39,Obesity Risk,Urban,13-17 (Teen),3.61,0
13,Male,5.28,Smartphone,True,0.34,Anxiety,Urban,13-17 (Teen),5.28,0
13,Female,3.84,Smartphone,True,0.48,"Poor Sleep, Obesity Risk",Urban,13-17 (Teen),3.84,1
12,Female,4.38,Laptop,True,0.37,Anxiety,Rural,8-12 (Pre-teen),4.38,0
15,Female,3.75,Smartphone,True,0.35,,Urban,13-17 (Teen),3.75,0
8,Male,1.34,Tablet,False,0.51,,Rural,8-12 (Pre-teen),1.34,0
17,Female,4.41,Smartphone,True,0.34,,Urban,13-17 (Teen),4.41,0
11,Female,4.22,TV,True,0.36,"Poor Sleep, Eye Strain",Rural,8-12 (Pre-teen),4.22,1
11,Male,3.91,Smartphone,True,0.45,"Poor Sleep, Eye Strain, Anxiety",Rural,8-12 (Pre-teen),3.91,1
10,Male,0.77,Smartphone,False,0.46,,Urban,8-12 (Pre-teen),0.77,0
10,Female,5.31,TV,True,0.59,Poor Sleep,Urban,8-12 (Pre-teen),5.31,1
11,Male,1.63,Smartphone,False,0.38,,Rural,8-12 (Pre-teen),1.63,0
18,Male,4.92,Smartphone,True,0.32,Poor Sleep,Urban,18-29 (Young Adult),4.92,1
8,Female,3.94,Tablet,True,0.45,"Poor Sleep, Eye Strain",Rural,8-12 (Pre-teen),3.94,1
18,Female,4.24,Smartphone,True,0.36,,Urban,18-29 (Young Adult),4.24,0
18,Male,5.77,Laptop,True,0.46,"Poor Sleep, Anxiety",Urban,18-29 (Young Adult),5.77,1
9,Male,2.92,Smartphone,True,0.55,,Urban,8-12 (Pre-teen),2.92,0
16,Male,6.17,TV,True,0.39,Poor Sleep,Urban,13-17 (Teen),6.17,1
17,Female,2.69,TV,False,0.46,,Urban,13-17 (Teen),2.69,0
9,Female,4.67,TV,True,0.4,Eye Strain,Urban,8-12 (Pre-teen),4.67,0
12,Male,5.06,Smartphone,True,0.32,"Poor Sleep, Eye Strain",Urban,8-12 (Pre-teen),5.06,1
16,Male,3.82,Laptop,True,0.39,"Poor Sleep, Eye Strain",Rural,13-17 (Teen),3.82,1
16,Female,4.72,Smartphone,True,0.33,Eye Strain,Urban,13-17 (Teen),4.72,0
15,Male,5.36,Smartphone,True,0.45,Poor Sleep,Urban,13-17 (Teen),5.36,1
8,Female,2.7,Smartphone,True,0.5,,Urban,8-12 (Pre-teen),2.7,0
8,Male,5.62,TV,True,0.53,Poor Sleep,Rural,8-12 (Pre-teen),5.62,1
16,Male,4.95,TV,True,0.36,"Poor Sleep, Eye Strain",Rural,13-17 (Teen),4.95,1
18,Male,2.4,Laptop,False,0.49,,Urban,18-29 (Young Adult),2.4,0
15,Male,4.28,Tablet,True,0.43,,Urban,13-17 (Teen),4.28,0
17,Female,5.41,Tablet,True,0.41,Poor Sleep,Rural,13-17 (Teen),5.41,1
16,Female,3.78,Tablet,True,0.49,Anxiety,Rural,13-17 (Teen),3.78,0
14,Male,4.9,Laptop,True,0.39,Eye Strain,Urban,13-17 (Teen),4.9,0
10,Female,2.74,TV,True,0.45,,Urban,8-12 (Pre-teen),2.74,0
10,Female,1.66,Smartphone,False,0.53,,Rural,8-12 (Pre-teen),1.66,0
9,Male,5.61,Smartphone,True,0.45,"Poor Sleep, Obesity Risk",Rural,8-12 (Pre-teen),5.61,1
12,Female,4.69,Smartphone,True,0.39,Poor Sleep,Urban,8-12 (Pre-teen),4.69,1
10,Female,2.69,Smartphone,True,0.48,,Rural,8-12 (Pre-teen),2.69,0
13,Male,3.26,Smartphone,True,0.36,"Poor Sleep, Anxiety",Urban,13-17 (Teen),3.26,1
9,Male,4.37,TV,True,0.46,,Urban,8-12 (Pre-teen),4.37,0
10,Male,0.55,Smartphone,False,0.42,,Urban,8-12 (Pre-teen),0.55,0
12,Female,4.16,Tablet,True,0.46,Poor Sleep,Urban,8-12 (Pre-teen),4.16,1
18,Female,2.57,Smartphone,False,0.44,,Rural,18-29 (Young Adult),2.57,0
18,Female,6.05,Laptop,True,0.39,Poor Sleep,Urban,18-29 (Young Adult),6.05,1
8,Male,4.72,TV,True,0.47,"Poor Sleep, Obesity Risk",Rural,8-12 (Pre-teen),4.72,1
8,Female,3.17,TV,True,0.46,"Poor Sleep, Eye Strain",Urban,8-12 (Pre-teen),3.17,1
17,Male,6.55,Smartphone,True,0.46,Poor Sleep,Rural,13-17 (Teen),6.55,1
16,Female,3.85,TV,True,0.33,,Urban,13-17 (Teen),3.85,0
14,Male,3.55,TV,True,0.34,"Poor Sleep, Anxiety, Obesity Risk",Urban,13-17 (Teen),3.55,1
8,Female,0.0,Smartphone,False,0.44,,Urban,8-12 (Pre-teen),0.0,0
15,Female,4.23,TV,True,0.45,"Poor Sleep, Eye Strain",Rural,13-17 (Teen),4.23,1
10,Female,5.8,Tablet,True,0.47,"Poor Sleep, Eye Strain",Urban,8-12 (Pre-teen),5.8,1
15,Male,6.5,TV,True,0.41,"Eye Strain, Anxiety, Obesity Risk",Urban,13-17 (Teen),6.5,0
12,Male,5.15,Smartphone,True,0.42,"Poor Sleep, Eye Strain, Obesity Risk",Urban,8-12 (Pre-teen),5.15,1
8,Female,3.06,Smartphone,True,0.44,,Urban,8-12 (Pre-teen),3.06,0
14,Female,4.84,Smartphone,True,0.48,"Eye Strain, Anxiety, Obesity Risk",Urban,13-17 (Teen),4.84,0
12,Male,2.41,Smartphone,False,0.32,,Urban,8-12 (Pre-teen),2.41,0
13,Male,5.87,Laptop,True,0.49,"Poor Sleep, Eye Strain",Rural,13-17 (Teen),5.87,1
13,Male,6.02,Smartphone,True,0.38,Poor Sleep,Urban,13-17 (Teen),6.02,1
15,Male,4.33,Smartphone,True,0.49,"Poor Sleep, Eye Strain, Obesity Risk",Rural,13-17 (Teen),4.33,1
16,Female,4.16,TV,True,0.37,Obesity Risk,Urban,13-17 (Teen),4.16,0
9,Male,0.62,Tablet,False,0.43,,Urban,8-12 (Pre-teen),0.62,0
16,Female,5.89,TV,True,0.48,"Poor Sleep, Obesity Risk",Urban,13-17 (Teen),5.89,1
18,Female,4.41,Smartphone,True,0.3,"Poor Sleep, Anxiety",Urban,18-29 (Young Adult),4.41,1
17,Male,3.14,Smartphone,True,0.45,,Urban,13-17 (Teen),3.14,0
16,Male,5.09,Smartphone,True,0.45,"Poor Sleep, Anxiety",Urban,13-17 (Teen),5.09,1
17,Female,3.93,TV,True,0.42,Eye Strain,Urban,13-17 (Teen),3.93,0
17,Female,3.76,Smartphone,True,0.38,,Rural,13-17 (Teen),3.76,0
14,Male,3.65,Smartphone,True,0.45,Poor Sleep,Urban,13-17 (Teen),3.65,1
8,Male,5.63,TV,True,0.45,Poor Sleep,Urban,8-12 (Pre-teen),5.63,1
14,Male,3.3,TV,True,0.37,"Poor Sleep, Eye Strain, Anxiety",Urban,13-17 (Teen),3.3,1
17,Female,4.93,Smartphone,True,0.31,Poor Sleep,Urban,13-17 (Teen),4.93,1
12,Female,5.1,Smartphone,True,0.43,,Urban,8-12 (Pre-teen),5.1,0
13,Male,4.68,Smartphone,True,0.46,Anxiety,Urban,13-17 (Teen),4.68,0
17,Male,3.61,Tablet,True,0.38,"Poor Sleep, Anxiety",Urban,13-17 (Teen),3.61,1
14,Female,5.12,TV,True,0.47,"Poor Sleep, Anxiety, Obesity Risk",Urban,13-17 (Teen),5.12,1
12,Female,5.92,Smartphone,True,0.48,,Urban,8-12 (Pre-teen),5.92,0
14,Female,2.65,Smartphone,False,0.34,,Rural,13-17 (Teen),2.65,0
16,Female,4.72,TV,True,0.37,Poor Sleep,Urban,13-17 (Teen),4.72,1
10,Female,1.62,Smartphone,False,0.43,,Urban,8-12 (Pre-teen),1.62,0
15,Male,6.09,Smartphone,True,0.35,Anxiety,Rural,13-17 (Teen),6.09,0
9,Male,0.0,Tablet,False,0.5,,Urban,8-12 (Pre-teen),0.0,0
18,Female,3.06,TV,True,0.35,Eye Strain,Urban,18-29 (Young Adult),3.06,0
14,Male,4.29,Smartphone,True,0.35,,Urban,13-17 (Teen),4.29,0
9,Male,1.15,TV,False,0.45,,Urban,8-12 (Pre-teen),1.15,0
11,Male,4.7,TV,True,0.37,Anxiety,Urban,8-12 (Pre-teen),4.7,0
14,Female,2.24,Tablet,False,0.48,,Rural,13-17 (Teen),2.24,0
10,Male,7.67,TV,True,0.54,"Eye Strain, Anxiety, Obesity Risk",Rural,8-12 (Pre-teen),7.67,0
9,Female,9.98,Smartphone,True,0.43,"Anxiety, Obesity Risk",Urban,8-12 (Pre-teen),9.98,0
18,Male,4.65,Laptop,True,0.5,,Urban,18-29 (Young Adult),4.65,0
17,Male,5.89,Smartphone,True,0.44,,Urban,13-17 (Teen),5.89,0
14,Female,1.79,Smartphone,False,0.45,,Rural,13-17 (Teen),1.79,0
8,Female,5.47,TV,True,0.53,"Eye Strain, Anxiety",Urban,8-12 (Pre-teen),5.47,0
15,Female,4.44,Smartphone,True,0.46,"Poor Sleep, Anxiety",Rural,13-17 (Teen),4.44,1
10,Female,6.24,Tablet,True,0.49,Poor Sleep,Urban,8-12 (Pre-teen),6.24,1
9,Female,5.82,TV,True,0.47,"Poor Sleep, Eye Strain, Obesity Risk",Rural,8-12 (Pre-teen),5.82,1
10,Male,4.4,Smartphone,True,0.47,Obesity Risk,Urban,8-12 (Pre-teen),4.4,0
12,Male,3.39,Laptop,True,0.47,Poor Sleep,Urban,8-12 (Pre-teen),3.39,1
18,Female,3.59,Laptop,True,0.36,Anxiety,Rural,18-29 (Young Adult),3.59,0
15,Male,5.1,TV,True,0.37,Poor Sleep,Urban,13-17 (Teen),5.1,1
17,Male,3.94,Smartphone,True,0.3,Obesity Risk,Urban,13-17 (Teen),3.94,0
14,Male,3.77,Smartphone,True,0.4,Poor Sleep,Urban,13-17 (Teen),3.77,1
14,Male,5.47,Smartphone,True,0.4,,Rural,13-17 (Teen),5.47,0
14,Female,4.57,TV,True,0.4,"Poor Sleep, Anxiety",Urban,13-17 (Teen),4.57,1
15,Male,4.24,Tablet,True,0.44,,Urban,13-17 (Teen),4.24,0
8,Male,2.99,Smartphone,True,0.55,,Urban,8-12 (Pre-teen),2.99,0
11,Male,4.82,Laptop,True,0.35,Poor Sleep,Urban,8-12 (Pre-teen),4.82,1
13,Male,4.8,Laptop,True,0.34,Eye Strain,Urban,13-17 (Teen),4.8,0
16,Male,5.08,TV,True,0.41,Eye Strain,Urban,13-17 (Teen),5.08,0
9,Female,5.57,TV,True,0.58,"Poor Sleep, Eye Strain",Urban,8-12 (Pre-teen),5.57,1
8,Male,2.68,Smartphone,True,0.59,,Rural,8-12 (Pre-teen),2.68,0
17,Female,5.09,Laptop,True,0.49,,Rural,13-17 (Teen),5.09,0
9,Male,1.86,Smartphone,False,0.47,,Urban,8-12 (Pre-teen),1.86,0
14,Male,5.02,Smartphone,True,0.3,Poor Sleep,Urban,13-17 (Teen),5.02,1
10,Male,1.68,Tablet,False,0.47,,Rural,8-12 (Pre-teen),1.68,0
17,Female,6.08,Smartphone,True,0.47,"Eye Strain, Obesity Risk",Urban,13-17 (Teen),6.08,0
9,Female,4.39,Smartphone,True,0.56,"Poor Sleep, Eye Strain",Rural,8-12 (Pre-teen),4.39,1
18,Female,4.0,TV,True,0.35,"Eye Strain, Anxiety",Urban,18-29 (Young Adult),4.0,0
14,Female,4.88,Tablet,True,0.48,Poor Sleep,Urban,13-17 (Teen),4.88,1
9,Female,6.59,Smartphone,True,0.58,,Urban,8-12 (Pre-teen),6.59,0
10,Female,5.24,TV,True,0.44,"Poor Sleep, Eye Strain, Anxiety",Urban,8-12 (Pre-teen),5.24,1
18,Male,3.71,Smartphone,True,0.36,Obesity Risk,Urban,18-29 (Young Adult),3.71,0
14,Female,5.16,Smartphone,True,0.45,,Urban,13-17 (Teen),5.16,0
11,Female,6.0,Smartphone,True,0.46,Obesity Risk,Urban,8-12 (Pre-teen),6.0,0
8,Male,4.54,Tablet,True,0.49,Eye Strain,Urban,8-12 (Pre-teen),4.54,0
12,Male,3.98,Smartphone,True,0.32,"Poor Sleep, Eye Strain, Obesity Risk",Urban,8-12 (Pre-teen),3.98,1
16,Female,4.51,Laptop,True,0.5,Poor Sleep,Urban,13-17 (Teen),4.51,1
15,Female,5.01,Smartphone,True,0.48,Poor Sleep,Urban,13-17 (Teen),5.01,1
16,Female,3.8,Smartphone,True,0.48,Poor Sleep,Urban,13-17 (Teen),3.8,1
17,Male,4.05,Smartphone,True,0.36,"Poor Sleep, Eye Strain, Anxiety",Rural,13-17 (Teen),4.05,1
16,Male,4.63,Tablet,True,0.49,Poor Sleep,Rural,13-17 (Teen),4.63,1
14,Male,5.74,Smartphone,True,0.48,"Poor Sleep, Eye Strain",Urban,13-17 (Teen),5.74,1
11,Male,4.32,Smartphone,True,0.39,Eye Strain,Urban,8-12 (Pre-teen),4.32,0
12,Female,3.16,Smartphone,True,0.42,,Urban,8-12 (Pre-teen),3.16,0
8,Female,2.71,TV,True,0.54,,Urban,8-12 (Pre-teen),2.71,0
8,Female,3.66,TV,True,0.44,Poor Sleep,Urban,8-12 (Pre-teen),3.66,1
10,Male,0.0,Tablet,False,0.54,,Urban,8-12 (Pre-teen),0.0,0
15,Female,5.86,Smartphone,True,0.4,"Poor Sleep, Anxiety",Urban,13-17 (Teen),5.86,1
9,Female,7.11,Smartphone,True,0.58,Poor Sleep,Urban,8-12 (Pre-teen),7.11,1
11,Male,6.14,Smartphone,True,0.39,Eye Strain,Urban,8-12 (Pre-teen),6.14,0
9,Male,3.56,TV,True,0.41,,Urban,8-12 (Pre-teen),3.56,0
12,Female,6.83,TV,True,0.46,"Poor Sleep, Obesity Risk",Urban,8-12 (Pre-teen),6.83,1
16,Male,4.5,Laptop,True,0.31,Poor Sleep,Urban,13-17 (Teen),4.5,1
8,Female,6.11,TV,True,0.44,"Poor Sleep, Eye Strain",Urban,8-12 (Pre-teen),6.11,1
12,Male,4.52,Tablet,True,0.48,Poor Sleep,Urban,8-12 (Pre-teen),4.52,1
16,Female,7.74,Smartphone,True,0.45,,Urban,13-17 (Teen),7.74,0
8,Male,4.32,Smartphone,True,0.47,"Poor Sleep, Eye Strain",Rural,8-12 (Pre-teen),4.32,1
16,Female,2.74,Tablet,False,0.4,,Urban,13-17 (Teen),2.74,0
15,Female,4.75,Smartphone,True,0.33,Poor Sleep,Urban,13-17 (Teen),4.75,1
11,Female,4.79,Smartphone,True,0.44,"Poor Sleep, Eye Strain",Rural,8-12 (Pre-teen),4.79,1
18,Male,3.69,Laptop,True,0.45,"Poor Sleep, Eye Strain, Anxiety, Obesity Risk",Urban,18-29 (Young Adult),3.69,1
17,Female,2.77,Smartphone,False,0.37,,Urban,13-17 (Teen),2.77,0
12,Male,5.48,Smartphone,True,0.35,"Poor Sleep, Eye Strain, Obesity Risk",Urban,8-12 (Pre-teen),5.48,1
12,Female,5.64,Smartphone,True,0.5,Anxiety,Urban,8-12 (Pre-teen),5.64,0
18,Female,3.35,Smartphone,True,0.37,,Urban,18-29 (Young Adult),3.35,0
13,Female,4.87,Laptop,True,0.49,"Poor Sleep, Eye Strain",Urban,13-17 (Teen),4.87,1
14,Female,3.14,Smartphone,True,0.3,"Poor Sleep, Obesity Risk",Rural,13-17 (Teen),3.14,1
15,Female,4.52,Tablet,True,0.35,Poor Sleep,Urban,13-17 (Teen),4.52,1
15,Female,3.76,Smartphone,True,0.33,"Poor Sleep, Eye Strain, Obesity Risk",Urban,13-17 (Teen),3.76,1
18,Male,4.42,Smartphone,True,0.39,,Rural,18-29 (Young Adult),4.42,0
9,Female,8.24,TV,True,0.58,Obesity Risk,Rural,8-12 (Pre-teen),8.24,0
16,Male,4.55,Smartphone,True,0.36,Poor Sleep,Urban,13-17 (Teen),4.55,1
14,Female,3.45,TV,True,0.39,Eye Strain,Urban,13-17 (Teen),3.45,0
11,Female,4.79,Smartphone,True,0.38,"Poor Sleep, Eye Strain",Rural,8-12 (Pre-teen),4.79,1
11,Male,3.83,Smartphone,True,0.31,Poor Sleep,Urban,8-12 (Pre-teen),3.83,1
18,Male,1.91,Laptop,False,0.44,,Rural,18-29 (Young Adult),1.91,0
15,Female,4.9,Smartphone,True,0.36,Poor Sleep,Urban,13-17 (Teen),4.9,1
11,Male,4.46,TV,True,0.43,Poor Sleep,Urban,8-12 (Pre-teen),4.46,1
13,Female,4.24,Smartphone,True,0.44,Eye Strain,Urban,13-17 (Teen),4.24,0
12,Male,4.19,TV,True,0.32,"Eye Strain, Obesity Risk",Urban,8-12 (Pre-teen),4.19,0
10,Male,9.84,TV,True,0.41,Anxiety,Rural,8-12 (Pre-teen),9.84,0
17,Female,2.35,Laptop,False,0.44,,Urban,13-17 (Teen),2.35,0
18,Female,3.94,TV,True,0.35,Poor Sleep,Rural,18-29 (Young Adult),3.94,1
9,Female,0.59,Smartphone,False,0.55,,Rural,8-12 (Pre-teen),0.59,0
16,Male,2.93,TV,False,0.44,,Rural,13-17 (Teen),2.93,0
17,Female,4.87,Laptop,True,0.49,Obesity Risk,Urban,13-17 (Teen),4.87,0
16,Male,6.31,Tablet,True,0.45,Obesity Risk,Urban,13-17 (Teen),6.31,0
8,Female,2.66,Tablet,True,0.51,,Urban,8-12 (Pre-teen),2.66,0
17,Female,6.07,Smartphone,True,0.36,Poor Sleep,Urban,13-17 (Teen),6.07,1
10,Male,0.0,TV,False,0.59,,Urban,8-12 (Pre-teen),0.0,0
15,Female,3.15,Smartphone,True,0.33,Poor Sleep,Rural,13-17 (Teen),3.15,1
13,Male,3.91,Laptop,True,0.49,"Poor Sleep, Anxiety",Urban,13-17 (Teen),3.91,1
12,Male,5.99,Smartphone,True,0.47,"Poor Sleep, Anxiety",Urban,8-12 (Pre-teen),5.99,1
12,Male,5.06,TV,True,0.44,,Urban,8-12 (Pre-teen),5.06,0
13,Male,5.94,Smartphone,True,0.39,Eye Strain,Rural,13-17 (Teen),5.94,0
14,Male,5.33,Smartphone,True,0.34,"Poor Sleep, Eye Strain",Urban,13-17 (Teen),5.33,1
8,Male,5.58,TV,True,0.56,,Rural,8-12 (Pre-teen),5.58,0
16,Male,6.02,Laptop,True,0.44,Poor Sleep,Urban,13-17 (Teen),6.02,1
10,Male,4.82,TV,True,0.51,Poor Sleep,Urban,8-12 (Pre-teen),4.82,1
11,Male,6.5,Laptop,True,0.31,"Poor Sleep, Eye Strain",Rural,8-12 (Pre-teen),6.5,1
17,Female,4.38,Smartphone,True,0.32,"Poor Sleep, Anxiety",Urban,13-17 (Teen),4.38,1
8,Female,5.03,TV,True,0.56,,Urban,8-12 (Pre-teen),5.03,0
18,Female,3.84,Laptop,True,0.43,,Urban,18-29 (Young Adult),3.84,0
17,Female,7.7,Smartphone,True,0.34,Poor Sleep,Rural,13-17 (Teen),7.7,1
10,Female,5.15,Tablet,True,0.55,"Poor Sleep, Eye Strain, Anxiety",Urban,8-12 (Pre-teen),5.15,1
9,Female,5.75,Smartphone,True,0.44,"Poor Sleep, Eye Strain",Urban,8-12 (Pre-teen),5.75,1
9,Male,7.2,Smartphone,True,0.55,Poor Sleep,Urban,8-12 (Pre-teen),7.2,1
8,Female,1.21,Tablet,False,0.4,,Rural,8-12 (Pre-teen),1.21,0
15,Female,4.33,TV,True,0.33,Poor Sleep,Urban,13-17 (Teen),4.33,1
10,Female,6.61,Smartphone,True,0.51,"Poor Sleep, Eye Strain",Urban,8-12 (Pre-teen),6.61,1
10,Female,8.56,Smartphone,True,0.47,"Poor Sleep, Eye Strain",Urban,8-12 (Pre-teen),8.56,1
13,Male,5.18,Smartphone,True,0.48,"Poor Sleep, Eye Strain, Anxiety",Rural,13-17 (Teen),5.18,1
15,Male,5.12,TV,True,0.3,Eye Strain,Urban,13-17 (Teen),5.12,0
16,Female,4.77,Smartphone,True,0.33,Poor Sleep,Urban,13-17 (Teen),4.77,1
16,Male,3.97,Laptop,True,0.34,,Urban,13-17 (Teen),3.97,0
11,Female,4.44,Smartphone,True,0.46,,Urban,8-12 (Pre-teen),4.44,0
12,Male,5.95,Smartphone,True,0.37,"Poor Sleep, Eye Strain, Obesity Risk",Rural,8-12 (Pre-teen),5.95,1
9,Male,0.0,Smartphone,False,0.5,,Rural,8-12 (Pre-teen),0.0,0
18,Male,4.21,Smartphone,True,0.37,"Poor Sleep, Eye Strain, Obesity Risk",Urban,18-29 (Young Adult),4.21,1
16,Male,5.61,Laptop,True,0.43,,Urban,13-17 (Teen),5.61,0
15,Female,4.56,Smartphone,True,0.38,,Urban,13-17 (Teen),4.56,0
10,Female,0.08,Smartphone,False,0.43,,Urban,8-12 (Pre-teen),0.08,0
18,Male,4.22,TV,True,0.48,"Poor Sleep, Anxiety",Rural,18-29 (Young Adult),4.22,1
16,Male,3.04,Smartphone,True,0.3,Poor Sleep,Urban,13-17 (Teen),3.04,1
10,Male,5.83,Smartphone,True,0.52,Poor Sleep,Urban,8-12 (Pre-teen),5.83,1
16,Male,4.86,Laptop,True,0.43,"Eye Strain, Anxiety",Rural,13-17 (Teen),4.86,0
9,Female,8.42,TV,True,0.44,"Poor Sleep, Obesity Risk",Rural,8-12 (Pre-teen),8.42,1
17,Male,4.36,Smartphone,True,0.33,"Poor Sleep, Eye Strain",Rural,13-17 (Teen),4.36,1
16,Female,5.39,Smartphone,True,0.37,Eye Strain,Urban,13-17 (Teen),5.39,0
15,Female,4.39,Laptop,True,0.44,"Poor Sleep, Eye Strain, Anxiety",Rural,13-17 (Teen),4.39,1
16,Male,5.01,Laptop,True,0.31,"Poor Sleep, Anxiety",Urban,13-17 (Teen),5.01,1
12,Female,4.48,Laptop,True,0.37,"Poor Sleep, Eye Strain",Urban,8-12 (Pre-teen),4.48,1
18,Female,4.69,Laptop,True,0.36,"Eye Strain, Anxiety, Obesity Risk",Urban,18-29 (Young Adult),4.69,0
18,Male,5.55,TV,True,0.49,"Poor Sleep, Eye Strain",Urban,18-29 (Young Adult),5.55,1
9,Female,3.1,Smartphone,True,0.47,"Poor Sleep, Eye Strain, Anxiety, Obesity Risk",Rural,8-12 (Pre-teen),3.1,1
15,Male,5.5,Smartphone,True,0.39,,Rural,13-17 (Teen),5.5,0
13,Female,3.89,Smartphone,True,0.38,Poor Sleep,Urban,13-17 (Teen),3.89,1
15,Male,5.1,Smartphone,True,0.5,Poor Sleep,Rural,13-17 (Teen),5.1,1
18,Female,5.01,TV,True,0.47,"Poor Sleep, Obesity Risk",Urban,18-29 (Young Adult),5.01,1
12,Male,4.17,Laptop,True,0.37,Poor Sleep,Urban,8-12 (Pre-teen),4.17,1
17,Male,5.06,Smartphone,True,0.4,Poor Sleep,Urban,13-17 (Teen),5.06,1
9,Female,3.72,TV,True,0.46,"Poor Sleep, Eye Strain, Obesity Risk",Urban,8-12 (Pre-teen),3.72,1
13,Male,4.93,Smartphone,True,0.48,,Urban,13-17 (Teen),4.93,0
12,Female,6.76,Smartphone,True,0.49,Poor Sleep,Urban,8-12 (Pre-teen),6.76,1
12,Male,6.42,Smartphone,True,0.44,,Urban,8-12 (Pre-teen),6.42,0
8,Female,1.94,Smartphone,False,0.51,,Urban,8-12 (Pre-teen),1.94,0
9,Male,1.67,TV,False,0.51,,Urban,8-12 (Pre-teen),1.67,0
15,Male,1.73,Smartphone,False,0.39,,Rural,13-17 (Teen),1.73,0
10,Female,4.34,TV,True,0.43,Poor Sleep,Urban,8-12 (Pre-teen),4.34,1
17,Female,2.77,Smartphone,False,0.46,,Rural,13-17 (Teen),2.77,0
10,Male,0.0,TV,False,0.5,,Urban,8-12 (Pre-teen),0.0,0
15,Female,4.36,TV,True,0.41,"Poor Sleep, Eye Strain, Obesity Risk",Rural,13-17 (Teen),4.36,1
15,Female,5.24,Laptop,True,0.31,,Urban,13-17 (Teen),5.24,0
9,Female,4.65,Smartphone,True,0.49,Poor Sleep,Urban,8-12 (Pre-teen),4.65,1
15,Male,4.13,Smartphone,True,0.37,"Poor Sleep, Anxiety",Rural,13-17 (Teen),4.13,1
18,Female,5.2,Smartphone,True,0.42,Eye Strain,Urban,18-29 (Young Adult),5.2,0
8,Male,1.64,Smartphone,False,0.46,,Urban,8-12 (Pre-teen),1.64,0
13,Male,4.78,Smartphone,True,0.46,Poor Sleep,Urban,13-17 (Teen),4.78,1
15,Female,3.64,TV,True,0.37,,Rural,13-17 (Teen),3.64,0
10,Male,3.79,Smartphone,True,0.57,"Poor Sleep, Eye Strain",Urban,8-12 (Pre-teen),3.79,1
15,Male,2.81,Tablet,False,0.48,,Urban,13-17 (Teen),2.81,0
8,Female,3.69,Smartphone,True,0.53,Poor Sleep,Urban,8-12 (Pre-teen),3.69,1
18,Female,4.52,Smartphone,True,0.44,Eye Strain,Rural,18-29 (Young Adult),4.52,0
18,Male,5.37,Laptop,True,0.36,Obesity Risk,Urban,18-29 (Young Adult),5.37,0
16,Male,6.26,Laptop,True,0.3,"Eye Strain, Anxiety, Obesity Risk",Urban,13-17 (Teen),6.26,0
18,Female,4.94,TV,True,0.37,"Poor Sleep, Eye Strain, Obesity Risk",Urban,18-29 (Young Adult),4.94,1
16,Male,4.76,Smartphone,True,0.41,,Urban,13-17 (Teen),4.76,0
12,Female,4.64,Smartphone,True,0.34,Poor Sleep,Urban,8-12 (Pre-teen),4.64,1
17,Female,4.36,Smartphone,True,0.42,,Urban,13-17 (Teen),4.36,0
11,Male,1.75,Smartphone,False,0.35,,Rural,8-12 (Pre-teen),1.75,0
18,Male,3.76,Smartphone,True,0.36,Eye Strain,Urban,18-29 (Young Adult),3.76,0
13,Male,4.85,Smartphone,True,0.37,,Urban,13-17 (Teen),4.85,0
14,Female,4.69,Smartphone,True,0.37,Anxiety,Urban,13-17 (Teen),4.69,0
12,Male,6.28,Smartphone,True,0.48,"Poor Sleep, Obesity Risk",Urban,8-12 (Pre-teen),6.28,1
18,Male,5.59,Smartphone,True,0.46,,Urban,18-29 (Young Adult),5.59,0
17,Female,3.51,TV,True,0.32,Poor Sleep,Urban,13-17 (Teen),3.51,1
16,Male,4.42,Smartphone,True,0.33,Poor Sleep,Rural,13-17 (Teen),4.42,1
10,Female,0.29,Smartphone,False,0.57,,Rural,8-12 (Pre-teen),0.29,0
14,Male,2.83,TV,False,0.48,,Urban,13-17 (Teen),2.83,0
17,Male,4.62,TV,True,0.36,"Poor Sleep, Eye Strain",Rural,13-17 (Teen),4.62,1
17,Female,4.94,Laptop,True,0.48,"Poor Sleep, Eye Strain, Anxiety",Urban,13-17 (Teen),4.94,1
18,Male,5.11,Smartphone,True,0.38,,Urban,18-29 (Young Adult),5.11,0
12,Female,6.31,Smartphone,True,0.36,"Poor Sleep, Obesity Risk",Urban,8-12 (Pre-teen),6.31,1
14,Female,5.02,Tablet,True,0.4,Obesity Risk,Rural,13-17 (Teen),5.02,0
9,Female,4.79,TV,True,0.47,"Poor Sleep, Eye Strain, Anxiety",Rural,8-12 (Pre-teen),4.79,1
11,Female,3.73,Smartphone,True,0.49,"Poor Sleep, Eye Strain",Rural,8-12 (Pre-teen),3.73,1
9,Male,0.0,TV,False,0.4,,Urban,8-12 (Pre-teen),0.0,0
14,Male,5.25,TV,True,0.45,"Poor Sleep, Obesity Risk",Rural,13-17 (Teen),5.25,1
9,Female,4.85,TV,True,0.41,Poor Sleep,Rural,8-12 (Pre-teen),4.85,1
18,Female,4.2,Smartphone,True,0.46,,Rural,18-29 (Young Adult),4.2,0
8,Male,2.32,Tablet,True,0.53,,Urban,8-12 (Pre-teen),2.32,0
16,Male,4.02,Smartphone,True,0.44,"Poor Sleep, Eye Strain",Urban,13-17 (Teen),4.02,1
8,Female,0.0,TV,False,0.49,,Urban,8-12 (Pre-teen),0.0,0
15,Male,6.66,TV,True,0.36,"Poor Sleep, Eye Strain",Urban,13-17 (Teen),6.66,1
9,Male,5.87,TV,True,0.5,"Poor Sleep, Eye Strain, Anxiety",Rural,8-12 (Pre-teen),5.87,1
15,Female,3.73,Tablet,True,0.32,"Poor Sleep, Anxiety",Rural,13-17 (Teen),3.73,1
10,Male,3.43,TV,True,0.53,Eye Strain,Urban,8-12 (Pre-teen),3.43,0
13,Male,4.13,Smartphone,True,0.39,"Poor Sleep, Obesity Risk",Urban,13-17 (Teen),4.13,1
10,Male,3.19,Smartphone,True,0.44,,Urban,8-12 (Pre-teen),3.19,0
14,Male,3.73,TV,True,0.37,,Urban,13-17 (Teen),3.73,0
17,Male,4.35,Smartphone,True,0.4,,Urban,13-17 (Teen),4.35,0
16,Female,4.24,Smartphone,True,0.43,"Eye Strain, Anxiety",Urban,13-17 (Teen),4.24,0
9,Male,5.6,TV,True,0.46,Poor Sleep,Urban,8-12 (Pre-teen),5.6,1
12,Female,2.96,Smartphone,False,0.43,,Urban,8-12 (Pre-teen),2.96,0
13,Male,4.09,Laptop,True,0.31,"Poor Sleep, Obesity Risk",Urban,13-17 (Teen),4.09,1
11,Female,2.44,TV,False,0.42,,Urban,8-12 (Pre-teen),2.44,0
11,Female,3.34,Tablet,True,0.35,,Urban,8-12 (Pre-teen),3.34,0
11,Female,3.82,Smartphone,True,0.4,Obesity Risk,Urban,8-12 (Pre-teen),3.82,0
9,Male,4.23,TV,True,0.5,Anxiety,Urban,8-12 (Pre-teen),4.23,0
11,Female,6.16,TV,True,0.42,Eye Strain,Urban,8-12 (Pre-teen),6.16,0
18,Female,3.63,Laptop,True,0.5,Poor Sleep,Urban,18-29 (Young Adult),3.63,1
8,Male,0.38,Tablet,False,0.42,,Rural,8-12 (Pre-teen),0.38,0
13,Female,2.75,Smartphone,False,0.41,,Rural,13-17 (Teen),2.75,0
8,Female,2.66,TV,True,0.57,,Rural,8-12 (Pre-teen),2.66,0
17,Female,3.89,Smartphone,True,0.35,,Urban,13-17 (Teen),3.89,0
13,Male,5.5,Smartphone,True,0.44,Poor Sleep,Rural,13-17 (Teen),5.5,1
8,Female,1.95,Tablet,False,0.51,,Urban,8-12 (Pre-teen),1.95,0
13,Female,4.71,Laptop,True,0.42,Poor Sleep,Urban,13-17 (Teen),4.71,1
17,Male,2.1,Smartphone,False,0.46,,Urban,13-17 (Teen),2.1,0
15,Female,4.0,Smartphone,True,0.42,"Poor Sleep, Anxiety",Urban,13-17 (Teen),4.0,1
18,Male,4.81,Smartphone,True,0.38,Poor Sleep,Rural,18-29 (Young Adult),4.81,1
9,Female,5.88,Smartphone,True,0.58,,Urban,8-12 (Pre-teen),5.88,0
9,Male,2.44,Smartphone,True,0.41,,Urban,8-12 (Pre-teen),2.44,0
11,Male,5.47,Smartphone,True,0.37,,Urban,8-12 (Pre-teen),5.47,0
18,Female,4.32,Smartphone,True,0.42,Anxiety,Urban,18-29 (Young Adult),4.32,0
10,Female,5.11,Smartphone,True,0.46,"Poor Sleep, Eye Strain",Urban,8-12 (Pre-teen),5.11,1
11,Male,5.26,Laptop,True,0.31,Poor Sleep,Urban,8-12 (Pre-teen),5.26,1
14,Male,3.09,Smartphone,True,0.32,Anxiety,Urban,13-17 (Teen),3.09,0
18,Male,2.34,Smartphone,False,0.35,,Urban,18-29 (Young Adult),2.34,0
8,Female,4.5,TV,True,0.44,Eye Strain,Urban,8-12 (Pre-teen),4.5,0
13,Male,4.95,Tablet,True,0.38,"Poor Sleep, Eye Strain, Obesity Risk",Rural,13-17 (Teen),4.95,1
10,Male,2.31,TV,True,0.49,,Urban,8-12 (Pre-teen),2.31,0
18,Female,3.98,Laptop,True,0.42,Poor Sleep,Urban,18-29 (Young Adult),3.98,1
17,Female,5.47,TV,True,0.38,,Urban,13-17 (Teen),5.47,0
14,Female,4.42,Smartphone,True,0.37,Poor Sleep,Rural,13-17 (Teen),4.42,1
17,Female,3.89,Laptop,True,0.43,"Poor Sleep, Anxiety",Urban,13-17 (Teen),3.89,1
9,Male,5.84,Smartphone,True,0.58,Eye Strain,Urban,8-12 (Pre-teen),5.84,0
9,Female,8.02,Smartphone,True,0.48,Eye Strain,Urban,8-12 (Pre-teen),8.02,0
11,Female,4.29,Smartphone,True,0.47,,Urban,8-12 (Pre-teen),4.29,0
8,Female,6.03,Smartphone,True,0.44,"Poor Sleep, Eye Strain",Urban,8-12 (Pre-teen),6.03,1
10,Female,3.88,Tablet,True,0.53,,Urban,8-12 (Pre-teen),3.88,0
16,Male,3.08,Smartphone,True,0.39,Poor Sleep,Rural,13-17 (Teen),3.08,1
14,Male,5.09,Smartphone,True,0.31,"Poor Sleep, Anxiety",Urban,13-17 (Teen),5.09,1
14,Female,4.14,TV,True,0.46,Eye Strain,Urban,13-17 (Teen),4.14,0
18,Male,6.0,Smartphone,True,0.49,Poor Sleep,Urban,18-29 (Young Adult),6.0,1
11,Male,4.43,Smartphone,True,0.39,Anxiety,Rural,8-12 (Pre-teen),4.43,0
9,Female,2.46,TV,True,0.5,,Urban,8-12 (Pre-teen),2.46,0
11,Female,1.16,Smartphone,False,0.43,,Rural,8-12 (Pre-teen),1.16,0
13,Female,3.64,TV,True,0.36,,Rural,13-17 (Teen),3.64,0
18,Male,3.83,Tablet,True,0.47,Eye Strain,Urban,18-29 (Young Adult),3.83,0
18,Male,4.49,Smartphone,True,0.43,Poor Sleep,Urban,18-29 (Young Adult),4.49,1
10,Female,5.86,Smartphone,True,0.47,,Urban,8-12 (Pre-teen),5.86,0
8,Female,5.72,TV,True,0.41,,Urban,8-12 (Pre-teen),5.72,0
15,Male,5.29,Smartphone,True,0.44,Poor Sleep,Urban,13-17 (Teen),5.29,1
12,Male,6.22,TV,True,0.36,Poor Sleep,Rural,8-12 (Pre-teen),6.22,1
12,Male,4.74,TV,True,0.39,"Poor Sleep, Obesity Risk",Urban,8-12 (Pre-teen),4.74,1
18,Male,5.49,Smartphone,True,0.37,"Poor Sleep, Eye Strain",Urban,18-29 (Young Adult),5.49,1
11,Male,5.17,Smartphone,True,0.46,Eye Strain,Urban,8-12 (Pre-teen),5.17,0
13,Male,4.33,Tablet,True,0.44,,Urban,13-17 (Teen),4.33,0
10,Male,0.0,TV,False,0.45,,Urban,8-12 (Pre-teen),0.0,0
16,Female,2.93,TV,False,0.48,,Urban,13-17 (Teen),2.93,0
12,Male,6.18,Smartphone,True,0.46,Poor Sleep,Urban,8-12 (Pre-teen),6.18,1
10,Female,8.27,TV,True,0.59,Poor Sleep,Rural,8-12 (Pre-teen),8.27,1
18,Male,5.53,Smartphone,True,0.36,Poor Sleep,Urban,18-29 (Young Adult),5.53,1
8,Female,3.04,TV,True,0.41,"Poor Sleep, Eye Strain, Anxiety",Urban,8-12 (Pre-teen),3.04,1
17,Female,3.7,Laptop,True,0.46,Poor Sleep,Urban,13-17 (Teen),3.7,1
13,Male,4.45,Smartphone,True,0.36,Poor Sleep,Rural,13-17 (Teen),4.45,1
9,Male,0.61,Tablet,False,0.52,,Urban,8-12 (Pre-teen),0.61,0
10,Male,1.88,Smartphone,False,0.52,,Urban,8-12 (Pre-teen),1.88,0
8,Male,3.24,Smartphone,True,0.45,"Poor Sleep, Eye Strain",Urban,8-12 (Pre-teen),3.24,1
16,Male,7.77,Smartphone,True,0.41,Poor Sleep,Urban,13-17 (Teen),7.77,1
15,Female,2.86,Laptop,False,0.5,,Urban,13-17 (Teen),2.86,0
18,Female,3.53,Smartphone,True,0.39,"Eye Strain, Obesity Risk",Rural,18-29 (Young Adult),3.53,0
15,Male,5.62,TV,True,0.45,"Poor Sleep, Obesity Risk",Urban,13-17 (Teen),5.62,1
16,Male,4.59,TV,True,0.43,Poor Sleep,Urban,13-17 (Teen),4.59,1
8,Female,4.82,TV,True,0.49,,Urban,8-12 (Pre-teen),4.82,0
12,Female,5.15,Laptop,True,0.3,Poor Sleep,Rural,8-12 (Pre-teen),5.15,1
15,Male,3.35,Smartphone,True,0.45,Poor Sleep,Urban,13-17 (Teen),3.35,1
18,Female,3.81,Smartphone,True,0.47,"Poor Sleep, Eye Strain",Urban,18-29 (Young Adult),3.81,1
9,Female,1.78,TV,False,0.59,,Rural,8-12 (Pre-teen),1.78,0
11,Male,6.06,Smartphone,True,0.5,Anxiety,Urban,8-12 (Pre-teen),6.06,0
14,Male,3.62,Laptop,True,0.45,Anxiety,Urban,13-17 (Teen),3.62,0
10,Male,0.0,TV,False,0.5,,Rural,8-12 (Pre-teen),0.0,0
12,Male,5.14,Smartphone,True,0.44,,Urban,8-12 (Pre-teen),5.14,0
15,Female,6.06,Smartphone,True,0.4,"Poor Sleep, Obesity Risk",Urban,13-17 (Teen),6.06,1
17,Female,6.12,Smartphone,True,0.44,"Poor Sleep, Eye Strain, Obesity Risk",Urban,13-17 (Teen),6.12,1
10,Female,3.53,Smartphone,True,0.45,"Eye Strain, Anxiety, Obesity Risk",Rural,8-12 (Pre-teen),3.53,0
11,Female,5.29,Tablet,True,0.34,,Urban,8-12 (Pre-teen),5.29,0
16,Male,2.57,Smartphone,False,0.37,,Urban,13-17 (Teen),2.57,0
14,Female,3.82,TV,True,0.49,"Poor Sleep, Eye Strain, Obesity Risk",Rural,13-17 (Teen),3.82,1
8,Male,5.56,Smartphone,True,0.55,,Rural,8-12 (Pre-teen),5.56,0
11,Female,7.05,TV,True,0.49,"Poor Sleep, Anxiety",Urban,8-12 (Pre-teen),7.05,1
11,Female,4.68,TV,True,0.31,"Poor Sleep, Eye Strain",Urban,8-12 (Pre-teen),4.68,1
16,Female,4.21,Laptop,True,0.35,Eye Strain,Rural,13-17 (Teen),4.21,0
13,Female,5.62,Laptop,True,0.33,Obesity Risk,Urban,13-17 (Teen),5.62,0
16,Male,3.5,Smartphone,True,0.4,Obesity Risk,Urban,13-17 (Teen),3.5,0
13,Female,6.81,Smartphone,True,0.39,"Poor Sleep, Obesity Risk",Urban,13-17 (Teen),6.81,1
13,Male,3.93,Smartphone,True,0.44,Poor Sleep,Urban,13-17 (Teen),3.93,1
12,Female,4.38,Laptop,True,0.41,"Poor Sleep, Eye Strain",Rural,8-12 (Pre-teen),4.38,1
12,Female,5.96,Smartphone,True,0.5,Eye Strain,Rural,8-12 (Pre-teen),5.96,0
9,Female,6.2,TV,True,0.48,"Eye Strain, Obesity Risk",Urban,8-12 (Pre-teen),6.2,0
15,Male,4.41,Tablet,True,0.4,Poor Sleep,Urban,13-17 (Teen),4.41,1
15,Female,4.6,Smartphone,True,0.38,Eye Strain,Urban,13-17 (Teen),4.6,0
18,Female,4.15,Smartphone,True,0.48,Anxiety,Urban,18-29 (Young Adult),4.15,0
8,Female,5.34,Smartphone,True,0.5,Eye Strain,Urban,8-12 (Pre-teen),5.34,0
15,Male,3.09,Laptop,True,0.4,Poor Sleep,Rural,13-17 (Teen),3.09,1
12,Female,4.32,Tablet,True,0.42,"Poor Sleep, Anxiety",Rural,8-12 (Pre-teen),4.32,1
9,Female,7.11,TV,True,0.42,Poor Sleep,Rural,8-12 (Pre-teen),7.11,1
9,Female,2.77,Tablet,True,0.41,,Urban,8-12 (Pre-teen),2.77,0
13,Male,4.9,Smartphone,True,0.47,"Poor Sleep, Eye Strain",Urban,13-17 (Teen),4.9,1
18,Male,4.94,Laptop,True,0.4,"Poor Sleep, Anxiety",Urban,18-29 (Young Adult),4.94,1
16,Male,4.79,Tablet,True,0.49,,Urban,13-17 (Teen),4.79,0
8,Male,3.91,Tablet,True,0.51,Poor Sleep,Urban,8-12 (Pre-teen),3.91,1
13,Female,3.95,Smartphone,True,0.42,"Poor Sleep, Eye Strain",Urban,13-17 (Teen),3.95,1
16,Male,5.56,Smartphone,True,0.33,Anxiety,Urban,13-17 (Teen),5.56,0
15,Female,3.89,Smartphone,True,0.37,,Urban,13-17 (Teen),3.89,0
18,Female,4.71,Smartphone,True,0.33,Anxiety,Urban,18-29 (Young Adult),4.71,0
13,Male,7.18,TV,True,0.33,"Poor Sleep, Obesity Risk",Urban,13-17 (Teen),7.18,1
10,Female,2.81,Smartphone,True,0.45,,Rural,8-12 (Pre-teen),2.81,0
15,Female,4.2,Laptop,True,0.4,Poor Sleep,Rural,13-17 (Teen),4.2,1
16,Male,3.14,Smartphone,True,0.38,Poor Sleep,Rural,13-17 (Teen),3.14,1
8,Male,9.35,Smartphone,True,0.4,Poor Sleep,Rural,8-12 (Pre-teen),9.35,1
16,Female,3.54,Smartphone,True,0.44,"Poor Sleep, Eye Strain",Urban,13-17 (Teen),3.54,1
13,Male,5.62,Tablet,True,0.41,,Rural,13-17 (Teen),5.62,0
13,Female,3.24,Smartphone,True,0.42,Poor Sleep,Urban,13-17 (Teen),3.24,1
11,Female,2.73,Laptop,False,0.42,,Rural,8-12 (Pre-teen),2.73,0
8,Female,3.18,TV,True,0.57,Poor Sleep,Urban,8-12 (Pre-teen),3.18,1
17,Female,3.49,Laptop,True,0.4,"Poor Sleep, Eye Strain",Urban,13-17 (Teen),3.49,1
15,Female,3.94,Laptop,True,0.42,Eye Strain,Rural,13-17 (Teen),3.94,0
9,Female,4.81,Smartphone,True,0.52,"Poor Sleep, Eye Strain",Urban,8-12 (Pre-teen),4.81,1
8,Male,5.26,TV,True,0.5,"Poor Sleep, Obesity Risk",Urban,8-12 (Pre-teen),5.26,1
9,Male,5.02,TV,True,0.46,,Rural,8-12 (Pre-teen),5.02,0
8,Female,7.21,Tablet,True,0.43,"Poor Sleep, Obesity Risk",Urban,8-12 (Pre-teen),7.21,1
8,Female,1.34,Smartphone,False,0.56,,Rural,8-12 (Pre-teen),1.34,0
16,Female,4.34,Smartphone,True,0.46,"Poor Sleep, Eye Strain, Anxiety",Rural,13-17 (Teen),4.34,1
8,Male,3.75,Tablet,True,0.56,"Eye Strain, Anxiety",Urban,8-12 (Pre-teen),3.75,0
11,Male,1.85,TV,False,0.4,,Urban,8-12 (Pre-teen),1.85,0
17,Male,2.88,TV,False,0.5,,Urban,13-17 (Teen),2.88,0
13,Male,3.49,Smartphone,True,0.45,Obesity Risk,Urban,13-17 (Teen),3.49,0
14,Female,4.34,Smartphone,True,0.41,Obesity Risk,Urban,13-17 (Teen),4.34,0
9,Male,12.8,TV,True,0.56,"Eye Strain, Anxiety",Rural,8-12 (Pre-teen),12.8,0
13,Female,3.74,Smartphone,True,0.34,Poor Sleep,Rural,13-17 (Teen),3.74,1
14,Female,6.25,Smartphone,True,0.36,,Urban,13-17 (Teen),6.25,0
17,Male,4.38,Laptop,True,0.41,"Poor Sleep, Eye Strain",Rural,13-17 (Teen),4.38,1
17,Female,4.59,Smartphone,True,0.34,,Urban,13-17 (Teen),4.59,0
9,Female,2.67,TV,True,0.59,,Urban,8-12 (Pre-teen),2.67,0
9,Male,1.56,Tablet,False,0.48,,Urban,8-12 (Pre-teen),1.56,0
17,Male,4.26,Smartphone,True,0.44,Poor Sleep,Urban,13-17 (Teen),4.26,1
14,Female,5.5,Smartphone,True,0.39,Poor Sleep,Rural,13-17 (Teen),5.5,1
8,Female,4.38,TV,True,0.43,,Rural,8-12 (Pre-teen),4.38,0
15,Male,5.95,Smartphone,True,0.4,"Poor Sleep, Anxiety",Urban,13-17 (Teen),5.95,1
18,Female,5.2,Laptop,True,0.31,Eye Strain,Urban,18-29 (Young Adult),5.2,0
10,Female,0.0,Tablet,False,0.49,,Urban,8-12 (Pre-teen),0.0,0
18,Female,5.25,Smartphone,True,0.38,Eye Strain,Rural,18-29 (Young Adult),5.25,0
13,Female,4.76,Smartphone,True,0.49,"Poor Sleep, Eye Strain, Obesity Risk",Urban,13-17 (Teen),4.76,1
16,Male,4.96,Smartphone,True,0.32,,Urban,13-17 (Teen),4.96,0
13,Male,3.27,Tablet,True,0.36,"Poor Sleep, Obesity Risk",Urban,13-17 (Teen),3.27,1
16,Male,5.6,Smartphone,True,0.41,"Poor Sleep, Eye Strain, Obesity Risk",Rural,13-17 (Teen),5.6,1
14,Female,5.58,Smartphone,True,0.34,"Poor Sleep, Eye Strain, Anxiety",Rural,13-17 (Teen),5.58,1
16,Male,5.41,Laptop,True,0.41,Poor Sleep,Rural,13-17 (Teen),5.41,1
9,Female,3.35,Tablet,True,0.56,Eye Strain,Rural,8-12 (Pre-teen),3.35,0
15,Male,4.12,Laptop,True,0.31,Eye Strain,Urban,13-17 (Teen),4.12,0
15,Male,5.64,TV,True,0.4,Poor Sleep,Rural,13-17 (Teen),5.64,1
9,Female,7.66,Smartphone,True,0.51,"Poor Sleep, Eye Strain",Urban,8-12 (Pre-teen),7.66,1
11,Male,3.54,Laptop,True,0.33,"Poor Sleep, Anxiety",Urban,8-12 (Pre-teen),3.54,1
18,Male,3.85,Laptop,True,0.49,Poor Sleep,Rural,18-29 (Young Adult),3.85,1
14,Female,4.67,Smartphone,True,0.34,Eye Strain,Rural,13-17 (Teen),4.67,0
18,Male,5.15,TV,True,0.33,Anxiety,Urban,18-29 (Young Adult),5.15,0
11,Male,4.1,Laptop,True,0.32,"Poor Sleep, Eye Strain",Rural,8-12 (Pre-teen),4.1,1
11,Female,4.27,TV,True,0.46,"Poor Sleep, Obesity Risk",Urban,8-12 (Pre-teen),4.27,1
13,Female,4.32,TV,True,0.4,Poor Sleep,Urban,13-17 (Teen),4.32,1
17,Male,5.19,Smartphone,True,0.44,Eye Strain,Rural,13-17 (Teen),5.19,0
13,Female,5.48,Laptop,True,0.49,Poor Sleep,Rural,13-17 (Teen),5.48,1
17,Female,4.06,Laptop,True,0.32,"Poor Sleep, Anxiety",Urban,13-17 (Teen),4.06,1
10,Male,1.64,TV,False,0.47,,Urban,8-12 (Pre-teen),1.64,0
16,Male,4.25,Smartphone,True,0.39,Eye Strain,Urban,13-17 (Teen),4.25,0
17,Female,4.78,Laptop,True,0.47,Eye Strain,Urban,13-17 (Teen),4.78,0
18,Male,6.24,TV,True,0.41,"Poor Sleep, Anxiety",Urban,18-29 (Young Adult),6.24,1
9,Female,7.36,TV,True,0.54,,Urban,8-12 (Pre-teen),7.36,0
13,Female,4.45,Laptop,True,0.32,Poor Sleep,Rural,13-17 (Teen),4.45,1
14,Male,6.0,Smartphone,True,0.4,"Poor Sleep, Obesity Risk",Urban,13-17 (Teen),6.0,1
16,Female,4.78,TV,True,0.48,Poor Sleep,Rural,13-17 (Teen),4.78,1
10,Male,7.02,Smartphone,True,0.44,Poor Sleep,Urban,8-12 (Pre-teen),7.02,1
17,Female,2.79,Smartphone,False,0.34,,Rural,13-17 (Teen),2.79,0
10,Female,5.28,TV,True,0.52,,Urban,8-12 (Pre-teen),5.28,0
14,Female,4.17,Smartphone,True,0.37,Poor Sleep,Urban,13-17 (Teen),4.17,1
11,Female,4.71,Smartphone,True,0.47,,Urban,8-12 (Pre-teen),4.71,0
15,Female,6.46,TV,True,0.46,"Poor Sleep, Anxiety",Urban,13-17 (Teen),6.46,1
14,Female,5.72,Smartphone,True,0.33,,Urban,13-17 (Teen),5.72,0
12,Male,2.91,Tablet,False,0.45,,Urban,8-12 (Pre-teen),2.91,0
14,Female,5.68,Smartphone,True,0.3,Poor Sleep,Urban,13-17 (Teen),5.68,1
10,Female,7.3,Smartphone,True,0.56,,Urban,8-12 (Pre-teen),7.3,0
9,Female,2.06,TV,True,0.49,,Rural,8-12 (Pre-teen),2.06,0
13,Female,4.43,Smartphone,True,0.45,Poor Sleep,Urban,13-17 (Teen),4.43,1
9,Male,0.0,TV,False,0.56,,Urban,8-12 (Pre-teen),0.0,0
10,Female,3.76,Tablet,True,0.45,Poor Sleep,Urban,8-12 (Pre-teen),3.76,1
13,Female,4.84,Smartphone,True,0.3,Poor Sleep,Urban,13-17 (Teen),4.84,1
12,Female,4.16,Smartphone,True,0.3,"Poor Sleep, Anxiety",Rural,8-12 (Pre-teen),4.16,1
15,Male,3.93,Smartphone,True,0.31,Poor Sleep,Urban,13-17 (Teen),3.93,1
16,Female,3.92,Smartphone,True,0.3,Poor Sleep,Urban,13-17 (Teen),3.92,1
18,Male,6.17,Laptop,True,0.38,Eye Strain,Urban,18-29 (Young Adult),6.17,0
10,Male,4.99,Smartphone,True,0.42,Poor Sleep,Urban,8-12 (Pre-teen),4.99,1
17,Male,6.51,Smartphone,True,0.42,"Poor Sleep, Eye Strain",Urban,13-17 (Teen),6.51,1
10,Male,0.43,Tablet,False,0.43,,Urban,8-12 (Pre-teen),0.43,0
10,Female,0.0,Tablet,False,0.4,,Rural,8-12 (Pre-teen),0.0,0
13,Female,4.34,TV,True,0.49,"Poor Sleep, Eye Strain",Urban,13-17 (Teen),4.34,1
8,Female,3.66,Tablet,True,0.6,,Urban,8-12 (Pre-teen),3.66,0
14,Female,3.55,Smartphone,True,0.44,Poor Sleep,Urban,13-17 (Teen),3.55,1
8,Female,0.63,Tablet,False,0.44,,Urban,8-12 (Pre-teen),0.63,0
12,Female,2.28,Laptop,False,0.47,,Urban,8-12 (Pre-teen),2.28,0
17,Male,4.12,Smartphone,True,0.47,Anxiety,Rural,13-17 (Teen),4.12,0
15,Female,4.64,Smartphone,True,0.4,,Rural,13-17 (Teen),4.64,0
11,Female,6.64,Smartphone,True,0.45,Poor Sleep,Rural,8-12 (Pre-teen),6.64,1
12,Male,3.5,TV,True,0.41,Anxiety,Rural,8-12 (Pre-teen),3.5,0
11,Female,4.42,TV,True,0.34,Poor Sleep,Urban,8-12 (Pre-teen),4.42,1
11,Male,4.98,Laptop,True,0.41,"Poor Sleep, Eye Strain, Anxiety, Obesity Risk",Urban,8-12 (Pre-teen),4.98,1
15,Female,5.58,Smartphone,True,0.35,Poor Sleep,Urban,13-17 (Teen),5.58,1
9,Male,0.0,Tablet,False,0.41,,Urban,8-12 (Pre-teen),0.0,0
8,Male,5.29,Smartphone,True,0.59,Poor Sleep,Rural,8-12 (Pre-teen),5.29,1
10,Male,4.35,TV,True,0.54,Poor Sleep,Rural,8-12 (Pre-teen),4.35,1
16,Male,4.05,Tablet,True,0.4,Poor Sleep,Urban,13-17 (Teen),4.05,1
11,Male,3.69,TV,True,0.43,Poor Sleep,Urban,8-12 (Pre-teen),3.69,1
17,Male,5.94,Smartphone,True,0.43,,Urban,13-17 (Teen),5.94,0
12,Male,2.69,TV,False,0.46,,Rural,8-12 (Pre-teen),2.69,0
9,Female,2.64,Smartphone,True,0.53,,Urban,8-12 (Pre-teen),2.64,0
11,Female,5.21,Tablet,True,0.35,,Rural,8-12 (Pre-teen),5.21,0
9,Female,0.0,Tablet,False,0.59,,Urban,8-12 (Pre-teen),0.0,0
9,Female,0.0,Tablet,False,0.58,,Urban,8-12 (Pre-teen),0.0,0
11,Female,5.44,TV,True,0.35,,Rural,8-12 (Pre-teen),5.44,0
13,Female,5.83,Laptop,True,0.46,"Poor Sleep, Anxiety",Urban,13-17 (Teen),5.83,1
14,Male,5.53,Smartphone,True,0.37,Poor Sleep,Urban,13-17 (Teen),5.53,1
17,Female,4.37,TV,True,0.45,,Urban,13-17 (Teen),4.37,0
10,Female,2.69,Smartphone,True,0.54,,Urban,8-12 (Pre-teen),2.69,0
10,Female,11.26,Smartphone,True,0.6,Eye Strain,Rural,8-12 (Pre-teen),11.26,0
17,Female,6.75,Tablet,True,0.42,"Poor Sleep, Obesity Risk",Rural,13-17 (Teen),6.75,1
13,Female,6.47,Smartphone,True,0.46,"Poor Sleep, Eye Strain, Obesity Risk",Urban,13-17 (Teen),6.47,1
10,Female,2.37,TV,True,0.44,,Rural,8-12 (Pre-teen),2.37,0
9,Male,4.98,Smartphone,True,0.54,Poor Sleep,Rural,8-12 (Pre-teen),4.98,1
15,Male,4.24,Smartphone,True,0.36,Eye Strain,Urban,13-17 (Teen),4.24,0
12,Female,3.47,Smartphone,True,0.41,,Urban,8-12 (Pre-teen),3.47,0
8,Male,0.0,TV,False,0.47,,Rural,8-12 (Pre-teen),0.0,0
10,Male,12.4,Smartphone,True,0.52,,Urban,8-12 (Pre-teen),12.4,0
17,Male,1.89,Laptop,False,0.46,,Urban,13-17 (Teen),1.89,0
15,Female,4.17,Laptop,True,0.43,"Poor Sleep, Anxiety",Urban,13-17 (Teen),4.17,1
11,Female,4.78,TV,True,0.48,Eye Strain,Urban,8-12 (Pre-teen),4.78,0
14,Female,4.34,Smartphone,True,0.32,,Urban,13-17 (Teen),4.34,0
17,Male,4.6,Smartphone,True,0.3,"Poor Sleep, Obesity Risk",Rural,13-17 (Teen),4.6,1
9,Female,1.48,Tablet,False,0.59,,Urban,8-12 (Pre-teen),1.48,0
14,Male,3.91,Smartphone,True,0.48,"Poor Sleep, Eye Strain",Urban,13-17 (Teen),3.91,1
12,Female,5.14,Smartphone,True,0.4,Anxiety,Urban,8-12 (Pre-teen),5.14,0
12,Male,6.49,Smartphone,True,0.46,Poor Sleep,Urban,8-12 (Pre-teen),6.49,1
13,Female,2.84,Smartphone,False,0.47,,Urban,13-17 (Teen),2.84,0
16,Male,5.97,Laptop,True,0.35,Poor Sleep,Rural,13-17 (Teen),5.97,1
13,Male,4.77,Smartphone,True,0.43,"Poor Sleep, Eye Strain",Urban,13-17 (Teen),4.77,1
15,Female,5.1,Smartphone,True,0.4,"Poor Sleep, Obesity Risk",Rural,13-17 (Teen),5.1,1
14,Male,4.31,Smartphone,True,0.33,Poor Sleep,Rural,13-17 (Teen),4.31,1
16,Female,3.74,Smartphone,True,0.42,"Eye Strain, Anxiety",Urban,13-17 (Teen),3.74,0
11,Female,4.68,Smartphone,True,0.32,,Urban,8-12 (Pre-teen),4.68,0
9,Male,2.34,TV,True,0.54,,Rural,8-12 (Pre-teen),2.34,0
14,Male,5.49,Tablet,True,0.48,Eye Strain,Rural,13-17 (Teen),5.49,0
13,Female,4.84,Tablet,True,0.37,,Urban,13-17 (Teen),4.84,0
8,Male,8.11,TV,True,0.55,"Poor Sleep, Obesity Risk",Rural,8-12 (Pre-teen),8.11,1
18,Male,5.59,Tablet,True,0.45,Poor Sleep,Rural,18-29 (Young Adult),5.59,1
16,Male,7.14,Tablet,True,0.44,,Urban,13-17 (Teen),7.14,0
16,Female,5.54,Laptop,True,0.46,Poor Sleep,Urban,13-17 (Teen),5.54,1
9,Female,2.88,TV,True,0.57,,Urban,8-12 (Pre-teen),2.88,0
10,Male,6.7,Smartphone,True,0.44,,Rural,8-12 (Pre-teen),6.7,0
12,Female,4.43,Laptop,True,0.49,"Poor Sleep, Obesity Risk",Urban,8-12 (Pre-teen),4.43,1
12,Male,6.25,Laptop,True,0.38,"Poor Sleep, Obesity Risk",Urban,8-12 (Pre-teen),6.25,1
8,Female,0.62,Smartphone,False,0.6,,Urban,8-12 (Pre-teen),0.62,0
15,Female,5.2,TV,True,0.47,"Poor Sleep, Eye Strain",Urban,13-17 (Teen),5.2,1
15,Male,4.11,Laptop,True,0.48,,Rural,13-17 (Teen),4.11,0
11,Female,3.04,TV,True,0.31,Poor Sleep,Rural,8-12 (Pre-teen),3.04,1
14,Male,5.64,Smartphone,True,0.32,,Urban,13-17 (Teen),5.64,0
18,Female,3.56,Smartphone,True,0.34,Poor Sleep,Urban,18-29 (Young Adult),3.56,1
17,Female,7.3,Smartphone,True,0.4,Anxiety,Rural,13-17 (Teen),7.3,0
10,Female,1.69,TV,False,0.54,,Rural,8-12 (Pre-teen),1.69,0
13,Male,1.77,Smartphone,False,0.49,,Urban,13-17 (Teen),1.77,0
17,Female,2.59,Smartphone,False,0.34,,Urban,13-17 (Teen),2.59,0
17,Female,0.25,Smartphone,False,0.4,,Urban,13-17 (Teen),0.25,0
16,Male,6.24,Smartphone,True,0.46,"Poor Sleep, Eye Strain",Rural,13-17 (Teen),6.24,1
8,Male,0.88,Smartphone,False,0.51,,Urban,8-12 (Pre-teen),0.88,0
12,Male,3.53,Smartphone,True,0.39,,Urban,8-12 (Pre-teen),3.53,0
11,Male,5.59,TV,True,0.3,"Poor Sleep, Obesity Risk",Urban,8-12 (Pre-teen),5.59,1
15,Female,6.83,Laptop,True,0.37,,Urban,13-17 (Teen),6.83,0
18,Female,5.34,TV,True,0.35,"Poor Sleep, Eye Strain",Urban,18-29 (Young Adult),5.34,1
8,Male,2.77,Smartphone,True,0.44,,Rural,8-12 (Pre-teen),2.77,0
16,Female,2.28,Laptop,False,0.45,,Urban,13-17 (Teen),2.28,0
13,Male,2.96,Smartphone,False,0.32,,Urban,13-17 (Teen),2.96,0
11,Female,6.0,Laptop,True,0.49,"Poor Sleep, Anxiety",Urban,8-12 (Pre-teen),6.0,1
16,Male,4.87,TV,True,0.47,Poor Sleep,Urban,13-17 (Teen),4.87,1
18,Female,6.69,Smartphone,True,0.43,Obesity Risk,Urban,18-29 (Young Adult),6.69,0
12,Female,3.64,Laptop,True,0.43,Poor Sleep,Urban,8-12 (Pre-teen),3.64,1
12,Female,6.53,Laptop,True,0.32,,Urban,8-12 (Pre-teen),6.53,0
12,Male,3.77,Laptop,True,0.45,Poor Sleep,Urban,8-12 (Pre-teen),3.77,1
8,Female,3.59,Tablet,True,0.49,Poor Sleep,Urban,8-12 (Pre-teen),3.59,1
8,Male,7.33,Smartphone,True,0.42,"Poor Sleep, Eye Strain, Anxiety",Urban,8-12 (Pre-teen),7.33,1
15,Female,4.9,Tablet,True,0.44,,Rural,13-17 (Teen),4.9,0
15,Male,3.03,TV,True,0.46,Poor Sleep,Urban,13-17 (Teen),3.03,1
13,Female,6.89,Smartphone,True,0.46,Poor Sleep,Rural,13-17 (Teen),6.89,1
18,Female,3.69,TV,True,0.45,"Poor Sleep, Eye Strain",Urban,18-29 (Young Adult),3.69,1
11,Male,6.4,Smartphone,True,0.5,"Poor Sleep, Eye Strain",Urban,8-12 (Pre-teen),6.4,1
9,Male,4.72,Smartphone,True,0.59,Poor Sleep,Urban,8-12 (Pre-teen),4.72,1
9,Female,3.13,Smartphone,True,0.45,Poor Sleep,Rural,8-12 (Pre-teen),3.13,1
16,Female,4.69,Laptop,True,0.44,"Poor Sleep, Eye Strain",Urban,13-17 (Teen),4.69,1
12,Female,5.37,TV,True,0.5,Eye Strain,Rural,8-12 (Pre-teen),5.37,0
11,Male,6.29,Smartphone,True,0.44,"Poor Sleep, Eye Strain",Urban,8-12 (Pre-teen),6.29,1
17,Female,5.07,Smartphone,True,0.35,Eye Strain,Urban,13-17 (Teen),5.07,0
8,Female,2.85,TV,True,0.52,,Urban,8-12 (Pre-teen),2.85,0
14,Female,4.04,Laptop,True,0.38,,Rural,13-17 (Teen),4.04,0
10,Female,4.27,TV,True,0.5,Eye Strain,Urban,8-12 (Pre-teen),4.27,0
13,Male,5.3,Smartphone,True,0.45,Poor Sleep,Urban,13-17 (Teen),5.3,1
12,Female,3.13,Smartphone,True,0.43,"Poor Sleep, Eye Strain",Urban,8-12 (Pre-teen),3.13,1
12,Male,4.01,Laptop,True,0.46,Eye Strain,Urban,8-12 (Pre-teen),4.01,0
18,Female,5.1,Smartphone,True,0.37,Poor Sleep,Urban,18-29 (Young Adult),5.1,1
12,Male,4.89,Smartphone,True,0.33,Poor Sleep,Urban,8-12 (Pre-teen),4.89,1
8,Male,2.82,Tablet,True,0.55,,Urban,8-12 (Pre-teen),2.82,0
8,Male,5.05,TV,True,0.54,Obesity Risk,Rural,8-12 (Pre-teen),5.05,0
10,Female,4.58,Smartphone,True,0.44,"Poor Sleep, Obesity Risk",Rural,8-12 (Pre-teen),4.58,1
17,Female,5.57,Tablet,True,0.32,"Poor Sleep, Eye Strain",Urban,13-17 (Teen),5.57,1
11,Male,4.63,Laptop,True,0.46,"Eye Strain, Obesity Risk",Urban,8-12 (Pre-teen),4.63,0
12,Male,3.6,Smartphone,True,0.31,Poor Sleep,Urban,8-12 (Pre-teen),3.6,1
9,Female,2.62,TV,True,0.56,,Rural,8-12 (Pre-teen),2.62,0
15,Female,4.84,TV,True,0.38,Poor Sleep,Urban,13-17 (Teen),4.84,1
18,Male,3.66,Tablet,True,0.43,"Poor Sleep, Anxiety",Urban,18-29 (Young Adult),3.66,1
18,Male,4.91,Laptop,True,0.3,Obesity Risk,Urban,18-29 (Young Adult),4.91,0
9,Male,4.34,Tablet,True,0.56,"Eye Strain, Anxiety",Urban,8-12 (Pre-teen),4.34,0
16,Male,6.37,Laptop,True,0.36,"Poor Sleep, Eye Strain, Obesity Risk",Urban,13-17 (Teen),6.37,1
9,Female,2.91,Smartphone,True,0.46,,Rural,8-12 (Pre-teen),2.91,0
16,Female,5.35,Smartphone,True,0.3,Poor Sleep,Rural,13-17 (Teen),5.35,1
14,Female,5.55,Smartphone,True,0.42,,Rural,13-17 (Teen),5.55,0
15,Female,3.28,Laptop,True,0.39,"Poor Sleep, Eye Strain, Anxiety",Urban,13-17 (Teen),3.28,1
18,Male,3.19,TV,True,0.46,"Poor Sleep, Obesity Risk",Urban,18-29 (Young Adult),3.19,1
9,Male,6.73,TV,True,0.53,,Urban,8-12 (Pre-teen),6.73,0
14,Male,4.94,Smartphone,True,0.4,"Poor Sleep, Eye Strain, Anxiety",Urban,13-17 (Teen),4.94,1
13,Female,5.3,Smartphone,True,0.36,"Poor Sleep, Obesity Risk",Urban,13-17 (Teen),5.3,1
11,Male,3.95,Smartphone,True,0.36,"Poor Sleep, Obesity Risk",Urban,8-12 (Pre-teen),3.95,1
14,Male,3.06,Smartphone,True,0.33,Poor Sleep,Urban,13-17 (Teen),3.06,1
11,Male,3.23,TV,True,0.3,Eye Strain,Urban,8-12 (Pre-teen),3.23,0
9,Male,4.24,Tablet,True,0.55,Obesity Risk,Rural,8-12 (Pre-teen),4.24,0
17,Female,6.87,Laptop,True,0.5,Poor Sleep,Urban,13-17 (Teen),6.87,1
14,Male,4.89,Tablet,True,0.48,Eye Strain,Rural,13-17 (Teen),4.89,0
15,Female,3.56,Laptop,True,0.37,"Poor Sleep, Eye Strain",Urban,13-17 (Teen),3.56,1
9,Male,3.48,Smartphone,True,0.46,Anxiety,Urban,8-12 (Pre-teen),3.48,0
12,Male,5.32,Smartphone,True,0.47,Eye Strain,Urban,8-12 (Pre-teen),5.32,0
8,Male,6.34,TV,True,0.52,Eye Strain,Urban,8-12 (Pre-teen),6.34,0
14,Female,4.84,Smartphone,True,0.37,"Poor Sleep, Eye Strain",Urban,13-17 (Teen),4.84,1
15,Male,7.04,Smartphone,True,0.31,Poor Sleep,Urban,13-17 (Teen),7.04,1
13,Male,5.11,Laptop,True,0.49,"Poor Sleep, Eye Strain",Urban,13-17 (Teen),5.11,1
12,Male,4.03,TV,True,0.5,Eye Strain,Rural,8-12 (Pre-teen),4.03,0
13,Male,2.99,Smartphone,False,0.35,,Urban,13-17 (Teen),2.99,0
9,Female,1.98,TV,False,0.48,,Rural,8-12 (Pre-teen),1.98,0
8,Female,5.98,Tablet,True,0.44,Poor Sleep,Rural,8-12 (Pre-teen),5.98,1
14,Female,3.54,TV,True,0.32,"Poor Sleep, Eye Strain",Urban,13-17 (Teen),3.54,1
14,Female,5.46,Smartphone,True,0.41,,Urban,13-17 (Teen),5.46,0
17,Male,5.46,Smartphone,True,0.36,"Poor Sleep, Obesity Risk",Urban,13-17 (Teen),5.46,1
18,Female,3.67,Smartphone,True,0.41,Poor Sleep,Rural,18-29 (Young Adult),3.67,1
17,Male,4.17,Smartphone,True,0.48,Obesity Risk,Rural,13-17 (Teen),4.17,0
9,Male,0.75,TV,False,0.52,,Urban,8-12 (Pre-teen),0.75,0
9,Female,3.11,Smartphone,True,0.52,Poor Sleep,Urban,8-12 (Pre-teen),3.11,1
8,Male,0.0,Smartphone,False,0.56,,Rural,8-12 (Pre-teen),0.0,0
17,Female,4.04,TV,True,0.33,"Poor Sleep, Obesity Risk",Urban,13-17 (Teen),4.04,1
15,Female,4.15,Tablet,True,0.33,"Poor Sleep, Obesity Risk",Rural,13-17 (Teen),4.15,1
15,Female,4.55,TV,True,0.49,,Urban,13-17 (Teen),4.55,0
8,Female,8.79,Smartphone,True,0.56,"Poor Sleep, Obesity Risk",Urban,8-12 (Pre-teen),8.79,1
18,Female,5.61,Smartphone,True,0.39,Poor Sleep,Urban,18-29 (Young Adult),5.61,1
15,Female,4.4,Laptop,True,0.32,"Poor Sleep, Eye Strain, Anxiety",Urban,13-17 (Teen),4.4,1
16,Male,3.46,Smartphone,True,0.41,Obesity Risk,Urban,13-17 (Teen),3.46,0
11,Male,4.11,TV,True,0.38,"Poor Sleep, Eye Strain, Obesity Risk",Urban,8-12 (Pre-teen),4.11,1
8,Male,3.04,Smartphone,True,0.44,Obesity Risk,Rural,8-12 (Pre-teen),3.04,0
8,Male,2.06,TV,True,0.55,,Rural,8-12 (Pre-teen),2.06,0
10,Male,3.03,TV,True,0.44,Poor Sleep,Urban,8-12 (Pre-teen),3.03,1
12,Female,5.05,Smartphone,True,0.37,"Poor Sleep, Eye Strain",Urban,8-12 (Pre-teen),5.05,1
12,Female,0.5,Smartphone,False,0.34,,Rural,8-12 (Pre-teen),0.5,0
16,Female,6.04,Laptop,True,0.33,Poor Sleep,Rural,13-17 (Teen),6.04,1
17,Female,6.05,Smartphone,True,0.44,,Urban,13-17 (Teen),6.05,0
9,Female,5.49,Smartphone,True,0.6,Poor Sleep,Urban,8-12 (Pre-teen),5.49,1
9,Male,3.6,Smartphone,True,0.44,"Poor Sleep, Eye Strain",Urban,8-12 (Pre-teen),3.6,1
13,Male,3.61,Smartphone,True,0.32,"Poor Sleep, Eye Strain, Obesity Risk",Urban,13-17 (Teen),3.61,1
16,Male,3.45,Tablet,True,0.42,"Poor Sleep, Anxiety",Urban,13-17 (Teen),3.45,1
8,Female,5.83,TV,True,0.6,"Poor Sleep, Eye Strain, Obesity Risk",Urban,8-12 (Pre-teen),5.83,1
16,Female,4.34,Smartphone,True,0.32,"Anxiety, Obesity Risk",Urban,13-17 (Teen),4.34,0
16,Female,4.26,TV,True,0.47,Eye Strain,Urban,13-17 (Teen),4.26,0
16,Male,5.23,Smartphone,True,0.34,Poor Sleep,Urban,13-17 (Teen),5.23,1
12,Female,5.83,Laptop,True,0.4,Eye Strain,Urban,8-12 (Pre-teen),5.83,0
16,Male,4.96,Tablet,True,0.32,"Poor Sleep, Anxiety",Urban,13-17 (Teen),4.96,1
18,Male,3.45,Laptop,True,0.35,Poor Sleep,Urban,18-29 (Young Adult),3.45,1
11,Male,5.17,TV,True,0.48,Poor Sleep,Urban,8-12 (Pre-teen),5.17,1
9,Female,8.01,Smartphone,True,0.56,Obesity Risk,Urban,8-12 (Pre-teen),8.01,0
13,Male,4.47,TV,True,0.36,"Poor Sleep, Eye Strain, Obesity Risk",Urban,13-17 (Teen),4.47,1
11,Male,5.5,Laptop,True,0.43,Poor Sleep,Urban,8-12 (Pre-teen),5.5,1
13,Male,3.85,Smartphone,True,0.41,Poor Sleep,Urban,13-17 (Teen),3.85,1
10,Female,4.62,Smartphone,True,0.55,"Poor Sleep, Eye Strain",Rural,8-12 (Pre-teen),4.62,1
13,Male,3.12,Smartphone,True,0.49,,Urban,13-17 (Teen),3.12,0
9,Female,8.95,Smartphone,True,0.55,Poor Sleep,Rural,8-12 (Pre-teen),8.95,1
9,Male,2.61,TV,True,0.46,,Urban,8-12 (Pre-teen),2.61,0
16,Female,3.28,TV,True,0.4,"Poor Sleep, Eye Strain, Anxiety",Urban,13-17 (Teen),3.28,1
14,Male,4.84,Smartphone,True,0.5,"Poor Sleep, Eye Strain, Obesity Risk",Urban,13-17 (Teen),4.84,1
10,Female,7.51,TV,True,0.48,"Poor Sleep, Obesity Risk",Rural,8-12 (Pre-teen),7.51,1
18,Female,5.47,Tablet,True,0.4,"Eye Strain, Anxiety",Urban,18-29 (Young Adult),5.47,0
8,Male,4.05,Tablet,True,0.44,,Urban,8-12 (Pre-teen),4.05,0
15,Male,2.97,Smartphone,False,0.4,,Urban,13-17 (Teen),2.97,0
13,Male,4.46,Laptop,True,0.39,Poor Sleep,Urban,13-17 (Teen),4.46,1
14,Male,5.31,Tablet,True,0.4,Poor Sleep,Urban,13-17 (Teen),5.31,1
16,Female,4.19,Laptop,True,0.47,"Poor Sleep, Anxiety",Urban,13-17 (Teen),4.19,1
12,Female,4.34,Tablet,True,0.43,"Poor Sleep, Anxiety",Urban,8-12 (Pre-teen),4.34,1
8,Male,3.3,Smartphone,True,0.48,Eye Strain,Urban,8-12 (Pre-teen),3.3,0
17,Male,5.25,Smartphone,True,0.3,"Eye Strain, Anxiety",Rural,13-17 (Teen),5.25,0
14,Female,7.67,Smartphone,True,0.33,,Urban,13-17 (Teen),7.67,0
12,Female,3.58,Laptop,True,0.4,Poor Sleep,Urban,8-12 (Pre-teen),3.58,1
10,Female,7.85,Tablet,True,0.46,Poor Sleep,Rural,8-12 (Pre-teen),7.85,1
16,Male,4.28,Smartphone,True,0.45,Poor Sleep,Rural,13-17 (Teen),4.28,1
8,Female,4.84,Smartphone,True,0.46,Poor Sleep,Rural,8-12 (Pre-teen),4.84,1
8,Male,6.25,TV,True,0.47,Poor Sleep,Urban,8-12 (Pre-teen),6.25,1
8,Male,5.86,Tablet,True,0.47,Poor Sleep,Rural,8-12 (Pre-teen),5.86,1
10,Male,3.62,Tablet,True,0.52,"Eye Strain, Anxiety",Urban,8-12 (Pre-teen),3.62,0
13,Female,5.62,Laptop,True,0.31,,Urban,13-17 (Teen),5.62,0
17,Male,4.96,Smartphone,True,0.49,,Rural,13-17 (Teen),4.96,0
18,Male,5.48,Smartphone,True,0.46,"Poor Sleep, Anxiety",Urban,18-29 (Young Adult),5.48,1
10,Male,2.38,TV,True,0.6,,Rural,8-12 (Pre-teen),2.38,0
15,Male,2.81,Laptop,False,0.46,,Rural,13-17 (Teen),2.81,0
17,Male,4.39,TV,True,0.39,"Poor Sleep, Eye Strain",Rural,13-17 (Teen),4.39,1
9,Male,4.92,TV,True,0.57,"Poor Sleep, Anxiety",Rural,8-12 (Pre-teen),4.92,1
16,Female,6.94,Smartphone,True,0.41,Poor Sleep,Urban,13-17 (Teen),6.94,1
10,Female,0.8,TV,False,0.45,,Rural,8-12 (Pre-teen),0.8,0
12,Female,3.79,TV,True,0.4,"Poor Sleep, Eye Strain, Obesity Risk",Rural,8-12 (Pre-teen),3.79,1
17,Male,3.13,Smartphone,True,0.36,"Poor Sleep, Eye Strain, Anxiety, Obesity Risk",Urban,13-17 (Teen),3.13,1
15,Female,1.98,Laptop,False,0.46,,Rural,13-17 (Teen),1.98,0
9,Female,0.0,Tablet,False,0.48,,Urban,8-12 (Pre-teen),0.0,0
13,Male,7.05,TV,True,0.37,Poor Sleep,Rural,13-17 (Teen),7.05,1
12,Female,3.61,Laptop,True,0.42,,Rural,8-12 (Pre-teen),3.61,0
17,Male,5.89,Smartphone,True,0.39,"Poor Sleep, Eye Strain",Urban,13-17 (Teen),5.89,1
16,Male,5.41,Smartphone,True,0.32,Poor Sleep,Rural,13-17 (Teen),5.41,1
12,Male,5.71,TV,True,0.46,"Poor Sleep, Eye Strain",Urban,8-12 (Pre-teen),5.71,1
9,Female,4.75,TV,True,0.53,Poor Sleep,Urban,8-12 (Pre-teen),4.75,1
12,Female,3.15,Smartphone,True,0.37,"Poor Sleep, Anxiety",Urban,8-12 (Pre-teen),3.15,1
11,Male,3.68,TV,True,0.4,"Eye Strain, Obesity Risk",Urban,8-12 (Pre-teen),3.68,0
18,Male,3.98,Tablet,True,0.49,"Poor Sleep, Obesity Risk",Urban,18-29 (Young Adult),3.98,1
14,Male,5.43,Laptop,True,0.5,,Urban,13-17 (Teen),5.43,0
13,Female,3.63,Smartphone,True,0.37,Eye Strain,Urban,13-17 (Teen),3.63,0
9,Female,0.96,Smartphone,False,0.44,,Rural,8-12 (Pre-teen),0.96,0
18,Male,4.13,Smartphone,True,0.46,,Urban,18-29 (Young Adult),4.13,0
18,Male,5.33,TV,True,0.37,Poor Sleep,Rural,18-29 (Young Adult),5.33,1
12,Female,5.88,Smartphone,True,0.36,"Anxiety, Obesity Risk",Urban,8-12 (Pre-teen),5.88,0
14,Female,4.85,Smartphone,True,0.38,"Poor Sleep, Anxiety",Rural,13-17 (Teen),4.85,1
18,Female,4.12,Laptop,True,0.37,"Poor Sleep, Eye Strain",Urban,18-29 (Young Adult),4.12,1
14,Female,5.72,Smartphone,True,0.46,"Poor Sleep, Anxiety",Urban,13-17 (Teen),5.72,1
12,Female,3.38,Tablet,True,0.33,Anxiety,Urban,8-12 (Pre-teen),3.38,0
16,Male,5.43,Smartphone,True,0.45,Poor Sleep,Rural,13-17 (Teen),5.43,1
11,Female,3.4,Smartphone,True,0.33,Poor Sleep,Urban,8-12 (Pre-teen),3.4,1
18,Male,2.65,TV,False,0.42,,Rural,18-29 (Young Adult),2.65,0
10,Female,1.77,Tablet,False,0.47,,Urban,8-12 (Pre-teen),1.77,0
11,Female,5.21,Smartphone,True,0.45,Anxiety,Urban,8-12 (Pre-teen),5.21,0
12,Female,5.33,Laptop,True,0.31,Anxiety,Urban,8-12 (Pre-teen),5.33,0
13,Male,5.85,Smartphone,True,0.44,Poor Sleep,Rural,13-17 (Teen),5.85,1
10,Male,2.36,TV,True,0.46,,Rural,8-12 (Pre-teen),2.36,0
9,Male,6.46,Smartphone,True,0.44,"Poor Sleep, Eye Strain",Urban,8-12 (Pre-teen),6.46,1
11,Female,3.88,Smartphone,True,0.36,Anxiety,Urban,8-12 (Pre-teen),3.88,0
12,Female,3.8,Laptop,True,0.38,"Poor Sleep, Obesity Risk",Urban,8-12 (Pre-teen),3.8,1
11,Female,2.23,Laptop,False,0.44,,Urban,8-12 (Pre-teen),2.23,0
18,Male,5.48,Smartphone,True,0.44,"Poor Sleep, Eye Strain",Urban,18-29 (Young Adult),5.48,1
15,Female,6.11,Tablet,True,0.49,Eye Strain,Urban,13-17 (Teen),6.11,0
17,Male,4.3,Smartphone,True,0.49,Poor Sleep,Rural,13-17 (Teen),4.3,1
11,Male,4.03,Tablet,True,0.3,"Poor Sleep, Eye Strain, Anxiety",Urban,8-12 (Pre-teen),4.03,1
9,Female,6.3,Smartphone,True,0.56,"Poor Sleep, Eye Strain, Obesity Risk",Urban,8-12 (Pre-teen),6.3,1
9,Male,3.13,TV,True,0.5,Eye Strain,Urban,8-12 (Pre-teen),3.13,0
8,Male,6.22,Tablet,True,0.51,"Poor Sleep, Eye Strain, Anxiety",Rural,8-12 (Pre-teen),6.22,1
11,Male,3.72,Smartphone,True,0.37,Poor Sleep,Urban,8-12 (Pre-teen),3.72,1
17,Male,3.05,TV,True,0.34,Poor Sleep,Rural,13-17 (Teen),3.05,1
16,Male,5.01,Laptop,True,0.4,Poor Sleep,Urban,13-17 (Teen),5.01,1
18,Male,2.98,Laptop,False,0.36,,Rural,18-29 (Young Adult),2.98,0
14,Male,5.57,Smartphone,True,0.3,Obesity Risk,Urban,13-17 (Teen),5.57,0
17,Female,5.33,Smartphone,True,0.49,"Poor Sleep, Eye Strain",Urban,13-17 (Teen),5.33,1
14,Male,2.76,Laptop,False,0.45,,Rural,13-17 (Teen),2.76,0
14,Male,6.21,Smartphone,True,0.42,Poor Sleep,Urban,13-17 (Teen),6.21,1
15,Male,5.75,Smartphone,True,0.44,Obesity Risk,Urban,13-17 (Teen),5.75,0
8,Female,5.35,TV,True,0.52,Poor Sleep,Urban,8-12 (Pre-teen),5.35,1
17,Female,3.73,Smartphone,True,0.33,"Poor Sleep, Obesity Risk",Urban,13-17 (Teen),3.73,1
17,Male,3.79,TV,True,0.39,"Poor Sleep, Eye Strain",Urban,13-17 (Teen),3.79,1
15,Female,4.38,Tablet,True,0.5,"Poor Sleep, Eye Strain",Rural,13-17 (Teen),4.38,1
11,Female,3.91,TV,True,0.31,"Poor Sleep, Eye Strain",Urban,8-12 (Pre-teen),3.91,1
11,Male,3.45,Laptop,True,0.35,Poor Sleep,Urban,8-12 (Pre-teen),3.45,1
11,Female,5.05,TV,True,0.43,"Eye Strain, Obesity Risk",Urban,8-12 (Pre-teen),5.05,0
13,Male,4.3,Smartphone,True,0.5,"Poor Sleep, Anxiety",Rural,13-17 (Teen),4.3,1
14,Male,4.81,Smartphone,True,0.39,Eye Strain,Rural,13-17 (Teen),4.81,0
13,Male,4.0,Tablet,True,0.42,,Urban,13-17 (Teen),4.0,0
8,Female,0.0,Smartphone,False,0.56,,Urban,8-12 (Pre-teen),0.0,0
15,Female,6.14,Smartphone,True,0.35,Poor Sleep,Urban,13-17 (Teen),6.14,1
17,Male,4.85,Tablet,True,0.42,,Urban,13-17 (Teen),4.85,0
18,Male,2.79,Smartphone,False,0.4,,Rural,18-29 (Young Adult),2.79,0
14,Male,3.83,Smartphone,True,0.42,Poor Sleep,Rural,13-17 (Teen),3.83,1
13,Female,4.9,Laptop,True,0.48,"Poor Sleep, Eye Strain",Urban,13-17 (Teen),4.9,1
13,Female,2.72,Smartphone,False,0.42,,Rural,13-17 (Teen),2.72,0
12,Male,5.09,Smartphone,True,0.46,Poor Sleep,Urban,8-12 (Pre-teen),5.09,1
13,Female,4.54,Smartphone,True,0.4,,Urban,13-17 (Teen),4.54,0
16,Male,4.04,Laptop,True,0.38,"Eye Strain, Obesity Risk",Urban,13-17 (Teen),4.04,0
17,Female,6.02,Smartphone,True,0.44,"Poor Sleep, Obesity Risk",Rural,13-17 (Teen),6.02,1
16,Female,2.84,Laptop,False,0.32,,Urban,13-17 (Teen),2.84,0
17,Female,6.75,TV,True,0.5,"Poor Sleep, Obesity Risk",Rural,13-17 (Teen),6.75,1
15,Female,3.58,Laptop,True,0.44,,Urban,13-17 (Teen),3.58,0
17,Female,3.38,Laptop,True,0.49,"Poor Sleep, Anxiety",Rural,13-17 (Teen),3.38,1
16,Male,5.51,Laptop,True,0.48,Poor Sleep,Urban,13-17 (Teen),5.51,1
17,Female,3.11,Smartphone,True,0.49,Poor Sleep,Urban,13-17 (Teen),3.11,1
15,Male,4.08,TV,True,0.36,Eye Strain,Urban,13-17 (Teen),4.08,0
15,Female,6.13,TV,True,0.43,,Urban,13-17 (Teen),6.13,0
8,Female,1.32,Tablet,False,0.53,,Urban,8-12 (Pre-teen),1.32,0
17,Male,3.58,TV,True,0.33,,Urban,13-17 (Teen),3.58,0
18,Male,2.28,Smartphone,False,0.39,,Urban,18-29 (Young Adult),2.28,0
12,Male,6.38,Smartphone,True,0.42,"Poor Sleep, Eye Strain, Obesity Risk",Urban,8-12 (Pre-teen),6.38,1
11,Male,4.0,Smartphone,True,0.36,"Poor Sleep, Eye Strain, Anxiety",Urban,8-12 (Pre-teen),4.0,1
9,Male,4.87,Smartphone,True,0.53,Poor Sleep,Rural,8-12 (Pre-teen),4.87,1
15,Male,3.19,Smartphone,True,0.36,"Poor Sleep, Eye Strain, Anxiety",Urban,13-17 (Teen),3.19,1
10,Female,2.29,Smartphone,True,0.5,,Urban,8-12 (Pre-teen),2.29,0
11,Female,6.32,Laptop,True,0.49,Poor Sleep,Urban,8-12 (Pre-teen),6.32,1
14,Female,3.12,Smartphone,True,0.43,Obesity Risk,Urban,13-17 (Teen),3.12,0
17,Female,4.22,TV,True,0.31,,Rural,13-17 (Teen),4.22,0
16,Female,6.19,Laptop,True,0.39,Poor Sleep,Rural,13-17 (Teen),6.19,1
9,Male,7.64,Smartphone,True,0.45,Poor Sleep,Urban,8-12 (Pre-teen),7.64,1
10,Female,5.33,Smartphone,True,0.53,,Urban,8-12 (Pre-teen),5.33,0
11,Male,2.71,Smartphone,False,0.34,,Urban,8-12 (Pre-teen),2.71,0
17,Male,4.04,Smartphone,True,0.35,,Urban,13-17 (Teen),4.04,0
8,Male,6.81,TV,True,0.41,Poor Sleep,Urban,8-12 (Pre-teen),6.81,1
14,Female,5.7,Smartphone,True,0.33,"Poor Sleep, Eye Strain, Anxiety",Rural,13-17 (Teen),5.7,1
9,Female,7.32,TV,True,0.55,Poor Sleep,Urban,8-12 (Pre-teen),7.32,1
12,Male,2.7,Laptop,False,0.36,,Rural,8-12 (Pre-teen),2.7,0
8,Female,2.29,Smartphone,True,0.42,,Urban,8-12 (Pre-teen),2.29,0
10,Male,5.64,TV,True,0.52,,Urban,8-12 (Pre-teen),5.64,0
9,Male,4.07,TV,True,0.58,"Poor Sleep, Eye Strain, Obesity Risk",Urban,8-12 (Pre-teen),4.07,1
8,Female,2.36,Smartphone,True,0.52,,Urban,8-12 (Pre-teen),2.36,0
14,Male,4.17,Smartphone,True,0.32,Poor Sleep,Urban,13-17 (Teen),4.17,1
12,Female,5.64,Smartphone,True,0.43,"Poor Sleep, Obesity Risk",Urban,8-12 (Pre-teen),5.64,1
8,Female,2.0,Tablet,False,0.41,,Rural,8-12 (Pre-teen),2.0,0
13,Male,4.97,Smartphone,True,0.44,Anxiety,Urban,13-17 (Teen),4.97,0
12,Female,1.99,Laptop,False,0.38,,Rural,8-12 (Pre-teen),1.99,0
10,Male,8.55,Tablet,True,0.45,Poor Sleep,Urban,8-12 (Pre-teen),8.55,1
14,Female,3.96,Smartphone,True,0.47,,Rural,13-17 (Teen),3.96,0
18,Female,5.19,Smartphone,True,0.48,,Urban,18-29 (Young Adult),5.19,0
17,Female,3.69,Tablet,True,0.46,Obesity Risk,Urban,13-17 (Teen),3.69,0
16,Male,2.92,Smartphone,False,0.4,,Urban,13-17 (Teen),2.92,0
16,Female,5.74,Smartphone,True,0.43,"Eye Strain, Obesity Risk",Rural,13-17 (Teen),5.74,0
16,Male,4.67,Smartphone,True,0.47,"Poor Sleep, Eye Strain",Urban,13-17 (Teen),4.67,1
9,Female,4.76,Smartphone,True,0.43,Poor Sleep,Urban,8-12 (Pre-teen),4.76,1
10,Female,0.52,Smartphone,False,0.48,,Urban,8-12 (Pre-teen),0.52,0
14,Male,5.72,Smartphone,True,0.39,"Eye Strain, Anxiety",Urban,13-17 (Teen),5.72,0
12,Male,4.11,Laptop,True,0.44,Poor Sleep,Rural,8-12 (Pre-teen),4.11,1
9,Male,0.12,TV,False,0.48,,Urban,8-12 (Pre-teen),0.12,0
10,Female,1.9,Smartphone,False,0.52,,Rural,8-12 (Pre-teen),1.9,0
17,Male,2.68,TV,False,0.34,,Urban,13-17 (Teen),2.68,0
13,Male,3.64,Smartphone,True,0.31,Eye Strain,Urban,13-17 (Teen),3.64,0
14,Female,4.51,Laptop,True,0.47,,Rural,13-17 (Teen),4.51,0
16,Female,4.45,Smartphone,True,0.48,Poor Sleep,Urban,13-17 (Teen),4.45,1
8,Male,8.51,TV,True,0.49,Poor Sleep,Urban,8-12 (Pre-teen),8.51,1
18,Male,5.82,Smartphone,True,0.46,"Poor Sleep, Obesity Risk",Urban,18-29 (Young Adult),5.82,1
14,Female,6.66,Smartphone,True,0.5,,Rural,13-17 (Teen),6.66,0
15,Male,4.28,Smartphone,True,0.47,"Poor Sleep, Anxiety",Rural,13-17 (Teen),4.28,1
10,Male,5.7,Tablet,True,0.55,Poor Sleep,Rural,8-12 (Pre-teen),5.7,1
11,Male,3.46,Smartphone,True,0.34,"Poor Sleep, Eye Strain",Rural,8-12 (Pre-teen),3.46,1
17,Male,4.83,Laptop,True,0.38,,Rural,13-17 (Teen),4.83,0
13,Male,4.5,TV,True,0.4,"Poor Sleep, Anxiety",Urban,13-17 (Teen),4.5,1
17,Female,1.06,Laptop,False,0.39,,Rural,13-17 (Teen),1.06,0
14,Male,5.39,Smartphone,True,0.36,,Urban,13-17 (Teen),5.39,0
11,Female,5.53,TV,True,0.42,Anxiety,Rural,8-12 (Pre-teen),5.53,0
15,Male,5.0,TV,True,0.47,Eye Strain,Rural,13-17 (Teen),5.0,0
12,Male,3.44,Smartphone,True,0.46,Poor Sleep,Urban,8-12 (Pre-teen),3.44,1
8,Female,0.0,TV,False,0.4,,Urban,8-12 (Pre-teen),0.0,0
11,Male,5.0,Laptop,True,0.49,"Poor Sleep, Anxiety",Urban,8-12 (Pre-teen),5.0,1
10,Male,4.02,Tablet,True,0.5,"Eye Strain, Obesity Risk",Urban,8-12 (Pre-teen),4.02,0
16,Male,4.26,Tablet,True,0.43,Poor Sleep,Urban,13-17 (Teen),4.26,1
15,Female,4.93,TV,True,0.49,Eye Strain,Urban,13-17 (Teen),4.93,0
8,Male,2.33,TV,True,0.54,,Rural,8-12 (Pre-teen),2.33,0
18,Male,3.39,Smartphone,True,0.36,Poor Sleep,Urban,18-29 (Young Adult),3.39,1
13,Female,5.27,TV,True,0.45,Eye Strain,Urban,13-17 (Teen),5.27,0
16,Female,3.07,Smartphone,True,0.41,,Urban,13-17 (Teen),3.07,0
14,Male,4.56,TV,True,0.46,"Eye Strain, Anxiety",Urban,13-17 (Teen),4.56,0
11,Male,3.9,Smartphone,True,0.48,,Rural,8-12 (Pre-teen),3.9,0
8,Male,1.91,Smartphone,False,0.57,,Urban,8-12 (Pre-teen),1.91,0
9,Female,7.4,Smartphone,True,0.52,"Poor Sleep, Obesity Risk",Urban,8-12 (Pre-teen),7.4,1
12,Male,5.18,Laptop,True,0.41,"Poor Sleep, Eye Strain, Anxiety",Urban,8-12 (Pre-teen),5.18,1
18,Male,4.62,Smartphone,True,0.5,Obesity Risk,Urban,18-29 (Young Adult),4.62,0
12,Male,3.37,Laptop,True,0.32,Poor Sleep,Urban,8-12 (Pre-teen),3.37,1
15,Female,5.62,Smartphone,True,0.37,"Poor Sleep, Obesity Risk",Rural,13-17 (Teen),5.62,1
13,Male,4.71,Laptop,True,0.45,Poor Sleep,Rural,13-17 (Teen),4.71,1
15,Female,5.35,Smartphone,True,0.42,"Poor Sleep, Anxiety",Rural,13-17 (Teen),5.35,1
9,Male,2.19,Tablet,True,0.41,,Urban,8-12 (Pre-teen),2.19,0
10,Female,6.13,TV,True,0.42,"Poor Sleep, Eye Strain",Urban,8-12 (Pre-teen),6.13,1
13,Female,5.16,Smartphone,True,0.47,"Poor Sleep, Eye Strain, Anxiety, Obesity Risk",Urban,13-17 (Teen),5.16,1
17,Male,6.4,TV,True,0.41,"Poor Sleep, Anxiety",Urban,13-17 (Teen),6.4,1
10,Female,5.66,Smartphone,True,0.49,"Eye Strain, Anxiety",Urban,8-12 (Pre-teen),5.66,0
13,Male,2.58,TV,False,0.32,,Urban,13-17 (Teen),2.58,0
13,Male,4.41,Smartphone,True,0.34,Poor Sleep,Urban,13-17 (Teen),4.41,1
9,Female,1.03,Tablet,False,0.4,,Urban,8-12 (Pre-teen),1.03,0
14,Male,4.37,Smartphone,True,0.44,"Eye Strain, Obesity Risk",Rural,13-17 (Teen),4.37,0
9,Male,6.0,Smartphone,True,0.43,"Eye Strain, Anxiety, Obesity Risk",Urban,8-12 (Pre-teen),6.0,0
13,Male,3.82,Smartphone,True,0.37,Eye Strain,Urban,13-17 (Teen),3.82,0
8,Male,3.55,TV,True,0.42,,Urban,8-12 (Pre-teen),3.55,0
10,Male,0.0,Tablet,False,0.52,,Rural,8-12 (Pre-teen),0.0,0
9,Female,1.7,TV,False,0.46,,Urban,8-12 (Pre-teen),1.7,0
14,Male,3.48,Laptop,True,0.31,Poor Sleep,Urban,13-17 (Teen),3.48,1
11,Female,7.78,Smartphone,True,0.45,,Urban,8-12 (Pre-teen),7.78,0
15,Female,4.11,Smartphone,True,0.32,Poor Sleep,Urban,13-17 (Teen),4.11,1
13,Female,4.92,TV,True,0.49,"Eye Strain, Anxiety",Urban,13-17 (Teen),4.92,0
17,Male,4.73,TV,True,0.37,"Poor Sleep, Obesity Risk",Urban,13-17 (Teen),4.73,1
11,Female,5.63,TV,True,0.43,Anxiety,Urban,8-12 (Pre-teen),5.63,0
12,Female,4.75,TV,True,0.36,"Poor Sleep, Eye Strain",Urban,8-12 (Pre-teen),4.75,1
16,Male,5.16,Laptop,True,0.47,"Poor Sleep, Eye Strain",Rural,13-17 (Teen),5.16,1
14,Male,4.7,TV,True,0.41,"Poor Sleep, Obesity Risk",Urban,13-17 (Teen),4.7,1
17,Female,5.18,TV,True,0.49,"Poor Sleep, Eye Strain, Obesity Risk",Urban,13-17 (Teen),5.18,1
16,Male,7.11,Smartphone,True,0.39,"Poor Sleep, Anxiety",Rural,13-17 (Teen),7.11,1
14,Male,5.46,Laptop,True,0.34,"Poor Sleep, Eye Strain, Anxiety",Rural,13-17 (Teen),5.46,1
8,Female,3.19,TV,True,0.44,"Poor Sleep, Eye Strain",Urban,8-12 (Pre-teen),3.19,1
15,Female,4.97,Laptop,True,0.41,,Rural,13-17 (Teen),4.97,0
11,Male,6.37,Tablet,True,0.33,,Urban,8-12 (Pre-teen),6.37,0
10,Female,2.67,Smartphone,True,0.59,,Urban,8-12 (Pre-teen),2.67,0
14,Female,4.61,Smartphone,True,0.5,Poor Sleep,Rural,13-17 (Teen),4.61,1
10,Male,3.91,TV,True,0.5,Poor Sleep,Rural,8-12 (Pre-teen),3.91,1
15,Male,2.16,Smartphone,False,0.47,,Urban,13-17 (Teen),2.16,0
13,Female,5.3,TV,True,0.49,"Eye Strain, Anxiety",Urban,13-17 (Teen),5.3,0
12,Male,4.46,Smartphone,True,0.41,Anxiety,Rural,8-12 (Pre-teen),4.46,0
11,Male,4.55,TV,True,0.45,,Urban,8-12 (Pre-teen),4.55,0
15,Male,3.85,Smartphone,True,0.48,"Eye Strain, Anxiety",Rural,13-17 (Teen),3.85,0
15,Male,3.43,Tablet,True,0.38,"Poor Sleep, Obesity Risk",Urban,13-17 (Teen),3.43,1
8,Male,5.92,TV,True,0.44,Poor Sleep,Rural,8-12 (Pre-teen),5.92,1
16,Female,1.62,TV,False,0.44,,Rural,13-17 (Teen),1.62,0
12,Female,4.06,TV,True,0.49,Poor Sleep,Urban,8-12 (Pre-teen),4.06,1
11,Female,4.49,Laptop,True,0.34,,Urban,8-12 (Pre-teen),4.49,0
13,Male,4.46,Smartphone,True,0.42,,Urban,13-17 (Teen),4.46,0
13,Male,3.74,Smartphone,True,0.49,,Rural,13-17 (Teen),3.74,0
9,Male,4.35,Smartphone,True,0.54,Poor Sleep,Urban,8-12 (Pre-teen),4.35,1
15,Male,3.71,Smartphone,True,0.42,Poor Sleep,Urban,13-17 (Teen),3.71,1
14,Male,5.48,Laptop,True,0.45,Anxiety,Rural,13-17 (Teen),5.48,0
8,Male,0.0,TV,False,0.56,,Rural,8-12 (Pre-teen),0.0,0
12,Male,4.78,Smartphone,True,0.45,Eye Strain,Urban,8-12 (Pre-teen),4.78,0
13,Female,2.28,Smartphone,False,0.42,,Rural,13-17 (Teen),2.28,0
11,Male,4.8,Smartphone,True,0.47,Poor Sleep,Urban,8-12 (Pre-teen),4.8,1
9,Male,2.59,Tablet,True,0.47,,Rural,8-12 (Pre-teen),2.59,0
11,Male,7.07,Laptop,True,0.35,Poor Sleep,Urban,8-12 (Pre-teen),7.07,1
8,Male,6.63,TV,True,0.52,"Poor Sleep, Eye Strain",Urban,8-12 (Pre-teen),6.63,1
14,Male,5.4,TV,True,0.41,,Rural,13-17 (Teen),5.4,0
9,Female,5.81,TV,True,0.56,,Urban,8-12 (Pre-teen),5.81,0
9,Female,1.47,TV,False,0.47,,Rural,8-12 (Pre-teen),1.47,0
16,Male,4.05,Smartphone,True,0.39,"Poor Sleep, Eye Strain",Urban,13-17 (Teen),4.05,1
12,Female,3.8,Smartphone,True,0.32,"Eye Strain, Anxiety",Urban,8-12 (Pre-teen),3.8,0
9,Female,3.74,Smartphone,True,0.48,,Rural,8-12 (Pre-teen),3.74,0
18,Male,5.36,TV,True,0.33,Eye Strain,Urban,18-29 (Young Adult),5.36,0
16,Male,5.36,TV,True,0.41,"Anxiety, Obesity Risk",Urban,13-17 (Teen),5.36,0
16,Female,4.89,Laptop,True,0.35,"Poor Sleep, Eye Strain",Rural,13-17 (Teen),4.89,1
8,Female,6.49,Tablet,True,0.41,Poor Sleep,Rural,8-12 (Pre-teen),6.49,1
18,Female,2.87,Tablet,False,0.43,,Urban,18-29 (Young Adult),2.87,0
10,Female,0.0,Smartphone,False,0.48,,Urban,8-12 (Pre-teen),0.0,0
11,Female,3.71,TV,True,0.42,Eye Strain,Urban,8-12 (Pre-teen),3.71,0
14,Male,6.35,Smartphone,True,0.31,,Urban,13-17 (Teen),6.35,0
17,Female,3.07,Smartphone,True,0.33,"Poor Sleep, Anxiety",Urban,13-17 (Teen),3.07,1
11,Female,4.0,TV,True,0.48,Poor Sleep,Rural,8-12 (Pre-teen),4.0,1
9,Male,7.12,Smartphone,True,0.54,Poor Sleep,Urban,8-12 (Pre-teen),7.12,1
14,Male,2.87,Smartphone,False,0.4,,Urban,13-17 (Teen),2.87,0
13,Male,6.52,Laptop,True,0.3,,Urban,13-17 (Teen),6.52,0
10,Female,0.0,Tablet,False,0.45,,Rural,8-12 (Pre-teen),0.0,0
13,Female,2.81,TV,False,0.4,,Urban,13-17 (Teen),2.81,0
18,Female,3.46,TV,True,0.33,"Poor Sleep, Eye Strain",Rural,18-29 (Young Adult),3.46,1
13,Male,6.51,Tablet,True,0.42,"Poor Sleep, Obesity Risk",Urban,13-17 (Teen),6.51,1
12,Male,5.39,Smartphone,True,0.46,Poor Sleep,Urban,8-12 (Pre-teen),5.39,1
11,Male,5.32,TV,True,0.36,"Poor Sleep, Eye Strain",Urban,8-12 (Pre-teen),5.32,1
17,Male,4.53,Smartphone,True,0.48,"Poor Sleep, Obesity Risk",Urban,13-17 (Teen),4.53,1
8,Male,5.89,TV,True,0.46,"Poor Sleep, Obesity Risk",Urban,8-12 (Pre-teen),5.89,1
17,Male,2.41,Laptop,False,0.31,,Urban,13-17 (Teen),2.41,0
13,Female,5.35,Smartphone,True,0.43,Anxiety,Rural,13-17 (Teen),5.35,0
9,Female,0.0,Tablet,False,0.51,,Urban,8-12 (Pre-teen),0.0,0
10,Male,7.77,TV,True,0.58,Poor Sleep,Urban,8-12 (Pre-teen),7.77,1
15,Male,5.08,Smartphone,True,0.43,Poor Sleep,Urban,13-17 (Teen),5.08,1
17,Female,2.92,Smartphone,False,0.37,,Urban,13-17 (Teen),2.92,0
13,Female,3.14,Smartphone,True,0.35,Poor Sleep,Urban,13-17 (Teen),3.14,1
10,Female,4.6,TV,True,0.53,Poor Sleep,Urban,8-12 (Pre-teen),4.6,1
14,Male,3.11,Smartphone,True,0.45,"Poor Sleep, Eye Strain",Urban,13-17 (Teen),3.11,1
11,Male,3.11,Smartphone,True,0.46,Eye Strain,Rural,8-12 (Pre-teen),3.11,0
16,Female,4.4,TV,True,0.32,Anxiety,Urban,13-17 (Teen),4.4,0
12,Female,4.59,TV,True,0.31,"Eye Strain, Obesity Risk",Urban,8-12 (Pre-teen),4.59,0
10,Male,3.47,TV,True,0.55,,Rural,8-12 (Pre-teen),3.47,0
9,Male,3.64,TV,True,0.41,Poor Sleep,Rural,8-12 (Pre-teen),3.64,1
18,Male,3.32,Smartphone,True,0.39,Poor Sleep,Urban,18-29 (Young Adult),3.32,1
9,Female,3.62,TV,True,0.48,Poor Sleep,Urban,8-12 (Pre-teen),3.62,1
10,Female,0.0,Smartphone,False,0.6,,Rural,8-12 (Pre-teen),0.0,0
9,Female,0.0,TV,False,0.5,,Urban,8-12 (Pre-teen),0.0,0
11,Female,4.02,TV,True,0.47,Poor Sleep,Urban,8-12 (Pre-teen),4.02,1
9,Female,0.0,Smartphone,False,0.59,,Urban,8-12 (Pre-teen),0.0,0
17,Male,5.46,Tablet,True,0.32,"Poor Sleep, Eye Strain, Anxiety",Rural,13-17 (Teen),5.46,1
16,Male,4.94,Smartphone,True,0.39,,Rural,13-17 (Teen),4.94,0
9,Male,7.91,Tablet,True,0.49,"Poor Sleep, Eye Strain",Urban,8-12 (Pre-teen),7.91,1
16,Female,4.42,Laptop,True,0.45,"Poor Sleep, Eye Strain, Anxiety",Urban,13-17 (Teen),4.42,1
13,Female,4.49,Tablet,True,0.41,"Poor Sleep, Eye Strain, Anxiety",Urban,13-17 (Teen),4.49,1
8,Male,7.07,TV,True,0.41,,Urban,8-12 (Pre-teen),7.07,0
11,Female,4.18,Smartphone,True,0.37,"Poor Sleep, Eye Strain, Anxiety",Rural,8-12 (Pre-teen),4.18,1
8,Male,0.68,Smartphone,False,0.56,,Rural,8-12 (Pre-teen),0.68,0
13,Female,3.2,Smartphone,True,0.43,"Poor Sleep, Eye Strain",Urban,13-17 (Teen),3.2,1
11,Male,4.76,Smartphone,True,0.42,"Poor Sleep, Anxiety",Rural,8-12 (Pre-teen),4.76,1
10,Male,7.08,Smartphone,True,0.58,Poor Sleep,Urban,8-12 (Pre-teen),7.08,1
10,Female,0.0,TV,False,0.45,,Rural,8-12 (Pre-teen),0.0,0
16,Female,4.91,Smartphone,True,0.39,Poor Sleep,Rural,13-17 (Teen),4.91,1
13,Female,5.41,Laptop,True,0.39,Poor Sleep,Urban,13-17 (Teen),5.41,1
16,Female,5.54,Smartphone,True,0.44,,Urban,13-17 (Teen),5.54,0
12,Male,4.87,TV,True,0.49,Eye Strain,Urban,8-12 (Pre-teen),4.87,0
9,Male,3.78,TV,True,0.46,,Urban,8-12 (Pre-teen),3.78,0
15,Female,5.84,Smartphone,True,0.37,Poor Sleep,Rural,13-17 (Teen),5.84,1
12,Female,4.84,Laptop,True,0.47,,Urban,8-12 (Pre-teen),4.84,0
9,Male,0.75,TV,False,0.5,,Rural,8-12 (Pre-teen),0.75,0
11,Female,4.45,TV,True,0.45,Poor Sleep,Urban,8-12 (Pre-teen),4.45,1
16,Male,2.39,Smartphone,False,0.34,,Urban,13-17 (Teen),2.39,0
11,Female,4.14,Smartphone,True,0.47,,Urban,8-12 (Pre-teen),4.14,0
11,Female,3.25,Tablet,True,0.47,,Urban,8-12 (Pre-teen),3.25,0
9,Male,3.53,Smartphone,True,0.48,,Rural,8-12 (Pre-teen),3.53,0
13,Female,2.51,Tablet,False,0.43,,Rural,13-17 (Teen),2.51,0
18,Female,4.08,Smartphone,True,0.35,Poor Sleep,Urban,18-29 (Young Adult),4.08,1
9,Female,2.37,Tablet,True,0.56,,Urban,8-12 (Pre-teen),2.37,0
14,Female,3.68,TV,True,0.31,,Urban,13-17 (Teen),3.68,0
10,Female,7.18,TV,True,0.56,"Poor Sleep, Eye Strain",Urban,8-12 (Pre-teen),7.18,1
10,Female,3.15,Tablet,True,0.57,"Poor Sleep, Eye Strain",Urban,8-12 (Pre-teen),3.15,1
12,Male,5.49,Smartphone,True,0.34,Eye Strain,Rural,8-12 (Pre-teen),5.49,0
10,Female,5.14,Tablet,True,0.51,,Urban,8-12 (Pre-teen),5.14,0
9,Female,0.52,Smartphone,False,0.42,,Rural,8-12 (Pre-teen),0.52,0
17,Male,4.21,Smartphone,True,0.33,Poor Sleep,Urban,13-17 (Teen),4.21,1
16,Male,3.57,Smartphone,True,0.47,,Rural,13-17 (Teen),3.57,0
9,Male,5.29,Smartphone,True,0.52,Eye Strain,Urban,8-12 (Pre-teen),5.29,0
18,Male,4.89,Smartphone,True,0.35,,Urban,18-29 (Young Adult),4.89,0
9,Male,3.21,TV,True,0.48,"Poor Sleep, Anxiety",Rural,8-12 (Pre-teen),3.21,1
15,Female,5.65,Tablet,True,0.44,"Poor Sleep, Anxiety",Urban,13-17 (Teen),5.65,1
16,Male,5.26,Smartphone,True,0.45,"Poor Sleep, Eye Strain",Urban,13-17 (Teen),5.26,1
14,Male,5.24,Laptop,True,0.32,,Rural,13-17 (Teen),5.24,0
10,Female,5.01,Smartphone,True,0.5,Anxiety,Urban,8-12 (Pre-teen),5.01,0
16,Male,4.33,Smartphone,True,0.31,Obesity Risk,Urban,13-17 (Teen),4.33,0
10,Female,4.29,Smartphone,True,0.43,Poor Sleep,Urban,8-12 (Pre-teen),4.29,1
12,Male,3.14,TV,True,0.34,,Rural,8-12 (Pre-teen),3.14,0
16,Female,4.8,Laptop,True,0.34,"Poor Sleep, Eye Strain",Urban,13-17 (Teen),4.8,1
10,Male,6.25,TV,True,0.44,"Poor Sleep, Obesity Risk",Urban,8-12 (Pre-teen),6.25,1
14,Female,7.3,Smartphone,True,0.34,"Poor Sleep, Eye Strain",Urban,13-17 (Teen),7.3,1
8,Female,8.63,Smartphone,True,0.41,"Poor Sleep, Obesity Risk",Urban,8-12 (Pre-teen),8.63,1
11,Female,5.2,Laptop,True,0.5,Anxiety,Urban,8-12 (Pre-teen),5.2,0
11,Male,2.89,Smartphone,False,0.36,,Rural,8-12 (Pre-teen),2.89,0
14,Female,4.22,Smartphone,True,0.46,"Anxiety, Obesity Risk",Rural,13-17 (Teen),4.22,0
15,Female,4.43,TV,True,0.36,"Poor Sleep, Eye Strain",Urban,13-17 (Teen),4.43,1
8,Male,3.41,TV,True,0.51,Poor Sleep,Urban,8-12 (Pre-teen),3.41,1
12,Female,5.22,TV,True,0.41,Eye Strain,Rural,8-12 (Pre-teen),5.22,0
14,Male,4.33,Smartphone,True,0.38,Poor Sleep,Urban,13-17 (Teen),4.33,1
11,Male,3.25,Tablet,True,0.3,Poor Sleep,Urban,8-12 (Pre-teen),3.25,1
11,Male,4.03,TV,True,0.39,Obesity Risk,Urban,8-12 (Pre-teen),4.03,0
11,Male,4.16,Laptop,True,0.32,,Urban,8-12 (Pre-teen),4.16,0
13,Female,4.41,Smartphone,True,0.31,"Poor Sleep, Eye Strain, Anxiety",Rural,13-17 (Teen),4.41,1
14,Female,4.92,Laptop,True,0.31,"Poor Sleep, Anxiety",Urban,13-17 (Teen),4.92,1
9,Male,2.32,TV,True,0.42,,Urban,8-12 (Pre-teen),2.32,0
12,Female,2.41,TV,False,0.47,,Rural,8-12 (Pre-teen),2.41,0
11,Male,3.42,TV,True,0.31,,Rural,8-12 (Pre-teen),3.42,0
10,Male,5.51,Tablet,True,0.54,,Rural,8-12 (Pre-teen),5.51,0
14,Male,3.67,Laptop,True,0.35,,Urban,13-17 (Teen),3.67,0
18,Female,5.05,Laptop,True,0.32,Eye Strain,Urban,18-29 (Young Adult),5.05,0
13,Female,4.18,Smartphone,True,0.37,Poor Sleep,Urban,13-17 (Teen),4.18,1
14,Female,6.23,TV,True,0.43,Eye Strain,Urban,13-17 (Teen),6.23,0
12,Male,5.85,Smartphone,True,0.49,,Rural,8-12 (Pre-teen),5.85,0
13,Female,6.12,TV,True,0.36,"Poor Sleep, Eye Strain",Urban,13-17 (Teen),6.12,1
12,Female,4.24,Laptop,True,0.43,"Eye Strain, Obesity Risk",Rural,8-12 (Pre-teen),4.24,0
14,Female,3.39,Laptop,True,0.38,,Urban,13-17 (Teen),3.39,0
9,Male,2.75,Smartphone,True,0.51,,Urban,8-12 (Pre-teen),2.75,0
18,Male,5.54,Laptop,True,0.43,Anxiety,Urban,18-29 (Young Adult),5.54,0
12,Female,1.57,Laptop,False,0.49,,Rural,8-12 (Pre-teen),1.57,0
13,Female,3.79,Laptop,True,0.31,Poor Sleep,Rural,13-17 (Teen),3.79,1
13,Male,2.71,Laptop,False,0.45,,Urban,13-17 (Teen),2.71,0
12,Male,5.04,Smartphone,True,0.36,"Poor Sleep, Eye Strain",Rural,8-12 (Pre-teen),5.04,1
17,Female,5.83,Smartphone,True,0.5,"Poor Sleep, Eye Strain, Anxiety",Urban,13-17 (Teen),5.83,1
14,Male,4.27,Smartphone,True,0.38,Poor Sleep,Urban,13-17 (Teen),4.27,1
17,Female,5.82,Laptop,True,0.47,Poor Sleep,Urban,13-17 (Teen),5.82,1
15,Male,3.06,Smartphone,True,0.45,,Urban,13-17 (Teen),3.06,0
14,Female,6.12,Laptop,True,0.49,Poor Sleep,Rural,13-17 (Teen),6.12,1
12,Male,4.61,Laptop,True,0.43,"Poor Sleep, Eye Strain",Rural,8-12 (Pre-teen),4.61,1
8,Male,0.0,Smartphone,False,0.59,,Urban,8-12 (Pre-teen),0.0,0
12,Female,5.92,Laptop,True,0.46,"Poor Sleep, Anxiety",Rural,8-12 (Pre-teen),5.92,1
17,Female,5.68,Laptop,True,0.37,"Poor Sleep, Obesity Risk",Urban,13-17 (Teen),5.68,1
9,Female,2.37,TV,True,0.54,,Urban,8-12 (Pre-teen),2.37,0
12,Male,4.8,Smartphone,True,0.49,"Poor Sleep, Eye Strain",Urban,8-12 (Pre-teen),4.8,1
12,Female,6.42,Smartphone,True,0.41,Poor Sleep,Urban,8-12 (Pre-teen),6.42,1
9,Male,5.65,Smartphone,True,0.58,Poor Sleep,Urban,8-12 (Pre-teen),5.65,1
12,Male,7.05,Smartphone,True,0.45,,Rural,8-12 (Pre-teen),7.05,0
11,Female,4.08,Laptop,True,0.46,"Poor Sleep, Eye Strain",Urban,8-12 (Pre-teen),4.08,1
8,Male,7.65,Smartphone,True,0.57,Obesity Risk,Urban,8-12 (Pre-teen),7.65,0
10,Male,4.56,Tablet,True,0.42,Poor Sleep,Urban,8-12 (Pre-teen),4.56,1
8,Male,6.45,Smartphone,True,0.45,"Poor Sleep, Anxiety",Urban,8-12 (Pre-teen),6.45,1
18,Male,4.86,TV,True,0.4,"Poor Sleep, Anxiety",Urban,18-29 (Young Adult),4.86,1
12,Male,3.88,Smartphone,True,0.37,"Poor Sleep, Anxiety",Urban,8-12 (Pre-teen),3.88,1
11,Female,4.91,Smartphone,True,0.48,,Urban,8-12 (Pre-teen),4.91,0
14,Female,5.57,Tablet,True,0.45,"Poor Sleep, Anxiety",Urban,13-17 (Teen),5.57,1
12,Male,3.26,Laptop,True,0.47,"Poor Sleep, Anxiety",Urban,8-12 (Pre-teen),3.26,1
17,Male,1.76,Smartphone,False,0.34,,Rural,13-17 (Teen),1.76,0
11,Male,6.27,Smartphone,True,0.34,"Poor Sleep, Anxiety",Urban,8-12 (Pre-teen),6.27,1
9,Female,1.78,Smartphone,False,0.53,,Urban,8-12 (Pre-teen),1.78,0
11,Female,3.45,Laptop,True,0.31,,Urban,8-12 (Pre-teen),3.45,0
9,Male,4.95,Smartphone,True,0.51,"Poor Sleep, Eye Strain",Rural,8-12 (Pre-teen),4.95,1
15,Male,4.45,Laptop,True,0.49,Anxiety,Urban,13-17 (Teen),4.45,0
10,Male,2.14,Smartphone,True,0.54,,Rural,8-12 (Pre-teen),2.14,0
16,Female,4.88,Smartphone,True,0.46,Obesity Risk,Urban,13-17 (Teen),4.88,0
11,Female,1.6,Tablet,False,0.34,,Urban,8-12 (Pre-teen),1.6,0
13,Male,4.98,Smartphone,True,0.47,Eye Strain,Urban,13-17 (Teen),4.98,0
17,Female,5.25,Laptop,True,0.33,Poor Sleep,Urban,13-17 (Teen),5.25,1
12,Male,5.85,Smartphone,True,0.47,"Eye Strain, Obesity Risk",Urban,8-12 (Pre-teen),5.85,0
17,Female,3.6,TV,True,0.43,,Rural,13-17 (Teen),3.6,0
8,Male,0.0,Tablet,False,0.47,,Rural,8-12 (Pre-teen),0.0,0
16,Female,4.17,Smartphone,True,0.39,,Urban,13-17 (Teen),4.17,0
8,Female,7.8,TV,True,0.54,"Poor Sleep, Anxiety",Urban,8-12 (Pre-teen),7.8,1
15,Male,5.44,TV,True,0.35,Anxiety,Urban,13-17 (Teen),5.44,0
16,Female,4.95,Smartphone,True,0.43,"Poor Sleep, Eye Strain, Anxiety",Rural,13-17 (Teen),4.95,1
16,Female,5.33,TV,True,0.46,Obesity Risk,Urban,13-17 (Teen),5.33,0
8,Female,5.88,Tablet,True,0.44,Poor Sleep,Rural,8-12 (Pre-teen),5.88,1
9,Female,2.34,Tablet,True,0.49,,Urban,8-12 (Pre-teen),2.34,0
8,Female,3.08,Tablet,True,0.5,Poor Sleep,Rural,8-12 (Pre-teen),3.08,1
17,Male,4.93,Smartphone,True,0.34,Poor Sleep,Urban,13-17 (Teen),4.93,1
9,Female,3.93,TV,True,0.46,Anxiety,Urban,8-12 (Pre-teen),3.93,0
17,Female,4.36,Laptop,True,0.39,"Poor Sleep, Anxiety",Urban,13-17 (Teen),4.36,1
15,Male,4.4,Smartphone,True,0.38,"Poor Sleep, Obesity Risk",Urban,13-17 (Teen),4.4,1
12,Female,3.72,Tablet,True,0.44,Poor Sleep,Urban,8-12 (Pre-teen),3.72,1
18,Male,3.81,Smartphone,True,0.33,Poor Sleep,Urban,18-29 (Young Adult),3.81,1
14,Female,4.99,TV,True,0.48,Poor Sleep,Urban,13-17 (Teen),4.99,1
9,Male,7.62,Smartphone,True,0.54,,Urban,8-12 (Pre-teen),7.62,0
15,Female,4.73,Smartphone,True,0.37,Poor Sleep,Rural,13-17 (Teen),4.73,1
18,Male,4.32,TV,True,0.43,"Poor Sleep, Eye Strain",Rural,18-29 (Young Adult),4.32,1
13,Female,3.47,TV,True,0.42,Eye Strain,Urban,13-17 (Teen),3.47,0
15,Male,3.98,TV,True,0.43,,Urban,13-17 (Teen),3.98,0
8,Female,0.8,Smartphone,False,0.41,,Urban,8-12 (Pre-teen),0.8,0
8,Male,8.99,Smartphone,True,0.46,"Eye Strain, Obesity Risk",Urban,8-12 (Pre-teen),8.99,0
14,Male,2.76,Smartphone,False,0.39,,Rural,13-17 (Teen),2.76,0
15,Female,4.69,Smartphone,True,0.33,"Poor Sleep, Anxiety",Rural,13-17 (Teen),4.69,1
10,Female,1.44,TV,False,0.52,,Urban,8-12 (Pre-teen),1.44,0
12,Male,3.65,TV,True,0.46,"Poor Sleep, Eye Strain, Obesity Risk",Urban,8-12 (Pre-teen),3.65,1
8,Female,3.71,Tablet,True,0.52,"Poor Sleep, Obesity Risk",Urban,8-12 (Pre-teen),3.71,1
14,Male,6.34,Laptop,True,0.46,"Poor Sleep, Eye Strain",Urban,13-17 (Teen),6.34,1
12,Female,2.87,TV,False,0.48,,Rural,8-12 (Pre-teen),2.87,0
15,Male,4.16,Smartphone,True,0.34,"Poor Sleep, Eye Strain",Urban,13-17 (Teen),4.16,1
15,Male,5.17,Smartphone,True,0.41,"Poor Sleep, Eye Strain",Rural,13-17 (Teen),5.17,1
16,Female,5.11,TV,True,0.34,Poor Sleep,Urban,13-17 (Teen),5.11,1
14,Male,5.07,Smartphone,True,0.34,Eye Strain,Urban,13-17 (Teen),5.07,0
18,Male,5.22,Smartphone,True,0.41,,Urban,18-29 (Young Adult),5.22,0
8,Male,0.04,Tablet,False,0.53,,Rural,8-12 (Pre-teen),0.04,0
10,Female,0.42,Smartphone,False,0.43,,Urban,8-12 (Pre-teen),0.42,0
15,Female,3.7,Smartphone,True,0.32,Poor Sleep,Urban,13-17 (Teen),3.7,1
10,Male,4.37,Smartphone,True,0.56,"Poor Sleep, Obesity Risk",Rural,8-12 (Pre-teen),4.37,1
15,Female,5.79,Smartphone,True,0.31,,Urban,13-17 (Teen),5.79,0
8,Male,6.33,Tablet,True,0.54,"Poor Sleep, Anxiety, Obesity Risk",Rural,8-12 (Pre-teen),6.33,1
12,Female,3.27,TV,True,0.43,Poor Sleep,Urban,8-12 (Pre-teen),3.27,1
11,Female,4.95,Smartphone,True,0.41,"Poor Sleep, Eye Strain, Anxiety",Urban,8-12 (Pre-teen),4.95,1
12,Female,3.24,Laptop,True,0.37,"Anxiety, Obesity Risk",Urban,8-12 (Pre-teen),3.24,0
15,Female,4.19,Smartphone,True,0.37,Poor Sleep,Rural,13-17 (Teen),4.19,1
17,Female,3.29,Smartphone,True,0.34,,Urban,13-17 (Teen),3.29,0
11,Female,4.38,TV,True,0.44,"Poor Sleep, Obesity Risk",Rural,8-12 (Pre-teen),4.38,1
18,Female,4.45,TV,True,0.42,,Urban,18-29 (Young Adult),4.45,0
11,Female,3.99,Laptop,True,0.33,Poor Sleep,Rural,8-12 (Pre-teen),3.99,1
10,Male,3.06,TV,True,0.53,"Poor Sleep, Anxiety",Urban,8-12 (Pre-teen),3.06,1
14,Female,6.32,Tablet,True,0.36,Poor Sleep,Urban,13-17 (Teen),6.32,1
10,Female,1.38,Smartphone,False,0.48,,Urban,8-12 (Pre-teen),1.38,0
10,Female,8.26,TV,True,0.59,Poor Sleep,Urban,8-12 (Pre-teen),8.26,1
18,Male,3.25,Laptop,True,0.37,,Urban,18-29 (Young Adult),3.25,0
17,Female,4.75,Smartphone,True,0.34,"Poor Sleep, Eye Strain, Obesity Risk",Urban,13-17 (Teen),4.75,1
12,Female,5.49,TV,True,0.33,"Poor Sleep, Eye Strain",Urban,8-12 (Pre-teen),5.49,1
12,Male,4.26,Laptop,True,0.43,Poor Sleep,Urban,8-12 (Pre-teen),4.26,1
13,Male,7.41,TV,True,0.3,"Poor Sleep, Eye Strain, Anxiety",Urban,13-17 (Teen),7.41,1
15,Female,3.67,Smartphone,True,0.46,Eye Strain,Rural,13-17 (Teen),3.67,0
17,Male,4.51,Smartphone,True,0.48,Poor Sleep,Rural,13-17 (Teen),4.51,1
13,Male,4.38,Smartphone,True,0.43,,Rural,13-17 (Teen),4.38,0
8,Male,3.25,Smartphone,True,0.43,Eye Strain,Rural,8-12 (Pre-teen),3.25,0
15,Female,4.1,Smartphone,True,0.41,Poor Sleep,Urban,13-17 (Teen),4.1,1
15,Female,5.91,Smartphone,True,0.32,Poor Sleep,Urban,13-17 (Teen),5.91,1
16,Female,5.79,Smartphone,True,0.39,"Poor Sleep, Anxiety",Urban,13-17 (Teen),5.79,1
16,Male,5.96,Smartphone,True,0.31,"Poor Sleep, Anxiety",Urban,13-17 (Teen),5.96,1
9,Female,0.0,Smartphone,False,0.51,,Rural,8-12 (Pre-teen),0.0,0
9,Female,7.73,Smartphone,True,0.53,Poor Sleep,Rural,8-12 (Pre-teen),7.73,1
10,Female,4.17,Smartphone,True,0.58,Poor Sleep,Rural,8-12 (Pre-teen),4.17,1
8,Male,8.12,Smartphone,True,0.49,"Poor Sleep, Eye Strain, Obesity Risk",Urban,8-12 (Pre-teen),8.12,1
11,Female,2.4,Tablet,False,0.39,,Rural,8-12 (Pre-teen),2.4,0
11,Female,4.88,Laptop,True,0.42,,Urban,8-12 (Pre-teen),4.88,0
16,Female,6.64,Smartphone,True,0.42,"Poor Sleep, Obesity Risk",Rural,13-17 (Teen),6.64,1
16,Male,3.82,TV,True,0.41,Poor Sleep,Urban,13-17 (Teen),3.82,1
16,Male,5.05,Smartphone,True,0.42,Poor Sleep,Urban,13-17 (Teen),5.05,1
17,Male,5.69,Laptop,True,0.31,Poor Sleep,Urban,13-17 (Teen),5.69,1
14,Female,3.34,Tablet,True,0.48,"Poor Sleep, Obesity Risk",Urban,13-17 (Teen),3.34,1
9,Male,0.0,Smartphone,False,0.47,,Urban,8-12 (Pre-teen),0.0,0
17,Male,4.23,Laptop,True,0.33,"Poor Sleep, Anxiety",Rural,13-17 (Teen),4.23,1
12,Male,3.21,TV,True,0.32,Poor Sleep,Urban,8-12 (Pre-teen),3.21,1
11,Male,3.2,TV,True,0.44,Anxiety,Rural,8-12 (Pre-teen),3.2,0
18,Male,3.96,Smartphone,True,0.46,Poor Sleep,Urban,18-29 (Young Adult),3.96,1
15,Male,5.98,TV,True,0.48,"Poor Sleep, Anxiety",Urban,13-17 (Teen),5.98,1
9,Female,2.64,TV,True,0.46,,Urban,8-12 (Pre-teen),2.64,0
13,Female,5.65,Laptop,True,0.43,"Anxiety, Obesity Risk",Rural,13-17 (Teen),5.65,0
12,Female,3.22,Laptop,True,0.39,"Poor Sleep, Eye Strain",Urban,8-12 (Pre-teen),3.22,1
9,Male,0.28,Smartphone,False,0.5,,Urban,8-12 (Pre-teen),0.28,0
18,Male,5.82,Laptop,True,0.38,"Eye Strain, Obesity Risk",Urban,18-29 (Young Adult),5.82,0
17,Male,4.57,Tablet,True,0.31,"Eye Strain, Anxiety",Urban,13-17 (Teen),4.57,0
8,Female,1.65,TV,False,0.45,,Urban,8-12 (Pre-teen),1.65,0
15,Male,4.74,Laptop,True,0.36,"Poor Sleep, Eye Strain",Urban,13-17 (Teen),4.74,1
9,Male,5.78,TV,True,0.55,,Urban,8-12 (Pre-teen),5.78,0
14,Male,3.26,Smartphone,True,0.49,Poor Sleep,Urban,13-17 (Teen),3.26,1
16,Male,4.09,TV,True,0.48,,Rural,13-17 (Teen),4.09,0
16,Male,5.8,Smartphone,True,0.48,,Urban,13-17 (Teen),5.8,0
15,Female,4.07,Smartphone,True,0.36,"Eye Strain, Obesity Risk",Urban,13-17 (Teen),4.07,0
18,Male,3.41,Smartphone,True,0.41,,Urban,18-29 (Young Adult),3.41,0
17,Female,2.64,Smartphone,False,0.31,,Urban,13-17 (Teen),2.64,0
16,Male,5.49,Smartphone,True,0.46,Obesity Risk,Urban,13-17 (Teen),5.49,0
9,Male,0.0,TV,False,0.55,,Rural,8-12 (Pre-teen),0.0,0
13,Male,4.87,TV,True,0.32,Poor Sleep,Urban,13-17 (Teen),4.87,1
11,Female,2.11,TV,False,0.46,,Urban,8-12 (Pre-teen),2.11,0
11,Male,5.61,Laptop,True,0.5,,Urban,8-12 (Pre-teen),5.61,0
12,Female,3.97,Smartphone,True,0.49,Eye Strain,Rural,8-12 (Pre-teen),3.97,0
10,Female,5.16,TV,True,0.57,,Urban,8-12 (Pre-teen),5.16,0
8,Female,6.72,Smartphone,True,0.53,,Urban,8-12 (Pre-teen),6.72,0
15,Male,5.74,Tablet,True,0.38,"Poor Sleep, Anxiety",Urban,13-17 (Teen),5.74,1
12,Female,4.02,Smartphone,True,0.31,"Eye Strain, Anxiety",Urban,8-12 (Pre-teen),4.02,0
10,Male,7.53,Smartphone,True,0.45,,Urban,8-12 (Pre-teen),7.53,0
17,Female,4.93,TV,True,0.37,"Poor Sleep, Anxiety, Obesity Risk",Urban,13-17 (Teen),4.93,1
14,Male,4.75,Smartphone,True,0.37,Poor Sleep,Rural,13-17 (Teen),4.75,1
14,Male,1.55,Smartphone,False,0.41,,Urban,13-17 (Teen),1.55,0
8,Female,3.28,Smartphone,True,0.59,"Eye Strain, Obesity Risk",Urban,8-12 (Pre-teen),3.28,0
16,Female,3.48,Smartphone,True,0.44,"Poor Sleep, Eye Strain, Anxiety, Obesity Risk",Urban,13-17 (Teen),3.48,1
9,Female,0.36,Smartphone,False,0.54,,Rural,8-12 (Pre-teen),0.36,0
12,Female,2.67,Smartphone,False,0.41,,Urban,8-12 (Pre-teen),2.67,0
12,Male,5.4,TV,True,0.3,,Rural,8-12 (Pre-teen),5.4,0
15,Female,2.14,Smartphone,False,0.45,,Urban,13-17 (Teen),2.14,0
15,Female,5.17,Laptop,True,0.38,"Poor Sleep, Eye Strain",Rural,13-17 (Teen),5.17,1
14,Female,2.92,Smartphone,False,0.41,,Urban,13-17 (Teen),2.92,0
14,Female,3.3,Tablet,True,0.46,"Poor Sleep, Anxiety",Urban,13-17 (Teen),3.3,1
18,Female,5.35,Smartphone,True,0.4,Poor Sleep,Rural,18-29 (Young Adult),5.35,1
13,Male,3.82,TV,True,0.49,Anxiety,Urban,13-17 (Teen),3.82,0
13,Female,3.39,TV,True,0.36,Poor Sleep,Urban,13-17 (Teen),3.39,1
18,Male,5.12,Laptop,True,0.34,,Urban,18-29 (Young Adult),5.12,0
16,Male,2.51,Laptop,False,0.37,,Urban,13-17 (Teen),2.51,0
13,Female,3.77,Smartphone,True,0.3,Poor Sleep,Urban,13-17 (Teen),3.77,1
9,Male,4.39,TV,True,0.49,"Poor Sleep, Anxiety",Urban,8-12 (Pre-teen),4.39,1
9,Female,4.35,TV,True,0.45,"Poor Sleep, Obesity Risk",Urban,8-12 (Pre-teen),4.35,1
12,Male,4.72,TV,True,0.4,"Poor Sleep, Eye Strain, Anxiety",Rural,8-12 (Pre-teen),4.72,1
11,Female,4.3,Smartphone,True,0.37,,Urban,8-12 (Pre-teen),4.3,0
18,Male,3.82,Laptop,True,0.42,"Poor Sleep, Eye Strain",Urban,18-29 (Young Adult),3.82,1
9,Female,6.33,Tablet,True,0.48,"Poor Sleep, Eye Strain",Urban,8-12 (Pre-teen),6.33,1
10,Male,7.55,TV,True,0.47,Eye Strain,Urban,8-12 (Pre-teen),7.55,0
14,Female,5.92,Laptop,True,0.49,"Poor Sleep, Obesity Risk",Urban,13-17 (Teen),5.92,1
15,Female,3.39,Smartphone,True,0.35,Anxiety,Urban,13-17 (Teen),3.39,0
13,Female,5.2,TV,True,0.37,"Poor Sleep, Obesity Risk",Urban,13-17 (Teen),5.2,1
18,Male,3.39,Laptop,True,0.42,"Poor Sleep, Anxiety",Rural,18-29 (Young Adult),3.39,1
12,Female,5.56,Smartphone,True,0.34,"Poor Sleep, Eye Strain, Anxiety",Urban,8-12 (Pre-teen),5.56,1
8,Female,2.1,TV,True,0.45,,Rural,8-12 (Pre-teen),2.1,0
15,Male,5.13,Smartphone,True,0.46,Poor Sleep,Urban,13-17 (Teen),5.13,1
10,Male,0.0,Tablet,False,0.55,,Urban,8-12 (Pre-teen),0.0,0
13,Male,3.35,Smartphone,True,0.37,"Anxiety, Obesity Risk",Urban,13-17 (Teen),3.35,0
10,Female,3.99,TV,True,0.52,"Poor Sleep, Anxiety",Rural,8-12 (Pre-teen),3.99,1
14,Female,2.82,Smartphone,False,0.31,,Urban,13-17 (Teen),2.82,0
14,Male,3.19,Tablet,True,0.42,"Poor Sleep, Anxiety",Rural,13-17 (Teen),3.19,1
16,Male,4.81,Smartphone,True,0.31,,Urban,13-17 (Teen),4.81,0
12,Female,3.65,Laptop,True,0.31,"Poor Sleep, Anxiety",Urban,8-12 (Pre-teen),3.65,1
15,Male,4.98,Laptop,True,0.35,Eye Strain,Urban,13-17 (Teen),4.98,0
17,Female,5.68,Tablet,True,0.46,Poor Sleep,Urban,13-17 (Teen),5.68,1
17,Male,4.11,Laptop,True,0.46,"Poor Sleep, Eye Strain",Urban,13-17 (Teen),4.11,1
15,Male,5.99,Smartphone,True,0.45,Eye Strain,Rural,13-17 (Teen),5.99,0
8,Male,3.22,Smartphone,True,0.47,Obesity Risk,Urban,8-12 (Pre-teen),3.22,0
12,Female,4.1,Smartphone,True,0.49,"Poor Sleep, Obesity Risk",Urban,8-12 (Pre-teen),4.1,1
10,Female,5.11,Smartphone,True,0.59,,Rural,8-12 (Pre-teen),5.11,0
8,Male,1.63,Smartphone,False,0.48,,Rural,8-12 (Pre-teen),1.63,0
11,Female,4.96,Laptop,True,0.38,Anxiety,Urban,8-12 (Pre-teen),4.96,0
15,Female,4.02,Smartphone,True,0.32,"Eye Strain, Obesity Risk",Urban,13-17 (Teen),4.02,0
10,Female,0.24,Smartphone,False,0.45,,Urban,8-12 (Pre-teen),0.24,0
17,Male,4.56,Smartphone,True,0.38,Anxiety,Urban,13-17 (Teen),4.56,0
9,Male,6.62,TV,True,0.46,"Poor Sleep, Eye Strain, Anxiety",Urban,8-12 (Pre-teen),6.62,1
18,Male,5.5,TV,True,0.31,"Poor Sleep, Eye Strain",Urban,18-29 (Young Adult),5.5,1
16,Female,5.11,Tablet,True,0.46,,Rural,13-17 (Teen),5.11,0
17,Female,2.27,TV,False,0.4,,Urban,13-17 (Teen),2.27,0
12,Female,5.25,Laptop,True,0.38,Poor Sleep,Rural,8-12 (Pre-teen),5.25,1
14,Female,3.31,Smartphone,True,0.46,Poor Sleep,Rural,13-17 (Teen),3.31,1
18,Male,4.58,Smartphone,True,0.31,Poor Sleep,Rural,18-29 (Young Adult),4.58,1
18,Male,4.37,Tablet,True,0.32,"Poor Sleep, Anxiety, Obesity Risk",Urban,18-29 (Young Adult),4.37,1
9,Female,1.77,Smartphone,False,0.45,,Urban,8-12 (Pre-teen),1.77,0
16,Female,5.7,TV,True,0.46,,Urban,13-17 (Teen),5.7,0
16,Male,6.59,Tablet,True,0.34,Poor Sleep,Rural,13-17 (Teen),6.59,1
11,Female,3.26,Laptop,True,0.49,,Urban,8-12 (Pre-teen),3.26,0
11,Male,4.71,TV,True,0.42,,Urban,8-12 (Pre-teen),4.71,0
13,Female,2.95,Laptop,False,0.48,,Urban,13-17 (Teen),2.95,0
17,Female,4.86,Smartphone,True,0.38,,Rural,13-17 (Teen),4.86,0
17,Male,3.92,Smartphone,True,0.38,"Poor Sleep, Anxiety",Urban,13-17 (Teen),3.92,1
17,Female,6.46,Tablet,True,0.4,Poor Sleep,Rural,13-17 (Teen),6.46,1
13,Female,4.14,Smartphone,True,0.42,,Rural,13-17 (Teen),4.14,0
8,Female,8.24,Smartphone,True,0.48,"Poor Sleep, Anxiety",Rural,8-12 (Pre-teen),8.24,1
16,Male,2.92,Tablet,False,0.39,,Urban,13-17 (Teen),2.92,0
9,Male,5.26,TV,True,0.47,"Poor Sleep, Eye Strain",Urban,8-12 (Pre-teen),5.26,1
12,Male,3.59,Laptop,True,0.3,"Poor Sleep, Eye Strain",Urban,8-12 (Pre-teen),3.59,1
16,Female,7.55,Laptop,True,0.45,Poor Sleep,Urban,13-17 (Teen),7.55,1
11,Female,5.22,Laptop,True,0.41,Poor Sleep,Urban,8-12 (Pre-teen),5.22,1
18,Male,5.27,Smartphone,True,0.34,Obesity Risk,Rural,18-29 (Young Adult),5.27,0
10,Male,1.98,Smartphone,False,0.54,,Urban,8-12 (Pre-teen),1.98,0
14,Male,4.97,Smartphone,True,0.32,Poor Sleep,Urban,13-17 (Teen),4.97,1
13,Male,2.78,TV,False,0.36,,Rural,13-17 (Teen),2.78,0
15,Male,3.96,TV,True,0.49,,Urban,13-17 (Teen),3.96,0
10,Female,6.32,TV,True,0.5,"Poor Sleep, Eye Strain",Urban,8-12 (Pre-teen),6.32,1
12,Male,4.19,TV,True,0.38,Poor Sleep,Urban,8-12 (Pre-teen),4.19,1
17,Male,4.75,TV,True,0.4,Poor Sleep,Urban,13-17 (Teen),4.75,1
11,Female,4.0,Tablet,True,0.39,"Poor Sleep, Eye Strain",Urban,8-12 (Pre-teen),4.0,1
11,Male,4.88,TV,True,0.4,,Urban,8-12 (Pre-teen),4.88,0
11,Male,3.74,Smartphone,True,0.47,Eye Strain,Urban,8-12 (Pre-teen),3.74,0
17,Male,5.54,Smartphone,True,0.35,Poor Sleep,Rural,13-17 (Teen),5.54,1
15,Female,5.55,Tablet,True,0.42,"Poor Sleep, Eye Strain",Urban,13-17 (Teen),5.55,1
13,Female,4.27,TV,True,0.37,Poor Sleep,Urban,13-17 (Teen),4.27,1
10,Female,8.83,Tablet,True,0.45,"Poor Sleep, Anxiety",Rural,8-12 (Pre-teen),8.83,1
17,Female,6.56,Smartphone,True,0.48,Poor Sleep,Rural,13-17 (Teen),6.56,1
12,Male,4.52,Smartphone,True,0.31,"Poor Sleep, Eye Strain",Urban,8-12 (Pre-teen),4.52,1
13,Male,3.83,Tablet,True,0.31,"Poor Sleep, Eye Strain, Anxiety, Obesity Risk",Rural,13-17 (Teen),3.83,1
12,Female,2.04,Smartphone,False,0.46,,Urban,8-12 (Pre-teen),2.04,0
13,Male,7.06,TV,True,0.3,"Poor Sleep, Eye Strain",Urban,13-17 (Teen),7.06,1
15,Female,5.08,TV,True,0.33,"Poor Sleep, Eye Strain",Urban,13-17 (Teen),5.08,1
14,Male,3.11,Laptop,True,0.4,"Poor Sleep, Anxiety",Urban,13-17 (Teen),3.11,1
12,Male,5.25,Smartphone,True,0.36,"Poor Sleep, Eye Strain",Urban,8-12 (Pre-teen),5.25,1
17,Female,3.62,Smartphone,True,0.38,Poor Sleep,Urban,13-17 (Teen),3.62,1
13,Male,2.75,Smartphone,False,0.4,,Urban,13-17 (Teen),2.75,0
11,Female,4.17,Smartphone,True,0.48,"Poor Sleep, Eye Strain",Urban,8-12 (Pre-teen),4.17,1
16,Female,4.98,Smartphone,True,0.44,"Poor Sleep, Anxiety",Rural,13-17 (Teen),4.98,1
11,Female,6.57,Smartphone,True,0.38,Eye Strain,Rural,8-12 (Pre-teen),6.57,0
8,Male,3.94,Smartphone,True,0.5,Poor Sleep,Urban,8-12 (Pre-teen),3.94,1
14,Female,4.19,Laptop,True,0.43,,Urban,13-17 (Teen),4.19,0
14,Female,4.15,Smartphone,True,0.33,,Urban,13-17 (Teen),4.15,0
11,Female,3.61,Laptop,True,0.35,Anxiety,Urban,8-12 (Pre-teen),3.61,0
10,Female,0.46,TV,False,0.58,,Urban,8-12 (Pre-teen),0.46,0
15,Male,6.5,TV,True,0.45,Eye Strain,Urban,13-17 (Teen),6.5,0
12,Male,3.99,Tablet,True,0.3,,Urban,8-12 (Pre-teen),3.99,0
17,Female,4.04,Smartphone,True,0.33,Poor Sleep,Urban,13-17 (Teen),4.04,1
14,Male,2.87,Tablet,False,0.49,,Urban,13-17 (Teen),2.87,0
11,Female,3.25,Smartphone,True,0.43,Eye Strain,Rural,8-12 (Pre-teen),3.25,0
11,Male,3.77,Smartphone,True,0.32,"Poor Sleep, Eye Strain",Urban,8-12 (Pre-teen),3.77,1
15,Female,3.17,Laptop,True,0.3,"Poor Sleep, Eye Strain, Anxiety, Obesity Risk",Rural,13-17 (Teen),3.17,1
15,Female,2.38,Tablet,False,0.31,,Urban,13-17 (Teen),2.38,0
9,Male,1.79,TV,False,0.55,,Urban,8-12 (Pre-teen),1.79,0
9,Female,0.74,Smartphone,False,0.46,,Urban,8-12 (Pre-teen),0.74,0
10,Male,6.41,TV,True,0.56,,Urban,8-12 (Pre-teen),6.41,0
10,Male,6.23,TV,True,0.58,Eye Strain,Urban,8-12 (Pre-teen),6.23,0
8,Female,0.0,Smartphone,False,0.45,,Urban,8-12 (Pre-teen),0.0,0
10,Male,7.27,Tablet,True,0.57,,Rural,8-12 (Pre-teen),7.27,0
13,Female,4.98,TV,True,0.42,Poor Sleep,Urban,13-17 (Teen),4.98,1
15,Female,2.55,Smartphone,False,0.38,,Urban,13-17 (Teen),2.55,0
17,Female,5.73,Smartphone,True,0.37,"Poor Sleep, Eye Strain",Urban,13-17 (Teen),5.73,1
13,Male,5.61,Laptop,True,0.42,"Poor Sleep, Eye Strain",Urban,13-17 (Teen),5.61,1
12,Female,5.78,Smartphone,True,0.37,"Poor Sleep, Eye Strain, Obesity Risk",Urban,8-12 (Pre-teen),5.78,1
11,Male,2.69,Tablet,False,0.36,,Urban,8-12 (Pre-teen),2.69,0
10,Female,9.98,TV,True,0.49,,Urban,8-12 (Pre-teen),9.98,0
11,Female,3.61,Tablet,True,0.32,"Poor Sleep, Eye Strain",Rural,8-12 (Pre-teen),3.61,1
14,Male,4.9,Smartphone,True,0.37,Poor Sleep,Urban,13-17 (Teen),4.9,1
8,Female,4.2,Smartphone,True,0.51,Obesity Risk,Urban,8-12 (Pre-teen),4.2,0
14,Female,2.27,Smartphone,False,0.33,,Urban,13-17 (Teen),2.27,0
8,Female,11.77,Smartphone,True,0.59,Poor Sleep,Urban,8-12 (Pre-teen),11.77,1
9,Female,4.93,TV,True,0.51,Anxiety,Urban,8-12 (Pre-teen),4.93,0
11,Male,4.12,TV,True,0.31,Poor Sleep,Urban,8-12 (Pre-teen),4.12,1
8,Male,2.99,TV,True,0.58,,Rural,8-12 (Pre-teen),2.99,0
18,Male,6.64,Smartphone,True,0.34,Poor Sleep,Rural,18-29 (Young Adult),6.64,1
18,Female,2.9,Smartphone,False,0.34,,Rural,18-29 (Young Adult),2.9,0
18,Male,3.18,TV,True,0.44,Poor Sleep,Urban,18-29 (Young Adult),3.18,1
16,Female,7.44,TV,True,0.46,"Poor Sleep, Anxiety",Urban,13-17 (Teen),7.44,1
13,Female,5.61,Tablet,True,0.41,"Poor Sleep, Obesity Risk",Rural,13-17 (Teen),5.61,1
8,Male,2.67,Smartphone,True,0.47,,Urban,8-12 (Pre-teen),2.67,0
8,Female,4.62,Smartphone,True,0.48,,Rural,8-12 (Pre-teen),4.62,0
13,Male,4.14,Smartphone,True,0.4,,Urban,13-17 (Teen),4.14,0
11,Male,5.1,Smartphone,True,0.47,Eye Strain,Urban,8-12 (Pre-teen),5.1,0
11,Female,5.31,TV,True,0.35,"Poor Sleep, Anxiety",Urban,8-12 (Pre-teen),5.31,1
18,Male,6.37,Tablet,True,0.42,"Eye Strain, Obesity Risk",Rural,18-29 (Young Adult),6.37,0
13,Male,5.55,Smartphone,True,0.46,"Poor Sleep, Anxiety",Urban,13-17 (Teen),5.55,1
18,Male,3.54,Smartphone,True,0.4,,Urban,18-29 (Young Adult),3.54,0
14,Female,4.68,Smartphone,True,0.44,"Poor Sleep, Eye Strain, Anxiety",Rural,13-17 (Teen),4.68,1
16,Male,6.27,Smartphone,True,0.38,"Poor Sleep, Obesity Risk",Urban,13-17 (Teen),6.27,1
17,Female,4.5,Smartphone,True,0.31,"Poor Sleep, Eye Strain",Urban,13-17 (Teen),4.5,1
12,Male,2.94,Laptop,False,0.46,,Rural,8-12 (Pre-teen),2.94,0
16,Female,4.72,Smartphone,True,0.34,Anxiety,Urban,13-17 (Teen),4.72,0
11,Male,4.27,Smartphone,True,0.37,,Urban,8-12 (Pre-teen),4.27,0
17,Female,3.28,Smartphone,True,0.32,,Urban,13-17 (Teen),3.28,0
9,Female,2.56,Smartphone,True,0.47,,Urban,8-12 (Pre-teen),2.56,0
10,Male,5.13,TV,True,0.41,Poor Sleep,Urban,8-12 (Pre-teen),5.13,1
18,Female,2.34,Tablet,False,0.38,,Urban,18-29 (Young Adult),2.34,0
8,Male,5.28,TV,True,0.49,"Poor Sleep, Eye Strain",Rural,8-12 (Pre-teen),5.28,1
13,Female,3.75,Smartphone,True,0.48,"Poor Sleep, Obesity Risk",Urban,13-17 (Teen),3.75,1
13,Male,5.81,Smartphone,True,0.46,,Urban,13-17 (Teen),5.81,0
8,Female,5.55,Smartphone,True,0.58,Poor Sleep,Urban,8-12 (Pre-teen),5.55,1
18,Female,5.05,TV,True,0.37,Poor Sleep,Rural,18-29 (Young Adult),5.05,1
10,Female,0.0,TV,False,0.56,,Rural,8-12 (Pre-teen),0.0,0
12,Female,3.22,TV,True,0.32,Poor Sleep,Urban,8-12 (Pre-teen),3.22,1
10,Female,5.16,TV,True,0.58,,Urban,8-12 (Pre-teen),5.16,0
17,Female,5.31,Smartphone,True,0.33,"Eye Strain, Anxiety, Obesity Risk",Urban,13-17 (Teen),5.31,0
10,Male,0.8,Smartphone,False,0.53,,Urban,8-12 (Pre-teen),0.8,0
17,Female,4.0,Smartphone,True,0.44,Poor Sleep,Urban,13-17 (Teen),4.0,1
10,Male,2.89,Tablet,True,0.48,,Urban,8-12 (Pre-teen),2.89,0
12,Female,6.9,Tablet,True,0.31,Poor Sleep,Rural,8-12 (Pre-teen),6.9,1
12,Male,2.01,Smartphone,False,0.36,,Urban,8-12 (Pre-teen),2.01,0
11,Female,3.05,TV,True,0.38,Poor Sleep,Urban,8-12 (Pre-teen),3.05,1
8,Male,4.61,Smartphone,True,0.54,Poor Sleep,Urban,8-12 (Pre-teen),4.61,1
12,Female,5.62,TV,True,0.33,Poor Sleep,Urban,8-12 (Pre-teen),5.62,1
17,Male,5.18,Smartphone,True,0.44,Poor Sleep,Urban,13-17 (Teen),5.18,1
12,Male,4.1,TV,True,0.5,,Rural,8-12 (Pre-teen),4.1,0
11,Male,7.15,Tablet,True,0.31,,Urban,8-12 (Pre-teen),7.15,0
13,Female,4.79,Smartphone,True,0.33,Obesity Risk,Urban,13-17 (Teen),4.79,0
17,Male,5.67,Laptop,True,0.49,,Urban,13-17 (Teen),5.67,0
11,Female,7.15,Smartphone,True,0.33,Eye Strain,Urban,8-12 (Pre-teen),7.15,0
14,Female,3.01,Smartphone,True,0.41,Poor Sleep,Urban,13-17 (Teen),3.01,1
14,Male,4.59,TV,True,0.35,Eye Strain,Rural,13-17 (Teen),4.59,0
9,Female,1.62,TV,False,0.54,,Rural,8-12 (Pre-teen),1.62,0
10,Male,2.63,Smartphone,True,0.51,,Urban,8-12 (Pre-teen),2.63,0
8,Female,4.39,TV,True,0.56,Eye Strain,Urban,8-12 (Pre-teen),4.39,0
15,Female,4.56,Smartphone,True,0.36,"Poor Sleep, Anxiety",Urban,13-17 (Teen),4.56,1
16,Male,4.14,Smartphone,True,0.44,"Poor Sleep, Anxiety, Obesity Risk",Urban,13-17 (Teen),4.14,1
11,Male,4.43,Laptop,True,0.43,"Poor Sleep, Anxiety",Urban,8-12 (Pre-teen),4.43,1
13,Male,6.84,Smartphone,True,0.46,Anxiety,Urban,13-17 (Teen),6.84,0
16,Female,4.84,Smartphone,True,0.39,Obesity Risk,Rural,13-17 (Teen),4.84,0
13,Female,3.14,Laptop,True,0.37,Eye Strain,Urban,13-17 (Teen),3.14,0
16,Male,3.56,Tablet,True,0.39,Poor Sleep,Urban,13-17 (Teen),3.56,1
11,Female,5.54,Laptop,True,0.34,Obesity Risk,Urban,8-12 (Pre-teen),5.54,0
15,Male,1.59,Laptop,False,0.46,,Urban,13-17 (Teen),1.59,0
16,Female,5.73,Laptop,True,0.36,"Eye Strain, Obesity Risk",Rural,13-17 (Teen),5.73,0
11,Male,3.12,TV,True,0.37,Obesity Risk,Urban,8-12 (Pre-teen),3.12,0
12,Male,5.92,Laptop,True,0.37,Anxiety,Urban,8-12 (Pre-teen),5.92,0
15,Female,4.76,Tablet,True,0.32,Obesity Risk,Urban,13-17 (Teen),4.76,0
17,Male,5.15,Smartphone,True,0.39,Poor Sleep,Rural,13-17 (Teen),5.15,1
13,Male,4.15,Laptop,True,0.46,Poor Sleep,Rural,13-17 (Teen),4.15,1
14,Female,4.75,Laptop,True,0.31,Poor Sleep,Urban,13-17 (Teen),4.75,1
10,Male,6.81,TV,True,0.46,,Urban,8-12 (Pre-teen),6.81,0
14,Male,5.5,Smartphone,True,0.35,Poor Sleep,Urban,13-17 (Teen),5.5,1
15,Female,5.08,TV,True,0.32,"Poor Sleep, Eye Strain",Rural,13-17 (Teen),5.08,1
17,Male,3.92,Smartphone,True,0.39,,Rural,13-17 (Teen),3.92,0
13,Male,5.15,Smartphone,True,0.42,Poor Sleep,Urban,13-17 (Teen),5.15,1
17,Male,4.04,Smartphone,True,0.49,"Poor Sleep, Anxiety",Rural,13-17 (Teen),4.04,1
16,Female,4.53,Smartphone,True,0.44,Poor Sleep,Urban,13-17 (Teen),4.53,1
13,Female,3.85,TV,True,0.32,"Eye Strain, Obesity Risk",Urban,13-17 (Teen),3.85,0
16,Male,1.92,Smartphone,False,0.46,,Urban,13-17 (Teen),1.92,0
11,Male,4.41,TV,True,0.39,Eye Strain,Rural,8-12 (Pre-teen),4.41,0
15,Female,3.25,Smartphone,True,0.37,"Poor Sleep, Eye Strain",Urban,13-17 (Teen),3.25,1
18,Female,3.89,Smartphone,True,0.31,"Poor Sleep, Eye Strain, Obesity Risk",Urban,18-29 (Young Adult),3.89,1
11,Female,3.2,Smartphone,True,0.35,Poor Sleep,Urban,8-12 (Pre-teen),3.2,1
9,Male,2.97,Smartphone,True,0.44,,Urban,8-12 (Pre-teen),2.97,0
17,Male,4.34,TV,True,0.36,Obesity Risk,Urban,13-17 (Teen),4.34,0
18,Male,5.13,TV,True,0.34,Poor Sleep,Urban,18-29 (Young Adult),5.13,1
16,Female,4.62,Smartphone,True,0.32,,Rural,13-17 (Teen),4.62,0
12,Female,2.84,Tablet,False,0.31,,Urban,8-12 (Pre-teen),2.84,0
11,Male,6.24,Smartphone,True,0.41,,Urban,8-12 (Pre-teen),6.24,0
9,Male,2.03,Smartphone,True,0.56,,Urban,8-12 (Pre-teen),2.03,0
8,Male,6.44,TV,True,0.54,Poor Sleep,Urban,8-12 (Pre-teen),6.44,1
18,Female,2.77,Smartphone,False,0.47,,Urban,18-29 (Young Adult),2.77,0
14,Female,5.37,Smartphone,True,0.46,"Poor Sleep, Anxiety",Urban,13-17 (Teen),5.37,1
13,Male,4.56,Smartphone,True,0.35,"Poor Sleep, Anxiety",Urban,13-17 (Teen),4.56,1
9,Female,3.38,Smartphone,True,0.53,Poor Sleep,Rural,8-12 (Pre-teen),3.38,1
15,Male,5.52,Smartphone,True,0.3,Eye Strain,Urban,13-17 (Teen),5.52,0
18,Male,6.84,Smartphone,True,0.43,Poor Sleep,Rural,18-29 (Young Adult),6.84,1
11,Female,4.57,TV,True,0.37,Poor Sleep,Urban,8-12 (Pre-teen),4.57,1
15,Female,5.74,Smartphone,True,0.35,,Rural,13-17 (Teen),5.74,0
14,Female,5.75,TV,True,0.42,,Rural,13-17 (Teen),5.75,0
12,Female,6.5,Smartphone,True,0.39,,Urban,8-12 (Pre-teen),6.5,0
17,Female,4.39,Smartphone,True,0.31,,Urban,13-17 (Teen),4.39,0
17,Female,3.83,Laptop,True,0.47,Anxiety,Rural,13-17 (Teen),3.83,0
15,Male,4.59,Smartphone,True,0.35,Poor Sleep,Urban,13-17 (Teen),4.59,1
16,Male,5.31,TV,True,0.45,"Poor Sleep, Obesity Risk",Rural,13-17 (Teen),5.31,1
12,Female,4.52,Tablet,True,0.5,,Urban,8-12 (Pre-teen),4.52,0
17,Female,3.6,TV,True,0.35,Poor Sleep,Urban,13-17 (Teen),3.6,1
12,Female,5.96,Tablet,True,0.31,Poor Sleep,Urban,8-12 (Pre-teen),5.96,1
9,Female,0.24,TV,False,0.54,,Rural,8-12 (Pre-teen),0.24,0
12,Male,3.55,TV,True,0.43,Poor Sleep,Rural,8-12 (Pre-teen),3.55,1
10,Male,4.69,Smartphone,True,0.42,Anxiety,Urban,8-12 (Pre-teen),4.69,0
14,Male,5.52,TV,True,0.44,Poor Sleep,Urban,13-17 (Teen),5.52,1
17,Female,3.12,Smartphone,True,0.47,"Poor Sleep, Obesity Risk",Urban,13-17 (Teen),3.12,1
12,Female,6.11,Laptop,True,0.34,Eye Strain,Urban,8-12 (Pre-teen),6.11,0
15,Female,4.47,Smartphone,True,0.4,"Poor Sleep, Eye Strain",Urban,13-17 (Teen),4.47,1
8,Male,5.37,TV,True,0.5,Poor Sleep,Urban,8-12 (Pre-teen),5.37,1
10,Female,8.3,TV,True,0.43,Anxiety,Urban,8-12 (Pre-teen),8.3,0
10,Female,8.08,Smartphone,True,0.53,Poor Sleep,Rural,8-12 (Pre-teen),8.08,1
16,Male,5.04,Smartphone,True,0.43,Obesity Risk,Urban,13-17 (Teen),5.04,0
12,Male,2.9,TV,False,0.39,,Rural,8-12 (Pre-teen),2.9,0
16,Female,3.27,Laptop,True,0.46,,Urban,13-17 (Teen),3.27,0
16,Female,3.39,Smartphone,True,0.42,"Poor Sleep, Eye Strain",Urban,13-17 (Teen),3.39,1
8,Male,0.08,Smartphone,False,0.46,,Urban,8-12 (Pre-teen),0.08,0
9,Female,6.13,TV,True,0.58,Eye Strain,Urban,8-12 (Pre-teen),6.13,0
12,Male,5.15,Smartphone,True,0.4,Eye Strain,Rural,8-12 (Pre-teen),5.15,0
11,Female,6.99,Tablet,True,0.38,"Poor Sleep, Eye Strain",Urban,8-12 (Pre-teen),6.99,1
17,Male,4.06,Smartphone,True,0.42,,Urban,13-17 (Teen),4.06,0
16,Female,3.88,Laptop,True,0.45,"Anxiety, Obesity Risk",Urban,13-17 (Teen),3.88,0
14,Male,5.75,Smartphone,True,0.44,Poor Sleep,Urban,13-17 (Teen),5.75,1
13,Female,6.05,TV,True,0.37,Poor Sleep,Urban,13-17 (Teen),6.05,1
14,Male,5.39,TV,True,0.43,"Poor Sleep, Eye Strain",Rural,13-17 (Teen),5.39,1
8,Female,0.26,Tablet,False,0.46,,Rural,8-12 (Pre-teen),0.26,0
8,Female,0.0,Smartphone,False,0.57,,Urban,8-12 (Pre-teen),0.0,0
15,Male,5.12,Smartphone,True,0.48,"Poor Sleep, Eye Strain",Urban,13-17 (Teen),5.12,1
9,Male,3.88,Smartphone,True,0.56,Eye Strain,Urban,8-12 (Pre-teen),3.88,0
17,Male,3.31,Smartphone,True,0.38,"Poor Sleep, Eye Strain",Urban,13-17 (Teen),3.31,1
18,Female,6.79,Smartphone,True,0.32,Poor Sleep,Urban,18-29 (Young Adult),6.79,1
16,Female,4.24,Laptop,True,0.37,Eye Strain,Urban,13-17 (Teen),4.24,0
14,Female,5.29,TV,True,0.3,"Poor Sleep, Eye Strain",Urban,13-17 (Teen),5.29,1
13,Female,4.64,Tablet,True,0.43,Poor Sleep,Rural,13-17 (Teen),4.64,1
8,Male,3.24,TV,True,0.56,"Poor Sleep, Obesity Risk",Urban,8-12 (Pre-teen),3.24,1
8,Male,6.99,Smartphone,True,0.43,,Rural,8-12 (Pre-teen),6.99,0
9,Male,2.87,Tablet,True,0.54,,Urban,8-12 (Pre-teen),2.87,0
13,Male,4.84,TV,True,0.47,"Poor Sleep, Eye Strain, Obesity Risk",Rural,13-17 (Teen),4.84,1
13,Male,3.27,Smartphone,True,0.45,Eye Strain,Urban,13-17 (Teen),3.27,0
9,Female,7.0,TV,True,0.56,Poor Sleep,Urban,8-12 (Pre-teen),7.0,1
8,Male,7.6,Tablet,True,0.45,Anxiety,Urban,8-12 (Pre-teen),7.6,0
17,Male,6.19,Smartphone,True,0.49,"Eye Strain, Obesity Risk",Urban,13-17 (Teen),6.19,0
12,Male,5.05,Laptop,True,0.39,Poor Sleep,Urban,8-12 (Pre-teen),5.05,1
12,Female,4.46,TV,True,0.34,,Urban,8-12 (Pre-teen),4.46,0
9,Male,0.0,TV,False,0.5,,Urban,8-12 (Pre-teen),0.0,0
13,Male,5.73,Laptop,True,0.45,,Urban,13-17 (Teen),5.73,0
16,Male,2.68,Smartphone,False,0.41,,Rural,13-17 (Teen),2.68,0
9,Male,7.16,Smartphone,True,0.57,"Poor Sleep, Eye Strain",Rural,8-12 (Pre-teen),7.16,1
17,Female,5.52,Laptop,True,0.36,"Poor Sleep, Anxiety",Urban,13-17 (Teen),5.52,1
9,Male,1.07,TV,False,0.48,,Urban,8-12 (Pre-teen),1.07,0
10,Male,5.37,TV,True,0.53,"Poor Sleep, Eye Strain, Obesity Risk",Rural,8-12 (Pre-teen),5.37,1
14,Female,3.62,Smartphone,True,0.35,Eye Strain,Urban,13-17 (Teen),3.62,0
13,Male,6.5,Smartphone,True,0.34,"Poor Sleep, Obesity Risk",Rural,13-17 (Teen),6.5,1
15,Female,4.43,Smartphone,True,0.32,"Poor Sleep, Eye Strain",Urban,13-17 (Teen),4.43,1
15,Male,2.0,Laptop,False,0.38,,Rural,13-17 (Teen),2.0,0
13,Male,3.48,Smartphone,True,0.47,"Poor Sleep, Eye Strain",Urban,13-17 (Teen),3.48,1
18,Female,6.33,Laptop,True,0.35,"Eye Strain, Anxiety",Urban,18-29 (Young Adult),6.33,0
17,Male,3.73,Smartphone,True,0.33,,Urban,13-17 (Teen),3.73,0
10,Female,7.23,Tablet,True,0.44,Poor Sleep,Urban,8-12 (Pre-teen),7.23,1
10,Male,4.38,TV,True,0.53,Poor Sleep,Rural,8-12 (Pre-teen),4.38,1
8,Female,2.95,Tablet,True,0.42,,Urban,8-12 (Pre-teen),2.95,0
14,Female,3.0,Smartphone,False,0.36,,Urban,13-17 (Teen),3.0,0
12,Female,3.61,Laptop,True,0.45,,Urban,8-12 (Pre-teen),3.61,0
11,Female,2.09,Laptop,False,0.48,,Rural,8-12 (Pre-teen),2.09,0
17,Male,4.88,Smartphone,True,0.31,Anxiety,Urban,13-17 (Teen),4.88,0
11,Female,5.45,Laptop,True,0.47,Poor Sleep,Rural,8-12 (Pre-teen),5.45,1
11,Female,4.27,Smartphone,True,0.43,Poor Sleep,Urban,8-12 (Pre-teen),4.27,1
13,Female,5.83,Laptop,True,0.43,Eye Strain,Urban,13-17 (Teen),5.83,0
15,Male,3.86,Laptop,True,0.35,,Rural,13-17 (Teen),3.86,0
15,Female,4.05,Laptop,True,0.32,Poor Sleep,Urban,13-17 (Teen),4.05,1
12,Male,2.81,TV,False,0.47,,Urban,8-12 (Pre-teen),2.81,0
13,Male,5.02,Smartphone,True,0.35,Anxiety,Urban,13-17 (Teen),5.02,0
11,Male,5.28,Tablet,True,0.41,"Poor Sleep, Anxiety",Rural,8-12 (Pre-teen),5.28,1
18,Female,5.41,Smartphone,True,0.47,Eye Strain,Urban,18-29 (Young Adult),5.41,0
16,Male,2.91,Laptop,False,0.42,,Rural,13-17 (Teen),2.91,0
15,Male,5.87,Smartphone,True,0.39,Poor Sleep,Urban,13-17 (Teen),5.87,1
17,Male,3.96,Smartphone,True,0.36,"Poor Sleep, Obesity Risk",Urban,13-17 (Teen),3.96,1
17,Male,4.64,Smartphone,True,0.4,"Poor Sleep, Eye Strain, Obesity Risk",Urban,13-17 (Teen),4.64,1
8,Female,3.68,Tablet,True,0.47,Poor Sleep,Urban,8-12 (Pre-teen),3.68,1
9,Male,4.93,TV,True,0.56,Anxiety,Urban,8-12 (Pre-teen),4.93,0
16,Male,4.58,Smartphone,True,0.36,"Poor Sleep, Eye Strain",Rural,13-17 (Teen),4.58,1
15,Female,4.07,Laptop,True,0.38,Poor Sleep,Urban,13-17 (Teen),4.07,1
10,Male,1.05,TV,False,0.54,,Rural,8-12 (Pre-teen),1.05,0
15,Female,3.21,Laptop,True,0.44,Poor Sleep,Urban,13-17 (Teen),3.21,1
8,Male,3.83,Smartphone,True,0.51,,Urban,8-12 (Pre-teen),3.83,0
17,Female,4.32,Smartphone,True,0.4,"Eye Strain, Anxiety",Urban,13-17 (Teen),4.32,0
11,Male,4.35,TV,True,0.37,,Urban,8-12 (Pre-teen),4.35,0
10,Female,0.08,Smartphone,False,0.41,,Rural,8-12 (Pre-teen),0.08,0
13,Female,3.09,Smartphone,True,0.49,Poor Sleep,Rural,13-17 (Teen),3.09,1
14,Male,5.13,Smartphone,True,0.47,,Rural,13-17 (Teen),5.13,0
11,Male,4.21,Smartphone,True,0.47,Poor Sleep,Rural,8-12 (Pre-teen),4.21,1
14,Female,3.27,Laptop,True,0.35,Poor Sleep,Urban,13-17 (Teen),3.27,1
16,Female,3.45,Laptop,True,0.43,Eye Strain,Urban,13-17 (Teen),3.45,0
18,Male,4.86,Smartphone,True,0.38,,Urban,18-29 (Young Adult),4.86,0
9,Male,4.72,Smartphone,True,0.44,"Poor Sleep, Obesity Risk",Urban,8-12 (Pre-teen),4.72,1
18,Female,2.87,Smartphone,False,0.37,,Rural,18-29 (Young Adult),2.87,0
10,Female,8.42,Smartphone,True,0.58,,Urban,8-12 (Pre-teen),8.42,0
12,Female,5.17,Laptop,True,0.47,,Urban,8-12 (Pre-teen),5.17,0
10,Male,4.66,TV,True,0.43,"Poor Sleep, Eye Strain",Urban,8-12 (Pre-teen),4.66,1
18,Female,3.82,Smartphone,True,0.41,"Poor Sleep, Eye Strain",Rural,18-29 (Young Adult),3.82,1
15,Male,4.53,Smartphone,True,0.5,Poor Sleep,Rural,13-17 (Teen),4.53,1
17,Female,6.05,TV,True,0.3,"Poor Sleep, Eye Strain",Urban,13-17 (Teen),6.05,1
15,Female,4.69,Smartphone,True,0.41,Poor Sleep,Rural,13-17 (Teen),4.69,1
15,Male,4.98,Smartphone,True,0.42,Poor Sleep,Urban,13-17 (Teen),4.98,1
16,Female,3.31,Tablet,True,0.36,"Poor Sleep, Obesity Risk",Urban,13-17 (Teen),3.31,1
11,Female,3.34,Smartphone,True,0.32,,Rural,8-12 (Pre-teen),3.34,0
12,Male,3.57,TV,True,0.37,Poor Sleep,Rural,8-12 (Pre-teen),3.57,1
12,Female,3.83,Laptop,True,0.47,Poor Sleep,Urban,8-12 (Pre-teen),3.83,1
15,Female,2.28,Laptop,False,0.34,,Urban,13-17 (Teen),2.28,0
14,Male,4.45,Laptop,True,0.34,Poor Sleep,Urban,13-17 (Teen),4.45,1
16,Male,4.76,Tablet,True,0.39,"Poor Sleep, Eye Strain",Rural,13-17 (Teen),4.76,1
15,Female,4.71,Smartphone,True,0.49,"Poor Sleep, Eye Strain",Rural,13-17 (Teen),4.71,1
9,Male,1.98,Smartphone,False,0.56,,Urban,8-12 (Pre-teen),1.98,0
17,Female,4.81,Tablet,True,0.35,"Poor Sleep, Eye Strain",Urban,13-17 (Teen),4.81,1
11,Female,5.38,Laptop,True,0.46,Poor Sleep,Urban,8-12 (Pre-teen),5.38,1
13,Male,5.44,TV,True,0.44,Poor Sleep,Urban,13-17 (Teen),5.44,1
9,Female,4.11,TV,True,0.5,"Poor Sleep, Anxiety",Urban,8-12 (Pre-teen),4.11,1
14,Female,5.33,Smartphone,True,0.34,"Poor Sleep, Eye Strain, Obesity Risk",Rural,13-17 (Teen),5.33,1
10,Female,1.2,Smartphone,False,0.5,,Rural,8-12 (Pre-teen),1.2,0
10,Female,4.02,Smartphone,True,0.43,Eye Strain,Urban,8-12 (Pre-teen),4.02,0
18,Female,5.82,Smartphone,True,0.48,"Poor Sleep, Eye Strain, Obesity Risk",Rural,18-29 (Young Adult),5.82,1
9,Male,4.42,Tablet,True,0.57,Poor Sleep,Urban,8-12 (Pre-teen),4.42,1
18,Female,5.18,TV,True,0.3,Poor Sleep,Urban,18-29 (Young Adult),5.18,1
15,Male,3.69,TV,True,0.49,"Poor Sleep, Eye Strain",Urban,13-17 (Teen),3.69,1
13,Female,3.64,Smartphone,True,0.46,Poor Sleep,Rural,13-17 (Teen),3.64,1
8,Male,7.05,Smartphone,True,0.42,Obesity Risk,Rural,8-12 (Pre-teen),7.05,0
8,Male,4.96,Tablet,True,0.47,,Urban,8-12 (Pre-teen),4.96,0
14,Male,6.1,Smartphone,True,0.38,"Poor Sleep, Eye Strain",Urban,13-17 (Teen),6.1,1
15,Female,5.25,Laptop,True,0.31,Poor Sleep,Urban,13-17 (Teen),5.25,1
12,Female,5.38,Laptop,True,0.45,"Poor Sleep, Eye Strain, Anxiety",Rural,8-12 (Pre-teen),5.38,1
18,Female,4.54,Smartphone,True,0.39,Poor Sleep,Urban,18-29 (Young Adult),4.54,1
12,Male,6.25,Tablet,True,0.31,"Poor Sleep, Eye Strain",Rural,8-12 (Pre-teen),6.25,1
11,Male,4.34,Tablet,True,0.38,Eye Strain,Urban,8-12 (Pre-teen),4.34,0
13,Female,4.06,TV,True,0.38,,Urban,13-17 (Teen),4.06,0
13,Male,6.38,Laptop,True,0.35,"Poor Sleep, Eye Strain",Rural,13-17 (Teen),6.38,1
10,Male,7.78,TV,True,0.47,"Poor Sleep, Eye Strain, Anxiety",Urban,8-12 (Pre-teen),7.78,1
16,Male,6.32,Smartphone,True,0.48,"Poor Sleep, Anxiety",Urban,13-17 (Teen),6.32,1
18,Male,2.87,Smartphone,False,0.42,,Urban,18-29 (Young Adult),2.87,0
14,Male,3.25,Smartphone,True,0.4,"Anxiety, Obesity Risk",Urban,13-17 (Teen),3.25,0
8,Female,0.42,Tablet,False,0.53,,Rural,8-12 (Pre-teen),0.42,0
14,Male,5.2,Smartphone,True,0.36,,Rural,13-17 (Teen),5.2,0
12,Female,4.52,Laptop,True,0.33,Poor Sleep,Urban,8-12 (Pre-teen),4.52,1
12,Male,4.76,Smartphone,True,0.4,,Urban,8-12 (Pre-teen),4.76,0
9,Male,8.04,Smartphone,True,0.56,Anxiety,Urban,8-12 (Pre-teen),8.04,0
11,Male,5.18,Smartphone,True,0.41,Poor Sleep,Urban,8-12 (Pre-teen),5.18,1
13,Female,6.46,TV,True,0.35,Anxiety,Rural,13-17 (Teen),6.46,0
17,Female,4.36,Smartphone,True,0.39,Eye Strain,Urban,13-17 (Teen),4.36,0
18,Male,3.83,Smartphone,True,0.32,,Rural,18-29 (Young Adult),3.83,0
14,Male,5.96,TV,True,0.35,"Poor Sleep, Eye Strain, Obesity Risk",Urban,13-17 (Teen),5.96,1
18,Male,4.92,Smartphone,True,0.42,Eye Strain,Urban,18-29 (Young Adult),4.92,0
12,Female,2.95,Laptop,False,0.44,,Urban,8-12 (Pre-teen),2.95,0
16,Female,4.84,TV,True,0.36,"Anxiety, Obesity Risk",Rural,13-17 (Teen),4.84,0
10,Female,1.31,TV,False,0.52,,Rural,8-12 (Pre-teen),1.31,0
8,Female,1.88,Smartphone,False,0.42,,Urban,8-12 (Pre-teen),1.88,0
11,Male,3.65,Smartphone,True,0.37,Poor Sleep,Urban,8-12 (Pre-teen),3.65,1
16,Male,3.64,Tablet,True,0.48,Poor Sleep,Urban,13-17 (Teen),3.64,1
11,Male,4.95,Smartphone,True,0.48,Poor Sleep,Urban,8-12 (Pre-teen),4.95,1
9,Male,4.24,Smartphone,True,0.59,"Poor Sleep, Obesity Risk",Urban,8-12 (Pre-teen),4.24,1
17,Male,4.54,TV,True,0.47,Poor Sleep,Rural,13-17 (Teen),4.54,1
12,Female,4.6,Laptop,True,0.43,"Poor Sleep, Anxiety, Obesity Risk",Rural,8-12 (Pre-teen),4.6,1
10,Female,0.36,Tablet,False,0.4,,Rural,8-12 (Pre-teen),0.36,0
16,Female,6.72,Smartphone,True,0.41,Eye Strain,Rural,13-17 (Teen),6.72,0
11,Female,6.86,Tablet,True,0.3,,Urban,8-12 (Pre-teen),6.86,0
13,Male,3.83,TV,True,0.32,"Poor Sleep, Eye Strain",Rural,13-17 (Teen),3.83,1
9,Male,5.75,Tablet,True,0.43,Poor Sleep,Rural,8-12 (Pre-teen),5.75,1
13,Male,4.62,Smartphone,True,0.47,"Anxiety, Obesity Risk",Urban,13-17 (Teen),4.62,0
10,Male,7.58,Smartphone,True,0.45,Poor Sleep,Urban,8-12 (Pre-teen),7.58,1
16,Female,3.47,Tablet,True,0.49,"Poor Sleep, Anxiety",Urban,13-17 (Teen),3.47,1
18,Female,4.44,Laptop,True,0.41,Eye Strain,Rural,18-29 (Young Adult),4.44,0
9,Female,0.62,Smartphone,False,0.58,,Urban,8-12 (Pre-teen),0.62,0
16,Female,4.66,Tablet,True,0.38,"Poor Sleep, Eye Strain, Obesity Risk",Rural,13-17 (Teen),4.66,1
12,Male,5.16,Smartphone,True,0.48,Anxiety,Urban,8-12 (Pre-teen),5.16,0
15,Male,4.16,Laptop,True,0.38,Anxiety,Urban,13-17 (Teen),4.16,0
9,Female,7.15,TV,True,0.43,,Urban,8-12 (Pre-teen),7.15,0
13,Female,2.74,Tablet,False,0.47,,Urban,13-17 (Teen),2.74,0
10,Female,0.78,TV,False,0.53,,Urban,8-12 (Pre-teen),0.78,0
17,Female,5.37,Smartphone,True,0.37,"Eye Strain, Obesity Risk",Urban,13-17 (Teen),5.37,0
12,Female,4.92,Smartphone,True,0.35,,Urban,8-12 (Pre-teen),4.92,0
15,Male,4.64,Smartphone,True,0.32,Anxiety,Urban,13-17 (Teen),4.64,0
17,Male,3.73,Smartphone,True,0.39,"Poor Sleep, Anxiety",Urban,13-17 (Teen),3.73,1
8,Male,0.0,Smartphone,False,0.41,,Urban,8-12 (Pre-teen),0.0,0
12,Female,5.33,Smartphone,True,0.44,"Poor Sleep, Eye Strain",Rural,8-12 (Pre-teen),5.33,1
10,Male,0.79,TV,False,0.4,,Urban,8-12 (Pre-teen),0.79,0
11,Male,4.75,Smartphone,True,0.41,Obesity Risk,Rural,8-12 (Pre-teen),4.75,0
9,Male,4.67,Smartphone,True,0.47,"Poor Sleep, Eye Strain",Urban,8-12 (Pre-teen),4.67,1
16,Male,4.83,Smartphone,True,0.42,Poor Sleep,Rural,13-17 (Teen),4.83,1
10,Female,4.78,TV,True,0.6,"Poor Sleep, Eye Strain",Urban,8-12 (Pre-teen),4.78,1
9,Female,7.54,Smartphone,True,0.6,Poor Sleep,Urban,8-12 (Pre-teen),7.54,1
17,Female,5.14,Smartphone,True,0.47,"Poor Sleep, Eye Strain",Urban,13-17 (Teen),5.14,1
18,Female,3.89,Smartphone,True,0.3,Eye Strain,Rural,18-29 (Young Adult),3.89,0
16,Male,5.97,Smartphone,True,0.4,"Poor Sleep, Eye Strain",Rural,13-17 (Teen),5.97,1
14,Female,1.5,TV,False,0.36,,Urban,13-17 (Teen),1.5,0
13,Male,4.51,Tablet,True,0.48,,Urban,13-17 (Teen),4.51,0
8,Male,2.19,TV,True,0.43,,Urban,8-12 (Pre-teen),2.19,0
12,Female,5.31,TV,True,0.32,"Poor Sleep, Anxiety",Urban,8-12 (Pre-teen),5.31,1
18,Female,5.44,Laptop,True,0.32,"Eye Strain, Anxiety",Urban,18-29 (Young Adult),5.44,0
18,Male,3.22,TV,True,0.33,Poor Sleep,Urban,18-29 (Young Adult),3.22,1
10,Male,5.96,Smartphone,True,0.55,"Poor Sleep, Obesity Risk",Urban,8-12 (Pre-teen),5.96,1
8,Female,5.7,TV,True,0.48,Poor Sleep,Urban,8-12 (Pre-teen),5.7,1
11,Male,5.85,Smartphone,True,0.37,"Poor Sleep, Eye Strain, Obesity Risk",Urban,8-12 (Pre-teen),5.85,1
9,Male,0.0,Smartphone,False,0.42,,Urban,8-12 (Pre-teen),0.0,0
9,Female,5.06,Tablet,True,0.48,Poor Sleep,Urban,8-12 (Pre-teen),5.06,1
10,Female,5.33,Smartphone,True,0.59,"Poor Sleep, Eye Strain",Urban,8-12 (Pre-teen),5.33,1
15,Female,5.25,Smartphone,True,0.37,Poor Sleep,Rural,13-17 (Teen),5.25,1
15,Male,3.59,Smartphone,True,0.39,,Urban,13-17 (Teen),3.59,0
14,Female,4.41,TV,True,0.38,Anxiety,Urban,13-17 (Teen),4.41,0
13,Female,5.13,Smartphone,True,0.44,Obesity Risk,Urban,13-17 (Teen),5.13,0
16,Female,4.31,Tablet,True,0.45,"Poor Sleep, Eye Strain",Rural,13-17 (Teen),4.31,1
11,Male,6.69,TV,True,0.37,Eye Strain,Urban,8-12 (Pre-teen),6.69,0
8,Female,7.8,TV,True,0.52,Poor Sleep,Rural,8-12 (Pre-teen),7.8,1
15,Female,2.69,Smartphone,False,0.41,,Urban,13-17 (Teen),2.69,0
14,Male,5.07,TV,True,0.46,Eye Strain,Urban,13-17 (Teen),5.07,0
14,Female,4.06,Smartphone,True,0.34,,Rural,13-17 (Teen),4.06,0
10,Female,3.36,Tablet,True,0.48,Poor Sleep,Rural,8-12 (Pre-teen),3.36,1
11,Male,5.51,Smartphone,True,0.47,Poor Sleep,Rural,8-12 (Pre-teen),5.51,1
17,Male,3.55,TV,True,0.3,Poor Sleep,Urban,13-17 (Teen),3.55,1
16,Female,4.15,Smartphone,True,0.32,,Urban,13-17 (Teen),4.15,0
13,Male,4.24,Smartphone,True,0.44,Poor Sleep,Urban,13-17 (Teen),4.24,1
12,Male,4.59,Smartphone,True,0.46,,Rural,8-12 (Pre-teen),4.59,0
10,Female,3.64,Smartphone,True,0.43,Poor Sleep,Urban,8-12 (Pre-teen),3.64,1
16,Female,4.17,Smartphone,True,0.45,"Poor Sleep, Anxiety",Urban,13-17 (Teen),4.17,1
12,Male,4.93,Smartphone,True,0.35,,Urban,8-12 (Pre-teen),4.93,0
12,Female,5.54,Laptop,True,0.47,"Poor Sleep, Eye Strain",Urban,8-12 (Pre-teen),5.54,1
11,Female,2.45,Smartphone,False,0.37,,Urban,8-12 (Pre-teen),2.45,0
11,Female,3.48,Laptop,True,0.5,"Poor Sleep, Eye Strain, Anxiety",Urban,8-12 (Pre-teen),3.48,1
8,Female,8.76,Smartphone,True,0.46,"Poor Sleep, Obesity Risk",Urban,8-12 (Pre-teen),8.76,1
14,Female,3.7,Smartphone,True,0.48,Obesity Risk,Urban,13-17 (Teen),3.7,0
16,Male,3.52,Smartphone,True,0.38,"Poor Sleep, Eye Strain, Anxiety",Urban,13-17 (Teen),3.52,1
10,Male,5.31,TV,True,0.55,Poor Sleep,Urban,8-12 (Pre-teen),5.31,1
9,Female,5.38,Tablet,True,0.51,"Poor Sleep, Obesity Risk",Urban,8-12 (Pre-teen),5.38,1
10,Male,9.16,TV,True,0.54,"Poor Sleep, Anxiety",Rural,8-12 (Pre-teen),9.16,1
8,Female,7.2,TV,True,0.57,,Urban,8-12 (Pre-teen),7.2,0
13,Female,3.6,Smartphone,True,0.3,"Poor Sleep, Anxiety",Urban,13-17 (Teen),3.6,1
18,Male,4.21,Smartphone,True,0.37,Poor Sleep,Urban,18-29 (Young Adult),4.21,1
18,Female,3.51,Smartphone,True,0.32,,Urban,18-29 (Young Adult),3.51,0
14,Male,6.07,Smartphone,True,0.33,"Poor Sleep, Eye Strain, Anxiety",Rural,13-17 (Teen),6.07,1
18,Female,5.4,TV,True,0.38,Poor Sleep,Rural,18-29 (Young Adult),5.4,1
18,Female,4.98,Smartphone,True,0.48,Poor Sleep,Urban,18-29 (Young Adult),4.98,1
9,Male,2.44,Tablet,True,0.53,,Rural,8-12 (Pre-teen),2.44,0
15,Female,4.03,Smartphone,True,0.44,,Urban,13-17 (Teen),4.03,0
13,Male,3.47,Laptop,True,0.47,"Poor Sleep, Eye Strain",Urban,13-17 (Teen),3.47,1
11,Male,3.64,Tablet,True,0.4,Anxiety,Rural,8-12 (Pre-teen),3.64,0
12,Female,5.76,TV,True,0.36,"Poor Sleep, Obesity Risk",Rural,8-12 (Pre-teen),5.76,1
15,Female,5.05,Laptop,True,0.42,Poor Sleep,Rural,13-17 (Teen),5.05,1
10,Male,5.15,Tablet,True,0.57,"Poor Sleep, Obesity Risk",Urban,8-12 (Pre-teen),5.15,1
10,Female,3.79,TV,True,0.42,,Urban,8-12 (Pre-teen),3.79,0
18,Male,4.95,Tablet,True,0.47,Poor Sleep,Urban,18-29 (Young Adult),4.95,1
11,Male,6.07,Smartphone,True,0.48,"Poor Sleep, Eye Strain",Urban,8-12 (Pre-teen),6.07,1
8,Female,3.19,TV,True,0.59,"Poor Sleep, Eye Strain",Urban,8-12 (Pre-teen),3.19,1
16,Female,4.49,Smartphone,True,0.33,"Poor Sleep, Eye Strain",Urban,13-17 (Teen),4.49,1
15,Male,3.84,Smartphone,True,0.32,Poor Sleep,Rural,13-17 (Teen),3.84,1
15,Female,3.48,Smartphone,True,0.38,Eye Strain,Urban,13-17 (Teen),3.48,0
17,Male,5.83,TV,True,0.38,"Poor Sleep, Eye Strain, Obesity Risk",Urban,13-17 (Teen),5.83,1
13,Male,5.6,TV,True,0.44,"Poor Sleep, Anxiety",Urban,13-17 (Teen),5.6,1
14,Male,2.54,Smartphone,False,0.31,,Urban,13-17 (Teen),2.54,0
13,Male,5.65,TV,True,0.35,Poor Sleep,Urban,13-17 (Teen),5.65,1
16,Male,5.64,TV,True,0.35,,Urban,13-17 (Teen),5.64,0
10,Male,1.51,Tablet,False,0.47,,Urban,8-12 (Pre-teen),1.51,0
10,Female,1.76,Smartphone,False,0.57,,Rural,8-12 (Pre-teen),1.76,0
10,Male,2.77,Smartphone,True,0.51,,Urban,8-12 (Pre-teen),2.77,0
17,Male,5.62,Smartphone,True,0.32,"Poor Sleep, Obesity Risk",Urban,13-17 (Teen),5.62,1
10,Female,8.14,TV,True,0.46,,Urban,8-12 (Pre-teen),8.14,0
16,Male,3.8,Laptop,True,0.46,Poor Sleep,Rural,13-17 (Teen),3.8,1
11,Female,4.68,Smartphone,True,0.41,Poor Sleep,Urban,8-12 (Pre-teen),4.68,1
14,Male,2.54,Tablet,False,0.31,,Rural,13-17 (Teen),2.54,0
16,Female,3.09,TV,True,0.35,Eye Strain,Urban,13-17 (Teen),3.09,0
18,Male,6.39,Laptop,True,0.34,"Poor Sleep, Eye Strain",Urban,18-29 (Young Adult),6.39,1
14,Female,4.52,Tablet,True,0.39,Poor Sleep,Urban,13-17 (Teen),4.52,1
16,Male,5.9,Smartphone,True,0.4,Poor Sleep,Urban,13-17 (Teen),5.9,1
10,Male,4.84,Tablet,True,0.57,,Rural,8-12 (Pre-teen),4.84,0
11,Female,5.57,Laptop,True,0.36,"Anxiety, Obesity Risk",Urban,8-12 (Pre-teen),5.57,0
15,Male,2.72,Smartphone,False,0.38,,Urban,13-17 (Teen),2.72,0
13,Female,2.81,Smartphone,False,0.49,,Urban,13-17 (Teen),2.81,0
12,Male,4.46,Smartphone,True,0.41,"Poor Sleep, Eye Strain",Urban,8-12 (Pre-teen),4.46,1
11,Male,3.93,TV,True,0.44,Poor Sleep,Rural,8-12 (Pre-teen),3.93,1
15,Male,4.08,Laptop,True,0.48,Poor Sleep,Urban,13-17 (Teen),4.08,1
8,Female,4.66,TV,True,0.45,Poor Sleep,Rural,8-12 (Pre-teen),4.66,1
16,Male,5.49,Smartphone,True,0.32,"Poor Sleep, Eye Strain, Anxiety",Urban,13-17 (Teen),5.49,1
8,Female,7.64,TV,True,0.44,,Urban,8-12 (Pre-teen),7.64,0
15,Male,3.98,Tablet,True,0.44,Obesity Risk,Urban,13-17 (Teen),3.98,0
11,Female,4.5,TV,True,0.31,"Poor Sleep, Obesity Risk",Urban,8-12 (Pre-teen),4.5,1
16,Female,3.91,Smartphone,True,0.37,"Poor Sleep, Anxiety",Rural,13-17 (Teen),3.91,1
18,Female,5.36,Smartphone,True,0.3,Poor Sleep,Rural,18-29 (Young Adult),5.36,1
12,Male,4.45,Smartphone,True,0.45,"Poor Sleep, Obesity Risk",Urban,8-12 (Pre-teen),4.45,1
10,Male,2.35,Smartphone,True,0.54,,Urban,8-12 (Pre-teen),2.35,0
16,Male,4.09,Laptop,True,0.39,Poor Sleep,Urban,13-17 (Teen),4.09,1
18,Male,3.71,Smartphone,True,0.32,,Urban,18-29 (Young Adult),3.71,0
16,Male,4.45,Smartphone,True,0.49,Anxiety,Urban,13-17 (Teen),4.45,0
11,Male,5.03,Laptop,True,0.44,"Poor Sleep, Eye Strain",Urban,8-12 (Pre-teen),5.03,1
18,Female,5.38,Smartphone,True,0.35,Poor Sleep,Rural,18-29 (Young Adult),5.38,1
11,Male,3.33,Smartphone,True,0.34,Poor Sleep,Urban,8-12 (Pre-teen),3.33,1
15,Male,3.15,Tablet,True,0.4,"Eye Strain, Anxiety",Rural,13-17 (Teen),3.15,0
9,Male,5.06,Smartphone,True,0.54,"Poor Sleep, Obesity Risk",Rural,8-12 (Pre-teen),5.06,1
16,Male,5.09,TV,True,0.47,"Poor Sleep, Eye Strain, Anxiety",Urban,13-17 (Teen),5.09,1
13,Female,3.58,Smartphone,True,0.32,"Poor Sleep, Eye Strain",Urban,13-17 (Teen),3.58,1
16,Male,5.64,Smartphone,True,0.34,"Poor Sleep, Eye Strain, Obesity Risk",Rural,13-17 (Teen),5.64,1
15,Female,4.4,Smartphone,True,0.41,Anxiety,Urban,13-17 (Teen),4.4,0
14,Male,5.59,TV,True,0.33,,Urban,13-17 (Teen),5.59,0
8,Male,5.85,Smartphone,True,0.42,"Poor Sleep, Anxiety",Urban,8-12 (Pre-teen),5.85,1
10,Male,8.37,Tablet,True,0.54,"Poor Sleep, Anxiety",Urban,8-12 (Pre-teen),8.37,1
18,Female,3.28,Tablet,True,0.48,"Poor Sleep, Eye Strain",Urban,18-29 (Young Adult),3.28,1
9,Female,3.93,TV,True,0.5,Poor Sleep,Urban,8-12 (Pre-teen),3.93,1
12,Male,5.4,Laptop,True,0.45,"Poor Sleep, Eye Strain",Urban,8-12 (Pre-teen),5.4,1
12,Male,4.01,Laptop,True,0.49,"Poor Sleep, Eye Strain, Obesity Risk",Rural,8-12 (Pre-teen),4.01,1
12,Female,4.82,Smartphone,True,0.3,"Poor Sleep, Eye Strain, Obesity Risk",Urban,8-12 (Pre-teen),4.82,1
11,Female,6.84,Smartphone,True,0.41,Poor Sleep,Rural,8-12 (Pre-teen),6.84,1
12,Male,5.56,TV,True,0.43,Obesity Risk,Urban,8-12 (Pre-teen),5.56,0
10,Male,2.67,Smartphone,True,0.44,,Urban,8-12 (Pre-teen),2.67,0
8,Female,3.57,Smartphone,True,0.4,Poor Sleep,Urban,8-12 (Pre-teen),3.57,1
12,Female,6.32,Tablet,True,0.34,"Eye Strain, Anxiety",Urban,8-12 (Pre-teen),6.32,0
16,Female,5.28,Smartphone,True,0.41,Poor Sleep,Urban,13-17 (Teen),5.28,1
11,Female,2.59,Smartphone,False,0.39,,Rural,8-12 (Pre-teen),2.59,0
10,Male,2.9,Tablet,True,0.53,,Urban,8-12 (Pre-teen),2.9,0
8,Female,0.0,TV,False,0.56,,Urban,8-12 (Pre-teen),0.0,0
9,Female,3.43,Smartphone,True,0.42,,Urban,8-12 (Pre-teen),3.43,0
15,Male,6.44,Tablet,True,0.5,Eye Strain,Rural,13-17 (Teen),6.44,0
8,Male,6.71,Smartphone,True,0.54,,Urban,8-12 (Pre-teen),6.71,0
15,Female,5.15,Smartphone,True,0.42,,Urban,13-17 (Teen),5.15,0
14,Female,5.3,Tablet,True,0.48,Poor Sleep,Urban,13-17 (Teen),5.3,1
15,Female,3.76,TV,True,0.33,Poor Sleep,Urban,13-17 (Teen),3.76,1
13,Female,5.3,Tablet,True,0.46,Poor Sleep,Urban,13-17 (Teen),5.3,1
16,Male,3.92,Smartphone,True,0.42,Poor Sleep,Rural,13-17 (Teen),3.92,1
10,Female,3.24,Smartphone,True,0.48,,Urban,8-12 (Pre-teen),3.24,0
17,Female,5.57,Smartphone,True,0.45,,Rural,13-17 (Teen),5.57,0
11,Female,6.92,Smartphone,True,0.37,"Poor Sleep, Obesity Risk",Urban,8-12 (Pre-teen),6.92,1
13,Female,3.92,Smartphone,True,0.46,"Poor Sleep, Eye Strain",Rural,13-17 (Teen),3.92,1
15,Female,4.64,Laptop,True,0.37,,Urban,13-17 (Teen),4.64,0
12,Male,3.6,TV,True,0.46,Poor Sleep,Urban,8-12 (Pre-teen),3.6,1
10,Male,0.06,TV,False,0.5,,Urban,8-12 (Pre-teen),0.06,0
13,Male,4.66,Smartphone,True,0.36,Poor Sleep,Rural,13-17 (Teen),4.66,1
11,Male,2.94,Smartphone,False,0.43,,Urban,8-12 (Pre-teen),2.94,0
16,Female,3.34,Smartphone,True,0.35,"Poor Sleep, Eye Strain, Obesity Risk",Urban,13-17 (Teen),3.34,1
10,Female,3.24,Smartphone,True,0.52,"Poor Sleep, Obesity Risk",Urban,8-12 (Pre-teen),3.24,1
11,Male,3.39,Smartphone,True,0.41,"Poor Sleep, Obesity Risk",Urban,8-12 (Pre-teen),3.39,1
14,Male,4.41,TV,True,0.35,Eye Strain,Rural,13-17 (Teen),4.41,0
14,Male,4.78,Smartphone,True,0.34,"Poor Sleep, Anxiety",Urban,13-17 (Teen),4.78,1
11,Male,4.41,Smartphone,True,0.38,Poor Sleep,Urban,8-12 (Pre-teen),4.41,1
13,Female,4.98,Laptop,True,0.31,Eye Strain,Urban,13-17 (Teen),4.98,0
10,Male,0.62,Tablet,False,0.5,,Urban,8-12 (Pre-teen),0.62,0
13,Male,6.38,TV,True,0.36,Poor Sleep,Rural,13-17 (Teen),6.38,1
9,Female,3.19,Smartphone,True,0.48,"Poor Sleep, Eye Strain",Urban,8-12 (Pre-teen),3.19,1
15,Male,5.28,Smartphone,True,0.43,"Poor Sleep, Obesity Risk",Rural,13-17 (Teen),5.28,1
9,Male,5.3,Tablet,True,0.55,"Poor Sleep, Eye Strain, Anxiety",Urban,8-12 (Pre-teen),5.3,1
18,Female,3.98,Smartphone,True,0.43,"Poor Sleep, Anxiety",Rural,18-29 (Young Adult),3.98,1
14,Female,5.15,TV,True,0.38,"Poor Sleep, Eye Strain",Urban,13-17 (Teen),5.15,1
16,Male,2.84,TV,False,0.42,,Rural,13-17 (Teen),2.84,0
8,Male,3.29,Smartphone,True,0.59,Obesity Risk,Urban,8-12 (Pre-teen),3.29,0
15,Female,4.21,TV,True,0.47,Poor Sleep,Rural,13-17 (Teen),4.21,1
14,Female,5.19,Smartphone,True,0.32,"Poor Sleep, Obesity Risk",Rural,13-17 (Teen),5.19,1
13,Female,5.42,Smartphone,True,0.37,"Eye Strain, Obesity Risk",Urban,13-17 (Teen),5.42,0
13,Female,5.25,Smartphone,True,0.44,"Poor Sleep, Eye Strain",Urban,13-17 (Teen),5.25,1
13,Male,6.91,Tablet,True,0.42,Poor Sleep,Urban,13-17 (Teen),6.91,1
16,Female,3.28,TV,True,0.36,"Poor Sleep, Anxiety",Urban,13-17 (Teen),3.28,1
9,Male,6.07,Tablet,True,0.53,Poor Sleep,Urban,8-12 (Pre-teen),6.07,1
8,Female,6.51,Tablet,True,0.49,"Eye Strain, Obesity Risk",Urban,8-12 (Pre-teen),6.51,0
13,Male,4.04,Smartphone,True,0.48,Poor Sleep,Urban,13-17 (Teen),4.04,1
17,Female,5.7,Laptop,True,0.47,Poor Sleep,Rural,13-17 (Teen),5.7,1
18,Female,4.82,Smartphone,True,0.33,"Poor Sleep, Eye Strain, Anxiety",Urban,18-29 (Young Adult),4.82,1
15,Female,3.52,TV,True,0.42,"Anxiety, Obesity Risk",Rural,13-17 (Teen),3.52,0
10,Male,7.09,Smartphone,True,0.4,Poor Sleep,Rural,8-12 (Pre-teen),7.09,1
17,Male,4.45,TV,True,0.5,Poor Sleep,Urban,13-17 (Teen),4.45,1
8,Female,0.0,Smartphone,False,0.49,,Urban,8-12 (Pre-teen),0.0,0
16,Male,2.64,TV,False,0.31,,Urban,13-17 (Teen),2.64,0
8,Male,3.94,TV,True,0.44,,Rural,8-12 (Pre-teen),3.94,0
10,Female,7.43,Smartphone,True,0.41,Eye Strain,Urban,8-12 (Pre-teen),7.43,0
15,Male,4.28,Laptop,True,0.3,,Rural,13-17 (Teen),4.28,0
10,Female,7.85,Tablet,True,0.43,Poor Sleep,Urban,8-12 (Pre-teen),7.85,1
11,Female,4.88,Laptop,True,0.45,"Poor Sleep, Obesity Risk",Rural,8-12 (Pre-teen),4.88,1
15,Female,4.78,TV,True,0.42,Eye Strain,Urban,13-17 (Teen),4.78,0
8,Male,4.59,Tablet,True,0.53,"Poor Sleep, Obesity Risk",Rural,8-12 (Pre-teen),4.59,1
13,Female,5.87,Tablet,True,0.46,"Poor Sleep, Eye Strain",Urban,13-17 (Teen),5.87,1
8,Female,2.83,TV,True,0.49,,Urban,8-12 (Pre-teen),2.83,0
8,Female,5.04,TV,True,0.5,"Eye Strain, Anxiety",Rural,8-12 (Pre-teen),5.04,0
15,Female,5.19,TV,True,0.32,Poor Sleep,Urban,13-17 (Teen),5.19,1
18,Female,4.36,Smartphone,True,0.48,"Poor Sleep, Obesity Risk",Urban,18-29 (Young Adult),4.36,1
11,Female,6.0,Laptop,True,0.35,Poor Sleep,Rural,8-12 (Pre-teen),6.0,1
8,Male,4.0,TV,True,0.53,"Poor Sleep, Obesity Risk",Urban,8-12 (Pre-teen),4.0,1
17,Female,5.68,TV,True,0.42,"Poor Sleep, Obesity Risk",Urban,13-17 (Teen),5.68,1
14,Female,2.19,Smartphone,False,0.3,,Urban,13-17 (Teen),2.19,0
12,Female,4.79,Smartphone,True,0.36,"Poor Sleep, Eye Strain, Anxiety",Rural,8-12 (Pre-teen),4.79,1
12,Female,4.84,Laptop,True,0.3,Poor Sleep,Urban,8-12 (Pre-teen),4.84,1
8,Male,2.72,Tablet,True,0.57,,Urban,8-12 (Pre-teen),2.72,0
17,Male,4.96,TV,True,0.32,Poor Sleep,Urban,13-17 (Teen),4.96,1
18,Female,6.62,Smartphone,True,0.38,,Rural,18-29 (Young Adult),6.62,0
13,Male,3.93,Smartphone,True,0.32,Poor Sleep,Urban,13-17 (Teen),3.93,1
16,Female,5.78,Smartphone,True,0.3,Poor Sleep,Rural,13-17 (Teen),5.78,1
16,Female,3.77,Smartphone,True,0.42,"Poor Sleep, Eye Strain",Rural,13-17 (Teen),3.77,1
15,Female,6.08,Smartphone,True,0.36,,Urban,13-17 (Teen),6.08,0
12,Male,4.51,Smartphone,True,0.49,"Eye Strain, Anxiety",Urban,8-12 (Pre-teen),4.51,0
8,Female,0.63,Smartphone,False,0.44,,Urban,8-12 (Pre-teen),0.63,0
16,Male,4.3,Laptop,True,0.5,Poor Sleep,Urban,13-17 (Teen),4.3,1
8,Female,3.29,TV,True,0.47,Obesity Risk,Rural,8-12 (Pre-teen),3.29,0
15,Male,4.19,Laptop,True,0.45,"Poor Sleep, Obesity Risk",Urban,13-17 (Teen),4.19,1
12,Male,5.1,TV,True,0.47,"Anxiety, Obesity Risk",Urban,8-12 (Pre-teen),5.1,0
10,Female,9.28,Smartphone,True,0.54,Anxiety,Urban,8-12 (Pre-teen),9.28,0
18,Male,4.72,TV,True,0.42,Poor Sleep,Rural,18-29 (Young Adult),4.72,1
14,Male,4.03,Tablet,True,0.43,"Anxiety, Obesity Risk",Urban,13-17 (Teen),4.03,0
14,Female,4.6,Smartphone,True,0.36,"Poor Sleep, Anxiety",Urban,13-17 (Teen),4.6,1
16,Female,4.63,TV,True,0.39,"Poor Sleep, Obesity Risk",Rural,13-17 (Teen),4.63,1
14,Male,3.39,Tablet,True,0.44,"Poor Sleep, Eye Strain",Rural,13-17 (Teen),3.39,1
18,Male,3.37,Laptop,True,0.43,Poor Sleep,Urban,18-29 (Young Adult),3.37,1
10,Female,0.0,TV,False,0.54,,Urban,8-12 (Pre-teen),0.0,0
18,Female,4.05,Laptop,True,0.46,"Poor Sleep, Eye Strain",Urban,18-29 (Young Adult),4.05,1
8,Female,9.19,TV,True,0.48,Poor Sleep,Rural,8-12 (Pre-teen),9.19,1
15,Female,3.55,TV,True,0.39,"Poor Sleep, Anxiety",Urban,13-17 (Teen),3.55,1
10,Female,4.51,TV,True,0.46,Poor Sleep,Rural,8-12 (Pre-teen),4.51,1
15,Female,5.29,Smartphone,True,0.34,Poor Sleep,Rural,13-17 (Teen),5.29,1
15,Female,5.04,Laptop,True,0.4,Eye Strain,Urban,13-17 (Teen),5.04,0
12,Female,5.09,Smartphone,True,0.34,,Urban,8-12 (Pre-teen),5.09,0
8,Male,4.93,Smartphone,True,0.43,"Poor Sleep, Obesity Risk",Urban,8-12 (Pre-teen),4.93,1
17,Male,5.77,Smartphone,True,0.41,,Urban,13-17 (Teen),5.77,0
14,Male,6.07,Smartphone,True,0.33,Poor Sleep,Urban,13-17 (Teen),6.07,1
17,Female,5.68,Tablet,True,0.43,"Poor Sleep, Eye Strain, Anxiety",Rural,13-17 (Teen),5.68,1
12,Male,2.86,Smartphone,False,0.38,,Urban,8-12 (Pre-teen),2.86,0
15,Female,3.72,Smartphone,True,0.46,"Poor Sleep, Eye Strain, Anxiety",Urban,13-17 (Teen),3.72,1
16,Male,1.77,Smartphone,False,0.42,,Urban,13-17 (Teen),1.77,0
18,Female,4.77,Smartphone,True,0.31,"Poor Sleep, Eye Strain",Urban,18-29 (Young Adult),4.77,1
14,Female,4.81,Smartphone,True,0.4,"Eye Strain, Anxiety, Obesity Risk",Rural,13-17 (Teen),4.81,0
14,Female,3.49,TV,True,0.44,Eye Strain,Urban,13-17 (Teen),3.49,0
8,Male,7.78,Tablet,True,0.47,"Poor Sleep, Anxiety",Urban,8-12 (Pre-teen),7.78,1
11,Male,3.29,Smartphone,True,0.46,"Poor Sleep, Eye Strain",Rural,8-12 (Pre-teen),3.29,1
9,Male,7.12,TV,True,0.45,"Poor Sleep, Anxiety, Obesity Risk",Urban,8-12 (Pre-teen),7.12,1
9,Male,0.0,TV,False,0.58,,Urban,8-12 (Pre-teen),0.0,0
9,Male,0.14,TV,False,0.43,,Urban,8-12 (Pre-teen),0.14,0
11,Male,3.41,TV,True,0.33,"Eye Strain, Anxiety",Urban,8-12 (Pre-teen),3.41,0
8,Male,5.45,Tablet,True,0.58,"Poor Sleep, Obesity Risk",Rural,8-12 (Pre-teen),5.45,1
11,Male,2.94,Tablet,False,0.45,,Urban,8-12 (Pre-teen),2.94,0
9,Male,0.66,TV,False,0.43,,Urban,8-12 (Pre-teen),0.66,0
12,Male,3.17,TV,True,0.43,"Poor Sleep, Eye Strain",Urban,8-12 (Pre-teen),3.17,1
10,Female,0.02,TV,False,0.55,,Urban,8-12 (Pre-teen),0.02,0
15,Female,3.28,Smartphone,True,0.32,"Poor Sleep, Eye Strain",Rural,13-17 (Teen),3.28,1
11,Male,4.38,Laptop,True,0.37,Anxiety,Urban,8-12 (Pre-teen),4.38,0
8,Male,4.11,Smartphone,True,0.5,,Rural,8-12 (Pre-teen),4.11,0
17,Female,5.34,Laptop,True,0.35,Poor Sleep,Urban,13-17 (Teen),5.34,1
10,Female,6.56,TV,True,0.6,Poor Sleep,Urban,8-12 (Pre-teen),6.56,1
16,Male,4.63,Laptop,True,0.41,Poor Sleep,Urban,13-17 (Teen),4.63,1
14,Female,4.48,Laptop,True,0.45,"Poor Sleep, Eye Strain, Obesity Risk",Rural,13-17 (Teen),4.48,1
9,Female,1.94,Tablet,False,0.46,,Urban,8-12 (Pre-teen),1.94,0
16,Male,4.38,Smartphone,True,0.49,Obesity Risk,Urban,13-17 (Teen),4.38,0
17,Male,3.47,Smartphone,True,0.49,Eye Strain,Urban,13-17 (Teen),3.47,0
9,Female,8.92,Tablet,True,0.45,Poor Sleep,Rural,8-12 (Pre-teen),8.92,1
10,Male,9.8,Smartphone,True,0.49,Poor Sleep,Rural,8-12 (Pre-teen),9.8,1
18,Female,3.53,Laptop,True,0.4,"Poor Sleep, Eye Strain, Anxiety",Urban,18-29 (Young Adult),3.53,1
17,Female,5.65,TV,True,0.38,,Urban,13-17 (Teen),5.65,0
9,Male,6.92,TV,True,0.54,"Poor Sleep, Anxiety",Urban,8-12 (Pre-teen),6.92,1
10,Male,1.59,Tablet,False,0.43,,Urban,8-12 (Pre-teen),1.59,0
13,Male,5.99,TV,True,0.43,"Poor Sleep, Anxiety",Urban,13-17 (Teen),5.99,1
16,Female,6.74,Smartphone,True,0.36,Eye Strain,Urban,13-17 (Teen),6.74,0
16,Male,3.53,Laptop,True,0.41,"Eye Strain, Anxiety",Rural,13-17 (Teen),3.53,0
14,Male,4.93,Laptop,True,0.41,"Eye Strain, Anxiety, Obesity Risk",Urban,13-17 (Teen),4.93,0
10,Female,1.31,Tablet,False,0.45,,Urban,8-12 (Pre-teen),1.31,0
11,Male,4.28,TV,True,0.42,"Poor Sleep, Eye Strain, Anxiety",Rural,8-12 (Pre-teen),4.28,1
13,Male,5.0,TV,True,0.47,"Poor Sleep, Eye Strain, Anxiety",Urban,13-17 (Teen),5.0,1
18,Female,4.67,Smartphone,True,0.45,"Poor Sleep, Eye Strain, Obesity Risk",Rural,18-29 (Young Adult),4.67,1
12,Male,4.48,Smartphone,True,0.4,"Poor Sleep, Anxiety",Rural,8-12 (Pre-teen),4.48,1
9,Female,2.02,Smartphone,True,0.4,,Urban,8-12 (Pre-teen),2.02,0
13,Male,5.53,Smartphone,True,0.34,Eye Strain,Urban,13-17 (Teen),5.53,0
10,Male,5.19,Smartphone,True,0.49,"Poor Sleep, Eye Strain",Urban,8-12 (Pre-teen),5.19,1
15,Female,6.77,TV,True,0.41,,Rural,13-17 (Teen),6.77,0
9,Male,3.17,Smartphone,True,0.42,Poor Sleep,Rural,8-12 (Pre-teen),3.17,1
8,Female,5.91,Tablet,True,0.52,"Poor Sleep, Anxiety",Urban,8-12 (Pre-teen),5.91,1
16,Female,3.56,Smartphone,True,0.41,"Poor Sleep, Eye Strain",Urban,13-17 (Teen),3.56,1
10,Female,1.3,Tablet,False,0.54,,Rural,8-12 (Pre-teen),1.3,0
18,Male,3.68,Tablet,True,0.43,"Poor Sleep, Eye Strain",Urban,18-29 (Young Adult),3.68,1
8,Male,7.57,Tablet,True,0.58,Poor Sleep,Rural,8-12 (Pre-teen),7.57,1
14,Female,4.62,TV,True,0.31,,Urban,13-17 (Teen),4.62,0
17,Female,3.45,TV,True,0.33,"Poor Sleep, Eye Strain, Obesity Risk",Urban,13-17 (Teen),3.45,1
12,Female,4.03,Smartphone,True,0.41,Poor Sleep,Urban,8-12 (Pre-teen),4.03,1
12,Female,6.4,Smartphone,True,0.34,"Poor Sleep, Eye Strain",Urban,8-12 (Pre-teen),6.4,1
8,Male,2.1,Tablet,True,0.53,,Rural,8-12 (Pre-teen),2.1,0
16,Male,2.43,Smartphone,False,0.38,,Urban,13-17 (Teen),2.43,0
14,Female,2.35,Laptop,False,0.5,,Urban,13-17 (Teen),2.35,0
15,Male,5.63,Smartphone,True,0.47,"Poor Sleep, Eye Strain",Urban,13-17 (Teen),5.63,1
16,Female,5.82,Smartphone,True,0.45,"Poor Sleep, Anxiety",Rural,13-17 (Teen),5.82,1
13,Female,4.34,Smartphone,True,0.3,"Poor Sleep, Obesity Risk",Rural,13-17 (Teen),4.34,1
12,Female,4.97,Smartphone,True,0.48,"Poor Sleep, Eye Strain",Urban,8-12 (Pre-teen),4.97,1
13,Female,5.38,Laptop,True,0.48,"Poor Sleep, Eye Strain",Urban,13-17 (Teen),5.38,1
18,Female,5.22,TV,True,0.36,,Rural,18-29 (Young Adult),5.22,0
9,Male,2.87,TV,True,0.42,,Urban,8-12 (Pre-teen),2.87,0
11,Female,2.62,Smartphone,False,0.42,,Rural,8-12 (Pre-teen),2.62,0
10,Male,1.19,Tablet,False,0.57,,Urban,8-12 (Pre-teen),1.19,0
14,Female,4.91,Laptop,True,0.44,Poor Sleep,Rural,13-17 (Teen),4.91,1
16,Male,4.51,Smartphone,True,0.36,Poor Sleep,Urban,13-17 (Teen),4.51,1
12,Female,3.51,Smartphone,True,0.38,"Poor Sleep, Anxiety",Urban,8-12 (Pre-teen),3.51,1
13,Male,4.69,Smartphone,True,0.35,"Poor Sleep, Eye Strain, Anxiety",Rural,13-17 (Teen),4.69,1
17,Female,4.3,Smartphone,True,0.31,,Urban,13-17 (Teen),4.3,0
9,Female,3.89,Smartphone,True,0.6,,Urban,8-12 (Pre-teen),3.89,0
10,Male,6.46,TV,True,0.52,"Poor Sleep, Eye Strain, Anxiety",Urban,8-12 (Pre-teen),6.46,1
10,Female,2.31,TV,True,0.49,,Urban,8-12 (Pre-teen),2.31,0
16,Female,5.66,Laptop,True,0.36,Poor Sleep,Urban,13-17 (Teen),5.66,1
14,Female,5.69,Smartphone,True,0.41,,Urban,13-17 (Teen),5.69,0
15,Female,3.12,Smartphone,True,0.39,Poor Sleep,Urban,13-17 (Teen),3.12,1
18,Male,5.29,Smartphone,True,0.42,Obesity Risk,Rural,18-29 (Young Adult),5.29,0
17,Male,6.34,Smartphone,True,0.47,,Urban,13-17 (Teen),6.34,0
18,Female,5.09,Laptop,True,0.32,Anxiety,Urban,18-29 (Young Adult),5.09,0
16,Female,3.94,TV,True,0.35,,Rural,13-17 (Teen),3.94,0
13,Female,4.98,Smartphone,True,0.3,Eye Strain,Urban,13-17 (Teen),4.98,0
11,Female,4.25,TV,True,0.42,"Poor Sleep, Eye Strain, Anxiety",Urban,8-12 (Pre-teen),4.25,1
8,Female,6.54,Smartphone,True,0.41,"Poor Sleep, Eye Strain, Anxiety, Obesity Risk",Urban,8-12 (Pre-teen),6.54,1
15,Female,4.79,Smartphone,True,0.47,"Poor Sleep, Eye Strain",Urban,13-17 (Teen),4.79,1
14,Male,5.26,Smartphone,True,0.37,Eye Strain,Urban,13-17 (Teen),5.26,0
9,Female,2.71,Smartphone,True,0.53,,Urban,8-12 (Pre-teen),2.71,0
15,Female,4.44,Smartphone,True,0.41,Poor Sleep,Urban,13-17 (Teen),4.44,1
12,Female,4.33,TV,True,0.34,Poor Sleep,Rural,8-12 (Pre-teen),4.33,1
14,Male,3.47,Smartphone,True,0.3,,Urban,13-17 (Teen),3.47,0
11,Male,5.91,Tablet,True,0.49,Poor Sleep,Urban,8-12 (Pre-teen),5.91,1
12,Female,3.29,Smartphone,True,0.43,,Urban,8-12 (Pre-teen),3.29,0
15,Male,6.95,TV,True,0.45,"Poor Sleep, Anxiety",Urban,13-17 (Teen),6.95,1
8,Female,7.3,TV,True,0.57,Poor Sleep,Urban,8-12 (Pre-teen),7.3,1
8,Male,6.43,Smartphone,True,0.52,"Poor Sleep, Anxiety",Rural,8-12 (Pre-teen),6.43,1
11,Male,6.86,Tablet,True,0.49,Obesity Risk,Urban,8-12 (Pre-teen),6.86,0
10,Male,0.0,Smartphone,False,0.55,,Urban,8-12 (Pre-teen),0.0,0
17,Female,4.64,TV,True,0.32,"Poor Sleep, Obesity Risk",Urban,13-17 (Teen),4.64,1
9,Male,0.48,TV,False,0.51,,Urban,8-12 (Pre-teen),0.48,0
10,Female,2.45,Tablet,True,0.58,,Urban,8-12 (Pre-teen),2.45,0
18,Male,4.65,Smartphone,True,0.35,Poor Sleep,Urban,18-29 (Young Adult),4.65,1
18,Female,4.68,Smartphone,True,0.47,,Urban,18-29 (Young Adult),4.68,0
18,Male,2.48,Smartphone,False,0.36,,Urban,18-29 (Young Adult),2.48,0
8,Female,4.07,Tablet,True,0.56,,Urban,8-12 (Pre-teen),4.07,0
8,Male,5.01,Tablet,True,0.41,Poor Sleep,Rural,8-12 (Pre-teen),5.01,1
13,Male,3.99,Laptop,True,0.36,Poor Sleep,Urban,13-17 (Teen),3.99,1
12,Male,3.64,Smartphone,True,0.44,Poor Sleep,Urban,8-12 (Pre-teen),3.64,1
15,Female,5.42,Smartphone,True,0.39,Poor Sleep,Rural,13-17 (Teen),5.42,1
9,Male,1.09,TV,False,0.53,,Rural,8-12 (Pre-teen),1.09,0
11,Female,2.19,Smartphone,False,0.32,,Urban,8-12 (Pre-teen),2.19,0
15,Male,5.84,Tablet,True,0.32,"Poor Sleep, Eye Strain, Anxiety",Urban,13-17 (Teen),5.84,1
13,Female,4.48,TV,True,0.43,Poor Sleep,Urban,13-17 (Teen),4.48,1
11,Male,4.75,TV,True,0.49,Poor Sleep,Urban,8-12 (Pre-teen),4.75,1
8,Male,4.84,TV,True,0.45,Poor Sleep,Urban,8-12 (Pre-teen),4.84,1
9,Male,5.44,Smartphone,True,0.58,Poor Sleep,Rural,8-12 (Pre-teen),5.44,1
12,Female,5.93,Smartphone,True,0.41,"Poor Sleep, Eye Strain",Urban,8-12 (Pre-teen),5.93,1
15,Female,3.11,TV,True,0.49,,Urban,13-17 (Teen),3.11,0
15,Male,4.32,Laptop,True,0.35,Poor Sleep,Urban,13-17 (Teen),4.32,1
18,Female,5.07,Smartphone,True,0.4,Anxiety,Urban,18-29 (Young Adult),5.07,0
10,Male,2.61,Smartphone,True,0.41,,Urban,8-12 (Pre-teen),2.61,0
18,Female,2.73,Smartphone,False,0.37,,Urban,18-29 (Young Adult),2.73,0
11,Male,4.62,Smartphone,True,0.43,"Poor Sleep, Eye Strain, Anxiety",Urban,8-12 (Pre-teen),4.62,1
17,Male,7.48,Laptop,True,0.5,"Poor Sleep, Eye Strain",Urban,13-17 (Teen),7.48,1
18,Male,3.29,Smartphone,True,0.4,"Poor Sleep, Anxiety",Urban,18-29 (Young Adult),3.29,1
13,Female,4.09,TV,True,0.36,Eye Strain,Urban,13-17 (Teen),4.09,0
18,Female,1.69,TV,False,0.38,,Rural,18-29 (Young Adult),1.69,0
18,Male,5.98,Smartphone,True,0.49,"Poor Sleep, Eye Strain",Urban,18-29 (Young Adult),5.98,1
17,Male,7.02,TV,True,0.43,Anxiety,Urban,13-17 (Teen),7.02,0
10,Female,5.41,Smartphone,True,0.55,"Poor Sleep, Eye Strain",Urban,8-12 (Pre-teen),5.41,1
9,Female,6.78,TV,True,0.48,"Poor Sleep, Obesity Risk",Urban,8-12 (Pre-teen),6.78,1
13,Male,4.77,TV,True,0.3,Poor Sleep,Urban,13-17 (Teen),4.77,1
18,Female,4.93,Smartphone,True,0.36,Poor Sleep,Rural,18-29 (Young Adult),4.93,1
12,Male,3.69,Smartphone,True,0.37,"Poor Sleep, Eye Strain",Urban,8-12 (Pre-teen),3.69,1
17,Female,6.18,Smartphone,True,0.42,Anxiety,Urban,13-17 (Teen),6.18,0
12,Female,7.15,Laptop,True,0.35,,Rural,8-12 (Pre-teen),7.15,0
17,Female,3.92,TV,True,0.46,,Rural,13-17 (Teen),3.92,0
12,Female,5.11,TV,True,0.44,Poor Sleep,Urban,8-12 (Pre-teen),5.11,1
17,Female,5.79,Laptop,True,0.48,Obesity Risk,Urban,13-17 (Teen),5.79,0
12,Female,3.08,Smartphone,True,0.41,,Urban,8-12 (Pre-teen),3.08,0
10,Male,3.52,Smartphone,True,0.51,,Urban,8-12 (Pre-teen),3.52,0
14,Male,6.94,TV,True,0.34,"Poor Sleep, Anxiety",Urban,13-17 (Teen),6.94,1
13,Male,5.83,TV,True,0.36,Poor Sleep,Urban,13-17 (Teen),5.83,1
11,Female,4.21,Smartphone,True,0.32,"Poor Sleep, Eye Strain",Urban,8-12 (Pre-teen),4.21,1
9,Female,8.0,TV,True,0.59,Poor Sleep,Rural,8-12 (Pre-teen),8.0,1
16,Male,3.65,Smartphone,True,0.46,,Urban,13-17 (Teen),3.65,0
8,Male,3.12,TV,True,0.47,,Urban,8-12 (Pre-teen),3.12,0
18,Female,4.11,Smartphone,True,0.4,"Poor Sleep, Anxiety",Rural,18-29 (Young Adult),4.11,1
11,Female,4.71,Laptop,True,0.41,,Urban,8-12 (Pre-teen),4.71,0
8,Female,4.79,TV,True,0.52,"Poor Sleep, Eye Strain",Urban,8-12 (Pre-teen),4.79,1
13,Male,4.69,Tablet,True,0.47,Poor Sleep,Rural,13-17 (Teen),4.69,1
11,Male,3.47,Smartphone,True,0.33,Poor Sleep,Urban,8-12 (Pre-teen),3.47,1
12,Female,4.94,Laptop,True,0.36,"Poor Sleep, Obesity Risk",Urban,8-12 (Pre-teen),4.94,1
12,Female,5.31,Smartphone,True,0.37,Eye Strain,Urban,8-12 (Pre-teen),5.31,0
16,Female,2.09,Smartphone,False,0.44,,Urban,13-17 (Teen),2.09,0
8,Male,9.06,TV,True,0.54,Eye Strain,Rural,8-12 (Pre-teen),9.06,0
9,Male,1.99,Smartphone,False,0.52,,Urban,8-12 (Pre-teen),1.99,0
13,Male,5.27,Smartphone,True,0.31,Eye Strain,Rural,13-17 (Teen),5.27,0
12,Male,5.96,Tablet,True,0.41,"Poor Sleep, Anxiety",Rural,8-12 (Pre-teen),5.96,1
18,Female,2.88,Laptop,False,0.41,,Urban,18-29 (Young Adult),2.88,0
14,Female,5.87,Smartphone,True,0.49,Poor Sleep,Urban,13-17 (Teen),5.87,1
10,Male,5.97,TV,True,0.4,"Poor Sleep, Anxiety",Rural,8-12 (Pre-teen),5.97,1
10,Male,5.14,TV,True,0.56,,Urban,8-12 (Pre-teen),5.14,0
17,Male,4.98,Smartphone,True,0.44,"Poor Sleep, Obesity Risk",Urban,13-17 (Teen),4.98,1
9,Male,0.62,Smartphone,False,0.52,,Urban,8-12 (Pre-teen),0.62,0
10,Female,6.77,Smartphone,True,0.49,Poor Sleep,Rural,8-12 (Pre-teen),6.77,1
17,Male,2.35,Smartphone,False,0.34,,Urban,13-17 (Teen),2.35,0
8,Male,1.12,Tablet,False,0.45,,Rural,8-12 (Pre-teen),1.12,0
12,Female,6.25,Smartphone,True,0.43,,Urban,8-12 (Pre-teen),6.25,0
12,Female,6.19,TV,True,0.31,"Poor Sleep, Eye Strain, Anxiety",Rural,8-12 (Pre-teen),6.19,1
18,Male,6.31,Smartphone,True,0.39,"Poor Sleep, Eye Strain",Urban,18-29 (Young Adult),6.31,1
14,Female,6.77,Smartphone,True,0.36,Anxiety,Urban,13-17 (Teen),6.77,0
11,Male,3.73,TV,True,0.39,,Rural,8-12 (Pre-teen),3.73,0
10,Female,4.05,Tablet,True,0.42,Anxiety,Urban,8-12 (Pre-teen),4.05,0
8,Male,6.16,TV,True,0.48,"Poor Sleep, Eye Strain",Rural,8-12 (Pre-teen),6.16,1
15,Male,4.32,Smartphone,True,0.35,Poor Sleep,Urban,13-17 (Teen),4.32,1
10,Male,1.23,TV,False,0.56,,Urban,8-12 (Pre-teen),1.23,0
9,Male,6.05,Smartphone,True,0.43,,Urban,8-12 (Pre-teen),6.05,0
18,Female,3.82,Laptop,True,0.35,Poor Sleep,Urban,18-29 (Young Adult),3.82,1
11,Male,3.91,Smartphone,True,0.37,"Poor Sleep, Eye Strain, Anxiety",Urban,8-12 (Pre-teen),3.91,1
10,Female,4.38,TV,True,0.45,,Urban,8-12 (Pre-teen),4.38,0
8,Male,2.07,TV,True,0.57,,Rural,8-12 (Pre-teen),2.07,0
10,Male,8.37,TV,True,0.43,"Poor Sleep, Obesity Risk",Urban,8-12 (Pre-teen),8.37,1
9,Male,1.87,Smartphone,False,0.43,,Rural,8-12 (Pre-teen),1.87,0
15,Female,4.86,TV,True,0.43,"Poor Sleep, Eye Strain",Urban,13-17 (Teen),4.86,1
13,Male,4.46,Smartphone,True,0.47,Poor Sleep,Urban,13-17 (Teen),4.46,1
16,Male,5.66,Laptop,True,0.48,Poor Sleep,Urban,13-17 (Teen),5.66,1
15,Female,2.95,Laptop,False,0.43,,Urban,13-17 (Teen),2.95,0
17,Female,4.52,Smartphone,True,0.32,"Poor Sleep, Anxiety",Urban,13-17 (Teen),4.52,1
10,Male,3.87,Smartphone,True,0.42,"Poor Sleep, Obesity Risk",Urban,8-12 (Pre-teen),3.87,1
12,Male,5.72,Smartphone,True,0.37,Poor Sleep,Rural,8-12 (Pre-teen),5.72,1
14,Male,5.71,TV,True,0.38,"Poor Sleep, Anxiety",Rural,13-17 (Teen),5.71,1
12,Male,3.06,TV,True,0.4,Eye Strain,Urban,8-12 (Pre-teen),3.06,0
15,Male,6.64,Smartphone,True,0.35,"Poor Sleep, Eye Strain",Rural,13-17 (Teen),6.64,1
12,Female,2.16,Smartphone,False,0.37,,Urban,8-12 (Pre-teen),2.16,0
8,Female,1.73,Tablet,False,0.53,,Urban,8-12 (Pre-teen),1.73,0
12,Male,4.06,TV,True,0.33,"Poor Sleep, Eye Strain, Anxiety",Urban,8-12 (Pre-teen),4.06,1
11,Female,5.2,Smartphone,True,0.5,"Poor Sleep, Eye Strain",Urban,8-12 (Pre-teen),5.2,1
13,Female,4.23,Smartphone,True,0.39,Obesity Risk,Urban,13-17 (Teen),4.23,0
10,Female,3.44,Tablet,True,0.42,Poor Sleep,Urban,8-12 (Pre-teen),3.44,1
18,Female,3.36,Smartphone,True,0.43,"Poor Sleep, Anxiety",Urban,18-29 (Young Adult),3.36,1
12,Male,3.2,TV,True,0.48,Poor Sleep,Urban,8-12 (Pre-teen),3.2,1
9,Female,4.98,TV,True,0.55,,Rural,8-12 (Pre-teen),4.98,0
18,Female,4.2,Tablet,True,0.34,"Poor Sleep, Eye Strain, Anxiety",Rural,18-29 (Young Adult),4.2,1
13,Female,4.1,Laptop,True,0.44,Poor Sleep,Rural,13-17 (Teen),4.1,1
13,Male,7.06,Smartphone,True,0.41,Eye Strain,Urban,13-17 (Teen),7.06,0
12,Male,5.59,Laptop,True,0.35,"Poor Sleep, Eye Strain",Rural,8-12 (Pre-teen),5.59,1
13,Female,6.47,TV,True,0.49,Poor Sleep,Urban,13-17 (Teen),6.47,1
18,Female,6.86,Smartphone,True,0.33,Eye Strain,Urban,18-29 (Young Adult),6.86,0
14,Female,4.81,Smartphone,True,0.42,,Urban,13-17 (Teen),4.81,0
12,Female,3.73,Smartphone,True,0.46,Poor Sleep,Urban,8-12 (Pre-teen),3.73,1
8,Female,0.0,Smartphone,False,0.47,,Urban,8-12 (Pre-teen),0.0,0
15,Female,5.41,Laptop,True,0.34,,Urban,13-17 (Teen),5.41,0
11,Male,4.67,Laptop,True,0.34,"Poor Sleep, Eye Strain",Rural,8-12 (Pre-teen),4.67,1
16,Female,3.81,Laptop,True,0.36,Poor Sleep,Rural,13-17 (Teen),3.81,1
17,Female,6.4,Tablet,True,0.46,"Poor Sleep, Eye Strain",Rural,13-17 (Teen),6.4,1
13,Male,4.96,Smartphone,True,0.44,Eye Strain,Rural,13-17 (Teen),4.96,0
8,Male,7.42,Smartphone,True,0.4,"Poor Sleep, Eye Strain",Urban,8-12 (Pre-teen),7.42,1
10,Male,0.68,Smartphone,False,0.57,,Rural,8-12 (Pre-teen),0.68,0
10,Female,0.0,TV,False,0.47,,Rural,8-12 (Pre-teen),0.0,0
17,Male,3.01,TV,True,0.46,Obesity Risk,Rural,13-17 (Teen),3.01,0
11,Male,3.37,Smartphone,True,0.47,Poor Sleep,Urban,8-12 (Pre-teen),3.37,1
13,Female,6.16,Smartphone,True,0.34,Poor Sleep,Urban,13-17 (Teen),6.16,1
14,Female,5.14,Laptop,True,0.47,"Poor Sleep, Anxiety",Urban,13-17 (Teen),5.14,1
17,Female,4.89,Smartphone,True,0.4,"Poor Sleep, Anxiety",Urban,13-17 (Teen),4.89,1
11,Male,5.07,Laptop,True,0.37,,Urban,8-12 (Pre-teen),5.07,0
13,Male,1.5,Laptop,False,0.49,,Urban,13-17 (Teen),1.5,0
18,Female,3.09,TV,True,0.39,Eye Strain,Rural,18-29 (Young Adult),3.09,0
8,Male,4.47,Tablet,True,0.59,"Poor Sleep, Anxiety",Rural,8-12 (Pre-teen),4.47,1
15,Female,5.16,Tablet,True,0.42,Poor Sleep,Urban,13-17 (Teen),5.16,1
14,Male,5.18,Smartphone,True,0.47,Poor Sleep,Rural,13-17 (Teen),5.18,1
18,Male,3.51,Smartphone,True,0.38,Eye Strain,Rural,18-29 (Young Adult),3.51,0
18,Male,5.29,Tablet,True,0.46,"Poor Sleep, Eye Strain, Obesity Risk",Urban,18-29 (Young Adult),5.29,1
16,Female,6.34,Laptop,True,0.45,,Rural,13-17 (Teen),6.34,0
10,Female,1.77,TV,False,0.45,,Urban,8-12 (Pre-teen),1.77,0
9,Female,6.31,Tablet,True,0.4,,Rural,8-12 (Pre-teen),6.31,0
8,Female,7.07,Tablet,True,0.41,Poor Sleep,Urban,8-12 (Pre-teen),7.07,1
10,Male,5.24,TV,True,0.52,"Poor Sleep, Eye Strain",Urban,8-12 (Pre-teen),5.24,1
12,Male,6.79,Smartphone,True,0.39,"Poor Sleep, Anxiety",Rural,8-12 (Pre-teen),6.79,1
18,Female,4.12,Smartphone,True,0.33,Obesity Risk,Urban,18-29 (Young Adult),4.12,0
9,Male,4.1,Smartphone,True,0.47,"Poor Sleep, Eye Strain",Rural,8-12 (Pre-teen),4.1,1
10,Female,5.66,Smartphone,True,0.57,Poor Sleep,Urban,8-12 (Pre-teen),5.66,1
11,Female,7.03,Smartphone,True,0.47,,Urban,8-12 (Pre-teen),7.03,0
14,Male,4.96,TV,True,0.34,Poor Sleep,Rural,13-17 (Teen),4.96,1
10,Female,0.0,Smartphone,False,0.41,,Urban,8-12 (Pre-teen),0.0,0
16,Male,5.74,Laptop,True,0.34,"Poor Sleep, Eye Strain",Urban,13-17 (Teen),5.74,1
15,Male,5.49,Smartphone,True,0.35,"Poor Sleep, Obesity Risk",Rural,13-17 (Teen),5.49,1
11,Female,4.22,Smartphone,True,0.39,"Eye Strain, Anxiety, Obesity Risk",Urban,8-12 (Pre-teen),4.22,0
8,Male,6.27,TV,True,0.6,Poor Sleep,Rural,8-12 (Pre-teen),6.27,1
8,Male,3.8,TV,True,0.57,Poor Sleep,Rural,8-12 (Pre-teen),3.8,1
8,Male,1.85,Tablet,False,0.5,,Rural,8-12 (Pre-teen),1.85,0
8,Male,7.9,Smartphone,True,0.55,Poor Sleep,Urban,8-12 (Pre-teen),7.9,1
15,Male,5.48,Tablet,True,0.33,,Urban,13-17 (Teen),5.48,0
10,Male,4.59,TV,True,0.44,Poor Sleep,Urban,8-12 (Pre-teen),4.59,1
13,Male,6.04,TV,True,0.41,Eye Strain,Urban,13-17 (Teen),6.04,0
10,Male,2.72,TV,True,0.45,,Rural,8-12 (Pre-teen),2.72,0
18,Female,6.61,TV,True,0.41,,Urban,18-29 (Young Adult),6.61,0
12,Male,7.02,Tablet,True,0.4,"Poor Sleep, Anxiety",Urban,8-12 (Pre-teen),7.02,1
14,Female,4.13,Smartphone,True,0.5,"Poor Sleep, Eye Strain",Rural,13-17 (Teen),4.13,1
9,Female,6.63,Smartphone,True,0.47,,Urban,8-12 (Pre-teen),6.63,0
13,Female,5.28,TV,True,0.44,Eye Strain,Urban,13-17 (Teen),5.28,0
13,Male,4.19,Smartphone,True,0.39,Poor Sleep,Rural,13-17 (Teen),4.19,1
18,Female,3.39,TV,True,0.36,Poor Sleep,Rural,18-29 (Young Adult),3.39,1
10,Male,3.52,TV,True,0.54,"Poor Sleep, Eye Strain, Anxiety",Urban,8-12 (Pre-teen),3.52,1
13,Female,3.76,Smartphone,True,0.38,,Rural,13-17 (Teen),3.76,0
17,Male,5.35,Laptop,True,0.31,Poor Sleep,Urban,13-17 (Teen),5.35,1
17,Female,4.99,TV,True,0.42,Poor Sleep,Urban,13-17 (Teen),4.99,1
12,Female,5.44,Smartphone,True,0.44,"Poor Sleep, Eye Strain",Urban,8-12 (Pre-teen),5.44,1
9,Male,2.11,Smartphone,True,0.53,,Rural,8-12 (Pre-teen),2.11,0
16,Female,5.13,Smartphone,True,0.44,Poor Sleep,Urban,13-17 (Teen),5.13,1
15,Male,3.17,TV,True,0.5,,Urban,13-17 (Teen),3.17,0
10,Male,0.0,Smartphone,False,0.44,,Urban,8-12 (Pre-teen),0.0,0
15,Female,3.49,TV,True,0.36,"Poor Sleep, Anxiety",Urban,13-17 (Teen),3.49,1
16,Female,3.87,Laptop,True,0.3,"Poor Sleep, Anxiety",Urban,13-17 (Teen),3.87,1
10,Male,1.63,Smartphone,False,0.48,,Rural,8-12 (Pre-teen),1.63,0
10,Male,4.39,Tablet,True,0.6,"Poor Sleep, Obesity Risk",Urban,8-12 (Pre-teen),4.39,1
9,Male,1.7,TV,False,0.51,,Urban,8-12 (Pre-teen),1.7,0
15,Female,5.34,Smartphone,True,0.34,,Urban,13-17 (Teen),5.34,0
17,Male,2.04,Laptop,False,0.31,,Urban,13-17 (Teen),2.04,0
8,Female,7.33,TV,True,0.54,Poor Sleep,Rural,8-12 (Pre-teen),7.33,1
15,Female,4.41,Smartphone,True,0.39,Poor Sleep,Urban,13-17 (Teen),4.41,1
14,Male,2.45,Tablet,False,0.43,,Urban,13-17 (Teen),2.45,0
14,Male,5.5,Smartphone,True,0.48,Obesity Risk,Urban,13-17 (Teen),5.5,0
10,Male,8.76,Smartphone,True,0.4,"Poor Sleep, Anxiety",Urban,8-12 (Pre-teen),8.76,1
8,Female,2.03,TV,True,0.53,,Urban,8-12 (Pre-teen),2.03,0
11,Female,2.38,Smartphone,False,0.5,,Urban,8-12 (Pre-teen),2.38,0
16,Female,4.75,TV,True,0.46,Poor Sleep,Urban,13-17 (Teen),4.75,1
12,Male,5.45,Laptop,True,0.39,"Poor Sleep, Eye Strain",Urban,8-12 (Pre-teen),5.45,1
8,Female,4.24,Smartphone,True,0.49,"Eye Strain, Obesity Risk",Rural,8-12 (Pre-teen),4.24,0
12,Female,4.49,Smartphone,True,0.36,"Poor Sleep, Obesity Risk",Urban,8-12 (Pre-teen),4.49,1
15,Female,2.92,Smartphone,False,0.46,,Rural,13-17 (Teen),2.92,0
15,Female,5.54,Smartphone,True,0.31,"Poor Sleep, Eye Strain",Urban,13-17 (Teen),5.54,1
12,Male,4.59,Smartphone,True,0.31,"Poor Sleep, Anxiety",Urban,8-12 (Pre-teen),4.59,1
16,Male,4.54,Tablet,True,0.41,Poor Sleep,Rural,13-17 (Teen),4.54,1
8,Female,6.28,TV,True,0.51,,Rural,8-12 (Pre-teen),6.28,0
11,Male,6.14,Smartphone,True,0.43,Eye Strain,Rural,8-12 (Pre-teen),6.14,0
10,Male,1.92,TV,False,0.46,,Urban,8-12 (Pre-teen),1.92,0
9,Female,1.76,Smartphone,False,0.52,,Rural,8-12 (Pre-teen),1.76,0
15,Male,3.0,Smartphone,False,0.46,,Rural,13-17 (Teen),3.0,0
14,Female,5.2,TV,True,0.37,Poor Sleep,Urban,13-17 (Teen),5.2,1
16,Male,4.06,Smartphone,True,0.46,,Rural,13-17 (Teen),4.06,0
9,Female,2.32,TV,True,0.53,,Urban,8-12 (Pre-teen),2.32,0
11,Male,4.27,Laptop,True,0.34,"Poor Sleep, Eye Strain, Obesity Risk",Urban,8-12 (Pre-teen),4.27,1
13,Female,7.09,Laptop,True,0.41,"Eye Strain, Anxiety",Urban,13-17 (Teen),7.09,0
18,Male,3.98,Smartphone,True,0.41,,Urban,18-29 (Young Adult),3.98,0
10,Male,7.44,TV,True,0.59,,Urban,8-12 (Pre-teen),7.44,0
15,Male,3.12,Laptop,True,0.47,,Urban,13-17 (Teen),3.12,0
10,Female,4.97,Tablet,True,0.41,Poor Sleep,Urban,8-12 (Pre-teen),4.97,1
9,Male,2.47,TV,True,0.59,,Urban,8-12 (Pre-teen),2.47,0
10,Female,2.7,TV,True,0.45,,Urban,8-12 (Pre-teen),2.7,0
18,Female,6.04,TV,True,0.31,"Poor Sleep, Eye Strain, Obesity Risk",Urban,18-29 (Young Adult),6.04,1
13,Female,6.64,Smartphone,True,0.43,,Rural,13-17 (Teen),6.64,0
9,Male,0.9,TV,False,0.41,,Urban,8-12 (Pre-teen),0.9,0
15,Female,5.24,Smartphone,True,0.36,"Poor Sleep, Anxiety",Urban,13-17 (Teen),5.24,1
8,Female,2.46,TV,True,0.55,,Urban,8-12 (Pre-teen),2.46,0
14,Male,3.04,TV,True,0.3,Poor Sleep,Urban,13-17 (Teen),3.04,1
9,Male,3.67,TV,True,0.4,Obesity Risk,Urban,8-12 (Pre-teen),3.67,0
17,Female,4.34,TV,True,0.3,,Rural,13-17 (Teen),4.34,0
13,Male,5.67,Smartphone,True,0.43,"Poor Sleep, Eye Strain",Urban,13-17 (Teen),5.67,1
9,Male,5.68,TV,True,0.53,,Rural,8-12 (Pre-teen),5.68,0
9,Male,2.34,Smartphone,True,0.4,,Urban,8-12 (Pre-teen),2.34,0
17,Female,5.36,Laptop,True,0.33,"Poor Sleep, Eye Strain, Anxiety",Urban,13-17 (Teen),5.36,1
15,Female,4.01,TV,True,0.32,,Urban,13-17 (Teen),4.01,0
9,Female,4.61,Smartphone,True,0.51,"Eye Strain, Obesity Risk",Urban,8-12 (Pre-teen),4.61,0
14,Male,4.53,Smartphone,True,0.35,,Urban,13-17 (Teen),4.53,0
10,Male,6.04,TV,True,0.46,Poor Sleep,Rural,8-12 (Pre-teen),6.04,1
15,Female,3.35,Smartphone,True,0.46,Obesity Risk,Urban,13-17 (Teen),3.35,0
14,Male,5.39,Laptop,True,0.37,"Eye Strain, Obesity Risk",Urban,13-17 (Teen),5.39,0
15,Female,2.89,TV,False,0.35,,Rural,13-17 (Teen),2.89,0
14,Female,1.84,Smartphone,False,0.32,,Rural,13-17 (Teen),1.84,0
18,Male,4.99,TV,True,0.35,Poor Sleep,Urban,18-29 (Young Adult),4.99,1
13,Male,5.87,Laptop,True,0.45,Poor Sleep,Urban,13-17 (Teen),5.87,1
14,Female,5.41,Tablet,True,0.45,,Rural,13-17 (Teen),5.41,0
12,Male,4.7,Smartphone,True,0.35,Poor Sleep,Urban,8-12 (Pre-teen),4.7,1
14,Male,3.49,TV,True,0.4,Poor Sleep,Rural,13-17 (Teen),3.49,1
8,Male,2.47,Smartphone,True,0.53,,Urban,8-12 (Pre-teen),2.47,0
8,Male,5.65,Smartphone,True,0.56,Anxiety,Urban,8-12 (Pre-teen),5.65,0
16,Male,3.44,Tablet,True,0.3,"Poor Sleep, Eye Strain, Anxiety",Urban,13-17 (Teen),3.44,1
12,Female,5.27,Smartphone,True,0.44,"Poor Sleep, Anxiety",Urban,8-12 (Pre-teen),5.27,1
12,Female,4.03,TV,True,0.3,,Urban,8-12 (Pre-teen),4.03,0
10,Female,1.92,Smartphone,False,0.56,,Urban,8-12 (Pre-teen),1.92,0
12,Male,3.98,Smartphone,True,0.41,Eye Strain,Rural,8-12 (Pre-teen),3.98,0
10,Female,6.1,Smartphone,True,0.42,,Urban,8-12 (Pre-teen),6.1,0
16,Male,4.61,Smartphone,True,0.32,"Poor Sleep, Anxiety, Obesity Risk",Urban,13-17 (Teen),4.61,1
16,Male,6.07,Smartphone,True,0.34,"Poor Sleep, Eye Strain",Rural,13-17 (Teen),6.07,1
13,Male,3.09,TV,True,0.41,,Urban,13-17 (Teen),3.09,0
8,Female,10.11,TV,True,0.56,Anxiety,Urban,8-12 (Pre-teen),10.11,0
14,Male,5.98,Laptop,True,0.36,"Poor Sleep, Obesity Risk",Urban,13-17 (Teen),5.98,1
14,Female,4.76,Smartphone,True,0.49,"Poor Sleep, Anxiety",Urban,13-17 (Teen),4.76,1
17,Male,4.85,TV,True,0.48,"Poor Sleep, Eye Strain, Anxiety",Urban,13-17 (Teen),4.85,1
17,Male,4.22,Laptop,True,0.38,"Poor Sleep, Eye Strain",Urban,13-17 (Teen),4.22,1
11,Female,6.34,Smartphone,True,0.32,Poor Sleep,Rural,8-12 (Pre-teen),6.34,1
15,Male,4.33,Smartphone,True,0.36,"Poor Sleep, Eye Strain",Urban,13-17 (Teen),4.33,1
13,Male,5.09,Smartphone,True,0.4,"Poor Sleep, Anxiety",Urban,13-17 (Teen),5.09,1
11,Female,5.42,TV,True,0.38,"Poor Sleep, Eye Strain, Obesity Risk",Rural,8-12 (Pre-teen),5.42,1
11,Male,4.72,Smartphone,True,0.45,"Poor Sleep, Obesity Risk",Urban,8-12 (Pre-teen),4.72,1
9,Female,9.08,Smartphone,True,0.48,,Urban,8-12 (Pre-teen),9.08,0
9,Female,3.57,TV,True,0.42,Poor Sleep,Rural,8-12 (Pre-teen),3.57,1
11,Male,5.09,Smartphone,True,0.41,Poor Sleep,Urban,8-12 (Pre-teen),5.09,1
12,Male,1.71,Tablet,False,0.4,,Urban,8-12 (Pre-teen),1.71,0
15,Male,3.71,TV,True,0.37,Anxiety,Urban,13-17 (Teen),3.71,0
13,Male,6.86,Laptop,True,0.37,"Poor Sleep, Eye Strain, Obesity Risk",Urban,13-17 (Teen),6.86,1
11,Male,3.62,TV,True,0.41,Poor Sleep,Urban,8-12 (Pre-teen),3.62,1
18,Male,4.43,Smartphone,True,0.48,"Poor Sleep, Eye Strain",Rural,18-29 (Young Adult),4.43,1
14,Female,2.6,Smartphone,False,0.49,,Urban,13-17 (Teen),2.6,0
15,Male,3.63,TV,True,0.37,"Poor Sleep, Eye Strain",Urban,13-17 (Teen),3.63,1
9,Female,3.89,TV,True,0.55,,Urban,8-12 (Pre-teen),3.89,0
14,Male,4.94,Smartphone,True,0.39,,Rural,13-17 (Teen),4.94,0
9,Male,6.84,Smartphone,True,0.59,Poor Sleep,Urban,8-12 (Pre-teen),6.84,1
9,Female,2.32,Tablet,True,0.43,,Urban,8-12 (Pre-teen),2.32,0
15,Female,3.71,TV,True,0.41,Poor Sleep,Rural,13-17 (Teen),3.71,1
9,Male,1.14,TV,False,0.49,,Rural,8-12 (Pre-teen),1.14,0
18,Female,2.19,TV,False,0.33,,Rural,18-29 (Young Adult),2.19,0
16,Male,3.48,Smartphone,True,0.39,"Poor Sleep, Eye Strain",Urban,13-17 (Teen),3.48,1
8,Female,3.23,Smartphone,True,0.51,"Poor Sleep, Anxiety",Rural,8-12 (Pre-teen),3.23,1
16,Male,4.92,Smartphone,True,0.48,"Poor Sleep, Anxiety",Urban,13-17 (Teen),4.92,1
17,Male,3.42,Laptop,True,0.38,Poor Sleep,Rural,13-17 (Teen),3.42,1
17,Male,4.69,Smartphone,True,0.47,"Eye Strain, Anxiety",Urban,13-17 (Teen),4.69,0
9,Male,1.18,Tablet,False,0.6,,Urban,8-12 (Pre-teen),1.18,0
13,Female,4.38,Smartphone,True,0.35,"Poor Sleep, Anxiety",Urban,13-17 (Teen),4.38,1
13,Male,5.91,Smartphone,True,0.47,,Rural,13-17 (Teen),5.91,0
8,Female,5.22,TV,True,0.52,"Poor Sleep, Anxiety",Rural,8-12 (Pre-teen),5.22,1
14,Male,6.36,Smartphone,True,0.32,Poor Sleep,Urban,13-17 (Teen),6.36,1
15,Female,5.12,Laptop,True,0.43,"Poor Sleep, Eye Strain",Urban,13-17 (Teen),5.12,1
9,Female,3.4,Tablet,True,0.55,Obesity Risk,Urban,8-12 (Pre-teen),3.4,0
15,Male,3.39,TV,True,0.38,,Urban,13-17 (Teen),3.39,0
16,Male,1.56,Smartphone,False,0.32,,Rural,13-17 (Teen),1.56,0
13,Male,4.25,Smartphone,True,0.4,"Poor Sleep, Obesity Risk",Urban,13-17 (Teen),4.25,1
12,Female,6.46,Smartphone,True,0.43,"Poor Sleep, Eye Strain, Anxiety",Urban,8-12 (Pre-teen),6.46,1
16,Male,3.58,TV,True,0.33,Obesity Risk,Urban,13-17 (Teen),3.58,0
18,Female,3.75,TV,True,0.37,,Rural,18-29 (Young Adult),3.75,0
16,Female,5.78,Smartphone,True,0.35,"Poor Sleep, Eye Strain",Rural,13-17 (Teen),5.78,1
8,Male,4.96,Smartphone,True,0.42,"Poor Sleep, Eye Strain",Urban,8-12 (Pre-teen),4.96,1
18,Male,3.02,Laptop,True,0.45,"Poor Sleep, Eye Strain, Anxiety, Obesity Risk",Rural,18-29 (Young Adult),3.02,1
10,Male,4.56,Smartphone,True,0.6,,Urban,8-12 (Pre-teen),4.56,0
16,Female,4.34,Smartphone,True,0.48,Eye Strain,Rural,13-17 (Teen),4.34,0
18,Female,4.34,Smartphone,True,0.43,Poor Sleep,Rural,18-29 (Young Adult),4.34,1
9,Female,9.6,Smartphone,True,0.59,Poor Sleep,Urban,8-12 (Pre-teen),9.6,1
11,Male,7.41,Laptop,True,0.47,Poor Sleep,Urban,8-12 (Pre-teen),7.41,1
11,Female,3.41,TV,True,0.47,Anxiety,Urban,8-12 (Pre-teen),3.41,0
9,Female,5.97,Smartphone,True,0.59,Poor Sleep,Urban,8-12 (Pre-teen),5.97,1
10,Male,3.02,Tablet,True,0.46,Anxiety,Urban,8-12 (Pre-teen),3.02,0
10,Female,5.24,Tablet,True,0.51,,Rural,8-12 (Pre-teen),5.24,0
8,Male,4.24,TV,True,0.45,Poor Sleep,Urban,8-12 (Pre-teen),4.24,1
13,Female,6.86,Smartphone,True,0.4,Poor Sleep,Urban,13-17 (Teen),6.86,1
15,Male,3.5,Smartphone,True,0.48,,Urban,13-17 (Teen),3.5,0
10,Female,7.65,TV,True,0.43,,Urban,8-12 (Pre-teen),7.65,0
12,Male,4.85,Smartphone,True,0.35,Poor Sleep,Urban,8-12 (Pre-teen),4.85,1
8,Male,0.0,Smartphone,False,0.4,,Urban,8-12 (Pre-teen),0.0,0
17,Male,3.93,Smartphone,True,0.49,"Poor Sleep, Eye Strain, Anxiety",Urban,13-17 (Teen),3.93,1
14,Female,4.17,Smartphone,True,0.32,,Urban,13-17 (Teen),4.17,0
17,Female,3.4,TV,True,0.46,,Urban,13-17 (Teen),3.4,0
8,Female,6.9,TV,True,0.45,Poor Sleep,Rural,8-12 (Pre-teen),6.9,1
18,Female,5.76,Smartphone,True,0.45,Anxiety,Urban,18-29 (Young Adult),5.76,0
16,Female,6.18,Tablet,True,0.5,Anxiety,Urban,13-17 (Teen),6.18,0
15,Male,5.37,Laptop,True,0.42,"Poor Sleep, Eye Strain",Urban,13-17 (Teen),5.37,1
14,Male,4.6,TV,True,0.5,"Poor Sleep, Eye Strain, Obesity Risk",Rural,13-17 (Teen),4.6,1
17,Female,4.09,TV,True,0.34,"Poor Sleep, Eye Strain",Rural,13-17 (Teen),4.09,1
14,Male,1.25,Smartphone,False,0.35,,Rural,13-17 (Teen),1.25,0
12,Male,6.02,Smartphone,True,0.5,Poor Sleep,Rural,8-12 (Pre-teen),6.02,1
12,Male,4.82,Smartphone,True,0.47,Eye Strain,Urban,8-12 (Pre-teen),4.82,0
18,Male,6.8,Laptop,True,0.47,,Urban,18-29 (Young Adult),6.8,0
12,Male,4.78,Smartphone,True,0.35,"Poor Sleep, Eye Strain",Urban,8-12 (Pre-teen),4.78,1
8,Male,1.95,Smartphone,False,0.51,,Rural,8-12 (Pre-teen),1.95,0
15,Female,3.05,Laptop,True,0.48,Poor Sleep,Urban,13-17 (Teen),3.05,1
18,Female,4.66,Smartphone,True,0.42,Anxiety,Rural,18-29 (Young Adult),4.66,0
8,Female,3.44,Smartphone,True,0.41,Poor Sleep,Urban,8-12 (Pre-teen),3.44,1
11,Female,4.62,Laptop,True,0.37,"Poor Sleep, Eye Strain",Urban,8-12 (Pre-teen),4.62,1
16,Female,3.31,Tablet,True,0.35,,Urban,13-17 (Teen),3.31,0
16,Female,5.49,Laptop,True,0.45,Eye Strain,Urban,13-17 (Teen),5.49,0
12,Female,4.69,Tablet,True,0.4,Poor Sleep,Rural,8-12 (Pre-teen),4.69,1
11,Male,6.4,Laptop,True,0.36,Poor Sleep,Urban,8-12 (Pre-teen),6.4,1
10,Male,4.8,TV,True,0.57,"Poor Sleep, Eye Strain, Anxiety",Urban,8-12 (Pre-teen),4.8,1
10,Female,1.16,TV,False,0.56,,Urban,8-12 (Pre-teen),1.16,0
12,Female,4.72,Smartphone,True,0.43,Poor Sleep,Urban,8-12 (Pre-teen),4.72,1
17,Male,3.96,Tablet,True,0.38,"Poor Sleep, Obesity Risk",Urban,13-17 (Teen),3.96,1
8,Male,2.05,Smartphone,True,0.53,,Urban,8-12 (Pre-teen),2.05,0
12,Male,5.14,Smartphone,True,0.4,"Poor Sleep, Obesity Risk",Rural,8-12 (Pre-teen),5.14,1
13,Female,4.77,Smartphone,True,0.33,,Urban,13-17 (Teen),4.77,0
14,Male,4.48,Smartphone,True,0.4,"Poor Sleep, Obesity Risk",Urban,13-17 (Teen),4.48,1
16,Male,4.95,Laptop,True,0.43,Poor Sleep,Urban,13-17 (Teen),4.95,1
10,Female,1.07,TV,False,0.52,,Urban,8-12 (Pre-teen),1.07,0
9,Male,6.97,TV,True,0.45,"Poor Sleep, Obesity Risk",Urban,8-12 (Pre-teen),6.97,1
10,Female,5.03,Smartphone,True,0.48,Eye Strain,Urban,8-12 (Pre-teen),5.03,0
16,Female,3.39,Laptop,True,0.32,"Poor Sleep, Anxiety",Urban,13-17 (Teen),3.39,1
14,Female,2.43,Smartphone,False,0.43,,Urban,13-17 (Teen),2.43,0
16,Male,5.99,Laptop,True,0.3,Poor Sleep,Urban,13-17 (Teen),5.99,1
9,Male,3.97,TV,True,0.5,,Urban,8-12 (Pre-teen),3.97,0
12,Male,2.19,Tablet,False,0.33,,Urban,8-12 (Pre-teen),2.19,0
11,Female,4.04,Laptop,True,0.38,Anxiety,Urban,8-12 (Pre-teen),4.04,0
9,Male,0.51,TV,False,0.54,,Urban,8-12 (Pre-teen),0.51,0
16,Male,4.93,TV,True,0.44,"Poor Sleep, Eye Strain, Obesity Risk",Rural,13-17 (Teen),4.93,1
16,Female,4.45,Laptop,True,0.48,,Urban,13-17 (Teen),4.45,0
13,Female,3.91,Smartphone,True,0.34,"Poor Sleep, Eye Strain, Anxiety",Rural,13-17 (Teen),3.91,1
18,Female,4.61,Smartphone,True,0.41,,Urban,18-29 (Young Adult),4.61,0
13,Female,5.72,TV,True,0.39,Poor Sleep,Urban,13-17 (Teen),5.72,1
15,Female,5.54,Laptop,True,0.36,"Eye Strain, Anxiety",Urban,13-17 (Teen),5.54,0
13,Male,3.05,Laptop,True,0.42,Eye Strain,Rural,13-17 (Teen),3.05,0
8,Female,0.8,Tablet,False,0.53,,Urban,8-12 (Pre-teen),0.8,0
11,Female,6.28,Smartphone,True,0.35,Obesity Risk,Urban,8-12 (Pre-teen),6.28,0
14,Female,4.25,Smartphone,True,0.46,"Poor Sleep, Eye Strain",Urban,13-17 (Teen),4.25,1
9,Female,2.39,Smartphone,True,0.41,,Urban,8-12 (Pre-teen),2.39,0
16,Female,5.12,Smartphone,True,0.48,,Urban,13-17 (Teen),5.12,0
15,Male,5.22,Smartphone,True,0.49,"Poor Sleep, Eye Strain, Obesity Risk",Urban,13-17 (Teen),5.22,1
15,Female,4.32,Smartphone,True,0.4,Poor Sleep,Rural,13-17 (Teen),4.32,1
14,Male,4.29,TV,True,0.31,Obesity Risk,Urban,13-17 (Teen),4.29,0
11,Female,3.82,TV,True,0.45,Poor Sleep,Urban,8-12 (Pre-teen),3.82,1
9,Male,7.97,TV,True,0.58,Poor Sleep,Urban,8-12 (Pre-teen),7.97,1
10,Male,5.16,Smartphone,True,0.51,"Poor Sleep, Anxiety",Urban,8-12 (Pre-teen),5.16,1
13,Male,4.73,Smartphone,True,0.39,Poor Sleep,Urban,13-17 (Teen),4.73,1
12,Male,4.91,Smartphone,True,0.43,"Poor Sleep, Anxiety",Urban,8-12 (Pre-teen),4.91,1
15,Female,4.24,Smartphone,True,0.43,"Poor Sleep, Eye Strain",Urban,13-17 (Teen),4.24,1
13,Female,2.97,Smartphone,False,0.42,,Urban,13-17 (Teen),2.97,0
13,Female,3.83,Laptop,True,0.49,Anxiety,Urban,13-17 (Teen),3.83,0
8,Male,0.71,TV,False,0.54,,Urban,8-12 (Pre-teen),0.71,0
11,Female,4.87,Laptop,True,0.42,Eye Strain,Rural,8-12 (Pre-teen),4.87,0
12,Male,4.53,Laptop,True,0.44,Poor Sleep,Urban,8-12 (Pre-teen),4.53,1
18,Female,4.96,TV,True,0.46,Poor Sleep,Rural,18-29 (Young Adult),4.96,1
10,Male,5.83,TV,True,0.57,"Eye Strain, Anxiety, Obesity Risk",Urban,8-12 (Pre-teen),5.83,0
16,Male,4.47,Laptop,True,0.36,,Urban,13-17 (Teen),4.47,0
8,Female,2.47,TV,True,0.44,,Urban,8-12 (Pre-teen),2.47,0
13,Female,4.95,Smartphone,True,0.31,"Poor Sleep, Eye Strain",Urban,13-17 (Teen),4.95,1
13,Female,6.26,TV,True,0.41,"Poor Sleep, Anxiety",Urban,13-17 (Teen),6.26,1
17,Female,2.87,Smartphone,False,0.44,,Urban,13-17 (Teen),2.87,0
12,Male,5.59,Tablet,True,0.47,"Poor Sleep, Obesity Risk",Urban,8-12 (Pre-teen),5.59,1
12,Male,5.46,Smartphone,True,0.32,"Poor Sleep, Eye Strain, Obesity Risk",Urban,8-12 (Pre-teen),5.46,1
17,Male,5.97,Smartphone,True,0.45,"Poor Sleep, Eye Strain",Urban,13-17 (Teen),5.97,1
12,Male,6.06,Laptop,True,0.47,"Poor Sleep, Eye Strain",Rural,8-12 (Pre-teen),6.06,1
13,Male,3.7,TV,True,0.38,Eye Strain,Rural,13-17 (Teen),3.7,0
15,Male,6.73,Laptop,True,0.4,Anxiety,Rural,13-17 (Teen),6.73,0
9,Female,0.29,Smartphone,False,0.43,,Urban,8-12 (Pre-teen),0.29,0
13,Female,4.23,Laptop,True,0.34,Poor Sleep,Rural,13-17 (Teen),4.23,1
8,Female,6.17,TV,True,0.46,Poor Sleep,Rural,8-12 (Pre-teen),6.17,1
11,Female,4.97,Smartphone,True,0.33,Poor Sleep,Rural,8-12 (Pre-teen),4.97,1
17,Male,3.89,Laptop,True,0.31,Anxiety,Urban,13-17 (Teen),3.89,0
10,Male,6.65,Smartphone,True,0.43,,Urban,8-12 (Pre-teen),6.65,0
16,Female,3.08,Smartphone,True,0.47,"Poor Sleep, Anxiety",Urban,13-17 (Teen),3.08,1
10,Male,1.63,Smartphone,False,0.58,,Urban,8-12 (Pre-teen),1.63,0
13,Female,3.2,Smartphone,True,0.48,"Poor Sleep, Obesity Risk",Urban,13-17 (Teen),3.2,1
8,Male,1.38,Smartphone,False,0.55,,Urban,8-12 (Pre-teen),1.38,0
13,Female,4.61,Smartphone,True,0.41,Eye Strain,Urban,13-17 (Teen),4.61,0
11,Male,5.6,Smartphone,True,0.45,Anxiety,Urban,8-12 (Pre-teen),5.6,0
15,Female,5.98,Smartphone,True,0.34,"Poor Sleep, Eye Strain, Anxiety, Obesity Risk",Urban,13-17 (Teen),5.98,1
18,Female,5.2,Smartphone,True,0.36,"Eye Strain, Anxiety",Urban,18-29 (Young Adult),5.2,0
16,Female,4.83,Smartphone,True,0.35,Poor Sleep,Urban,13-17 (Teen),4.83,1
11,Female,3.76,Smartphone,True,0.31,"Poor Sleep, Anxiety",Urban,8-12 (Pre-teen),3.76,1
17,Male,7.36,Smartphone,True,0.33,,Urban,13-17 (Teen),7.36,0
17,Female,4.5,Smartphone,True,0.39,Anxiety,Urban,13-17 (Teen),4.5,0
13,Female,3.17,Laptop,True,0.36,Eye Strain,Urban,13-17 (Teen),3.17,0
8,Female,1.46,Smartphone,False,0.53,,Urban,8-12 (Pre-teen),1.46,0
11,Male,4.67,Smartphone,True,0.39,"Poor Sleep, Obesity Risk",Urban,8-12 (Pre-teen),4.67,1
14,Male,2.85,TV,False,0.37,,Urban,13-17 (Teen),2.85,0
8,Female,6.23,Smartphone,True,0.45,Poor Sleep,Rural,8-12 (Pre-teen),6.23,1
15,Female,6.34,Smartphone,True,0.4,,Urban,13-17 (Teen),6.34,0
17,Male,4.72,Smartphone,True,0.45,,Urban,13-17 (Teen),4.72,0
18,Male,6.29,Smartphone,True,0.31,"Poor Sleep, Anxiety, Obesity Risk",Urban,18-29 (Young Adult),6.29,1
13,Male,2.75,Smartphone,False,0.3,,Urban,13-17 (Teen),2.75,0
12,Male,3.45,Smartphone,True,0.45,Anxiety,Urban,8-12 (Pre-teen),3.45,0
17,Female,4.82,Smartphone,True,0.4,Eye Strain,Urban,13-17 (Teen),4.82,0
18,Male,2.64,Laptop,False,0.41,,Urban,18-29 (Young Adult),2.64,0
16,Male,4.4,Laptop,True,0.4,Poor Sleep,Rural,13-17 (Teen),4.4,1
9,Female,4.17,Smartphone,True,0.48,Poor Sleep,Rural,8-12 (Pre-teen),4.17,1
12,Male,3.52,Smartphone,True,0.31,Eye Strain,Rural,8-12 (Pre-teen),3.52,0
13,Female,4.39,Smartphone,True,0.43,Obesity Risk,Urban,13-17 (Teen),4.39,0
14,Female,4.35,Smartphone,True,0.46,"Poor Sleep, Anxiety",Urban,13-17 (Teen),4.35,1
12,Male,5.6,TV,True,0.42,Poor Sleep,Rural,8-12 (Pre-teen),5.6,1
16,Male,4.81,Laptop,True,0.31,Obesity Risk,Urban,13-17 (Teen),4.81,0
8,Female,7.27,Smartphone,True,0.57,Anxiety,Rural,8-12 (Pre-teen),7.27,0
14,Female,3.7,Laptop,True,0.42,"Poor Sleep, Eye Strain, Anxiety",Urban,13-17 (Teen),3.7,1
17,Male,4.74,Laptop,True,0.32,Poor Sleep,Rural,13-17 (Teen),4.74,1
14,Female,4.87,Smartphone,True,0.38,"Poor Sleep, Anxiety",Rural,13-17 (Teen),4.87,1
11,Male,4.03,Laptop,True,0.32,Poor Sleep,Rural,8-12 (Pre-teen),4.03,1
16,Female,3.76,TV,True,0.45,"Poor Sleep, Eye Strain, Anxiety",Urban,13-17 (Teen),3.76,1
18,Female,4.65,Smartphone,True,0.35,Poor Sleep,Rural,18-29 (Young Adult),4.65,1
12,Female,3.4,Laptop,True,0.4,"Poor Sleep, Anxiety",Urban,8-12 (Pre-teen),3.4,1
11,Female,5.13,Smartphone,True,0.35,Eye Strain,Urban,8-12 (Pre-teen),5.13,0
14,Female,4.2,Smartphone,True,0.39,,Urban,13-17 (Teen),4.2,0
11,Female,2.55,Laptop,False,0.44,,Rural,8-12 (Pre-teen),2.55,0
10,Male,0.36,Smartphone,False,0.5,,Rural,8-12 (Pre-teen),0.36,0
16,Male,4.63,TV,True,0.39,"Poor Sleep, Anxiety",Rural,13-17 (Teen),4.63,1
18,Male,5.81,Laptop,True,0.36,Eye Strain,Urban,18-29 (Young Adult),5.81,0
15,Male,5.01,Smartphone,True,0.32,"Anxiety, Obesity Risk",Urban,13-17 (Teen),5.01,0
8,Female,7.83,Smartphone,True,0.55,"Poor Sleep, Anxiety",Urban,8-12 (Pre-teen),7.83,1
14,Female,4.51,Laptop,True,0.47,Eye Strain,Urban,13-17 (Teen),4.51,0
16,Female,6.65,Smartphone,True,0.43,Poor Sleep,Urban,13-17 (Teen),6.65,1
15,Female,5.35,Smartphone,True,0.32,Poor Sleep,Urban,13-17 (Teen),5.35,1
15,Male,3.01,Laptop,True,0.44,Poor Sleep,Rural,13-17 (Teen),3.01,1
13,Male,4.95,Laptop,True,0.35,Eye Strain,Rural,13-17 (Teen),4.95,0
18,Female,5.31,Laptop,True,0.45,Obesity Risk,Urban,18-29 (Young Adult),5.31,0
11,Male,5.46,Smartphone,True,0.47,,Urban,8-12 (Pre-teen),5.46,0
15,Female,4.93,TV,True,0.47,Poor Sleep,Rural,13-17 (Teen),4.93,1
10,Female,5.01,TV,True,0.53,,Urban,8-12 (Pre-teen),5.01,0
16,Female,4.22,Smartphone,True,0.33,Poor Sleep,Urban,13-17 (Teen),4.22,1
9,Male,4.18,Smartphone,True,0.49,Poor Sleep,Urban,8-12 (Pre-teen),4.18,1
9,Male,1.84,TV,False,0.42,,Rural,8-12 (Pre-teen),1.84,0
14,Male,3.78,Smartphone,True,0.49,,Urban,13-17 (Teen),3.78,0
17,Male,4.54,Smartphone,True,0.31,"Poor Sleep, Eye Strain",Rural,13-17 (Teen),4.54,1
11,Male,4.88,Laptop,True,0.43,"Poor Sleep, Anxiety",Rural,8-12 (Pre-teen),4.88,1
17,Male,5.39,TV,True,0.46,Obesity Risk,Urban,13-17 (Teen),5.39,0
15,Male,6.38,Smartphone,True,0.48,Poor Sleep,Urban,13-17 (Teen),6.38,1
16,Female,2.06,Smartphone,False,0.46,,Urban,13-17 (Teen),2.06,0
14,Female,3.81,Smartphone,True,0.47,,Rural,13-17 (Teen),3.81,0
12,Male,4.97,Tablet,True,0.41,"Poor Sleep, Obesity Risk",Rural,8-12 (Pre-teen),4.97,1
15,Female,6.99,Smartphone,True,0.3,"Poor Sleep, Eye Strain",Rural,13-17 (Teen),6.99,1
11,Female,6.62,Laptop,True,0.48,Poor Sleep,Urban,8-12 (Pre-teen),6.62,1
9,Female,2.99,Tablet,True,0.57,,Rural,8-12 (Pre-teen),2.99,0
18,Female,1.79,Smartphone,False,0.43,,Urban,18-29 (Young Adult),1.79,0
13,Female,3.56,Smartphone,True,0.49,"Eye Strain, Obesity Risk",Urban,13-17 (Teen),3.56,0
16,Male,5.61,Laptop,True,0.34,"Poor Sleep, Eye Strain, Anxiety, Obesity Risk",Urban,13-17 (Teen),5.61,1
8,Female,2.07,TV,True,0.49,,Urban,8-12 (Pre-teen),2.07,0
18,Male,2.44,TV,False,0.41,,Urban,18-29 (Young Adult),2.44,0
17,Female,2.5,Tablet,False,0.38,,Urban,13-17 (Teen),2.5,0
14,Female,5.31,Tablet,True,0.34,"Poor Sleep, Obesity Risk",Urban,13-17 (Teen),5.31,1
17,Female,4.76,Smartphone,True,0.42,"Poor Sleep, Eye Strain, Obesity Risk",Rural,13-17 (Teen),4.76,1
16,Male,3.58,Smartphone,True,0.32,Eye Strain,Urban,13-17 (Teen),3.58,0
17,Male,4.57,Smartphone,True,0.3,"Poor Sleep, Anxiety",Rural,13-17 (Teen),4.57,1
16,Female,6.25,Smartphone,True,0.49,Poor Sleep,Urban,13-17 (Teen),6.25,1
17,Female,7.92,Smartphone,True,0.34,"Poor Sleep, Obesity Risk",Urban,13-17 (Teen),7.92,1
18,Female,4.77,Laptop,True,0.42,"Eye Strain, Anxiety, Obesity Risk",Urban,18-29 (Young Adult),4.77,0
10,Female,6.5,Tablet,True,0.59,,Rural,8-12 (Pre-teen),6.5,0
18,Male,5.25,Tablet,True,0.48,Poor Sleep,Urban,18-29 (Young Adult),5.25,1
12,Male,3.77,Tablet,True,0.41,,Rural,8-12 (Pre-teen),3.77,0
15,Female,5.6,Laptop,True,0.39,"Poor Sleep, Eye Strain",Urban,13-17 (Teen),5.6,1
15,Female,3.16,Laptop,True,0.49,Poor Sleep,Urban,13-17 (Teen),3.16,1
11,Female,4.43,Smartphone,True,0.36,Poor Sleep,Urban,8-12 (Pre-teen),4.43,1
18,Female,4.95,Smartphone,True,0.37,"Poor Sleep, Obesity Risk",Urban,18-29 (Young Adult),4.95,1
18,Female,2.26,Smartphone,False,0.47,,Urban,18-29 (Young Adult),2.26,0
8,Female,1.76,Smartphone,False,0.5,,Urban,8-12 (Pre-teen),1.76,0
8,Female,2.7,Smartphone,True,0.58,,Urban,8-12 (Pre-teen),2.7,0
11,Female,4.96,Smartphone,True,0.37,"Poor Sleep, Eye Strain, Anxiety, Obesity Risk",Urban,8-12 (Pre-teen),4.96,1
13,Female,3.12,Smartphone,True,0.48,"Eye Strain, Obesity Risk",Urban,13-17 (Teen),3.12,0
15,Male,4.93,Smartphone,True,0.49,Poor Sleep,Rural,13-17 (Teen),4.93,1
13,Male,1.93,Laptop,False,0.35,,Rural,13-17 (Teen),1.93,0
16,Male,4.33,Smartphone,True,0.36,Poor Sleep,Urban,13-17 (Teen),4.33,1
16,Male,3.67,Smartphone,True,0.3,Eye Strain,Rural,13-17 (Teen),3.67,0
9,Male,3.81,TV,True,0.46,Obesity Risk,Urban,8-12 (Pre-teen),3.81,0
17,Male,6.68,Tablet,True,0.3,Poor Sleep,Rural,13-17 (Teen),6.68,1
8,Female,2.93,Smartphone,True,0.53,,Urban,8-12 (Pre-teen),2.93,0
9,Male,5.89,Tablet,True,0.41,"Poor Sleep, Eye Strain, Anxiety",Rural,8-12 (Pre-teen),5.89,1
12,Female,4.81,Tablet,True,0.37,"Poor Sleep, Obesity Risk",Rural,8-12 (Pre-teen),4.81,1
11,Male,5.71,TV,True,0.35,Poor Sleep,Urban,8-12 (Pre-teen),5.71,1
11,Male,6.59,TV,True,0.5,Eye Strain,Urban,8-12 (Pre-teen),6.59,0
16,Male,5.14,Smartphone,True,0.39,Poor Sleep,Rural,13-17 (Teen),5.14,1
18,Female,4.11,Smartphone,True,0.4,Poor Sleep,Rural,18-29 (Young Adult),4.11,1
15,Female,5.56,Smartphone,True,0.33,Poor Sleep,Urban,13-17 (Teen),5.56,1
13,Male,4.53,Smartphone,True,0.34,Eye Strain,Rural,13-17 (Teen),4.53,0
8,Female,2.48,Smartphone,True,0.46,,Rural,8-12 (Pre-teen),2.48,0
9,Female,1.35,TV,False,0.53,,Urban,8-12 (Pre-teen),1.35,0
13,Female,4.75,TV,True,0.44,"Poor Sleep, Anxiety",Rural,13-17 (Teen),4.75,1
18,Male,5.29,Tablet,True,0.35,"Poor Sleep, Obesity Risk",Urban,18-29 (Young Adult),5.29,1
9,Female,4.06,Tablet,True,0.56,"Poor Sleep, Anxiety",Rural,8-12 (Pre-teen),4.06,1
17,Male,5.29,Tablet,True,0.45,"Poor Sleep, Anxiety",Rural,13-17 (Teen),5.29,1
12,Female,3.76,Smartphone,True,0.49,"Poor Sleep, Obesity Risk",Urban,8-12 (Pre-teen),3.76,1
12,Male,4.2,TV,True,0.4,"Poor Sleep, Obesity Risk",Urban,8-12 (Pre-teen),4.2,1
13,Male,4.51,Laptop,True,0.48,Poor Sleep,Urban,13-17 (Teen),4.51,1
13,Male,4.35,Smartphone,True,0.36,Anxiety,Rural,13-17 (Teen),4.35,0
13,Male,3.22,Smartphone,True,0.4,"Poor Sleep, Eye Strain",Urban,13-17 (Teen),3.22,1
9,Male,6.19,Smartphone,True,0.44,Poor Sleep,Urban,8-12 (Pre-teen),6.19,1
17,Female,3.21,Smartphone,True,0.32,,Rural,13-17 (Teen),3.21,0
10,Female,5.04,TV,True,0.48,Anxiety,Urban,8-12 (Pre-teen),5.04,0
13,Male,4.41,TV,True,0.42,,Urban,13-17 (Teen),4.41,0
15,Female,3.16,Smartphone,True,0.42,Poor Sleep,Rural,13-17 (Teen),3.16,1
18,Male,4.44,Smartphone,True,0.47,"Poor Sleep, Eye Strain",Urban,18-29 (Young Adult),4.44,1
8,Female,1.25,TV,False,0.6,,Urban,8-12 (Pre-teen),1.25,0
8,Male,2.82,Smartphone,True,0.46,,Urban,8-12 (Pre-teen),2.82,0
18,Female,5.38,Tablet,True,0.3,Poor Sleep,Urban,18-29 (Young Adult),5.38,1
9,Male,6.31,Tablet,True,0.54,Poor Sleep,Rural,8-12 (Pre-teen),6.31,1
18,Male,4.45,TV,True,0.48,Eye Strain,Urban,18-29 (Young Adult),4.45,0
13,Male,4.52,Smartphone,True,0.36,Poor Sleep,Rural,13-17 (Teen),4.52,1
16,Male,2.37,TV,False,0.42,,Rural,13-17 (Teen),2.37,0
11,Male,4.95,Laptop,True,0.4,"Poor Sleep, Anxiety",Urban,8-12 (Pre-teen),4.95,1
10,Female,0.6,TV,False,0.53,,Urban,8-12 (Pre-teen),0.6,0
15,Female,2.77,Smartphone,False,0.35,,Rural,13-17 (Teen),2.77,0
18,Male,2.04,Laptop,False,0.38,,Urban,18-29 (Young Adult),2.04,0
17,Male,6.87,Tablet,True,0.32,"Poor Sleep, Eye Strain",Urban,13-17 (Teen),6.87,1
16,Female,4.13,Smartphone,True,0.34,"Poor Sleep, Eye Strain, Obesity Risk",Rural,13-17 (Teen),4.13,1
18,Male,2.37,TV,False,0.38,,Urban,18-29 (Young Adult),2.37,0
12,Female,5.47,Smartphone,True,0.35,Poor Sleep,Urban,8-12 (Pre-teen),5.47,1
16,Female,7.21,Laptop,True,0.38,Anxiety,Urban,13-17 (Teen),7.21,0
9,Female,9.63,Smartphone,True,0.42,"Poor Sleep, Anxiety",Urban,8-12 (Pre-teen),9.63,1
10,Female,3.23,Smartphone,True,0.51,Anxiety,Urban,8-12 (Pre-teen),3.23,0
14,Male,4.43,Laptop,True,0.45,Poor Sleep,Urban,13-17 (Teen),4.43,1
14,Male,5.53,Smartphone,True,0.42,,Urban,13-17 (Teen),5.53,0
13,Male,2.78,Smartphone,False,0.33,,Urban,13-17 (Teen),2.78,0
13,Female,5.01,Laptop,True,0.45,Anxiety,Urban,13-17 (Teen),5.01,0
9,Female,6.68,Smartphone,True,0.47,,Rural,8-12 (Pre-teen),6.68,0
17,Male,2.64,TV,False,0.4,,Rural,13-17 (Teen),2.64,0
13,Female,3.72,Smartphone,True,0.32,"Poor Sleep, Obesity Risk",Rural,13-17 (Teen),3.72,1
11,Male,7.08,Tablet,True,0.44,"Poor Sleep, Anxiety",Urban,8-12 (Pre-teen),7.08,1
10,Male,2.7,Smartphone,True,0.52,,Rural,8-12 (Pre-teen),2.7,0
18,Male,4.81,Smartphone,True,0.46,"Poor Sleep, Eye Strain, Anxiety",Urban,18-29 (Young Adult),4.81,1
9,Male,6.22,Tablet,True,0.54,"Poor Sleep, Obesity Risk",Rural,8-12 (Pre-teen),6.22,1
8,Male,2.34,Smartphone,True,0.53,,Rural,8-12 (Pre-teen),2.34,0
18,Male,4.18,Smartphone,True,0.35,Poor Sleep,Urban,18-29 (Young Adult),4.18,1
18,Female,2.43,Laptop,False,0.45,,Urban,18-29 (Young Adult),2.43,0
12,Female,4.97,Laptop,True,0.48,Anxiety,Urban,8-12 (Pre-teen),4.97,0
9,Female,0.0,Smartphone,False,0.48,,Urban,8-12 (Pre-teen),0.0,0
9,Female,3.73,Smartphone,True,0.46,Anxiety,Urban,8-12 (Pre-teen),3.73,0
14,Male,5.36,Smartphone,True,0.44,"Poor Sleep, Eye Strain",Rural,13-17 (Teen),5.36,1
15,Male,3.95,TV,True,0.37,"Poor Sleep, Eye Strain, Obesity Risk",Urban,13-17 (Teen),3.95,1
17,Male,5.42,Smartphone,True,0.34,Anxiety,Urban,13-17 (Teen),5.42,0
15,Male,4.68,Laptop,True,0.42,,Urban,13-17 (Teen),4.68,0
11,Male,5.24,TV,True,0.48,Poor Sleep,Rural,8-12 (Pre-teen),5.24,1
8,Male,6.64,TV,True,0.45,Poor Sleep,Urban,8-12 (Pre-teen),6.64,1
18,Male,5.18,TV,True,0.41,Poor Sleep,Urban,18-29 (Young Adult),5.18,1
14,Female,4.52,Smartphone,True,0.47,"Poor Sleep, Eye Strain, Anxiety",Urban,13-17 (Teen),4.52,1
8,Female,3.71,TV,True,0.54,"Poor Sleep, Obesity Risk",Urban,8-12 (Pre-teen),3.71,1
18,Male,5.56,Smartphone,True,0.49,Eye Strain,Rural,18-29 (Young Adult),5.56,0
11,Female,6.02,Smartphone,True,0.34,Poor Sleep,Urban,8-12 (Pre-teen),6.02,1
15,Female,2.46,Smartphone,False,0.47,,Rural,13-17 (Teen),2.46,0
9,Male,3.6,Tablet,True,0.51,Eye Strain,Urban,8-12 (Pre-teen),3.6,0
13,Female,4.88,Smartphone,True,0.5,Poor Sleep,Urban,13-17 (Teen),4.88,1
13,Female,3.31,TV,True,0.45,,Rural,13-17 (Teen),3.31,0
16,Female,4.25,Smartphone,True,0.34,Poor Sleep,Urban,13-17 (Teen),4.25,1
12,Female,3.14,Laptop,True,0.35,"Poor Sleep, Eye Strain",Urban,8-12 (Pre-teen),3.14,1
17,Male,6.8,TV,True,0.47,"Poor Sleep, Eye Strain",Urban,13-17 (Teen),6.8,1
11,Male,5.38,TV,True,0.38,"Poor Sleep, Obesity Risk",Urban,8-12 (Pre-teen),5.38,1
12,Female,4.05,Smartphone,True,0.31,"Poor Sleep, Obesity Risk",Urban,8-12 (Pre-teen),4.05,1
17,Male,5.07,TV,True,0.46,"Anxiety, Obesity Risk",Urban,13-17 (Teen),5.07,0
18,Male,5.32,Tablet,True,0.42,,Urban,18-29 (Young Adult),5.32,0
12,Male,5.33,Smartphone,True,0.44,Poor Sleep,Urban,8-12 (Pre-teen),5.33,1
15,Male,3.03,TV,True,0.49,,Urban,13-17 (Teen),3.03,0
17,Female,5.78,Smartphone,True,0.32,"Poor Sleep, Eye Strain, Anxiety",Urban,13-17 (Teen),5.78,1
15,Male,2.86,Smartphone,False,0.48,,Rural,13-17 (Teen),2.86,0
9,Male,7.45,Tablet,True,0.51,"Poor Sleep, Obesity Risk",Rural,8-12 (Pre-teen),7.45,1
14,Male,4.39,Laptop,True,0.4,"Poor Sleep, Eye Strain",Rural,13-17 (Teen),4.39,1
15,Male,5.88,TV,True,0.48,,Urban,13-17 (Teen),5.88,0
18,Male,4.36,TV,True,0.47,Poor Sleep,Urban,18-29 (Young Adult),4.36,1
13,Female,3.68,Tablet,True,0.44,Poor Sleep,Urban,13-17 (Teen),3.68,1
12,Male,3.24,Tablet,True,0.49,"Eye Strain, Obesity Risk",Urban,8-12 (Pre-teen),3.24,0
18,Male,5.75,Smartphone,True,0.35,"Poor Sleep, Eye Strain, Obesity Risk",Rural,18-29 (Young Adult),5.75,1
16,Male,4.9,Smartphone,True,0.31,"Poor Sleep, Eye Strain",Urban,13-17 (Teen),4.9,1
10,Female,10.99,Tablet,True,0.55,Anxiety,Urban,8-12 (Pre-teen),10.99,0
17,Female,3.92,Smartphone,True,0.42,"Poor Sleep, Eye Strain, Obesity Risk",Urban,13-17 (Teen),3.92,1
11,Female,5.0,Tablet,True,0.38,"Poor Sleep, Eye Strain",Urban,8-12 (Pre-teen),5.0,1
16,Female,4.42,Smartphone,True,0.31,"Poor Sleep, Eye Strain, Anxiety",Urban,13-17 (Teen),4.42,1
13,Female,5.12,Laptop,True,0.38,"Poor Sleep, Eye Strain, Anxiety",Urban,13-17 (Teen),5.12,1
15,Male,4.81,Laptop,True,0.3,"Poor Sleep, Eye Strain",Urban,13-17 (Teen),4.81,1
14,Female,4.91,Laptop,True,0.45,Poor Sleep,Rural,13-17 (Teen),4.91,1
18,Female,2.38,Smartphone,False,0.31,,Urban,18-29 (Young Adult),2.38,0
9,Male,0.87,Smartphone,False,0.49,,Rural,8-12 (Pre-teen),0.87,0
10,Male,4.6,Smartphone,True,0.5,Poor Sleep,Rural,8-12 (Pre-teen),4.6,1
8,Female,0.82,TV,False,0.44,,Urban,8-12 (Pre-teen),0.82,0
16,Male,4.48,Tablet,True,0.43,"Poor Sleep, Eye Strain",Urban,13-17 (Teen),4.48,1
14,Male,4.59,Smartphone,True,0.49,Poor Sleep,Urban,13-17 (Teen),4.59,1
8,Male,5.41,TV,True,0.52,,Rural,8-12 (Pre-teen),5.41,0
10,Female,4.22,Smartphone,True,0.51,Poor Sleep,Urban,8-12 (Pre-teen),4.22,1
11,Male,2.91,Smartphone,False,0.45,,Rural,8-12 (Pre-teen),2.91,0
11,Female,4.87,Smartphone,True,0.35,"Poor Sleep, Eye Strain, Anxiety",Urban,8-12 (Pre-teen),4.87,1
12,Male,4.99,Laptop,True,0.45,,Urban,8-12 (Pre-teen),4.99,0
10,Female,4.35,Smartphone,True,0.49,Poor Sleep,Rural,8-12 (Pre-teen),4.35,1
10,Male,6.29,TV,True,0.46,"Poor Sleep, Obesity Risk",Urban,8-12 (Pre-teen),6.29,1
8,Male,0.22,TV,False,0.53,,Urban,8-12 (Pre-teen),0.22,0
14,Male,4.32,TV,True,0.37,Poor Sleep,Rural,13-17 (Teen),4.32,1
18,Female,4.1,Smartphone,True,0.31,,Rural,18-29 (Young Adult),4.1,0
17,Female,3.3,Smartphone,True,0.45,Anxiety,Urban,13-17 (Teen),3.3,0
8,Male,5.36,Smartphone,True,0.55,Eye Strain,Urban,8-12 (Pre-teen),5.36,0
9,Male,0.2,TV,False,0.54,,Urban,8-12 (Pre-teen),0.2,0
11,Male,4.23,Smartphone,True,0.45,Poor Sleep,Urban,8-12 (Pre-teen),4.23,1
11,Female,2.96,Smartphone,False,0.36,,Urban,8-12 (Pre-teen),2.96,0
12,Female,6.19,Smartphone,True,0.39,"Poor Sleep, Eye Strain",Rural,8-12 (Pre-teen),6.19,1
18,Male,3.67,Smartphone,True,0.3,Eye Strain,Urban,18-29 (Young Adult),3.67,0
9,Female,5.72,TV,True,0.57,Poor Sleep,Rural,8-12 (Pre-teen),5.72,1
11,Female,5.87,Smartphone,True,0.45,,Urban,8-12 (Pre-teen),5.87,0
8,Male,6.15,TV,True,0.5,Poor Sleep,Urban,8-12 (Pre-teen),6.15,1
9,Female,3.64,Smartphone,True,0.56,"Poor Sleep, Obesity Risk",Urban,8-12 (Pre-teen),3.64,1
8,Male,6.65,TV,True,0.5,Eye Strain,Urban,8-12 (Pre-teen),6.65,0
17,Male,4.38,Smartphone,True,0.4,"Poor Sleep, Obesity Risk",Urban,13-17 (Teen),4.38,1
17,Male,3.01,TV,True,0.33,,Rural,13-17 (Teen),3.01,0
11,Male,5.15,Laptop,True,0.36,,Rural,8-12 (Pre-teen),5.15,0
11,Male,4.41,Laptop,True,0.41,Anxiety,Rural,8-12 (Pre-teen),4.41,0
14,Male,4.86,TV,True,0.45,Poor Sleep,Urban,13-17 (Teen),4.86,1
17,Female,3.23,Tablet,True,0.5,Poor Sleep,Urban,13-17 (Teen),3.23,1
18,Female,4.71,Laptop,True,0.33,Poor Sleep,Urban,18-29 (Young Adult),4.71,1
18,Male,3.44,Smartphone,True,0.41,"Poor Sleep, Anxiety",Urban,18-29 (Young Adult),3.44,1
16,Female,4.59,Smartphone,True,0.36,Poor Sleep,Urban,13-17 (Teen),4.59,1
16,Female,2.61,Laptop,False,0.42,,Rural,13-17 (Teen),2.61,0
12,Male,3.25,Smartphone,True,0.36,Obesity Risk,Rural,8-12 (Pre-teen),3.25,0
17,Female,4.54,Smartphone,True,0.39,"Poor Sleep, Anxiety",Urban,13-17 (Teen),4.54,1
8,Female,1.51,Tablet,False,0.44,,Urban,8-12 (Pre-teen),1.51,0
8,Female,9.68,TV,True,0.48,Obesity Risk,Rural,8-12 (Pre-teen),9.68,0
13,Male,5.02,TV,True,0.33,Poor Sleep,Rural,13-17 (Teen),5.02,1
9,Female,3.88,Tablet,True,0.6,Poor Sleep,Urban,8-12 (Pre-teen),3.88,1
15,Male,5.03,TV,True,0.32,Poor Sleep,Urban,13-17 (Teen),5.03,1
16,Male,4.03,Laptop,True,0.36,Poor Sleep,Urban,13-17 (Teen),4.03,1
11,Female,5.31,Smartphone,True,0.33,Poor Sleep,Urban,8-12 (Pre-teen),5.31,1
12,Male,2.31,TV,False,0.31,,Urban,8-12 (Pre-teen),2.31,0
18,Male,3.25,Laptop,True,0.42,,Rural,18-29 (Young Adult),3.25,0
15,Male,5.51,Smartphone,True,0.4,"Eye Strain, Obesity Risk",Urban,13-17 (Teen),5.51,0
10,Female,4.03,TV,True,0.53,,Rural,8-12 (Pre-teen),4.03,0
12,Female,7.12,TV,True,0.31,"Poor Sleep, Eye Strain, Obesity Risk",Urban,8-12 (Pre-teen),7.12,1
10,Male,0.68,Smartphone,False,0.47,,Urban,8-12 (Pre-teen),0.68,0
17,Male,6.01,Smartphone,True,0.47,Eye Strain,Urban,13-17 (Teen),6.01,0
10,Male,0.0,TV,False,0.43,,Urban,8-12 (Pre-teen),0.0,0
10,Female,5.3,TV,True,0.41,Poor Sleep,Urban,8-12 (Pre-teen),5.3,1
14,Male,6.89,Smartphone,True,0.41,"Poor Sleep, Eye Strain, Anxiety",Urban,13-17 (Teen),6.89,1
14,Female,5.1,Smartphone,True,0.4,"Poor Sleep, Obesity Risk",Urban,13-17 (Teen),5.1,1
14,Female,4.54,Tablet,True,0.45,,Urban,13-17 (Teen),4.54,0
17,Male,4.01,Laptop,True,0.3,,Rural,13-17 (Teen),4.01,0
15,Male,7.14,Laptop,True,0.33,,Urban,13-17 (Teen),7.14,0
12,Male,4.6,Laptop,True,0.39,"Poor Sleep, Eye Strain",Rural,8-12 (Pre-teen),4.6,1
12,Male,3.28,Smartphone,True,0.46,Poor Sleep,Urban,8-12 (Pre-teen),3.28,1
11,Male,3.91,Smartphone,True,0.44,Poor Sleep,Urban,8-12 (Pre-teen),3.91,1
14,Female,4.43,Smartphone,True,0.32,Poor Sleep,Rural,13-17 (Teen),4.43,1
17,Male,6.51,Tablet,True,0.39,,Urban,13-17 (Teen),6.51,0
11,Male,4.94,Smartphone,True,0.4,,Urban,8-12 (Pre-teen),4.94,0
9,Male,5.92,TV,True,0.42,"Eye Strain, Obesity Risk",Urban,8-12 (Pre-teen),5.92,0
11,Female,5.71,Tablet,True,0.48,Eye Strain,Rural,8-12 (Pre-teen),5.71,0
15,Male,3.76,TV,True,0.32,"Poor Sleep, Eye Strain",Rural,13-17 (Teen),3.76,1
16,Male,4.26,Smartphone,True,0.34,,Rural,13-17 (Teen),4.26,0
10,Male,5.03,Smartphone,True,0.52,,Urban,8-12 (Pre-teen),5.03,0
14,Male,3.48,Laptop,True,0.35,,Urban,13-17 (Teen),3.48,0
16,Male,4.21,Smartphone,True,0.4,Anxiety,Rural,13-17 (Teen),4.21,0
18,Male,4.63,TV,True,0.4,Poor Sleep,Urban,18-29 (Young Adult),4.63,1
11,Male,3.95,Laptop,True,0.46,"Poor Sleep, Anxiety",Urban,8-12 (Pre-teen),3.95,1
17,Female,4.61,TV,True,0.45,Obesity Risk,Rural,13-17 (Teen),4.61,0
10,Female,5.34,Tablet,True,0.54,,Urban,8-12 (Pre-teen),5.34,0
12,Male,4.93,Smartphone,True,0.47,"Poor Sleep, Eye Strain",Rural,8-12 (Pre-teen),4.93,1
8,Male,1.6,TV,False,0.41,,Urban,8-12 (Pre-teen),1.6,0
10,Male,8.22,TV,True,0.43,Poor Sleep,Urban,8-12 (Pre-teen),8.22,1
15,Female,6.5,TV,True,0.49,"Poor Sleep, Eye Strain",Rural,13-17 (Teen),6.5,1
18,Male,4.3,Smartphone,True,0.34,Anxiety,Urban,18-29 (Young Adult),4.3,0
15,Female,5.93,Tablet,True,0.47,"Poor Sleep, Eye Strain, Anxiety",Urban,13-17 (Teen),5.93,1
11,Male,4.76,Laptop,True,0.33,Eye Strain,Urban,8-12 (Pre-teen),4.76,0
9,Female,5.45,Tablet,True,0.41,,Urban,8-12 (Pre-teen),5.45,0
15,Female,4.9,TV,True,0.42,Eye Strain,Urban,13-17 (Teen),4.9,0
15,Female,3.79,Smartphone,True,0.36,Eye Strain,Urban,13-17 (Teen),3.79,0
17,Male,0.0,Tablet,False,0.41,,Urban,13-17 (Teen),0.0,0
11,Male,4.66,Smartphone,True,0.31,"Poor Sleep, Eye Strain, Anxiety",Urban,8-12 (Pre-teen),4.66,1
10,Female,3.64,Tablet,True,0.41,"Poor Sleep, Eye Strain",Urban,8-12 (Pre-teen),3.64,1
9,Female,2.97,TV,True,0.45,,Urban,8-12 (Pre-teen),2.97,0
16,Female,5.27,TV,True,0.45,,Urban,13-17 (Teen),5.27,0
8,Female,1.34,Smartphone,False,0.42,,Rural,8-12 (Pre-teen),1.34,0
14,Female,4.9,Smartphone,True,0.36,"Poor Sleep, Eye Strain",Rural,13-17 (Teen),4.9,1
12,Female,5.86,Smartphone,True,0.47,"Poor Sleep, Eye Strain",Urban,8-12 (Pre-teen),5.86,1
15,Male,3.88,Smartphone,True,0.31,"Poor Sleep, Anxiety",Rural,13-17 (Teen),3.88,1
11,Male,5.26,Smartphone,True,0.49,Obesity Risk,Urban,8-12 (Pre-teen),5.26,0
14,Male,2.85,Smartphone,False,0.35,,Urban,13-17 (Teen),2.85,0
12,Male,4.84,Smartphone,True,0.37,Poor Sleep,Urban,8-12 (Pre-teen),4.84,1
12,Male,5.34,Smartphone,True,0.44,Poor Sleep,Urban,8-12 (Pre-teen),5.34,1
16,Male,6.14,Laptop,True,0.49,Eye Strain,Urban,13-17 (Teen),6.14,0
16,Female,6.21,TV,True,0.31,Eye Strain,Urban,13-17 (Teen),6.21,0
16,Female,3.71,Smartphone,True,0.49,"Poor Sleep, Eye Strain",Urban,13-17 (Teen),3.71,1
13,Male,5.02,Smartphone,True,0.44,"Poor Sleep, Eye Strain, Obesity Risk",Rural,13-17 (Teen),5.02,1
13,Male,2.52,Laptop,False,0.31,,Urban,13-17 (Teen),2.52,0
12,Female,3.78,TV,True,0.36,Poor Sleep,Rural,8-12 (Pre-teen),3.78,1
16,Female,4.38,Laptop,True,0.44,"Poor Sleep, Eye Strain",Urban,13-17 (Teen),4.38,1
17,Female,2.1,Laptop,False,0.4,,Rural,13-17 (Teen),2.1,0
15,Male,4.1,Smartphone,True,0.41,Obesity Risk,Urban,13-17 (Teen),4.1,0
14,Female,4.98,Smartphone,True,0.42,Poor Sleep,Urban,13-17 (Teen),4.98,1
14,Female,3.38,Laptop,True,0.45,"Poor Sleep, Eye Strain",Urban,13-17 (Teen),3.38,1
13,Female,2.51,Laptop,False,0.48,,Urban,13-17 (Teen),2.51,0
12,Female,4.64,TV,True,0.37,,Rural,8-12 (Pre-teen),4.64,0
11,Male,4.07,Laptop,True,0.47,,Urban,8-12 (Pre-teen),4.07,0
10,Female,1.05,TV,False,0.49,,Urban,8-12 (Pre-teen),1.05,0
10,Female,0.0,Tablet,False,0.47,,Urban,8-12 (Pre-teen),0.0,0
13,Female,3.03,Smartphone,True,0.31,"Poor Sleep, Obesity Risk",Rural,13-17 (Teen),3.03,1
11,Male,1.82,Smartphone,False,0.43,,Urban,8-12 (Pre-teen),1.82,0
13,Female,3.53,Smartphone,True,0.4,,Rural,13-17 (Teen),3.53,0
10,Female,0.0,Smartphone,False,0.55,,Urban,8-12 (Pre-teen),0.0,0
11,Male,4.39,Smartphone,True,0.38,,Rural,8-12 (Pre-teen),4.39,0
16,Male,5.4,TV,True,0.3,,Urban,13-17 (Teen),5.4,0
12,Male,6.42,Laptop,True,0.35,,Urban,8-12 (Pre-teen),6.42,0
14,Female,2.54,Smartphone,False,0.31,,Urban,13-17 (Teen),2.54,0
17,Male,4.23,Smartphone,True,0.43,Eye Strain,Urban,13-17 (Teen),4.23,0
9,Male,3.21,Smartphone,True,0.5,"Poor Sleep, Anxiety",Urban,8-12 (Pre-teen),3.21,1
12,Male,4.55,Smartphone,True,0.46,Anxiety,Rural,8-12 (Pre-teen),4.55,0
16,Female,4.66,TV,True,0.34,Poor Sleep,Urban,13-17 (Teen),4.66,1
18,Male,3.16,Smartphone,True,0.45,"Eye Strain, Obesity Risk",Urban,18-29 (Young Adult),3.16,0
10,Female,4.55,Smartphone,True,0.52,Eye Strain,Urban,8-12 (Pre-teen),4.55,0
16,Male,4.45,Smartphone,True,0.41,Poor Sleep,Urban,13-17 (Teen),4.45,1
18,Female,3.68,Smartphone,True,0.44,Poor Sleep,Urban,18-29 (Young Adult),3.68,1
13,Male,4.44,Smartphone,True,0.44,"Poor Sleep, Obesity Risk",Rural,13-17 (Teen),4.44,1
11,Female,4.53,TV,True,0.46,Poor Sleep,Urban,8-12 (Pre-teen),4.53,1
14,Male,4.4,Laptop,True,0.44,,Urban,13-17 (Teen),4.4,0
15,Male,5.17,Laptop,True,0.32,Eye Strain,Urban,13-17 (Teen),5.17,0
13,Male,4.81,Tablet,True,0.45,,Urban,13-17 (Teen),4.81,0
12,Female,4.01,Smartphone,True,0.44,"Poor Sleep, Anxiety, Obesity Risk",Rural,8-12 (Pre-teen),4.01,1
13,Male,5.45,Smartphone,True,0.39,,Rural,13-17 (Teen),5.45,0
12,Male,5.66,Smartphone,True,0.38,Poor Sleep,Urban,8-12 (Pre-teen),5.66,1
15,Male,5.85,Laptop,True,0.38,,Rural,13-17 (Teen),5.85,0
8,Male,5.72,TV,True,0.41,"Eye Strain, Anxiety",Rural,8-12 (Pre-teen),5.72,0
18,Male,4.49,Smartphone,True,0.44,"Poor Sleep, Anxiety, Obesity Risk",Urban,18-29 (Young Adult),4.49,1
14,Female,4.68,TV,True,0.38,,Urban,13-17 (Teen),4.68,0
17,Female,4.55,Smartphone,True,0.3,Poor Sleep,Rural,13-17 (Teen),4.55,1
17,Male,6.6,Smartphone,True,0.47,Poor Sleep,Urban,13-17 (Teen),6.6,1
18,Male,4.86,Smartphone,True,0.42,Poor Sleep,Rural,18-29 (Young Adult),4.86,1
9,Male,2.52,TV,True,0.45,,Urban,8-12 (Pre-teen),2.52,0
16,Male,4.13,Smartphone,True,0.39,"Poor Sleep, Eye Strain",Urban,13-17 (Teen),4.13,1
8,Female,1.17,Smartphone,False,0.54,,Urban,8-12 (Pre-teen),1.17,0
18,Female,2.87,Smartphone,False,0.36,,Rural,18-29 (Young Adult),2.87,0
17,Male,4.62,Smartphone,True,0.44,"Poor Sleep, Eye Strain",Urban,13-17 (Teen),4.62,1
13,Male,5.15,Smartphone,True,0.31,,Urban,13-17 (Teen),5.15,0
16,Female,3.98,Smartphone,True,0.46,"Poor Sleep, Eye Strain",Urban,13-17 (Teen),3.98,1
8,Male,5.12,Smartphone,True,0.47,Poor Sleep,Urban,8-12 (Pre-teen),5.12,1
11,Female,4.51,Smartphone,True,0.35,Poor Sleep,Urban,8-12 (Pre-teen),4.51,1
11,Male,4.11,Smartphone,True,0.31,Poor Sleep,Urban,8-12 (Pre-teen),4.11,1
16,Male,4.08,Smartphone,True,0.37,"Poor Sleep, Eye Strain",Urban,13-17 (Teen),4.08,1
18,Male,5.56,Tablet,True,0.4,Poor Sleep,Rural,18-29 (Young Adult),5.56,1
12,Female,3.24,Smartphone,True,0.32,Poor Sleep,Urban,8-12 (Pre-teen),3.24,1
12,Male,5.59,TV,True,0.33,Obesity Risk,Urban,8-12 (Pre-teen),5.59,0
13,Female,5.93,Smartphone,True,0.31,Poor Sleep,Rural,13-17 (Teen),5.93,1
8,Male,4.18,Smartphone,True,0.57,Poor Sleep,Urban,8-12 (Pre-teen),4.18,1
8,Female,5.72,Smartphone,True,0.41,"Poor Sleep, Eye Strain, Anxiety",Urban,8-12 (Pre-teen),5.72,1
16,Female,3.91,Laptop,True,0.42,,Urban,13-17 (Teen),3.91,0
10,Female,2.93,Smartphone,True,0.41,,Urban,8-12 (Pre-teen),2.93,0
11,Male,3.26,TV,True,0.39,"Poor Sleep, Eye Strain",Rural,8-12 (Pre-teen),3.26,1
8,Female,6.14,Smartphone,True,0.4,Poor Sleep,Urban,8-12 (Pre-teen),6.14,1
16,Female,3.6,Smartphone,True,0.33,"Poor Sleep, Eye Strain, Obesity Risk",Urban,13-17 (Teen),3.6,1
15,Female,3.78,Smartphone,True,0.49,"Poor Sleep, Eye Strain",Rural,13-17 (Teen),3.78,1
9,Female,2.75,TV,True,0.49,,Urban,8-12 (Pre-teen),2.75,0
15,Male,3.1,Smartphone,True,0.3,Eye Strain,Rural,13-17 (Teen),3.1,0
14,Male,5.16,TV,True,0.48,Poor Sleep,Rural,13-17 (Teen),5.16,1
18,Female,2.46,Tablet,False,0.31,,Urban,18-29 (Young Adult),2.46,0
13,Female,4.52,Smartphone,True,0.4,"Poor Sleep, Eye Strain",Urban,13-17 (Teen),4.52,1
8,Male,8.06,TV,True,0.44,,Rural,8-12 (Pre-teen),8.06,0
14,Male,3.3,Smartphone,True,0.37,,Rural,13-17 (Teen),3.3,0
17,Female,4.11,Smartphone,True,0.47,"Poor Sleep, Eye Strain, Anxiety",Urban,13-17 (Teen),4.11,1
14,Female,6.09,Laptop,True,0.34,Poor Sleep,Urban,13-17 (Teen),6.09,1
16,Male,6.07,Smartphone,True,0.48,"Poor Sleep, Eye Strain, Anxiety, Obesity Risk",Urban,13-17 (Teen),6.07,1
8,Male,1.48,Tablet,False,0.56,,Rural,8-12 (Pre-teen),1.48,0
9,Male,2.12,TV,True,0.59,,Rural,8-12 (Pre-teen),2.12,0
18,Female,6.97,Smartphone,True,0.38,Poor Sleep,Urban,18-29 (Young Adult),6.97,1
16,Female,5.24,Smartphone,True,0.37,"Poor Sleep, Eye Strain",Rural,13-17 (Teen),5.24,1
16,Male,3.13,TV,True,0.33,"Poor Sleep, Eye Strain",Urban,13-17 (Teen),3.13,1
13,Male,2.04,Smartphone,False,0.49,,Rural,13-17 (Teen),2.04,0
13,Female,3.66,TV,True,0.35,Eye Strain,Rural,13-17 (Teen),3.66,0
11,Male,5.8,TV,True,0.5,"Poor Sleep, Anxiety",Urban,8-12 (Pre-teen),5.8,1
11,Male,4.38,TV,True,0.37,"Poor Sleep, Eye Strain, Anxiety",Urban,8-12 (Pre-teen),4.38,1
12,Female,6.47,Smartphone,True,0.35,"Poor Sleep, Eye Strain",Rural,8-12 (Pre-teen),6.47,1
10,Female,3.27,Tablet,True,0.59,Anxiety,Urban,8-12 (Pre-teen),3.27,0
8,Female,3.22,Tablet,True,0.54,"Eye Strain, Obesity Risk",Urban,8-12 (Pre-teen),3.22,0
8,Male,2.31,Smartphone,True,0.45,,Rural,8-12 (Pre-teen),2.31,0
14,Female,4.76,TV,True,0.35,Poor Sleep,Urban,13-17 (Teen),4.76,1
8,Male,0.43,TV,False,0.41,,Urban,8-12 (Pre-teen),0.43,0
8,Male,2.39,TV,True,0.45,,Urban,8-12 (Pre-teen),2.39,0
10,Male,2.28,Tablet,True,0.51,,Urban,8-12 (Pre-teen),2.28,0
17,Male,4.19,Smartphone,True,0.5,"Poor Sleep, Eye Strain, Obesity Risk",Rural,13-17 (Teen),4.19,1
11,Female,3.07,Laptop,True,0.33,Poor Sleep,Rural,8-12 (Pre-teen),3.07,1
11,Male,6.31,Smartphone,True,0.4,,Rural,8-12 (Pre-teen),6.31,0
9,Male,8.91,TV,True,0.43,Obesity Risk,Urban,8-12 (Pre-teen),8.91,0
8,Female,1.51,Tablet,False,0.41,,Urban,8-12 (Pre-teen),1.51,0
10,Male,4.59,TV,True,0.47,Poor Sleep,Urban,8-12 (Pre-teen),4.59,1
18,Male,5.39,Tablet,True,0.48,,Urban,18-29 (Young Adult),5.39,0
11,Male,5.22,Smartphone,True,0.38,Obesity Risk,Rural,8-12 (Pre-teen),5.22,0
10,Male,1.86,Smartphone,False,0.53,,Rural,8-12 (Pre-teen),1.86,0
15,Female,2.2,Laptop,False,0.34,,Urban,13-17 (Teen),2.2,0
17,Male,3.36,Smartphone,True,0.38,"Poor Sleep, Anxiety",Urban,13-17 (Teen),3.36,1
8,Male,6.8,Tablet,True,0.54,"Poor Sleep, Obesity Risk",Rural,8-12 (Pre-teen),6.8,1
9,Male,0.14,Tablet,False,0.59,,Urban,8-12 (Pre-teen),0.14,0
14,Female,3.68,Laptop,True,0.43,"Poor Sleep, Anxiety, Obesity Risk",Rural,13-17 (Teen),3.68,1
11,Female,4.31,Laptop,True,0.49,"Eye Strain, Anxiety",Rural,8-12 (Pre-teen),4.31,0
15,Male,3.55,Laptop,True,0.31,Eye Strain,Urban,13-17 (Teen),3.55,0
18,Female,5.11,Tablet,True,0.46,"Poor Sleep, Eye Strain",Rural,18-29 (Young Adult),5.11,1
10,Male,4.12,Tablet,True,0.46,"Eye Strain, Anxiety",Urban,8-12 (Pre-teen),4.12,0
13,Female,2.59,TV,False,0.39,,Rural,13-17 (Teen),2.59,0
16,Male,3.45,TV,True,0.48,Poor Sleep,Urban,13-17 (Teen),3.45,1
8,Male,3.7,Smartphone,True,0.45,Eye Strain,Urban,8-12 (Pre-teen),3.7,0
8,Male,1.21,TV,False,0.52,,Urban,8-12 (Pre-teen),1.21,0
15,Male,4.6,Laptop,True,0.45,Poor Sleep,Rural,13-17 (Teen),4.6,1
10,Female,5.06,TV,True,0.57,,Rural,8-12 (Pre-teen),5.06,0
12,Female,4.65,TV,True,0.38,"Poor Sleep, Eye Strain",Rural,8-12 (Pre-teen),4.65,1
8,Male,5.52,Smartphone,True,0.5,,Urban,8-12 (Pre-teen),5.52,0
12,Male,3.66,Laptop,True,0.39,Obesity Risk,Urban,8-12 (Pre-teen),3.66,0
18,Male,4.75,Smartphone,True,0.34,"Poor Sleep, Obesity Risk",Urban,18-29 (Young Adult),4.75,1
13,Female,4.83,Tablet,True,0.48,"Anxiety, Obesity Risk",Rural,13-17 (Teen),4.83,0
15,Male,4.29,Laptop,True,0.44,"Poor Sleep, Eye Strain",Urban,13-17 (Teen),4.29,1
10,Male,6.2,TV,True,0.52,Poor Sleep,Rural,8-12 (Pre-teen),6.2,1
10,Male,5.57,Smartphone,True,0.49,Eye Strain,Urban,8-12 (Pre-teen),5.57,0
18,Female,4.65,Smartphone,True,0.38,,Rural,18-29 (Young Adult),4.65,0
18,Female,3.63,Smartphone,True,0.41,Eye Strain,Urban,18-29 (Young Adult),3.63,0
17,Male,7.4,Tablet,True,0.34,,Urban,13-17 (Teen),7.4,0
16,Female,5.6,Smartphone,True,0.42,,Urban,13-17 (Teen),5.6,0
11,Male,5.29,Smartphone,True,0.49,Poor Sleep,Urban,8-12 (Pre-teen),5.29,1
11,Male,4.15,Laptop,True,0.42,"Poor Sleep, Eye Strain",Urban,8-12 (Pre-teen),4.15,1
14,Female,4.99,Laptop,True,0.32,,Rural,13-17 (Teen),4.99,0
9,Male,7.02,TV,True,0.45,Anxiety,Urban,8-12 (Pre-teen),7.02,0
15,Male,4.48,Tablet,True,0.45,Eye Strain,Urban,13-17 (Teen),4.48,0
13,Female,4.66,Smartphone,True,0.39,"Poor Sleep, Obesity Risk",Urban,13-17 (Teen),4.66,1
10,Male,5.74,TV,True,0.59,"Poor Sleep, Eye Strain",Rural,8-12 (Pre-teen),5.74,1
16,Male,4.88,Smartphone,True,0.33,Eye Strain,Rural,13-17 (Teen),4.88,0
12,Female,5.44,Smartphone,True,0.4,,Urban,8-12 (Pre-teen),5.44,0
15,Female,2.79,Laptop,False,0.38,,Urban,13-17 (Teen),2.79,0
14,Male,5.09,Smartphone,True,0.47,"Poor Sleep, Eye Strain",Rural,13-17 (Teen),5.09,1
15,Female,2.97,TV,False,0.37,,Urban,13-17 (Teen),2.97,0
14,Male,5.43,Laptop,True,0.37,,Rural,13-17 (Teen),5.43,0
10,Male,6.78,Tablet,True,0.45,"Poor Sleep, Eye Strain",Rural,8-12 (Pre-teen),6.78,1
9,Male,7.94,Smartphone,True,0.51,"Poor Sleep, Eye Strain, Anxiety, Obesity Risk",Urban,8-12 (Pre-teen),7.94,1
14,Female,3.47,Smartphone,True,0.36,Eye Strain,Urban,13-17 (Teen),3.47,0
10,Male,9.98,Tablet,True,0.41,,Rural,8-12 (Pre-teen),9.98,0
10,Male,2.09,Smartphone,True,0.59,,Urban,8-12 (Pre-teen),2.09,0
9,Male,3.98,TV,True,0.55,Eye Strain,Urban,8-12 (Pre-teen),3.98,0
11,Female,4.31,Smartphone,True,0.41,Poor Sleep,Rural,8-12 (Pre-teen),4.31,1
15,Male,4.05,Laptop,True,0.43,,Urban,13-17 (Teen),4.05,0
8,Male,4.71,TV,True,0.59,,Rural,8-12 (Pre-teen),4.71,0
8,Male,4.1,Tablet,True,0.59,,Urban,8-12 (Pre-teen),4.1,0
12,Male,3.78,Tablet,True,0.38,Obesity Risk,Urban,8-12 (Pre-teen),3.78,0
18,Female,4.22,Smartphone,True,0.4,Poor Sleep,Rural,18-29 (Young Adult),4.22,1
12,Male,6.26,TV,True,0.39,,Urban,8-12 (Pre-teen),6.26,0
18,Male,3.07,Smartphone,True,0.42,"Poor Sleep, Eye Strain, Anxiety",Urban,18-29 (Young Adult),3.07,1
8,Male,1.59,Smartphone,False,0.43,,Rural,8-12 (Pre-teen),1.59,0
13,Female,1.88,Smartphone,False,0.47,,Urban,13-17 (Teen),1.88,0
8,Female,9.23,Smartphone,True,0.45,,Rural,8-12 (Pre-teen),9.23,0
12,Male,5.46,Smartphone,True,0.44,"Poor Sleep, Obesity Risk",Urban,8-12 (Pre-teen),5.46,1
16,Male,1.56,Tablet,False,0.31,,Urban,13-17 (Teen),1.56,0
12,Male,3.52,TV,True,0.34,"Poor Sleep, Eye Strain, Obesity Risk",Rural,8-12 (Pre-teen),3.52,1
13,Male,4.37,Laptop,True,0.38,,Urban,13-17 (Teen),4.37,0
15,Male,3.2,Smartphone,True,0.31,Eye Strain,Urban,13-17 (Teen),3.2,0
18,Female,4.14,Tablet,True,0.41,Eye Strain,Urban,18-29 (Young Adult),4.14,0
9,Male,3.14,Smartphone,True,0.41,"Eye Strain, Obesity Risk",Rural,8-12 (Pre-teen),3.14,0
16,Female,4.0,Smartphone,True,0.3,"Poor Sleep, Obesity Risk",Urban,13-17 (Teen),4.0,1
10,Male,0.0,Tablet,False,0.58,,Urban,8-12 (Pre-teen),0.0,0
13,Male,4.76,Laptop,True,0.37,"Poor Sleep, Eye Strain, Anxiety, Obesity Risk",Rural,13-17 (Teen),4.76,1
12,Male,4.78,Smartphone,True,0.44,Obesity Risk,Rural,8-12 (Pre-teen),4.78,0
18,Male,3.44,Tablet,True,0.4,Poor Sleep,Urban,18-29 (Young Adult),3.44,1
9,Male,4.78,Smartphone,True,0.53,Poor Sleep,Urban,8-12 (Pre-teen),4.78,1
14,Female,3.65,Smartphone,True,0.45,,Urban,13-17 (Teen),3.65,0
11,Male,3.38,TV,True,0.37,Poor Sleep,Rural,8-12 (Pre-teen),3.38,1
8,Female,2.37,TV,True,0.47,,Urban,8-12 (Pre-teen),2.37,0
11,Male,3.68,Smartphone,True,0.49,"Poor Sleep, Eye Strain, Anxiety",Rural,8-12 (Pre-teen),3.68,1
13,Female,3.9,Smartphone,True,0.41,Eye Strain,Rural,13-17 (Teen),3.9,0
14,Female,3.27,Laptop,True,0.47,"Poor Sleep, Eye Strain, Obesity Risk",Urban,13-17 (Teen),3.27,1
14,Female,3.71,TV,True,0.4,"Poor Sleep, Eye Strain",Urban,13-17 (Teen),3.71,1
14,Male,4.13,Smartphone,True,0.43,"Poor Sleep, Eye Strain",Rural,13-17 (Teen),4.13,1
10,Male,10.07,TV,True,0.54,"Poor Sleep, Anxiety",Urban,8-12 (Pre-teen),10.07,1
13,Male,7.54,TV,True,0.45,Anxiety,Urban,13-17 (Teen),7.54,0
15,Male,3.84,Smartphone,True,0.46,Poor Sleep,Rural,13-17 (Teen),3.84,1
11,Female,3.78,Laptop,True,0.47,Obesity Risk,Rural,8-12 (Pre-teen),3.78,0
15,Female,4.32,TV,True,0.31,,Rural,13-17 (Teen),4.32,0
9,Female,0.0,Smartphone,False,0.42,,Urban,8-12 (Pre-teen),0.0,0
17,Female,5.18,Smartphone,True,0.42,Poor Sleep,Urban,13-17 (Teen),5.18,1
16,Male,5.17,Smartphone,True,0.46,,Urban,13-17 (Teen),5.17,0
16,Male,4.27,Smartphone,True,0.33,,Urban,13-17 (Teen),4.27,0
15,Female,5.36,Tablet,True,0.45,"Poor Sleep, Eye Strain",Rural,13-17 (Teen),5.36,1
17,Female,3.54,Smartphone,True,0.39,"Poor Sleep, Anxiety",Urban,13-17 (Teen),3.54,1
17,Male,5.87,Laptop,True,0.37,"Poor Sleep, Anxiety",Rural,13-17 (Teen),5.87,1
8,Male,0.1,TV,False,0.46,,Rural,8-12 (Pre-teen),0.1,0
9,Male,3.34,TV,True,0.41,Poor Sleep,Urban,8-12 (Pre-teen),3.34,1
13,Female,3.76,Smartphone,True,0.32,,Urban,13-17 (Teen),3.76,0
17,Male,3.41,Smartphone,True,0.34,"Poor Sleep, Eye Strain",Urban,13-17 (Teen),3.41,1
12,Female,3.36,Smartphone,True,0.33,,Rural,8-12 (Pre-teen),3.36,0
16,Male,3.65,TV,True,0.46,Poor Sleep,Rural,13-17 (Teen),3.65,1
12,Female,3.22,Smartphone,True,0.43,"Poor Sleep, Eye Strain",Urban,8-12 (Pre-teen),3.22,1
9,Male,7.1,TV,True,0.58,Poor Sleep,Urban,8-12 (Pre-teen),7.1,1
17,Male,4.34,Smartphone,True,0.34,"Poor Sleep, Eye Strain, Anxiety, Obesity Risk",Urban,13-17 (Teen),4.34,1
11,Male,5.5,Smartphone,True,0.38,,Urban,8-12 (Pre-teen),5.5,0
16,Male,5.61,Smartphone,True,0.4,Anxiety,Urban,13-17 (Teen),5.61,0
8,Male,5.1,Tablet,True,0.45,"Poor Sleep, Eye Strain, Anxiety",Urban,8-12 (Pre-teen),5.1,1
18,Male,4.52,TV,True,0.45,Anxiety,Urban,18-29 (Young Adult),4.52,0
8,Female,6.52,TV,True,0.47,,Rural,8-12 (Pre-teen),6.52,0
14,Male,6.43,Tablet,True,0.31,Obesity Risk,Urban,13-17 (Teen),6.43,0
18,Male,5.67,TV,True,0.49,"Poor Sleep, Anxiety",Urban,18-29 (Young Adult),5.67,1
10,Female,5.43,Tablet,True,0.57,"Poor Sleep, Anxiety",Rural,8-12 (Pre-teen),5.43,1
17,Male,6.86,Smartphone,True,0.47,Poor Sleep,Rural,13-17 (Teen),6.86,1
9,Male,1.87,Tablet,False,0.48,,Urban,8-12 (Pre-teen),1.87,0
16,Male,4.26,Smartphone,True,0.43,"Poor Sleep, Eye Strain",Urban,13-17 (Teen),4.26,1
10,Female,4.37,Tablet,True,0.54,,Urban,8-12 (Pre-teen),4.37,0
9,Male,2.98,Tablet,True,0.43,,Rural,8-12 (Pre-teen),2.98,0
15,Female,4.69,Smartphone,True,0.44,"Poor Sleep, Eye Strain",Urban,13-17 (Teen),4.69,1
17,Female,4.21,Smartphone,True,0.36,Poor Sleep,Rural,13-17 (Teen),4.21,1
13,Male,6.28,Smartphone,True,0.49,,Rural,13-17 (Teen),6.28,0
13,Male,5.13,Smartphone,True,0.43,"Poor Sleep, Eye Strain, Anxiety",Rural,13-17 (Teen),5.13,1
17,Female,2.89,TV,False,0.47,,Urban,13-17 (Teen),2.89,0
18,Male,5.13,Smartphone,True,0.37,Eye Strain,Urban,18-29 (Young Adult),5.13,0
14,Male,5.98,Smartphone,True,0.41,,Urban,13-17 (Teen),5.98,0
14,Male,3.64,Tablet,True,0.38,,Urban,13-17 (Teen),3.64,0
18,Female,6.07,Smartphone,True,0.36,Poor Sleep,Urban,18-29 (Young Adult),6.07,1
13,Female,6.59,Tablet,True,0.36,,Urban,13-17 (Teen),6.59,0
11,Male,3.44,Smartphone,True,0.48,Poor Sleep,Urban,8-12 (Pre-teen),3.44,1
18,Female,3.91,Smartphone,True,0.32,Eye Strain,Urban,18-29 (Young Adult),3.91,0
16,Male,4.18,Smartphone,True,0.35,"Poor Sleep, Eye Strain, Anxiety",Urban,13-17 (Teen),4.18,1
13,Male,5.84,TV,True,0.32,Poor Sleep,Urban,13-17 (Teen),5.84,1
11,Female,6.05,Smartphone,True,0.41,"Poor Sleep, Eye Strain, Obesity Risk",Urban,8-12 (Pre-teen),6.05,1
10,Female,7.44,Smartphone,True,0.42,"Poor Sleep, Anxiety",Rural,8-12 (Pre-teen),7.44,1
11,Male,4.5,TV,True,0.44,"Poor Sleep, Obesity Risk",Urban,8-12 (Pre-teen),4.5,1
10,Female,6.04,TV,True,0.42,"Eye Strain, Anxiety",Urban,8-12 (Pre-teen),6.04,0
9,Female,2.55,TV,True,0.42,,Urban,8-12 (Pre-teen),2.55,0
12,Female,4.14,Smartphone,True,0.36,"Poor Sleep, Eye Strain, Anxiety",Urban,8-12 (Pre-teen),4.14,1
9,Female,1.96,Smartphone,False,0.53,,Rural,8-12 (Pre-teen),1.96,0
13,Female,4.51,Smartphone,True,0.49,Poor Sleep,Urban,13-17 (Teen),4.51,1
10,Male,1.73,Smartphone,False,0.5,,Urban,8-12 (Pre-teen),1.73,0
13,Male,5.48,Smartphone,True,0.43,"Poor Sleep, Obesity Risk",Urban,13-17 (Teen),5.48,1
18,Male,4.08,Smartphone,True,0.45,"Poor Sleep, Eye Strain, Anxiety",Urban,18-29 (Young Adult),4.08,1
17,Female,3.2,Smartphone,True,0.39,"Poor Sleep, Eye Strain",Urban,13-17 (Teen),3.2,1
16,Male,3.77,Smartphone,True,0.39,Poor Sleep,Urban,13-17 (Teen),3.77,1
8,Female,0.16,Smartphone,False,0.46,,Rural,8-12 (Pre-teen),0.16,0
13,Female,3.37,Smartphone,True,0.38,Anxiety,Urban,13-17 (Teen),3.37,0
16,Female,3.64,Smartphone,True,0.42,"Poor Sleep, Obesity Risk",Urban,13-17 (Teen),3.64,1
18,Female,2.9,Smartphone,False,0.41,,Urban,18-29 (Young Adult),2.9,0
11,Male,3.33,TV,True,0.42,Poor Sleep,Urban,8-12 (Pre-teen),3.33,1
18,Female,4.68,TV,True,0.31,Obesity Risk,Urban,18-29 (Young Adult),4.68,0
9,Male,4.21,Smartphone,True,0.54,,Urban,8-12 (Pre-teen),4.21,0
11,Female,4.07,Laptop,True,0.33,"Anxiety, Obesity Risk",Urban,8-12 (Pre-teen),4.07,0
8,Male,0.0,Tablet,False,0.59,,Urban,8-12 (Pre-teen),0.0,0
10,Female,4.46,Smartphone,True,0.48,"Anxiety, Obesity Risk",Urban,8-12 (Pre-teen),4.46,0
17,Female,4.22,Laptop,True,0.45,Poor Sleep,Urban,13-17 (Teen),4.22,1
16,Female,3.42,TV,True,0.48,"Poor Sleep, Anxiety",Rural,13-17 (Teen),3.42,1
17,Female,4.72,Smartphone,True,0.49,Eye Strain,Rural,13-17 (Teen),4.72,0
12,Male,3.37,TV,True,0.5,,Rural,8-12 (Pre-teen),3.37,0
18,Male,3.56,Smartphone,True,0.44,"Poor Sleep, Anxiety",Urban,18-29 (Young Adult),3.56,1
13,Male,3.25,Smartphone,True,0.31,Poor Sleep,Urban,13-17 (Teen),3.25,1
10,Female,0.87,TV,False,0.52,,Urban,8-12 (Pre-teen),0.87,0
12,Female,2.32,TV,False,0.5,,Urban,8-12 (Pre-teen),2.32,0
18,Female,5.1,Tablet,True,0.4,,Rural,18-29 (Young Adult),5.1,0
15,Female,3.77,Smartphone,True,0.4,"Eye Strain, Obesity Risk",Rural,13-17 (Teen),3.77,0
13,Female,5.05,Smartphone,True,0.32,"Poor Sleep, Anxiety",Urban,13-17 (Teen),5.05,1
11,Male,4.31,Laptop,True,0.36,"Poor Sleep, Eye Strain",Urban,8-12 (Pre-teen),4.31,1
9,Female,6.86,TV,True,0.45,"Poor Sleep, Anxiety",Urban,8-12 (Pre-teen),6.86,1
16,Male,4.93,Laptop,True,0.4,"Poor Sleep, Eye Strain",Urban,13-17 (Teen),4.93,1
8,Female,1.63,TV,False,0.53,,Rural,8-12 (Pre-teen),1.63,0
8,Male,1.72,Smartphone,False,0.56,,Urban,8-12 (Pre-teen),1.72,0
11,Male,4.23,Laptop,True,0.39,,Rural,8-12 (Pre-teen),4.23,0
14,Female,5.49,Smartphone,True,0.37,,Rural,13-17 (Teen),5.49,0
8,Female,0.27,Tablet,False,0.41,,Urban,8-12 (Pre-teen),0.27,0
16,Male,2.78,Laptop,False,0.38,,Urban,13-17 (Teen),2.78,0
11,Female,7.07,Tablet,True,0.43,,Rural,8-12 (Pre-teen),7.07,0
10,Female,3.14,Smartphone,True,0.59,"Poor Sleep, Eye Strain, Obesity Risk",Urban,8-12 (Pre-teen),3.14,1
8,Male,6.42,TV,True,0.51,"Poor Sleep, Eye Strain",Urban,8-12 (Pre-teen),6.42,1
17,Male,5.3,Smartphone,True,0.43,"Poor Sleep, Obesity Risk",Urban,13-17 (Teen),5.3,1
11,Female,4.94,Smartphone,True,0.34,Eye Strain,Urban,8-12 (Pre-teen),4.94,0
16,Female,4.11,TV,True,0.34,Eye Strain,Urban,13-17 (Teen),4.11,0
17,Female,4.53,Laptop,True,0.44,Poor Sleep,Rural,13-17 (Teen),4.53,1
13,Male,4.67,Laptop,True,0.36,Poor Sleep,Urban,13-17 (Teen),4.67,1
13,Female,4.14,Laptop,True,0.5,Poor Sleep,Urban,13-17 (Teen),4.14,1
8,Male,4.66,Smartphone,True,0.53,Poor Sleep,Urban,8-12 (Pre-teen),4.66,1
17,Male,4.2,Smartphone,True,0.39,"Poor Sleep, Anxiety",Rural,13-17 (Teen),4.2,1
9,Female,2.93,Smartphone,True,0.58,,Rural,8-12 (Pre-teen),2.93,0
18,Male,5.35,Laptop,True,0.43,Poor Sleep,Urban,18-29 (Young Adult),5.35,1
13,Female,3.78,TV,True,0.38,"Poor Sleep, Eye Strain",Rural,13-17 (Teen),3.78,1
9,Female,0.0,Smartphone,False,0.55,,Urban,8-12 (Pre-teen),0.0,0
10,Female,3.18,TV,True,0.57,"Poor Sleep, Eye Strain",Urban,8-12 (Pre-teen),3.18,1
11,Male,7.06,Laptop,True,0.43,Poor Sleep,Urban,8-12 (Pre-teen),7.06,1
18,Female,6.29,Laptop,True,0.32,Poor Sleep,Urban,18-29 (Young Adult),6.29,1
12,Female,4.44,Tablet,True,0.48,"Poor Sleep, Obesity Risk",Urban,8-12 (Pre-teen),4.44,1
16,Male,3.45,Smartphone,True,0.43,"Poor Sleep, Eye Strain",Urban,13-17 (Teen),3.45,1
11,Male,2.89,Smartphone,False,0.43,,Urban,8-12 (Pre-teen),2.89,0
18,Female,5.04,Laptop,True,0.48,Poor Sleep,Urban,18-29 (Young Adult),5.04,1
16,Female,3.9,TV,True,0.45,"Poor Sleep, Anxiety",Urban,13-17 (Teen),3.9,1
18,Female,5.53,Smartphone,True,0.45,,Rural,18-29 (Young Adult),5.53,0
17,Female,6.64,Laptop,True,0.36,Poor Sleep,Rural,13-17 (Teen),6.64,1
10,Female,13.89,Smartphone,True,0.58,"Eye Strain, Anxiety",Urban,8-12 (Pre-teen),13.89,0
15,Male,4.29,Laptop,True,0.3,Poor Sleep,Urban,13-17 (Teen),4.29,1
8,Female,0.97,Smartphone,False,0.44,,Urban,8-12 (Pre-teen),0.97,0
18,Male,4.15,Smartphone,True,0.38,Poor Sleep,Urban,18-29 (Young Adult),4.15,1
16,Male,3.73,Smartphone,True,0.4,,Urban,13-17 (Teen),3.73,0
16,Female,4.99,Smartphone,True,0.42,"Poor Sleep, Obesity Risk",Urban,13-17 (Teen),4.99,1
17,Female,2.39,Laptop,False,0.45,,Urban,13-17 (Teen),2.39,0
9,Female,0.0,TV,False,0.58,,Urban,8-12 (Pre-teen),0.0,0
11,Male,4.05,Tablet,True,0.34,"Poor Sleep, Eye Strain",Rural,8-12 (Pre-teen),4.05,1
15,Female,4.85,Tablet,True,0.42,"Poor Sleep, Eye Strain, Anxiety, Obesity Risk",Urban,13-17 (Teen),4.85,1
14,Male,4.77,TV,True,0.39,"Poor Sleep, Anxiety",Urban,13-17 (Teen),4.77,1
8,Female,3.56,Smartphone,True,0.42,Poor Sleep,Urban,8-12 (Pre-teen),3.56,1
12,Female,3.95,Smartphone,True,0.3,Anxiety,Urban,8-12 (Pre-teen),3.95,0
14,Male,5.66,Smartphone,True,0.45,,Urban,13-17 (Teen),5.66,0
11,Male,4.48,Smartphone,True,0.47,"Poor Sleep, Eye Strain",Urban,8-12 (Pre-teen),4.48,1
8,Male,5.5,Tablet,True,0.41,Poor Sleep,Urban,8-12 (Pre-teen),5.5,1
16,Male,5.6,Smartphone,True,0.37,"Poor Sleep, Eye Strain",Urban,13-17 (Teen),5.6,1
12,Male,3.89,Laptop,True,0.43,Poor Sleep,Urban,8-12 (Pre-teen),3.89,1
18,Female,2.68,TV,False,0.39,,Urban,18-29 (Young Adult),2.68,0
9,Male,3.46,TV,True,0.46,Poor Sleep,Urban,8-12 (Pre-teen),3.46,1
15,Male,4.73,Laptop,True,0.45,,Rural,13-17 (Teen),4.73,0
18,Male,4.84,Smartphone,True,0.42,"Poor Sleep, Anxiety",Rural,18-29 (Young Adult),4.84,1
9,Male,0.94,Smartphone,False,0.41,,Urban,8-12 (Pre-teen),0.94,0
10,Female,0.0,Smartphone,False,0.52,,Rural,8-12 (Pre-teen),0.0,0
17,Male,3.82,Smartphone,True,0.46,"Poor Sleep, Obesity Risk",Urban,13-17 (Teen),3.82,1
8,Male,4.41,TV,True,0.5,Poor Sleep,Urban,8-12 (Pre-teen),4.41,1
18,Male,4.76,TV,True,0.36,"Poor Sleep, Anxiety",Urban,18-29 (Young Adult),4.76,1
9,Female,4.56,Tablet,True,0.41,,Rural,8-12 (Pre-teen),4.56,0
14,Male,3.91,Smartphone,True,0.4,Poor Sleep,Urban,13-17 (Teen),3.91,1
17,Female,5.58,Smartphone,True,0.43,Poor Sleep,Urban,13-17 (Teen),5.58,1
9,Male,1.66,TV,False,0.44,,Urban,8-12 (Pre-teen),1.66,0
13,Male,3.77,TV,True,0.38,Eye Strain,Urban,13-17 (Teen),3.77,0
10,Male,3.24,Smartphone,True,0.41,"Poor Sleep, Eye Strain",Urban,8-12 (Pre-teen),3.24,1
11,Female,6.42,Smartphone,True,0.39,"Poor Sleep, Eye Strain, Obesity Risk",Urban,8-12 (Pre-teen),6.42,1
18,Female,2.44,TV,False,0.43,,Urban,18-29 (Young Adult),2.44,0
15,Female,6.18,Laptop,True,0.48,Poor Sleep,Urban,13-17 (Teen),6.18,1
10,Male,6.55,Tablet,True,0.46,,Urban,8-12 (Pre-teen),6.55,0
17,Female,3.58,TV,True,0.42,Poor Sleep,Urban,13-17 (Teen),3.58,1
13,Male,2.45,Laptop,False,0.34,,Rural,13-17 (Teen),2.45,0
8,Male,0.0,Smartphone,False,0.53,,Urban,8-12 (Pre-teen),0.0,0
14,Male,4.89,Smartphone,True,0.48,,Rural,13-17 (Teen),4.89,0
15,Male,4.22,Tablet,True,0.41,"Poor Sleep, Eye Strain, Anxiety",Urban,13-17 (Teen),4.22,1
18,Male,3.98,Smartphone,True,0.48,Poor Sleep,Urban,18-29 (Young Adult),3.98,1
15,Female,4.67,Smartphone,True,0.31,"Poor Sleep, Eye Strain, Anxiety, Obesity Risk",Rural,13-17 (Teen),4.67,1
10,Male,5.08,TV,True,0.44,"Poor Sleep, Eye Strain",Urban,8-12 (Pre-teen),5.08,1
17,Male,6.75,Smartphone,True,0.45,Eye Strain,Urban,13-17 (Teen),6.75,0
8,Female,4.65,TV,True,0.55,Poor Sleep,Rural,8-12 (Pre-teen),4.65,1
16,Male,5.27,Smartphone,True,0.4,Poor Sleep,Urban,13-17 (Teen),5.27,1
13,Male,4.5,Tablet,True,0.43,Poor Sleep,Rural,13-17 (Teen),4.5,1
18,Female,2.91,Smartphone,False,0.32,,Urban,18-29 (Young Adult),2.91,0
16,Male,6.06,TV,True,0.46,"Poor Sleep, Eye Strain",Urban,13-17 (Teen),6.06,1
14,Male,3.49,Laptop,True,0.37,"Poor Sleep, Anxiety",Urban,13-17 (Teen),3.49,1
8,Male,4.79,Tablet,True,0.56,Poor Sleep,Rural,8-12 (Pre-teen),4.79,1
8,Male,5.11,Tablet,True,0.42,Poor Sleep,Rural,8-12 (Pre-teen),5.11,1
13,Female,3.61,Laptop,True,0.43,Eye Strain,Urban,13-17 (Teen),3.61,0
12,Female,3.04,Smartphone,True,0.44,"Poor Sleep, Eye Strain, Obesity Risk",Urban,8-12 (Pre-teen),3.04,1
16,Male,2.98,Smartphone,False,0.48,,Urban,13-17 (Teen),2.98,0
9,Male,6.15,TV,True,0.51,Eye Strain,Urban,8-12 (Pre-teen),6.15,0
15,Female,2.61,Tablet,False,0.37,,Urban,13-17 (Teen),2.61,0
18,Female,3.08,Smartphone,True,0.48,Eye Strain,Rural,18-29 (Young Adult),3.08,0
12,Male,5.53,Smartphone,True,0.37,Poor Sleep,Rural,8-12 (Pre-teen),5.53,1
9,Male,6.91,Smartphone,True,0.6,"Eye Strain, Anxiety",Urban,8-12 (Pre-teen),6.91,0
17,Female,3.01,Smartphone,True,0.41,"Poor Sleep, Anxiety",Urban,13-17 (Teen),3.01,1
18,Female,5.38,Laptop,True,0.43,"Poor Sleep, Anxiety",Urban,18-29 (Young Adult),5.38,1
18,Female,3.31,Tablet,True,0.46,,Urban,18-29 (Young Adult),3.31,0
13,Female,4.99,TV,True,0.44,"Poor Sleep, Obesity Risk",Urban,13-17 (Teen),4.99,1
17,Female,4.03,TV,True,0.44,,Rural,13-17 (Teen),4.03,0
15,Female,3.9,Smartphone,True,0.31,,Urban,13-17 (Teen),3.9,0
11,Male,5.34,TV,True,0.37,"Poor Sleep, Eye Strain",Urban,8-12 (Pre-teen),5.34,1
9,Female,1.75,Smartphone,False,0.56,,Urban,8-12 (Pre-teen),1.75,0
18,Female,5.17,Smartphone,True,0.46,Obesity Risk,Rural,18-29 (Young Adult),5.17,0
12,Female,4.8,Laptop,True,0.33,Poor Sleep,Urban,8-12 (Pre-teen),4.8,1
9,Female,9.15,TV,True,0.53,,Urban,8-12 (Pre-teen),9.15,0
9,Female,7.13,Smartphone,True,0.51,Obesity Risk,Rural,8-12 (Pre-teen),7.13,0
13,Male,3.61,Tablet,True,0.48,Eye Strain,Urban,13-17 (Teen),3.61,0
18,Female,7.4,TV,True,0.38,,Urban,18-29 (Young Adult),7.4,0
17,Male,6.31,Smartphone,True,0.42,Poor Sleep,Urban,13-17 (Teen),6.31,1
16,Male,5.95,Smartphone,True,0.46,"Poor Sleep, Eye Strain",Urban,13-17 (Teen),5.95,1
11,Female,6.17,Smartphone,True,0.43,"Poor Sleep, Obesity Risk",Rural,8-12 (Pre-teen),6.17,1
13,Male,3.81,Tablet,True,0.36,Poor Sleep,Urban,13-17 (Teen),3.81,1
14,Female,4.56,Smartphone,True,0.46,"Poor Sleep, Eye Strain",Rural,13-17 (Teen),4.56,1
18,Female,7.61,TV,True,0.39,"Poor Sleep, Obesity Risk",Rural,18-29 (Young Adult),7.61,1
13,Male,6.0,Tablet,True,0.4,Obesity Risk,Rural,13-17 (Teen),6.0,0
15,Male,4.56,Smartphone,True,0.4,Eye Strain,Urban,13-17 (Teen),4.56,0
11,Male,5.64,TV,True,0.32,"Poor Sleep, Obesity Risk",Urban,8-12 (Pre-teen),5.64,1
8,Male,7.97,TV,True,0.43,"Poor Sleep, Eye Strain",Urban,8-12 (Pre-teen),7.97,1
14,Female,5.12,Smartphone,True,0.36,"Poor Sleep, Anxiety",Urban,13-17 (Teen),5.12,1
10,Female,1.8,TV,False,0.42,,Urban,8-12 (Pre-teen),1.8,0
13,Male,5.6,Laptop,True,0.33,Poor Sleep,Urban,13-17 (Teen),5.6,1
9,Female,3.15,Smartphone,True,0.57,"Poor Sleep, Eye Strain",Rural,8-12 (Pre-teen),3.15,1
16,Female,6.44,Laptop,True,0.36,Poor Sleep,Urban,13-17 (Teen),6.44,1
8,Male,1.09,TV,False,0.54,,Urban,8-12 (Pre-teen),1.09,0
13,Male,4.17,TV,True,0.5,Poor Sleep,Rural,13-17 (Teen),4.17,1
13,Male,3.7,Tablet,True,0.33,Obesity Risk,Urban,13-17 (Teen),3.7,0
12,Female,2.0,Tablet,False,0.32,,Rural,8-12 (Pre-teen),2.0,0
12,Female,4.22,Smartphone,True,0.41,"Poor Sleep, Eye Strain",Urban,8-12 (Pre-teen),4.22,1
8,Female,8.3,Tablet,True,0.54,Poor Sleep,Urban,8-12 (Pre-teen),8.3,1
17,Female,4.23,Smartphone,True,0.38,,Rural,13-17 (Teen),4.23,0
12,Male,3.72,Smartphone,True,0.49,"Poor Sleep, Eye Strain, Anxiety",Urban,8-12 (Pre-teen),3.72,1
9,Female,0.17,Tablet,False,0.43,,Urban,8-12 (Pre-teen),0.17,0
14,Male,4.14,Smartphone,True,0.46,"Poor Sleep, Obesity Risk",Urban,13-17 (Teen),4.14,1
10,Male,4.95,Smartphone,True,0.49,Obesity Risk,Urban,8-12 (Pre-teen),4.95,0
11,Female,2.28,TV,False,0.39,,Urban,8-12 (Pre-teen),2.28,0
10,Male,7.25,Smartphone,True,0.5,Poor Sleep,Urban,8-12 (Pre-teen),7.25,1
10,Male,1.19,Tablet,False,0.56,,Urban,8-12 (Pre-teen),1.19,0
11,Female,5.63,TV,True,0.4,Poor Sleep,Urban,8-12 (Pre-teen),5.63,1
12,Female,6.72,Laptop,True,0.38,"Poor Sleep, Obesity Risk",Urban,8-12 (Pre-teen),6.72,1
8,Female,5.2,TV,True,0.51,Anxiety,Rural,8-12 (Pre-teen),5.2,0
11,Female,4.93,Tablet,True,0.39,Poor Sleep,Rural,8-12 (Pre-teen),4.93,1
18,Male,4.3,Smartphone,True,0.37,,Rural,18-29 (Young Adult),4.3,0
15,Male,4.69,Smartphone,True,0.45,Anxiety,Rural,13-17 (Teen),4.69,0
17,Female,5.23,Smartphone,True,0.48,Eye Strain,Urban,13-17 (Teen),5.23,0
14,Female,3.87,TV,True,0.45,Poor Sleep,Urban,13-17 (Teen),3.87,1
16,Female,5.34,Smartphone,True,0.43,,Rural,13-17 (Teen),5.34,0
12,Male,3.71,Smartphone,True,0.41,Poor Sleep,Rural,8-12 (Pre-teen),3.71,1
17,Male,4.11,Smartphone,True,0.36,"Poor Sleep, Eye Strain",Urban,13-17 (Teen),4.11,1
11,Male,4.64,TV,True,0.5,Eye Strain,Urban,8-12 (Pre-teen),4.64,0
15,Male,2.61,Smartphone,False,0.49,,Rural,13-17 (Teen),2.61,0
16,Female,4.27,TV,True,0.47,,Urban,13-17 (Teen),4.27,0
14,Male,5.1,Smartphone,True,0.45,"Poor Sleep, Anxiety",Urban,13-17 (Teen),5.1,1
14,Male,4.65,TV,True,0.48,"Poor Sleep, Eye Strain, Anxiety",Rural,13-17 (Teen),4.65,1
12,Female,4.02,Smartphone,True,0.41,Anxiety,Urban,8-12 (Pre-teen),4.02,0
11,Male,4.01,TV,True,0.4,Poor Sleep,Urban,8-12 (Pre-teen),4.01,1
17,Male,3.78,Smartphone,True,0.33,"Poor Sleep, Obesity Risk",Rural,13-17 (Teen),3.78,1
8,Male,2.68,TV,True,0.44,,Urban,8-12 (Pre-teen),2.68,0
17,Female,3.8,Smartphone,True,0.37,"Eye Strain, Obesity Risk",Rural,13-17 (Teen),3.8,0
17,Female,6.99,TV,True,0.43,Anxiety,Rural,13-17 (Teen),6.99,0
14,Female,5.2,Smartphone,True,0.36,Poor Sleep,Rural,13-17 (Teen),5.2,1
8,Male,10.09,Smartphone,True,0.47,"Poor Sleep, Eye Strain, Anxiety",Urban,8-12 (Pre-teen),10.09,1
8,Male,2.22,Tablet,True,0.58,,Urban,8-12 (Pre-teen),2.22,0
12,Male,7.72,TV,True,0.39,,Urban,8-12 (Pre-teen),7.72,0
16,Female,4.86,TV,True,0.36,Poor Sleep,Urban,13-17 (Teen),4.86,1
13,Female,4.71,Smartphone,True,0.34,,Rural,13-17 (Teen),4.71,0
10,Female,6.47,Tablet,True,0.49,Eye Strain,Rural,8-12 (Pre-teen),6.47,0
10,Female,4.05,Smartphone,True,0.47,"Poor Sleep, Eye Strain",Rural,8-12 (Pre-teen),4.05,1
14,Male,6.02,Smartphone,True,0.41,"Poor Sleep, Eye Strain, Anxiety",Urban,13-17 (Teen),6.02,1
13,Male,5.96,Smartphone,True,0.32,,Urban,13-17 (Teen),5.96,0
16,Female,5.38,Smartphone,True,0.4,"Poor Sleep, Eye Strain",Urban,13-17 (Teen),5.38,1
13,Female,4.44,Smartphone,True,0.38,,Urban,13-17 (Teen),4.44,0
12,Female,3.87,Smartphone,True,0.49,"Poor Sleep, Eye Strain, Obesity Risk",Urban,8-12 (Pre-teen),3.87,1
17,Female,5.31,Laptop,True,0.35,"Eye Strain, Anxiety",Urban,13-17 (Teen),5.31,0
14,Female,6.0,Smartphone,True,0.31,,Urban,13-17 (Teen),6.0,0
8,Female,6.26,Smartphone,True,0.49,Poor Sleep,Rural,8-12 (Pre-teen),6.26,1
14,Male,3.72,TV,True,0.43,Anxiety,Urban,13-17 (Teen),3.72,0
10,Female,4.86,Smartphone,True,0.49,Poor Sleep,Rural,8-12 (Pre-teen),4.86,1
16,Male,3.91,Smartphone,True,0.31,Poor Sleep,Rural,13-17 (Teen),3.91,1
13,Male,5.32,Tablet,True,0.44,"Poor Sleep, Anxiety",Urban,13-17 (Teen),5.32,1
16,Female,6.71,Smartphone,True,0.41,,Urban,13-17 (Teen),6.71,0
12,Female,4.25,Smartphone,True,0.34,,Urban,8-12 (Pre-teen),4.25,0
14,Female,3.88,TV,True,0.37,Poor Sleep,Urban,13-17 (Teen),3.88,1
11,Male,2.94,Laptop,False,0.47,,Urban,8-12 (Pre-teen),2.94,0
14,Female,4.63,Smartphone,True,0.31,"Poor Sleep, Eye Strain",Urban,13-17 (Teen),4.63,1
8,Female,0.66,Smartphone,False,0.44,,Urban,8-12 (Pre-teen),0.66,0
14,Female,3.0,Tablet,False,0.44,,Urban,13-17 (Teen),3.0,0
15,Male,6.46,Smartphone,True,0.31,"Poor Sleep, Eye Strain, Anxiety",Urban,13-17 (Teen),6.46,1
12,Female,4.26,Smartphone,True,0.41,,Urban,8-12 (Pre-teen),4.26,0
9,Male,5.63,TV,True,0.44,,Rural,8-12 (Pre-teen),5.63,0
12,Male,3.58,Laptop,True,0.34,Poor Sleep,Rural,8-12 (Pre-teen),3.58,1
13,Male,4.26,Smartphone,True,0.33,"Poor Sleep, Eye Strain",Urban,13-17 (Teen),4.26,1
9,Male,1.76,Tablet,False,0.57,,Rural,8-12 (Pre-teen),1.76,0
13,Male,3.9,Smartphone,True,0.34,,Urban,13-17 (Teen),3.9,0
13,Female,4.97,TV,True,0.33,Anxiety,Rural,13-17 (Teen),4.97,0
8,Female,7.4,TV,True,0.6,"Poor Sleep, Anxiety",Urban,8-12 (Pre-teen),7.4,1
18,Female,3.26,Laptop,True,0.45,Poor Sleep,Urban,18-29 (Young Adult),3.26,1
17,Male,2.48,Smartphone,False,0.4,,Urban,13-17 (Teen),2.48,0
10,Female,3.25,TV,True,0.57,"Eye Strain, Obesity Risk",Rural,8-12 (Pre-teen),3.25,0
17,Male,3.7,Laptop,True,0.49,Poor Sleep,Urban,13-17 (Teen),3.7,1
17,Male,4.86,Smartphone,True,0.39,"Poor Sleep, Eye Strain, Anxiety",Urban,13-17 (Teen),4.86,1
10,Female,6.64,TV,True,0.6,Poor Sleep,Urban,8-12 (Pre-teen),6.64,1
11,Male,5.12,Laptop,True,0.32,"Poor Sleep, Eye Strain",Urban,8-12 (Pre-teen),5.12,1
9,Male,7.38,Tablet,True,0.4,"Poor Sleep, Eye Strain",Rural,8-12 (Pre-teen),7.38,1
16,Female,4.68,Smartphone,True,0.36,"Poor Sleep, Anxiety",Urban,13-17 (Teen),4.68,1
17,Female,6.48,Laptop,True,0.36,"Poor Sleep, Eye Strain",Urban,13-17 (Teen),6.48,1
18,Female,4.87,Smartphone,True,0.34,"Poor Sleep, Obesity Risk",Urban,18-29 (Young Adult),4.87,1
14,Male,3.43,Laptop,True,0.48,"Poor Sleep, Eye Strain",Urban,13-17 (Teen),3.43,1
14,Male,5.93,Tablet,True,0.3,,Rural,13-17 (Teen),5.93,0
13,Female,4.83,TV,True,0.38,Poor Sleep,Urban,13-17 (Teen),4.83,1
10,Male,0.33,TV,False,0.6,,Urban,8-12 (Pre-teen),0.33,0
13,Male,6.93,Smartphone,True,0.33,Poor Sleep,Urban,13-17 (Teen),6.93,1
15,Male,3.12,Smartphone,True,0.39,"Poor Sleep, Eye Strain",Urban,13-17 (Teen),3.12,1
15,Male,3.63,Smartphone,True,0.39,,Urban,13-17 (Teen),3.63,0
18,Male,5.1,Smartphone,True,0.44,Anxiety,Rural,18-29 (Young Adult),5.1,0
16,Male,5.65,Smartphone,True,0.32,"Eye Strain, Anxiety",Urban,13-17 (Teen),5.65,0
8,Female,0.99,Smartphone,False,0.56,,Urban,8-12 (Pre-teen),0.99,0
8,Female,3.03,Tablet,True,0.57,Eye Strain,Urban,8-12 (Pre-teen),3.03,0
10,Female,1.01,TV,False,0.58,,Urban,8-12 (Pre-teen),1.01,0
10,Female,5.56,Smartphone,True,0.42,Anxiety,Rural,8-12 (Pre-teen),5.56,0
17,Male,4.56,Smartphone,True,0.38,Poor Sleep,Urban,13-17 (Teen),4.56,1
15,Female,3.1,Smartphone,True,0.36,Poor Sleep,Rural,13-17 (Teen),3.1,1
17,Female,3.36,Smartphone,True,0.45,"Poor Sleep, Anxiety",Urban,13-17 (Teen),3.36,1
8,Male,0.69,Smartphone,False,0.45,,Rural,8-12 (Pre-teen),0.69,0
9,Female,9.88,Tablet,True,0.55,,Rural,8-12 (Pre-teen),9.88,0
9,Male,3.29,Tablet,True,0.57,"Eye Strain, Anxiety",Urban,8-12 (Pre-teen),3.29,0
10,Female,2.74,Tablet,True,0.47,,Urban,8-12 (Pre-teen),2.74,0
13,Female,5.06,Smartphone,True,0.36,"Poor Sleep, Anxiety",Rural,13-17 (Teen),5.06,1
8,Male,4.2,TV,True,0.53,Poor Sleep,Urban,8-12 (Pre-teen),4.2,1
9,Female,1.57,TV,False,0.6,,Urban,8-12 (Pre-teen),1.57,0
8,Male,4.14,Smartphone,True,0.55,Poor Sleep,Urban,8-12 (Pre-teen),4.14,1
12,Male,4.64,Smartphone,True,0.33,Poor Sleep,Urban,8-12 (Pre-teen),4.64,1
14,Female,6.09,Laptop,True,0.32,"Anxiety, Obesity Risk",Urban,13-17 (Teen),6.09,0
15,Female,1.27,Smartphone,False,0.3,,Urban,13-17 (Teen),1.27,0
17,Male,1.85,Laptop,False,0.47,,Urban,13-17 (Teen),1.85,0
8,Female,1.82,Tablet,False,0.43,,Urban,8-12 (Pre-teen),1.82,0
14,Male,3.91,TV,True,0.45,,Urban,13-17 (Teen),3.91,0
12,Female,4.17,Smartphone,True,0.33,Eye Strain,Urban,8-12 (Pre-teen),4.17,0
17,Male,4.52,TV,True,0.44,"Poor Sleep, Obesity Risk",Urban,13-17 (Teen),4.52,1
8,Female,2.51,Smartphone,True,0.41,,Rural,8-12 (Pre-teen),2.51,0
10,Female,5.42,TV,True,0.47,Poor Sleep,Urban,8-12 (Pre-teen),5.42,1
14,Male,5.26,Laptop,True,0.36,Obesity Risk,Urban,13-17 (Teen),5.26,0
17,Female,1.29,Smartphone,False,0.45,,Urban,13-17 (Teen),1.29,0
8,Male,7.35,Tablet,True,0.49,"Poor Sleep, Eye Strain",Urban,8-12 (Pre-teen),7.35,1
14,Female,1.74,Smartphone,False,0.39,,Rural,13-17 (Teen),1.74,0
12,Female,4.57,Smartphone,True,0.45,"Poor Sleep, Anxiety, Obesity Risk",Urban,8-12 (Pre-teen),4.57,1
8,Male,0.0,TV,False,0.58,,Rural,8-12 (Pre-teen),0.0,0
8,Male,0.0,Smartphone,False,0.47,,Urban,8-12 (Pre-teen),0.0,0
8,Female,0.0,TV,False,0.59,,Rural,8-12 (Pre-teen),0.0,0
18,Female,5.97,Tablet,True,0.34,"Poor Sleep, Anxiety",Rural,18-29 (Young Adult),5.97,1
16,Male,3.41,Smartphone,True,0.43,Poor Sleep,Urban,13-17 (Teen),3.41,1
18,Female,5.39,Smartphone,True,0.41,"Poor Sleep, Eye Strain, Anxiety",Urban,18-29 (Young Adult),5.39,1
10,Female,6.68,Smartphone,True,0.59,Poor Sleep,Urban,8-12 (Pre-teen),6.68,1
12,Female,4.14,Smartphone,True,0.33,"Poor Sleep, Obesity Risk",Rural,8-12 (Pre-teen),4.14,1
18,Male,4.21,Smartphone,True,0.49,"Eye Strain, Anxiety",Urban,18-29 (Young Adult),4.21,0
17,Male,4.71,Smartphone,True,0.48,Poor Sleep,Urban,13-17 (Teen),4.71,1
16,Male,4.83,Smartphone,True,0.35,"Poor Sleep, Anxiety",Urban,13-17 (Teen),4.83,1
13,Female,2.67,Smartphone,False,0.33,,Urban,13-17 (Teen),2.67,0
16,Female,3.88,Smartphone,True,0.47,,Urban,13-17 (Teen),3.88,0
15,Male,5.02,Smartphone,True,0.46,Poor Sleep,Urban,13-17 (Teen),5.02,1
15,Male,2.2,Laptop,False,0.46,,Urban,13-17 (Teen),2.2,0
8,Male,4.74,Smartphone,True,0.44,Poor Sleep,Rural,8-12 (Pre-teen),4.74,1
16,Male,5.77,Smartphone,True,0.39,"Poor Sleep, Anxiety",Urban,13-17 (Teen),5.77,1
13,Male,4.67,Smartphone,True,0.33,Poor Sleep,Rural,13-17 (Teen),4.67,1
16,Male,3.91,Smartphone,True,0.49,Obesity Risk,Urban,13-17 (Teen),3.91,0
10,Female,2.79,Smartphone,True,0.49,,Urban,8-12 (Pre-teen),2.79,0
10,Male,1.72,Smartphone,False,0.45,,Urban,8-12 (Pre-teen),1.72,0
13,Female,5.08,Smartphone,True,0.4,"Eye Strain, Anxiety",Urban,13-17 (Teen),5.08,0
16,Female,3.73,Smartphone,True,0.3,Eye Strain,Rural,13-17 (Teen),3.73,0
14,Male,4.0,Smartphone,True,0.48,Obesity Risk,Urban,13-17 (Teen),4.0,0
10,Female,2.1,Smartphone,True,0.59,,Urban,8-12 (Pre-teen),2.1,0
10,Male,5.53,Smartphone,True,0.5,,Rural,8-12 (Pre-teen),5.53,0
9,Female,0.42,Tablet,False,0.45,,Urban,8-12 (Pre-teen),0.42,0
16,Female,4.87,TV,True,0.32,"Eye Strain, Anxiety",Urban,13-17 (Teen),4.87,0
10,Male,3.18,TV,True,0.55,"Poor Sleep, Eye Strain",Urban,8-12 (Pre-teen),3.18,1
18,Female,5.59,Smartphone,True,0.49,Poor Sleep,Urban,18-29 (Young Adult),5.59,1
12,Male,3.74,Laptop,True,0.46,Poor Sleep,Rural,8-12 (Pre-teen),3.74,1
16,Male,6.07,Smartphone,True,0.35,"Poor Sleep, Obesity Risk",Rural,13-17 (Teen),6.07,1
15,Female,2.92,Smartphone,False,0.31,,Urban,13-17 (Teen),2.92,0
9,Female,1.0,TV,False,0.44,,Rural,8-12 (Pre-teen),1.0,0
10,Female,0.0,TV,False,0.57,,Urban,8-12 (Pre-teen),0.0,0
9,Male,4.36,Smartphone,True,0.53,"Poor Sleep, Obesity Risk",Urban,8-12 (Pre-teen),4.36,1
15,Male,4.96,Laptop,True,0.45,"Poor Sleep, Eye Strain, Anxiety, Obesity Risk",Urban,13-17 (Teen),4.96,1
13,Female,3.54,TV,True,0.47,Poor Sleep,Urban,13-17 (Teen),3.54,1
13,Female,3.48,Smartphone,True,0.46,,Urban,13-17 (Teen),3.48,0
16,Female,3.59,Laptop,True,0.32,,Urban,13-17 (Teen),3.59,0
15,Female,3.25,Smartphone,True,0.34,,Rural,13-17 (Teen),3.25,0
11,Male,4.43,Tablet,True,0.32,Eye Strain,Rural,8-12 (Pre-teen),4.43,0
11,Female,4.68,Laptop,True,0.32,"Poor Sleep, Eye Strain",Urban,8-12 (Pre-teen),4.68,1
16,Female,2.44,Tablet,False,0.48,,Urban,13-17 (Teen),2.44,0
8,Female,4.64,TV,True,0.57,Anxiety,Urban,8-12 (Pre-teen),4.64,0
9,Female,2.49,Smartphone,True,0.44,,Rural,8-12 (Pre-teen),2.49,0
9,Female,0.42,TV,False,0.53,,Rural,8-12 (Pre-teen),0.42,0
13,Male,3.25,Smartphone,True,0.31,Poor Sleep,Rural,13-17 (Teen),3.25,1
11,Male,4.47,Smartphone,True,0.38,,Urban,8-12 (Pre-teen),4.47,0
18,Male,3.48,TV,True,0.38,Obesity Risk,Urban,18-29 (Young Adult),3.48,0
17,Male,3.92,TV,True,0.37,Poor Sleep,Urban,13-17 (Teen),3.92,1
10,Male,5.25,Smartphone,True,0.53,Poor Sleep,Urban,8-12 (Pre-teen),5.25,1
10,Female,2.23,Tablet,True,0.46,,Rural,8-12 (Pre-teen),2.23,0
10,Female,8.7,Tablet,True,0.58,Poor Sleep,Urban,8-12 (Pre-teen),8.7,1
13,Female,3.18,Smartphone,True,0.39,"Poor Sleep, Anxiety",Urban,13-17 (Teen),3.18,1
15,Male,4.79,Laptop,True,0.32,Anxiety,Urban,13-17 (Teen),4.79,0
18,Female,5.91,Smartphone,True,0.31,"Poor Sleep, Eye Strain",Rural,18-29 (Young Adult),5.91,1
14,Male,1.95,Laptop,False,0.43,,Urban,13-17 (Teen),1.95,0
11,Female,4.47,TV,True,0.37,"Poor Sleep, Obesity Risk",Rural,8-12 (Pre-teen),4.47,1
18,Female,4.5,Smartphone,True,0.41,,Urban,18-29 (Young Adult),4.5,0
11,Male,4.12,Smartphone,True,0.39,Poor Sleep,Urban,8-12 (Pre-teen),4.12,1
18,Female,2.63,Tablet,False,0.36,,Rural,18-29 (Young Adult),2.63,0
17,Male,5.88,Smartphone,True,0.31,Eye Strain,Urban,13-17 (Teen),5.88,0
18,Male,4.37,Laptop,True,0.35,"Poor Sleep, Eye Strain, Anxiety",Urban,18-29 (Young Adult),4.37,1
18,Male,4.31,Smartphone,True,0.45,"Poor Sleep, Anxiety",Rural,18-29 (Young Adult),4.31,1
18,Female,4.69,Laptop,True,0.38,,Rural,18-29 (Young Adult),4.69,0
9,Male,0.0,Tablet,False,0.54,,Urban,8-12 (Pre-teen),0.0,0
8,Female,5.06,Tablet,True,0.4,Eye Strain,Rural,8-12 (Pre-teen),5.06,0
16,Male,3.94,Laptop,True,0.46,"Poor Sleep, Anxiety",Urban,13-17 (Teen),3.94,1
9,Female,1.33,Smartphone,False,0.59,,Urban,8-12 (Pre-teen),1.33,0
15,Male,4.65,Laptop,True,0.44,"Poor Sleep, Obesity Risk",Urban,13-17 (Teen),4.65,1
16,Female,4.42,Smartphone,True,0.38,Eye Strain,Rural,13-17 (Teen),4.42,0
11,Female,4.38,TV,True,0.44,"Poor Sleep, Anxiety",Urban,8-12 (Pre-teen),4.38,1
15,Male,3.7,Laptop,True,0.33,,Urban,13-17 (Teen),3.7,0
16,Male,5.8,Tablet,True,0.39,Eye Strain,Rural,13-17 (Teen),5.8,0
17,Male,6.36,TV,True,0.45,,Rural,13-17 (Teen),6.36,0
17,Female,6.67,Smartphone,True,0.45,Eye Strain,Rural,13-17 (Teen),6.67,0
12,Female,4.5,Smartphone,True,0.4,,Urban,8-12 (Pre-teen),4.5,0
14,Female,2.75,TV,False,0.37,,Rural,13-17 (Teen),2.75,0
17,Female,1.25,Laptop,False,0.34,,Urban,13-17 (Teen),1.25,0
11,Male,6.24,Laptop,True,0.36,Anxiety,Urban,8-12 (Pre-teen),6.24,0
8,Male,8.82,Smartphone,True,0.41,"Poor Sleep, Eye Strain",Urban,8-12 (Pre-teen),8.82,1
10,Male,2.94,TV,True,0.58,,Urban,8-12 (Pre-teen),2.94,0
12,Male,4.42,Smartphone,True,0.47,"Poor Sleep, Eye Strain",Urban,8-12 (Pre-teen),4.42,1
10,Female,1.45,TV,False,0.42,,Urban,8-12 (Pre-teen),1.45,0
18,Male,4.63,Laptop,True,0.35,"Poor Sleep, Anxiety",Urban,18-29 (Young Adult),4.63,1
14,Female,3.35,Smartphone,True,0.44,"Poor Sleep, Eye Strain, Obesity Risk",Rural,13-17 (Teen),3.35,1
16,Male,4.26,Smartphone,True,0.45,"Poor Sleep, Eye Strain",Urban,13-17 (Teen),4.26,1
13,Female,5.25,Smartphone,True,0.47,"Poor Sleep, Eye Strain",Urban,13-17 (Teen),5.25,1
17,Female,5.0,Laptop,True,0.32,"Poor Sleep, Obesity Risk",Rural,13-17 (Teen),5.0,1
8,Female,3.33,Smartphone,True,0.6,,Urban,8-12 (Pre-teen),3.33,0
14,Male,5.84,Smartphone,True,0.33,Eye Strain,Urban,13-17 (Teen),5.84,0
10,Male,1.63,Tablet,False,0.56,,Rural,8-12 (Pre-teen),1.63,0
12,Male,5.28,Tablet,True,0.48,"Poor Sleep, Obesity Risk",Urban,8-12 (Pre-teen),5.28,1
17,Female,4.55,TV,True,0.4,"Poor Sleep, Eye Strain",Rural,13-17 (Teen),4.55,1
11,Male,5.84,Smartphone,True,0.5,,Urban,8-12 (Pre-teen),5.84,0
17,Male,4.99,Smartphone,True,0.38,,Urban,13-17 (Teen),4.99,0
12,Female,5.78,Tablet,True,0.35,"Poor Sleep, Eye Strain, Anxiety",Rural,8-12 (Pre-teen),5.78,1
12,Male,3.03,Laptop,True,0.35,,Urban,8-12 (Pre-teen),3.03,0
13,Male,3.52,TV,True,0.42,Poor Sleep,Urban,13-17 (Teen),3.52,1
17,Female,5.1,Smartphone,True,0.46,"Poor Sleep, Obesity Risk",Urban,13-17 (Teen),5.1,1
17,Female,2.81,Tablet,False,0.36,,Urban,13-17 (Teen),2.81,0
18,Male,3.02,Laptop,True,0.31,"Poor Sleep, Eye Strain",Rural,18-29 (Young Adult),3.02,1
13,Male,7.81,Laptop,True,0.36,Anxiety,Urban,13-17 (Teen),7.81,0
15,Female,3.32,Tablet,True,0.42,Anxiety,Urban,13-17 (Teen),3.32,0
15,Male,3.86,Laptop,True,0.38,"Poor Sleep, Obesity Risk",Urban,13-17 (Teen),3.86,1
18,Female,4.87,Tablet,True,0.45,"Poor Sleep, Eye Strain",Urban,18-29 (Young Adult),4.87,1
16,Female,4.57,Smartphone,True,0.46,,Urban,13-17 (Teen),4.57,0
15,Male,4.59,Tablet,True,0.46,Obesity Risk,Rural,13-17 (Teen),4.59,0
18,Male,5.25,Smartphone,True,0.36,,Rural,18-29 (Young Adult),5.25,0
9,Female,5.38,Tablet,True,0.45,"Poor Sleep, Anxiety, Obesity Risk",Urban,8-12 (Pre-teen),5.38,1
17,Male,5.43,Smartphone,True,0.45,"Poor Sleep, Anxiety",Urban,13-17 (Teen),5.43,1
18,Male,5.7,Smartphone,True,0.44,Anxiety,Urban,18-29 (Young Adult),5.7,0
8,Female,6.1,TV,True,0.59,"Poor Sleep, Eye Strain",Urban,8-12 (Pre-teen),6.1,1
17,Female,4.32,Smartphone,True,0.36,"Poor Sleep, Obesity Risk",Rural,13-17 (Teen),4.32,1
9,Female,0.0,Smartphone,False,0.57,,Rural,8-12 (Pre-teen),0.0,0
9,Female,5.72,Smartphone,True,0.56,"Poor Sleep, Eye Strain",Urban,8-12 (Pre-teen),5.72,1
10,Female,4.01,TV,True,0.47,"Eye Strain, Anxiety",Urban,8-12 (Pre-teen),4.01,0
17,Male,5.86,Smartphone,True,0.33,"Poor Sleep, Obesity Risk",Urban,13-17 (Teen),5.86,1
14,Male,4.49,Smartphone,True,0.34,Anxiety,Rural,13-17 (Teen),4.49,0
9,Male,3.28,Smartphone,True,0.55,Poor Sleep,Urban,8-12 (Pre-teen),3.28,1
8,Male,3.56,Smartphone,True,0.49,"Poor Sleep, Eye Strain",Urban,8-12 (Pre-teen),3.56,1
13,Female,4.74,Laptop,True,0.34,"Poor Sleep, Eye Strain",Rural,13-17 (Teen),4.74,1
16,Male,3.07,Smartphone,True,0.46,Anxiety,Rural,13-17 (Teen),3.07,0
10,Female,0.0,TV,False,0.59,,Rural,8-12 (Pre-teen),0.0,0
13,Female,3.02,Smartphone,True,0.41,,Urban,13-17 (Teen),3.02,0
10,Female,0.38,TV,False,0.42,,Urban,8-12 (Pre-teen),0.38,0
8,Male,7.12,Smartphone,True,0.47,Obesity Risk,Urban,8-12 (Pre-teen),7.12,0
12,Male,6.11,Smartphone,True,0.36,Eye Strain,Urban,8-12 (Pre-teen),6.11,0
17,Female,5.41,Tablet,True,0.45,,Rural,13-17 (Teen),5.41,0
18,Male,5.95,TV,True,0.32,Eye Strain,Rural,18-29 (Young Adult),5.95,0
11,Male,5.99,Smartphone,True,0.47,Eye Strain,Rural,8-12 (Pre-teen),5.99,0
14,Female,6.48,Smartphone,True,0.33,"Poor Sleep, Eye Strain",Urban,13-17 (Teen),6.48,1
13,Male,4.53,Smartphone,True,0.41,,Rural,13-17 (Teen),4.53,0
17,Female,4.91,Smartphone,True,0.4,"Poor Sleep, Anxiety",Urban,13-17 (Teen),4.91,1
14,Male,4.18,TV,True,0.37,Poor Sleep,Urban,13-17 (Teen),4.18,1
12,Male,4.75,Smartphone,True,0.39,Poor Sleep,Urban,8-12 (Pre-teen),4.75,1
11,Male,5.6,Laptop,True,0.39,"Poor Sleep, Anxiety",Urban,8-12 (Pre-teen),5.6,1
14,Female,3.34,TV,True,0.44,Eye Strain,Urban,13-17 (Teen),3.34,0
14,Female,4.81,Smartphone,True,0.45,"Poor Sleep, Obesity Risk",Urban,13-17 (Teen),4.81,1
13,Female,4.58,Smartphone,True,0.33,"Poor Sleep, Eye Strain, Anxiety",Urban,13-17 (Teen),4.58,1
15,Male,3.28,Smartphone,True,0.35,"Poor Sleep, Eye Strain, Obesity Risk",Urban,13-17 (Teen),3.28,1
11,Male,3.86,TV,True,0.3,Poor Sleep,Urban,8-12 (Pre-teen),3.86,1
17,Female,4.09,Smartphone,True,0.41,Poor Sleep,Urban,13-17 (Teen),4.09,1
12,Female,5.64,Smartphone,True,0.39,"Poor Sleep, Obesity Risk",Urban,8-12 (Pre-teen),5.64,1
11,Female,4.22,Tablet,True,0.45,Poor Sleep,Rural,8-12 (Pre-teen),4.22,1
8,Female,6.36,TV,True,0.51,Anxiety,Urban,8-12 (Pre-teen),6.36,0
15,Male,6.45,Smartphone,True,0.38,Poor Sleep,Rural,13-17 (Teen),6.45,1
8,Female,5.34,Smartphone,True,0.42,Anxiety,Urban,8-12 (Pre-teen),5.34,0
12,Female,4.44,Smartphone,True,0.37,,Rural,8-12 (Pre-teen),4.44,0
13,Male,2.18,Tablet,False,0.39,,Rural,13-17 (Teen),2.18,0
13,Female,3.06,TV,True,0.47,"Eye Strain, Obesity Risk",Urban,13-17 (Teen),3.06,0
12,Male,3.25,Smartphone,True,0.31,Poor Sleep,Urban,8-12 (Pre-teen),3.25,1
10,Male,2.09,TV,True,0.54,,Urban,8-12 (Pre-teen),2.09,0
12,Male,4.2,TV,True,0.45,Eye Strain,Urban,8-12 (Pre-teen),4.2,0
15,Male,4.26,Laptop,True,0.36,,Urban,13-17 (Teen),4.26,0
9,Female,6.7,Smartphone,True,0.41,"Poor Sleep, Obesity Risk",Urban,8-12 (Pre-teen),6.7,1
13,Female,6.14,Smartphone,True,0.42,Eye Strain,Rural,13-17 (Teen),6.14,0
16,Male,4.76,Laptop,True,0.5,,Urban,13-17 (Teen),4.76,0
15,Female,6.13,Smartphone,True,0.49,,Urban,13-17 (Teen),6.13,0
18,Female,4.09,Smartphone,True,0.45,"Poor Sleep, Anxiety",Urban,18-29 (Young Adult),4.09,1
15,Male,5.76,TV,True,0.42,Poor Sleep,Urban,13-17 (Teen),5.76,1
15,Female,5.34,TV,True,0.48,Eye Strain,Urban,13-17 (Teen),5.34,0
14,Female,3.98,Smartphone,True,0.31,"Poor Sleep, Anxiety",Urban,13-17 (Teen),3.98,1
15,Male,2.78,Laptop,False,0.5,,Rural,13-17 (Teen),2.78,0
13,Female,3.3,Smartphone,True,0.47,Poor Sleep,Rural,13-17 (Teen),3.3,1
9,Female,6.88,TV,True,0.47,Anxiety,Urban,8-12 (Pre-teen),6.88,0
9,Male,5.95,TV,True,0.41,,Urban,8-12 (Pre-teen),5.95,0
15,Female,6.14,Smartphone,True,0.4,"Eye Strain, Obesity Risk",Urban,13-17 (Teen),6.14,0
18,Male,2.98,Smartphone,False,0.45,,Urban,18-29 (Young Adult),2.98,0
8,Female,5.3,TV,True,0.58,Anxiety,Urban,8-12 (Pre-teen),5.3,0
13,Female,3.78,Smartphone,True,0.36,,Rural,13-17 (Teen),3.78,0
13,Male,4.18,Smartphone,True,0.31,Poor Sleep,Rural,13-17 (Teen),4.18,1
18,Male,6.44,Smartphone,True,0.3,"Poor Sleep, Eye Strain, Obesity Risk",Urban,18-29 (Young Adult),6.44,1
11,Male,3.92,Smartphone,True,0.38,Poor Sleep,Urban,8-12 (Pre-teen),3.92,1
18,Female,3.79,Smartphone,True,0.45,"Poor Sleep, Anxiety",Urban,18-29 (Young Adult),3.79,1
18,Male,5.01,Smartphone,True,0.49,Eye Strain,Urban,18-29 (Young Adult),5.01,0
17,Male,6.01,TV,True,0.39,Poor Sleep,Urban,13-17 (Teen),6.01,1
10,Male,0.0,Tablet,False,0.58,,Rural,8-12 (Pre-teen),0.0,0
18,Male,4.92,Smartphone,True,0.36,,Urban,18-29 (Young Adult),4.92,0
10,Male,5.75,TV,True,0.56,Anxiety,Urban,8-12 (Pre-teen),5.75,0
8,Female,0.0,Smartphone,False,0.5,,Rural,8-12 (Pre-teen),0.0,0
10,Male,5.06,Smartphone,True,0.55,"Poor Sleep, Eye Strain",Urban,8-12 (Pre-teen),5.06,1
11,Female,0.8,Smartphone,False,0.47,,Urban,8-12 (Pre-teen),0.8,0
18,Male,4.92,Smartphone,True,0.35,,Rural,18-29 (Young Adult),4.92,0
18,Male,4.84,Laptop,True,0.46,Eye Strain,Rural,18-29 (Young Adult),4.84,0
12,Male,4.66,Smartphone,True,0.32,Poor Sleep,Rural,8-12 (Pre-teen),4.66,1
10,Female,3.91,TV,True,0.41,"Poor Sleep, Obesity Risk",Urban,8-12 (Pre-teen),3.91,1
13,Female,5.12,TV,True,0.39,Poor Sleep,Urban,13-17 (Teen),5.12,1
18,Male,4.26,Smartphone,True,0.34,Anxiety,Rural,18-29 (Young Adult),4.26,0
12,Female,4.48,Smartphone,True,0.37,"Poor Sleep, Eye Strain, Anxiety",Urban,8-12 (Pre-teen),4.48,1
10,Female,0.0,TV,False,0.47,,Urban,8-12 (Pre-teen),0.0,0
13,Male,5.92,Smartphone,True,0.31,"Poor Sleep, Obesity Risk",Rural,13-17 (Teen),5.92,1
13,Female,3.88,Laptop,True,0.47,"Poor Sleep, Obesity Risk",Rural,13-17 (Teen),3.88,1
15,Male,4.91,TV,True,0.35,Eye Strain,Urban,13-17 (Teen),4.91,0
9,Female,8.98,Tablet,True,0.57,"Poor Sleep, Obesity Risk",Rural,8-12 (Pre-teen),8.98,1
8,Female,9.39,Smartphone,True,0.52,Eye Strain,Urban,8-12 (Pre-teen),9.39,0
11,Male,5.28,Smartphone,True,0.37,Poor Sleep,Urban,8-12 (Pre-teen),5.28,1
14,Male,3.58,Smartphone,True,0.49,Poor Sleep,Urban,13-17 (Teen),3.58,1
18,Female,3.59,Smartphone,True,0.42,Poor Sleep,Urban,18-29 (Young Adult),3.59,1
17,Male,4.08,TV,True,0.33,Poor Sleep,Urban,13-17 (Teen),4.08,1
10,Male,2.46,Smartphone,True,0.51,,Urban,8-12 (Pre-teen),2.46,0
10,Male,0.71,TV,False,0.57,,Urban,8-12 (Pre-teen),0.71,0
12,Male,2.87,Tablet,False,0.32,,Urban,8-12 (Pre-teen),2.87,0
12,Male,4.85,Laptop,True,0.49,Poor Sleep,Urban,8-12 (Pre-teen),4.85,1
17,Male,6.68,Smartphone,True,0.36,Poor Sleep,Urban,13-17 (Teen),6.68,1
10,Male,2.55,Smartphone,True,0.56,,Urban,8-12 (Pre-teen),2.55,0
16,Female,3.82,Smartphone,True,0.39,,Urban,13-17 (Teen),3.82,0
11,Female,2.82,Laptop,False,0.43,,Urban,8-12 (Pre-teen),2.82,0
10,Male,5.27,TV,True,0.58,"Poor Sleep, Obesity Risk",Rural,8-12 (Pre-teen),5.27,1
18,Female,4.7,Smartphone,True,0.34,"Poor Sleep, Eye Strain",Urban,18-29 (Young Adult),4.7,1
9,Male,3.81,TV,True,0.52,Obesity Risk,Urban,8-12 (Pre-teen),3.81,0
17,Male,4.85,Smartphone,True,0.48,"Poor Sleep, Eye Strain",Urban,13-17 (Teen),4.85,1
18,Female,4.85,Laptop,True,0.45,,Urban,18-29 (Young Adult),4.85,0
16,Male,6.58,Smartphone,True,0.36,,Urban,13-17 (Teen),6.58,0
11,Male,5.0,Smartphone,True,0.48,Eye Strain,Rural,8-12 (Pre-teen),5.0,0
10,Female,3.22,Smartphone,True,0.5,"Poor Sleep, Eye Strain",Urban,8-12 (Pre-teen),3.22,1
14,Male,5.77,Smartphone,True,0.4,,Rural,13-17 (Teen),5.77,0
15,Male,3.39,Smartphone,True,0.35,Obesity Risk,Rural,13-17 (Teen),3.39,0
18,Female,3.95,TV,True,0.31,,Rural,18-29 (Young Adult),3.95,0
9,Female,4.16,Smartphone,True,0.41,Poor Sleep,Urban,8-12 (Pre-teen),4.16,1
14,Female,2.02,Tablet,False,0.33,,Rural,13-17 (Teen),2.02,0
12,Female,2.49,Tablet,False,0.41,,Urban,8-12 (Pre-teen),2.49,0
18,Male,2.44,Smartphone,False,0.4,,Rural,18-29 (Young Adult),2.44,0
12,Female,3.67,Tablet,True,0.45,"Poor Sleep, Eye Strain",Urban,8-12 (Pre-teen),3.67,1
10,Male,3.33,Tablet,True,0.58,Poor Sleep,Urban,8-12 (Pre-teen),3.33,1
12,Female,5.65,Smartphone,True,0.36,,Urban,8-12 (Pre-teen),5.65,0
9,Male,8.07,TV,True,0.55,"Poor Sleep, Eye Strain",Urban,8-12 (Pre-teen),8.07,1
11,Female,1.6,Smartphone,False,0.45,,Urban,8-12 (Pre-teen),1.6,0
13,Male,4.05,Smartphone,True,0.49,Obesity Risk,Urban,13-17 (Teen),4.05,0
8,Female,4.78,TV,True,0.59,Poor Sleep,Urban,8-12 (Pre-teen),4.78,1
17,Male,4.38,Smartphone,True,0.44,"Poor Sleep, Obesity Risk",Urban,13-17 (Teen),4.38,1
11,Female,4.77,Smartphone,True,0.38,Eye Strain,Urban,8-12 (Pre-teen),4.77,0
13,Male,3.97,Smartphone,True,0.39,Poor Sleep,Urban,13-17 (Teen),3.97,1
16,Male,3.4,Smartphone,True,0.48,"Poor Sleep, Eye Strain",Rural,13-17 (Teen),3.4,1
18,Female,7.21,Smartphone,True,0.36,Poor Sleep,Urban,18-29 (Young Adult),7.21,1
18,Female,4.71,Smartphone,True,0.5,,Rural,18-29 (Young Adult),4.71,0
9,Female,0.22,Smartphone,False,0.51,,Urban,8-12 (Pre-teen),0.22,0
18,Female,5.07,TV,True,0.4,Poor Sleep,Urban,18-29 (Young Adult),5.07,1
14,Male,4.74,Laptop,True,0.35,Eye Strain,Urban,13-17 (Teen),4.74,0
13,Female,4.37,Smartphone,True,0.45,Poor Sleep,Urban,13-17 (Teen),4.37,1
9,Male,6.41,Tablet,True,0.4,,Urban,8-12 (Pre-teen),6.41,0
15,Male,4.71,Tablet,True,0.45,,Urban,13-17 (Teen),4.71,0
14,Male,3.53,Laptop,True,0.47,"Poor Sleep, Anxiety",Rural,13-17 (Teen),3.53,1
18,Female,5.69,Tablet,True,0.37,"Poor Sleep, Anxiety, Obesity Risk",Urban,18-29 (Young Adult),5.69,1
12,Male,5.89,Smartphone,True,0.42,"Eye Strain, Obesity Risk",Urban,8-12 (Pre-teen),5.89,0
12,Female,5.56,Smartphone,True,0.33,Poor Sleep,Urban,8-12 (Pre-teen),5.56,1
14,Female,3.16,TV,True,0.37,,Urban,13-17 (Teen),3.16,0
16,Female,6.05,Smartphone,True,0.39,"Poor Sleep, Obesity Risk",Urban,13-17 (Teen),6.05,1
18,Male,6.08,TV,True,0.5,Anxiety,Rural,18-29 (Young Adult),6.08,0
16,Female,2.65,Laptop,False,0.33,,Urban,13-17 (Teen),2.65,0
16,Male,5.02,Laptop,True,0.45,Poor Sleep,Urban,13-17 (Teen),5.02,1
13,Male,6.55,Tablet,True,0.34,Poor Sleep,Rural,13-17 (Teen),6.55,1
17,Male,2.88,Smartphone,False,0.36,,Urban,13-17 (Teen),2.88,0
13,Female,4.3,Tablet,True,0.41,,Urban,13-17 (Teen),4.3,0
10,Male,6.32,Tablet,True,0.51,"Poor Sleep, Eye Strain",Rural,8-12 (Pre-teen),6.32,1
8,Male,1.43,Smartphone,False,0.49,,Urban,8-12 (Pre-teen),1.43,0
14,Male,3.39,TV,True,0.4,Poor Sleep,Rural,13-17 (Teen),3.39,1
11,Male,5.73,Smartphone,True,0.34,Poor Sleep,Urban,8-12 (Pre-teen),5.73,1
8,Male,3.23,Tablet,True,0.45,"Poor Sleep, Eye Strain, Anxiety",Rural,8-12 (Pre-teen),3.23,1
15,Female,4.6,TV,True,0.32,,Rural,13-17 (Teen),4.6,0
13,Female,5.44,Smartphone,True,0.32,"Poor Sleep, Obesity Risk",Urban,13-17 (Teen),5.44,1
13,Male,4.71,TV,True,0.41,Poor Sleep,Rural,13-17 (Teen),4.71,1
9,Male,4.2,Tablet,True,0.5,Anxiety,Urban,8-12 (Pre-teen),4.2,0
8,Male,6.48,TV,True,0.4,Poor Sleep,Urban,8-12 (Pre-teen),6.48,1
9,Female,4.37,Smartphone,True,0.44,"Poor Sleep, Eye Strain",Urban,8-12 (Pre-teen),4.37,1
11,Female,3.43,Smartphone,True,0.33,Eye Strain,Urban,8-12 (Pre-teen),3.43,0
9,Female,3.09,Smartphone,True,0.53,"Poor Sleep, Eye Strain, Anxiety",Urban,8-12 (Pre-teen),3.09,1
8,Female,4.04,Tablet,True,0.41,"Poor Sleep, Anxiety",Urban,8-12 (Pre-teen),4.04,1
14,Female,3.67,Smartphone,True,0.41,Eye Strain,Urban,13-17 (Teen),3.67,0
18,Male,3.31,Smartphone,True,0.3,"Poor Sleep, Anxiety",Rural,18-29 (Young Adult),3.31,1
18,Male,4.55,Tablet,True,0.49,Poor Sleep,Urban,18-29 (Young Adult),4.55,1
15,Female,3.03,Tablet,True,0.48,"Poor Sleep, Eye Strain",Rural,13-17 (Teen),3.03,1
13,Female,2.08,Laptop,False,0.34,,Rural,13-17 (Teen),2.08,0
11,Female,2.41,Smartphone,False,0.45,,Urban,8-12 (Pre-teen),2.41,0
13,Female,4.13,Smartphone,True,0.41,"Poor Sleep, Eye Strain, Obesity Risk",Urban,13-17 (Teen),4.13,1
10,Male,2.94,Smartphone,True,0.41,,Urban,8-12 (Pre-teen),2.94,0
15,Male,3.86,Smartphone,True,0.33,Poor Sleep,Urban,13-17 (Teen),3.86,1
17,Female,4.93,Laptop,True,0.46,,Urban,13-17 (Teen),4.93,0
9,Female,0.19,TV,False,0.49,,Urban,8-12 (Pre-teen),0.19,0
12,Male,3.29,Smartphone,True,0.44,"Eye Strain, Anxiety",Urban,8-12 (Pre-teen),3.29,0
8,Male,3.83,Tablet,True,0.48,Poor Sleep,Urban,8-12 (Pre-teen),3.83,1
13,Female,5.78,TV,True,0.44,,Urban,13-17 (Teen),5.78,0
9,Female,3.57,Smartphone,True,0.56,"Poor Sleep, Anxiety",Urban,8-12 (Pre-teen),3.57,1
11,Female,5.08,TV,True,0.49,"Poor Sleep, Eye Strain",Urban,8-12 (Pre-teen),5.08,1
13,Female,5.97,TV,True,0.35,"Poor Sleep, Anxiety",Urban,13-17 (Teen),5.97,1
17,Female,5.15,Smartphone,True,0.43,Poor Sleep,Urban,13-17 (Teen),5.15,1
18,Male,4.89,Smartphone,True,0.34,,Urban,18-29 (Young Adult),4.89,0
15,Female,4.64,Smartphone,True,0.48,,Urban,13-17 (Teen),4.64,0
15,Female,3.09,TV,True,0.41,Eye Strain,Urban,13-17 (Teen),3.09,0
18,Female,3.27,Smartphone,True,0.32,,Urban,18-29 (Young Adult),3.27,0
13,Male,6.05,Laptop,True,0.32,"Poor Sleep, Anxiety",Urban,13-17 (Teen),6.05,1
11,Male,3.19,TV,True,0.34,,Urban,8-12 (Pre-teen),3.19,0
15,Female,3.67,TV,True,0.49,"Poor Sleep, Obesity Risk",Rural,13-17 (Teen),3.67,1
15,Male,5.98,Smartphone,True,0.32,,Urban,13-17 (Teen),5.98,0
17,Female,3.03,Smartphone,True,0.34,,Urban,13-17 (Teen),3.03,0
8,Male,4.09,Tablet,True,0.44,Poor Sleep,Rural,8-12 (Pre-teen),4.09,1
11,Female,4.26,TV,True,0.32,"Poor Sleep, Anxiety",Urban,8-12 (Pre-teen),4.26,1
11,Male,5.15,Smartphone,True,0.46,,Rural,8-12 (Pre-teen),5.15,0
14,Male,3.99,Laptop,True,0.46,,Urban,13-17 (Teen),3.99,0
18,Female,4.3,Smartphone,True,0.48,Eye Strain,Rural,18-29 (Young Adult),4.3,0
14,Male,3.05,Laptop,True,0.3,"Poor Sleep, Anxiety",Rural,13-17 (Teen),3.05,1
18,Female,5.22,Smartphone,True,0.34,"Eye Strain, Anxiety",Rural,18-29 (Young Adult),5.22,0
15,Female,6.67,Smartphone,True,0.45,"Poor Sleep, Eye Strain",Urban,13-17 (Teen),6.67,1
18,Male,3.43,Smartphone,True,0.45,Poor Sleep,Urban,18-29 (Young Adult),3.43,1
12,Female,3.7,Smartphone,True,0.48,"Eye Strain, Obesity Risk",Urban,8-12 (Pre-teen),3.7,0
14,Male,1.87,Laptop,False,0.39,,Urban,13-17 (Teen),1.87,0
15,Male,4.52,Smartphone,True,0.43,Poor Sleep,Rural,13-17 (Teen),4.52,1
16,Female,4.05,Smartphone,True,0.31,"Poor Sleep, Obesity Risk",Urban,13-17 (Teen),4.05,1
10,Female,2.96,Smartphone,True,0.52,,Urban,8-12 (Pre-teen),2.96,0
10,Female,0.0,TV,False,0.55,,Urban,8-12 (Pre-teen),0.0,0
11,Male,5.97,Smartphone,True,0.37,,Urban,8-12 (Pre-teen),5.97,0
12,Female,2.17,TV,False,0.34,,Urban,8-12 (Pre-teen),2.17,0
17,Male,3.87,Laptop,True,0.34,Eye Strain,Urban,13-17 (Teen),3.87,0
8,Male,2.73,TV,True,0.56,,Urban,8-12 (Pre-teen),2.73,0
14,Female,3.61,Smartphone,True,0.36,"Anxiety, Obesity Risk",Urban,13-17 (Teen),3.61,0
16,Female,5.26,TV,True,0.5,"Poor Sleep, Eye Strain",Rural,13-17 (Teen),5.26,1
15,Male,1.55,Laptop,False,0.5,,Rural,13-17 (Teen),1.55,0
12,Male,4.23,Smartphone,True,0.35,Poor Sleep,Urban,8-12 (Pre-teen),4.23,1
11,Female,5.41,Laptop,True,0.4,,Rural,8-12 (Pre-teen),5.41,0
14,Male,5.01,Tablet,True,0.37,Poor Sleep,Urban,13-17 (Teen),5.01,1
12,Female,4.24,Smartphone,True,0.41,Poor Sleep,Urban,8-12 (Pre-teen),4.24,1
14,Male,4.76,Smartphone,True,0.43,Poor Sleep,Urban,13-17 (Teen),4.76,1
8,Female,0.37,TV,False,0.53,,Rural,8-12 (Pre-teen),0.37,0
8,Female,4.23,Smartphone,True,0.57,"Poor Sleep, Obesity Risk",Urban,8-12 (Pre-teen),4.23,1
17,Female,5.19,Smartphone,True,0.33,,Urban,13-17 (Teen),5.19,0
10,Male,4.51,TV,True,0.48,Poor Sleep,Rural,8-12 (Pre-teen),4.51,1
18,Male,5.0,Tablet,True,0.49,Poor Sleep,Urban,18-29 (Young Adult),5.0,1
9,Male,1.7,Smartphone,False,0.52,,Rural,8-12 (Pre-teen),1.7,0
9,Female,4.48,Smartphone,True,0.55,"Eye Strain, Anxiety, Obesity Risk",Rural,8-12 (Pre-teen),4.48,0
14,Female,3.63,Tablet,True,0.36,"Poor Sleep, Anxiety",Urban,13-17 (Teen),3.63,1
17,Male,3.71,Tablet,True,0.48,"Eye Strain, Anxiety",Urban,13-17 (Teen),3.71,0
9,Male,8.48,Smartphone,True,0.45,Poor Sleep,Urban,8-12 (Pre-teen),8.48,1
18,Male,2.58,Laptop,False,0.42,,Urban,18-29 (Young Adult),2.58,0
11,Male,3.97,Laptop,True,0.3,Poor Sleep,Rural,8-12 (Pre-teen),3.97,1
9,Female,2.43,Smartphone,True,0.56,,Urban,8-12 (Pre-teen),2.43,0
13,Female,4.47,Laptop,True,0.36,,Rural,13-17 (Teen),4.47,0
15,Female,4.44,TV,True,0.4,"Poor Sleep, Eye Strain, Anxiety",Urban,13-17 (Teen),4.44,1
17,Male,4.46,Smartphone,True,0.31,Poor Sleep,Urban,13-17 (Teen),4.46,1
11,Male,4.76,Smartphone,True,0.36,"Poor Sleep, Obesity Risk",Urban,8-12 (Pre-teen),4.76,1
12,Male,5.64,Smartphone,True,0.31,,Rural,8-12 (Pre-teen),5.64,0
11,Male,3.6,TV,True,0.4,Eye Strain,Rural,8-12 (Pre-teen),3.6,0
10,Female,7.16,TV,True,0.48,Poor Sleep,Urban,8-12 (Pre-teen),7.16,1
12,Male,3.45,Smartphone,True,0.44,Eye Strain,Rural,8-12 (Pre-teen),3.45,0
16,Female,4.44,Laptop,True,0.34,Poor Sleep,Urban,13-17 (Teen),4.44,1
15,Female,3.34,Laptop,True,0.31,Poor Sleep,Rural,13-17 (Teen),3.34,1
15,Male,5.89,Laptop,True,0.5,,Rural,13-17 (Teen),5.89,0
15,Female,2.16,Smartphone,False,0.37,,Urban,13-17 (Teen),2.16,0
15,Female,6.75,Smartphone,True,0.31,Obesity Risk,Rural,13-17 (Teen),6.75,0
14,Female,5.37,Smartphone,True,0.4,"Poor Sleep, Obesity Risk",Rural,13-17 (Teen),5.37,1
15,Female,2.76,Laptop,False,0.44,,Urban,13-17 (Teen),2.76,0
18,Female,4.14,TV,True,0.49,Poor Sleep,Urban,18-29 (Young Adult),4.14,1
15,Female,5.5,TV,True,0.44,"Poor Sleep, Anxiety, Obesity Risk",Urban,13-17 (Teen),5.5,1
15,Male,3.74,Smartphone,True,0.36,Obesity Risk,Rural,13-17 (Teen),3.74,0
17,Male,6.68,Smartphone,True,0.37,"Poor Sleep, Eye Strain, Obesity Risk",Urban,13-17 (Teen),6.68,1
14,Male,3.08,Smartphone,True,0.35,Eye Strain,Rural,13-17 (Teen),3.08,0
8,Female,3.5,TV,True,0.51,"Poor Sleep, Eye Strain",Urban,8-12 (Pre-teen),3.5,1
11,Female,4.64,TV,True,0.42,Poor Sleep,Urban,8-12 (Pre-teen),4.64,1
11,Female,5.76,Smartphone,True,0.43,Poor Sleep,Urban,8-12 (Pre-teen),5.76,1
12,Female,2.86,Smartphone,False,0.37,,Urban,8-12 (Pre-teen),2.86,0
17,Female,3.66,Smartphone,True,0.42,"Poor Sleep, Eye Strain",Urban,13-17 (Teen),3.66,1
13,Male,2.55,TV,False,0.31,,Urban,13-17 (Teen),2.55,0
11,Female,4.25,Smartphone,True,0.41,"Eye Strain, Obesity Risk",Urban,8-12 (Pre-teen),4.25,0
9,Female,0.89,Tablet,False,0.6,,Rural,8-12 (Pre-teen),0.89,0
13,Female,7.05,Smartphone,True,0.32,"Eye Strain, Anxiety",Urban,13-17 (Teen),7.05,0
15,Female,3.39,Smartphone,True,0.4,"Poor Sleep, Eye Strain",Urban,13-17 (Teen),3.39,1
15,Male,3.99,Smartphone,True,0.48,,Urban,13-17 (Teen),3.99,0
14,Female,1.64,Laptop,False,0.44,,Rural,13-17 (Teen),1.64,0
13,Male,3.71,TV,True,0.34,Poor Sleep,Urban,13-17 (Teen),3.71,1
9,Male,0.0,TV,False,0.47,,Urban,8-12 (Pre-teen),0.0,0
14,Female,5.03,Laptop,True,0.49,,Urban,13-17 (Teen),5.03,0
18,Male,3.62,Laptop,True,0.39,Anxiety,Rural,18-29 (Young Adult),3.62,0
12,Female,3.73,Tablet,True,0.44,,Urban,8-12 (Pre-teen),3.73,0
13,Male,6.38,Tablet,True,0.38,"Poor Sleep, Eye Strain, Anxiety",Urban,13-17 (Teen),6.38,1
17,Male,5.66,Tablet,True,0.45,Poor Sleep,Rural,13-17 (Teen),5.66,1
15,Female,3.67,TV,True,0.39,Obesity Risk,Urban,13-17 (Teen),3.67,0
15,Male,3.12,Smartphone,True,0.49,"Poor Sleep, Obesity Risk",Rural,13-17 (Teen),3.12,1
10,Female,3.85,Smartphone,True,0.5,"Poor Sleep, Eye Strain",Urban,8-12 (Pre-teen),3.85,1
14,Male,4.94,Laptop,True,0.3,"Poor Sleep, Eye Strain, Obesity Risk",Urban,13-17 (Teen),4.94,1
8,Female,0.0,Smartphone,False,0.51,,Rural,8-12 (Pre-teen),0.0,0
8,Female,0.0,Tablet,False,0.44,,Urban,8-12 (Pre-teen),0.0,0
14,Female,5.44,Smartphone,True,0.46,Poor Sleep,Rural,13-17 (Teen),5.44,1
17,Male,5.9,Smartphone,True,0.33,"Poor Sleep, Eye Strain, Anxiety",Rural,13-17 (Teen),5.9,1
16,Female,4.54,Smartphone,True,0.46,Eye Strain,Rural,13-17 (Teen),4.54,0
14,Male,5.4,TV,True,0.31,Poor Sleep,Rural,13-17 (Teen),5.4,1
17,Female,3.88,Smartphone,True,0.38,,Rural,13-17 (Teen),3.88,0
12,Female,5.16,Smartphone,True,0.35,Poor Sleep,Urban,8-12 (Pre-teen),5.16,1
15,Male,3.63,TV,True,0.34,Poor Sleep,Urban,13-17 (Teen),3.63,1
9,Male,3.22,TV,True,0.46,"Poor Sleep, Obesity Risk",Urban,8-12 (Pre-teen),3.22,1
16,Male,3.31,Smartphone,True,0.35,Anxiety,Rural,13-17 (Teen),3.31,0
13,Male,4.8,Smartphone,True,0.47,Obesity Risk,Rural,13-17 (Teen),4.8,0
16,Female,6.47,TV,True,0.35,Poor Sleep,Urban,13-17 (Teen),6.47,1
9,Male,0.4,TV,False,0.42,,Urban,8-12 (Pre-teen),0.4,0
10,Female,0.0,TV,False,0.52,,Rural,8-12 (Pre-teen),0.0,0
15,Female,5.69,TV,True,0.35,"Poor Sleep, Obesity Risk",Urban,13-17 (Teen),5.69,1
8,Female,4.8,Tablet,True,0.42,"Poor Sleep, Eye Strain, Obesity Risk",Rural,8-12 (Pre-teen),4.8,1
17,Male,4.8,Smartphone,True,0.35,"Poor Sleep, Eye Strain",Urban,13-17 (Teen),4.8,1
14,Female,3.1,Tablet,True,0.46,"Poor Sleep, Eye Strain, Anxiety",Rural,13-17 (Teen),3.1,1
14,Female,2.93,Tablet,False,0.38,,Rural,13-17 (Teen),2.93,0
8,Female,2.37,Smartphone,True,0.55,,Urban,8-12 (Pre-teen),2.37,0
16,Female,4.44,Smartphone,True,0.47,Poor Sleep,Urban,13-17 (Teen),4.44,1
15,Female,2.82,Smartphone,False,0.42,,Urban,13-17 (Teen),2.82,0
11,Female,5.23,Smartphone,True,0.44,,Urban,8-12 (Pre-teen),5.23,0
17,Female,2.73,Smartphone,False,0.4,,Rural,13-17 (Teen),2.73,0
18,Male,4.9,Smartphone,True,0.39,"Poor Sleep, Obesity Risk",Urban,18-29 (Young Adult),4.9,1
12,Female,4.94,Smartphone,True,0.35,,Urban,8-12 (Pre-teen),4.94,0
9,Female,0.0,Smartphone,False,0.4,,Rural,8-12 (Pre-teen),0.0,0
16,Female,5.34,Smartphone,True,0.32,Poor Sleep,Rural,13-17 (Teen),5.34,1
13,Male,5.49,TV,True,0.33,,Urban,13-17 (Teen),5.49,0
10,Female,5.28,TV,True,0.47,"Poor Sleep, Anxiety",Urban,8-12 (Pre-teen),5.28,1
14,Female,3.93,Smartphone,True,0.45,Poor Sleep,Urban,13-17 (Teen),3.93,1
16,Male,4.04,Tablet,True,0.48,Poor Sleep,Urban,13-17 (Teen),4.04,1
10,Male,1.71,Tablet,False,0.44,,Rural,8-12 (Pre-teen),1.71,0
9,Male,8.47,Tablet,True,0.44,Poor Sleep,Rural,8-12 (Pre-teen),8.47,1
14,Male,4.31,Smartphone,True,0.33,"Anxiety, Obesity Risk",Rural,13-17 (Teen),4.31,0
14,Male,4.44,Laptop,True,0.41,"Poor Sleep, Anxiety",Urban,13-17 (Teen),4.44,1
11,Female,2.27,Smartphone,False,0.48,,Urban,8-12 (Pre-teen),2.27,0
18,Male,5.57,Smartphone,True,0.48,"Poor Sleep, Eye Strain, Obesity Risk",Rural,18-29 (Young Adult),5.57,1
16,Male,3.66,Smartphone,True,0.45,"Poor Sleep, Eye Strain, Obesity Risk",Urban,13-17 (Teen),3.66,1
15,Male,3.09,TV,True,0.42,Poor Sleep,Urban,13-17 (Teen),3.09,1
8,Male,0.0,Tablet,False,0.56,,Rural,8-12 (Pre-teen),0.0,0
8,Male,5.81,Smartphone,True,0.6,"Poor Sleep, Eye Strain",Urban,8-12 (Pre-teen),5.81,1
12,Female,4.95,Smartphone,True,0.35,,Rural,8-12 (Pre-teen),4.95,0
13,Female,4.98,Smartphone,True,0.46,"Eye Strain, Obesity Risk",Rural,13-17 (Teen),4.98,0
10,Male,0.45,TV,False,0.57,,Rural,8-12 (Pre-teen),0.45,0
16,Male,5.79,Smartphone,True,0.31,,Urban,13-17 (Teen),5.79,0
17,Male,5.82,Smartphone,True,0.37,"Poor Sleep, Anxiety",Urban,13-17 (Teen),5.82,1
13,Female,5.25,Laptop,True,0.5,"Poor Sleep, Obesity Risk",Rural,13-17 (Teen),5.25,1
11,Male,4.97,TV,True,0.46,Poor Sleep,Urban,8-12 (Pre-teen),4.97,1
14,Male,2.44,TV,False,0.48,,Urban,13-17 (Teen),2.44,0
15,Female,3.73,Smartphone,True,0.43,,Urban,13-17 (Teen),3.73,0
16,Female,2.95,TV,False,0.46,,Urban,13-17 (Teen),2.95,0
18,Male,4.74,Tablet,True,0.43,Poor Sleep,Urban,18-29 (Young Adult),4.74,1
13,Male,2.77,TV,False,0.5,,Rural,13-17 (Teen),2.77,0
13,Female,3.54,Smartphone,True,0.31,Poor Sleep,Rural,13-17 (Teen),3.54,1
15,Male,4.36,Tablet,True,0.39,"Poor Sleep, Anxiety",Urban,13-17 (Teen),4.36,1
12,Male,6.04,Laptop,True,0.49,"Poor Sleep, Anxiety",Urban,8-12 (Pre-teen),6.04,1
10,Female,1.91,Tablet,False,0.6,,Urban,8-12 (Pre-teen),1.91,0
10,Male,4.96,TV,True,0.53,"Poor Sleep, Anxiety",Rural,8-12 (Pre-teen),4.96,1
13,Male,4.85,Smartphone,True,0.39,,Urban,13-17 (Teen),4.85,0
9,Male,2.4,Tablet,True,0.55,,Urban,8-12 (Pre-teen),2.4,0
13,Female,1.87,TV,False,0.44,,Urban,13-17 (Teen),1.87,0
13,Female,5.27,TV,True,0.44,Poor Sleep,Urban,13-17 (Teen),5.27,1
15,Female,3.72,Smartphone,True,0.33,"Poor Sleep, Eye Strain",Urban,13-17 (Teen),3.72,1
14,Female,4.74,TV,True,0.44,"Poor Sleep, Anxiety",Urban,13-17 (Teen),4.74,1
15,Male,4.19,Smartphone,True,0.49,"Poor Sleep, Obesity Risk",Urban,13-17 (Teen),4.19,1
16,Male,4.07,Smartphone,True,0.39,Anxiety,Urban,13-17 (Teen),4.07,0
13,Male,3.38,Laptop,True,0.39,,Urban,13-17 (Teen),3.38,0
17,Male,5.36,Tablet,True,0.5,"Poor Sleep, Eye Strain",Rural,13-17 (Teen),5.36,1
10,Male,4.35,TV,True,0.51,Anxiety,Urban,8-12 (Pre-teen),4.35,0
18,Male,5.17,Tablet,True,0.44,Obesity Risk,Urban,18-29 (Young Adult),5.17,0
8,Female,6.31,Smartphone,True,0.54,Obesity Risk,Rural,8-12 (Pre-teen),6.31,0
18,Female,3.31,Tablet,True,0.49,,Rural,18-29 (Young Adult),3.31,0
12,Female,6.37,Smartphone,True,0.32,"Eye Strain, Anxiety, Obesity Risk",Urban,8-12 (Pre-teen),6.37,0
11,Female,4.09,Smartphone,True,0.38,Poor Sleep,Rural,8-12 (Pre-teen),4.09,1
16,Female,4.3,Smartphone,True,0.32,Poor Sleep,Urban,13-17 (Teen),4.3,1
16,Male,1.81,Smartphone,False,0.41,,Urban,13-17 (Teen),1.81,0
12,Female,3.58,Tablet,True,0.47,,Urban,8-12 (Pre-teen),3.58,0
17,Male,3.58,Smartphone,True,0.3,"Poor Sleep, Anxiety",Urban,13-17 (Teen),3.58,1
11,Male,5.83,Smartphone,True,0.3,Anxiety,Urban,8-12 (Pre-teen),5.83,0
14,Female,5.25,Tablet,True,0.47,Poor Sleep,Urban,13-17 (Teen),5.25,1
13,Male,4.07,Smartphone,True,0.44,Anxiety,Urban,13-17 (Teen),4.07,0
11,Female,6.01,Smartphone,True,0.5,Poor Sleep,Urban,8-12 (Pre-teen),6.01,1
17,Male,5.38,Smartphone,True,0.35,"Eye Strain, Anxiety",Rural,13-17 (Teen),5.38,0
9,Male,6.25,TV,True,0.56,"Poor Sleep, Eye Strain, Anxiety",Urban,8-12 (Pre-teen),6.25,1
8,Female,4.98,TV,True,0.56,"Poor Sleep, Anxiety",Urban,8-12 (Pre-teen),4.98,1
11,Female,5.91,Smartphone,True,0.31,Poor Sleep,Urban,8-12 (Pre-teen),5.91,1
11,Male,5.75,Smartphone,True,0.33,Poor Sleep,Urban,8-12 (Pre-teen),5.75,1
8,Female,4.85,Smartphone,True,0.54,"Poor Sleep, Eye Strain",Urban,8-12 (Pre-teen),4.85,1
13,Male,3.23,Laptop,True,0.3,Anxiety,Rural,13-17 (Teen),3.23,0
11,Female,5.1,TV,True,0.46,Poor Sleep,Urban,8-12 (Pre-teen),5.1,1
8,Female,6.17,Tablet,True,0.41,Poor Sleep,Rural,8-12 (Pre-teen),6.17,1
8,Female,7.33,TV,True,0.5,Poor Sleep,Rural,8-12 (Pre-teen),7.33,1
8,Male,1.56,TV,False,0.55,,Urban,8-12 (Pre-teen),1.56,0
15,Male,5.5,Smartphone,True,0.44,"Poor Sleep, Eye Strain",Urban,13-17 (Teen),5.5,1
17,Female,5.14,Smartphone,True,0.3,"Poor Sleep, Anxiety",Rural,13-17 (Teen),5.14,1
15,Male,5.87,Smartphone,True,0.38,"Poor Sleep, Obesity Risk",Rural,13-17 (Teen),5.87,1
9,Male,8.67,TV,True,0.51,Eye Strain,Urban,8-12 (Pre-teen),8.67,0
18,Male,3.08,Smartphone,True,0.38,,Rural,18-29 (Young Adult),3.08,0
14,Male,3.61,Smartphone,True,0.47,Poor Sleep,Urban,13-17 (Teen),3.61,1
15,Female,5.34,Smartphone,True,0.46,"Poor Sleep, Eye Strain",Urban,13-17 (Teen),5.34,1
15,Female,3.53,Smartphone,True,0.5,Anxiety,Urban,13-17 (Teen),3.53,0
18,Female,6.08,Smartphone,True,0.44,Poor Sleep,Rural,18-29 (Young Adult),6.08,1
17,Female,6.26,Smartphone,True,0.45,,Rural,13-17 (Teen),6.26,0
18,Female,3.44,Laptop,True,0.41,"Poor Sleep, Eye Strain, Anxiety",Rural,18-29 (Young Adult),3.44,1
14,Male,4.31,Laptop,True,0.49,"Poor Sleep, Eye Strain",Urban,13-17 (Teen),4.31,1
12,Male,2.69,TV,False,0.46,,Urban,8-12 (Pre-teen),2.69,0
8,Female,2.73,Tablet,True,0.59,,Urban,8-12 (Pre-teen),2.73,0
16,Male,4.93,Smartphone,True,0.3,Poor Sleep,Rural,13-17 (Teen),4.93,1
14,Female,4.49,Laptop,True,0.49,"Poor Sleep, Anxiety",Urban,13-17 (Teen),4.49,1
9,Female,2.42,Tablet,True,0.5,,Rural,8-12 (Pre-teen),2.42,0
13,Male,5.19,TV,True,0.48,Anxiety,Rural,13-17 (Teen),5.19,0
9,Male,4.96,TV,True,0.55,"Poor Sleep, Eye Strain",Urban,8-12 (Pre-teen),4.96,1
8,Male,3.53,TV,True,0.43,"Poor Sleep, Eye Strain",Rural,8-12 (Pre-teen),3.53,1
14,Male,6.12,TV,True,0.44,Eye Strain,Urban,13-17 (Teen),6.12,0
9,Female,6.84,Smartphone,True,0.44,"Poor Sleep, Obesity Risk",Rural,8-12 (Pre-teen),6.84,1
9,Male,6.5,Smartphone,True,0.53,Anxiety,Urban,8-12 (Pre-teen),6.5,0
18,Female,3.6,Smartphone,True,0.35,Obesity Risk,Rural,18-29 (Young Adult),3.6,0
12,Male,4.83,Smartphone,True,0.31,,Urban,8-12 (Pre-teen),4.83,0
12,Male,2.67,TV,False,0.32,,Rural,8-12 (Pre-teen),2.67,0
14,Male,3.03,Smartphone,True,0.39,,Rural,13-17 (Teen),3.03,0
8,Female,3.67,TV,True,0.46,"Poor Sleep, Anxiety",Rural,8-12 (Pre-teen),3.67,1
15,Male,5.39,Smartphone,True,0.46,"Poor Sleep, Eye Strain",Urban,13-17 (Teen),5.39,1
10,Male,2.32,Smartphone,True,0.43,,Urban,8-12 (Pre-teen),2.32,0
11,Male,4.91,Smartphone,True,0.49,Poor Sleep,Urban,8-12 (Pre-teen),4.91,1
16,Male,6.41,TV,True,0.49,"Poor Sleep, Anxiety",Rural,13-17 (Teen),6.41,1
11,Female,2.83,Smartphone,False,0.43,,Urban,8-12 (Pre-teen),2.83,0
17,Male,4.27,Smartphone,True,0.48,Poor Sleep,Rural,13-17 (Teen),4.27,1
12,Female,5.58,Laptop,True,0.45,"Poor Sleep, Eye Strain, Obesity Risk",Urban,8-12 (Pre-teen),5.58,1
14,Female,3.44,Tablet,True,0.32,"Poor Sleep, Anxiety",Urban,13-17 (Teen),3.44,1
11,Female,4.22,TV,True,0.35,Anxiety,Rural,8-12 (Pre-teen),4.22,0
8,Female,3.03,TV,True,0.42,Eye Strain,Urban,8-12 (Pre-teen),3.03,0
16,Male,3.89,TV,True,0.45,"Poor Sleep, Anxiety",Urban,13-17 (Teen),3.89,1
11,Male,4.48,Smartphone,True,0.48,,Rural,8-12 (Pre-teen),4.48,0
16,Female,4.56,TV,True,0.44,Poor Sleep,Rural,13-17 (Teen),4.56,1
13,Male,4.14,Smartphone,True,0.46,Eye Strain,Urban,13-17 (Teen),4.14,0
8,Female,1.49,Smartphone,False,0.43,,Urban,8-12 (Pre-teen),1.49,0
10,Male,5.01,Smartphone,True,0.58,"Poor Sleep, Anxiety",Urban,8-12 (Pre-teen),5.01,1
18,Female,7.13,Smartphone,True,0.43,"Poor Sleep, Eye Strain",Urban,18-29 (Young Adult),7.13,1
9,Female,5.11,Smartphone,True,0.44,Eye Strain,Rural,8-12 (Pre-teen),5.11,0
16,Male,4.86,Laptop,True,0.37,"Poor Sleep, Eye Strain",Urban,13-17 (Teen),4.86,1
8,Male,1.76,Smartphone,False,0.41,,Urban,8-12 (Pre-teen),1.76,0
16,Male,5.94,Smartphone,True,0.32,"Poor Sleep, Eye Strain",Rural,13-17 (Teen),5.94,1
16,Male,4.26,Smartphone,True,0.45,"Poor Sleep, Obesity Risk",Urban,13-17 (Teen),4.26,1
15,Female,4.34,Tablet,True,0.42,Eye Strain,Urban,13-17 (Teen),4.34,0
15,Male,4.0,Laptop,True,0.41,"Poor Sleep, Eye Strain",Urban,13-17 (Teen),4.0,1
18,Female,4.79,Smartphone,True,0.43,,Rural,18-29 (Young Adult),4.79,0
8,Male,5.19,Smartphone,True,0.43,"Poor Sleep, Eye Strain",Urban,8-12 (Pre-teen),5.19,1
18,Female,5.49,TV,True,0.45,,Urban,18-29 (Young Adult),5.49,0
15,Female,3.67,TV,True,0.49,"Poor Sleep, Anxiety",Urban,13-17 (Teen),3.67,1
17,Male,4.24,Smartphone,True,0.38,Poor Sleep,Rural,13-17 (Teen),4.24,1
10,Male,0.88,Smartphone,False,0.55,,Urban,8-12 (Pre-teen),0.88,0
18,Male,3.51,TV,True,0.3,,Rural,18-29 (Young Adult),3.51,0
14,Female,2.39,Smartphone,False,0.31,,Rural,13-17 (Teen),2.39,0
18,Female,5.02,Smartphone,True,0.36,,Urban,18-29 (Young Adult),5.02,0
8,Male,0.06,Smartphone,False,0.6,,Urban,8-12 (Pre-teen),0.06,0
8,Male,3.79,Smartphone,True,0.51,Poor Sleep,Rural,8-12 (Pre-teen),3.79,1
17,Male,2.73,Laptop,False,0.37,,Rural,13-17 (Teen),2.73,0
12,Female,7.13,Smartphone,True,0.36,"Poor Sleep, Anxiety",Rural,8-12 (Pre-teen),7.13,1
12,Male,4.09,Smartphone,True,0.36,"Poor Sleep, Eye Strain",Rural,8-12 (Pre-teen),4.09,1
15,Female,2.81,Laptop,False,0.4,,Urban,13-17 (Teen),2.81,0
14,Male,5.92,Laptop,True,0.3,Poor Sleep,Rural,13-17 (Teen),5.92,1
15,Male,3.05,TV,True,0.35,"Poor Sleep, Obesity Risk",Rural,13-17 (Teen),3.05,1
13,Male,6.4,Smartphone,True,0.49,,Urban,13-17 (Teen),6.4,0
13,Female,7.02,Smartphone,True,0.42,Poor Sleep,Urban,13-17 (Teen),7.02,1
9,Male,4.59,TV,True,0.48,Poor Sleep,Urban,8-12 (Pre-teen),4.59,1
13,Female,5.96,TV,True,0.48,Poor Sleep,Rural,13-17 (Teen),5.96,1
12,Male,4.45,Laptop,True,0.34,,Urban,8-12 (Pre-teen),4.45,0
10,Female,4.68,TV,True,0.51,"Anxiety, Obesity Risk",Urban,8-12 (Pre-teen),4.68,0
13,Female,5.58,Smartphone,True,0.34,,Rural,13-17 (Teen),5.58,0
15,Female,2.89,TV,False,0.45,,Urban,13-17 (Teen),2.89,0
16,Male,3.2,Laptop,True,0.49,"Poor Sleep, Anxiety",Urban,13-17 (Teen),3.2,1
8,Female,4.53,TV,True,0.42,Poor Sleep,Urban,8-12 (Pre-teen),4.53,1
10,Male,5.92,Smartphone,True,0.5,Poor Sleep,Urban,8-12 (Pre-teen),5.92,1
10,Male,4.94,Tablet,True,0.52,"Poor Sleep, Eye Strain",Urban,8-12 (Pre-teen),4.94,1
18,Male,5.69,Smartphone,True,0.43,Poor Sleep,Urban,18-29 (Young Adult),5.69,1
15,Male,4.91,Smartphone,True,0.38,,Rural,13-17 (Teen),4.91,0
12,Male,3.56,TV,True,0.37,,Urban,8-12 (Pre-teen),3.56,0
10,Female,4.85,Smartphone,True,0.47,Poor Sleep,Urban,8-12 (Pre-teen),4.85,1
15,Female,5.57,Smartphone,True,0.36,Poor Sleep,Urban,13-17 (Teen),5.57,1
10,Female,5.24,TV,True,0.57,,Urban,8-12 (Pre-teen),5.24,0
14,Female,3.79,TV,True,0.36,Poor Sleep,Urban,13-17 (Teen),3.79,1
18,Female,4.26,Smartphone,True,0.4,"Poor Sleep, Eye Strain",Urban,18-29 (Young Adult),4.26,1
8,Female,1.83,TV,False,0.58,,Rural,8-12 (Pre-teen),1.83,0
13,Male,3.24,Smartphone,True,0.45,,Rural,13-17 (Teen),3.24,0
10,Male,2.78,TV,True,0.5,,Urban,8-12 (Pre-teen),2.78,0
15,Male,5.65,Smartphone,True,0.49,,Rural,13-17 (Teen),5.65,0
13,Male,4.71,Smartphone,True,0.42,,Urban,13-17 (Teen),4.71,0
9,Female,5.71,Smartphone,True,0.56,Poor Sleep,Rural,8-12 (Pre-teen),5.71,1
13,Female,4.26,Smartphone,True,0.39,Poor Sleep,Rural,13-17 (Teen),4.26,1
14,Male,3.76,Tablet,True,0.46,Anxiety,Urban,13-17 (Teen),3.76,0
12,Male,5.44,Smartphone,True,0.36,Poor Sleep,Urban,8-12 (Pre-teen),5.44,1
10,Female,1.35,TV,False,0.4,,Urban,8-12 (Pre-teen),1.35,0
11,Male,6.01,Smartphone,True,0.36,Poor Sleep,Urban,8-12 (Pre-teen),6.01,1
11,Male,3.18,Tablet,True,0.34,Eye Strain,Urban,8-12 (Pre-teen),3.18,0
13,Male,2.92,Smartphone,False,0.34,,Rural,13-17 (Teen),2.92,0
17,Male,3.58,TV,True,0.49,Eye Strain,Rural,13-17 (Teen),3.58,0
8,Male,3.22,TV,True,0.44,Poor Sleep,Rural,8-12 (Pre-teen),3.22,1
18,Female,4.23,TV,True,0.42,,Urban,18-29 (Young Adult),4.23,0
11,Male,4.91,TV,True,0.41,"Poor Sleep, Obesity Risk",Rural,8-12 (Pre-teen),4.91,1
17,Male,5.39,Smartphone,True,0.48,Poor Sleep,Urban,13-17 (Teen),5.39,1
11,Female,3.46,Smartphone,True,0.4,,Urban,8-12 (Pre-teen),3.46,0
17,Male,1.37,Smartphone,False,0.36,,Urban,13-17 (Teen),1.37,0
8,Male,2.77,Smartphone,True,0.42,,Rural,8-12 (Pre-teen),2.77,0
16,Female,4.93,TV,True,0.35,"Poor Sleep, Eye Strain",Rural,13-17 (Teen),4.93,1
11,Male,5.7,Tablet,True,0.46,"Poor Sleep, Anxiety",Urban,8-12 (Pre-teen),5.7,1
14,Female,2.21,Laptop,False,0.33,,Urban,13-17 (Teen),2.21,0
10,Female,7.27,Tablet,True,0.42,Obesity Risk,Rural,8-12 (Pre-teen),7.27,0
17,Male,5.34,Smartphone,True,0.42,,Rural,13-17 (Teen),5.34,0
10,Female,6.47,TV,True,0.59,"Poor Sleep, Anxiety",Urban,8-12 (Pre-teen),6.47,1
15,Female,3.71,Laptop,True,0.32,Poor Sleep,Rural,13-17 (Teen),3.71,1
15,Male,3.48,Smartphone,True,0.37,"Poor Sleep, Anxiety",Urban,13-17 (Teen),3.48,1
18,Female,2.1,TV,False,0.33,,Rural,18-29 (Young Adult),2.1,0
8,Male,9.94,TV,True,0.54,Poor Sleep,Urban,8-12 (Pre-teen),9.94,1
17,Male,4.13,Smartphone,True,0.3,Anxiety,Rural,13-17 (Teen),4.13,0
9,Male,2.78,Smartphone,True,0.42,,Urban,8-12 (Pre-teen),2.78,0
15,Female,2.65,Smartphone,False,0.44,,Rural,13-17 (Teen),2.65,0
8,Female,1.87,TV,False,0.51,,Rural,8-12 (Pre-teen),1.87,0
15,Male,5.21,Laptop,True,0.39,Eye Strain,Urban,13-17 (Teen),5.21,0
15,Female,4.75,Laptop,True,0.41,"Poor Sleep, Anxiety",Rural,13-17 (Teen),4.75,1
9,Male,6.89,Smartphone,True,0.47,Poor Sleep,Urban,8-12 (Pre-teen),6.89,1
11,Female,7.05,Smartphone,True,0.44,Eye Strain,Urban,8-12 (Pre-teen),7.05,0
13,Male,3.89,Smartphone,True,0.43,"Poor Sleep, Anxiety",Rural,13-17 (Teen),3.89,1
18,Female,3.21,TV,True,0.37,"Poor Sleep, Eye Strain",Urban,18-29 (Young Adult),3.21,1
16,Male,3.04,TV,True,0.4,Poor Sleep,Urban,13-17 (Teen),3.04,1
15,Male,4.39,Smartphone,True,0.48,"Poor Sleep, Obesity Risk",Urban,13-17 (Teen),4.39,1
15,Male,4.41,Tablet,True,0.39,"Poor Sleep, Anxiety",Urban,13-17 (Teen),4.41,1
14,Male,6.29,Smartphone,True,0.43,"Poor Sleep, Anxiety",Urban,13-17 (Teen),6.29,1
16,Male,6.33,Laptop,True,0.42,,Rural,13-17 (Teen),6.33,0
9,Female,11.25,TV,True,0.49,,Rural,8-12 (Pre-teen),11.25,0
10,Male,4.66,TV,True,0.56,Poor Sleep,Urban,8-12 (Pre-teen),4.66,1
17,Male,5.2,Smartphone,True,0.41,Poor Sleep,Urban,13-17 (Teen),5.2,1
15,Male,2.88,Smartphone,False,0.42,,Rural,13-17 (Teen),2.88,0
13,Female,6.18,Smartphone,True,0.31,Poor Sleep,Urban,13-17 (Teen),6.18,1
17,Female,6.21,Smartphone,True,0.41,"Poor Sleep, Anxiety, Obesity Risk",Urban,13-17 (Teen),6.21,1
16,Male,4.27,Laptop,True,0.4,Poor Sleep,Urban,13-17 (Teen),4.27,1
17,Female,4.36,TV,True,0.35,Poor Sleep,Urban,13-17 (Teen),4.36,1
11,Female,6.09,TV,True,0.35,"Poor Sleep, Eye Strain",Urban,8-12 (Pre-teen),6.09,1
15,Female,4.34,Smartphone,True,0.38,Anxiety,Urban,13-17 (Teen),4.34,0
17,Male,3.06,Smartphone,True,0.36,"Poor Sleep, Eye Strain",Rural,13-17 (Teen),3.06,1
10,Female,3.39,TV,True,0.44,"Poor Sleep, Eye Strain",Rural,8-12 (Pre-teen),3.39,1
10,Male,4.23,Smartphone,True,0.54,"Poor Sleep, Eye Strain",Rural,8-12 (Pre-teen),4.23,1
15,Female,2.67,Laptop,False,0.45,,Rural,13-17 (Teen),2.67,0
12,Male,4.35,Smartphone,True,0.39,Eye Strain,Urban,8-12 (Pre-teen),4.35,0
10,Male,0.0,Tablet,False,0.45,,Rural,8-12 (Pre-teen),0.0,0
17,Male,5.11,Smartphone,True,0.47,,Urban,13-17 (Teen),5.11,0
18,Female,3.52,Laptop,True,0.33,Poor Sleep,Urban,18-29 (Young Adult),3.52,1
8,Female,2.27,TV,True,0.44,,Urban,8-12 (Pre-teen),2.27,0
10,Female,0.0,Tablet,False,0.58,,Urban,8-12 (Pre-teen),0.0,0
16,Male,3.21,Smartphone,True,0.48,,Rural,13-17 (Teen),3.21,0
12,Female,3.45,Smartphone,True,0.4,"Anxiety, Obesity Risk",Urban,8-12 (Pre-teen),3.45,0
17,Male,3.25,Laptop,True,0.47,Poor Sleep,Urban,13-17 (Teen),3.25,1
9,Male,7.73,Smartphone,True,0.59,"Poor Sleep, Anxiety",Rural,8-12 (Pre-teen),7.73,1
14,Male,3.58,Smartphone,True,0.37,Poor Sleep,Urban,13-17 (Teen),3.58,1
9,Male,3.52,Smartphone,True,0.43,"Poor Sleep, Anxiety",Urban,8-12 (Pre-teen),3.52,1
11,Female,3.73,Smartphone,True,0.3,Poor Sleep,Urban,8-12 (Pre-teen),3.73,1
14,Male,5.47,Smartphone,True,0.37,"Poor Sleep, Eye Strain",Urban,13-17 (Teen),5.47,1
11,Female,3.7,Laptop,True,0.39,,Rural,8-12 (Pre-teen),3.7,0
14,Male,2.09,Smartphone,False,0.47,,Urban,13-17 (Teen),2.09,0
14,Female,2.88,Laptop,False,0.42,,Urban,13-17 (Teen),2.88,0
8,Female,9.33,Smartphone,True,0.4,Poor Sleep,Rural,8-12 (Pre-teen),9.33,1
13,Male,3.93,Laptop,True,0.5,"Poor Sleep, Anxiety",Urban,13-17 (Teen),3.93,1
16,Female,5.01,TV,True,0.35,Eye Strain,Urban,13-17 (Teen),5.01,0
9,Male,3.93,Tablet,True,0.57,"Poor Sleep, Obesity Risk",Urban,8-12 (Pre-teen),3.93,1
10,Female,4.61,TV,True,0.57,"Poor Sleep, Eye Strain",Urban,8-12 (Pre-teen),4.61,1
17,Male,4.16,Smartphone,True,0.37,Eye Strain,Urban,13-17 (Teen),4.16,0
12,Female,3.34,Smartphone,True,0.31,"Poor Sleep, Eye Strain, Anxiety",Urban,8-12 (Pre-teen),3.34,1
16,Female,3.54,Smartphone,True,0.47,"Poor Sleep, Eye Strain",Rural,13-17 (Teen),3.54,1
11,Male,4.15,Smartphone,True,0.5,Poor Sleep,Urban,8-12 (Pre-teen),4.15,1
8,Female,1.84,TV,False,0.59,,Urban,8-12 (Pre-teen),1.84,0
11,Female,5.14,Smartphone,True,0.48,,Urban,8-12 (Pre-teen),5.14,0
13,Female,7.05,Tablet,True,0.45,"Poor Sleep, Anxiety",Rural,13-17 (Teen),7.05,1
12,Female,5.74,Smartphone,True,0.38,Eye Strain,Urban,8-12 (Pre-teen),5.74,0
8,Male,6.98,Smartphone,True,0.59,Poor Sleep,Urban,8-12 (Pre-teen),6.98,1
11,Male,5.31,Laptop,True,0.38,Poor Sleep,Urban,8-12 (Pre-teen),5.31,1
13,Male,4.34,Laptop,True,0.33,Anxiety,Urban,13-17 (Teen),4.34,0
17,Male,3.96,Smartphone,True,0.41,Poor Sleep,Rural,13-17 (Teen),3.96,1
17,Female,7.15,Smartphone,True,0.49,"Poor Sleep, Eye Strain",Rural,13-17 (Teen),7.15,1
11,Female,4.6,Smartphone,True,0.46,Poor Sleep,Urban,8-12 (Pre-teen),4.6,1
16,Male,3.24,Smartphone,True,0.47,Poor Sleep,Urban,13-17 (Teen),3.24,1
12,Female,4.96,Smartphone,True,0.39,,Urban,8-12 (Pre-teen),4.96,0
15,Male,3.23,TV,True,0.41,,Urban,13-17 (Teen),3.23,0
16,Male,4.57,Tablet,True,0.36,"Poor Sleep, Eye Strain",Urban,13-17 (Teen),4.57,1
17,Female,6.79,Smartphone,True,0.31,Anxiety,Urban,13-17 (Teen),6.79,0
12,Female,5.6,Smartphone,True,0.48,"Poor Sleep, Eye Strain",Urban,8-12 (Pre-teen),5.6,1
13,Female,4.85,Smartphone,True,0.46,"Poor Sleep, Eye Strain",Urban,13-17 (Teen),4.85,1
8,Female,6.82,TV,True,0.43,,Rural,8-12 (Pre-teen),6.82,0
18,Female,4.71,Laptop,True,0.42,Eye Strain,Urban,18-29 (Young Adult),4.71,0
14,Male,4.46,Tablet,True,0.44,"Eye Strain, Obesity Risk",Rural,13-17 (Teen),4.46,0
11,Female,2.35,TV,False,0.45,,Rural,8-12 (Pre-teen),2.35,0
18,Female,2.57,TV,False,0.45,,Urban,18-29 (Young Adult),2.57,0
9,Male,7.04,Tablet,True,0.57,"Poor Sleep, Eye Strain, Obesity Risk",Urban,8-12 (Pre-teen),7.04,1
12,Male,4.69,Tablet,True,0.5,Poor Sleep,Urban,8-12 (Pre-teen),4.69,1
10,Male,7.69,TV,True,0.46,Poor Sleep,Urban,8-12 (Pre-teen),7.69,1
13,Male,4.88,Smartphone,True,0.35,"Poor Sleep, Anxiety",Urban,13-17 (Teen),4.88,1
15,Female,6.67,Tablet,True,0.35,"Poor Sleep, Eye Strain, Obesity Risk",Rural,13-17 (Teen),6.67,1
14,Female,3.33,Smartphone,True,0.4,Eye Strain,Urban,13-17 (Teen),3.33,0
10,Female,0.64,Tablet,False,0.51,,Urban,8-12 (Pre-teen),0.64,0
15,Female,3.08,Tablet,True,0.32,Poor Sleep,Urban,13-17 (Teen),3.08,1
9,Male,7.27,TV,True,0.46,"Poor Sleep, Anxiety, Obesity Risk",Urban,8-12 (Pre-teen),7.27,1
17,Female,3.57,TV,True,0.4,Poor Sleep,Urban,13-17 (Teen),3.57,1
16,Male,6.42,TV,True,0.39,"Poor Sleep, Eye Strain, Anxiety",Urban,13-17 (Teen),6.42,1
11,Male,4.75,Smartphone,True,0.49,"Poor Sleep, Obesity Risk",Urban,8-12 (Pre-teen),4.75,1
8,Female,1.35,Tablet,False,0.44,,Urban,8-12 (Pre-teen),1.35,0
15,Female,6.09,Laptop,True,0.36,"Poor Sleep, Anxiety",Urban,13-17 (Teen),6.09,1
14,Female,3.82,Smartphone,True,0.3,Obesity Risk,Urban,13-17 (Teen),3.82,0
18,Male,4.03,TV,True,0.42,Poor Sleep,Urban,18-29 (Young Adult),4.03,1
12,Male,4.91,Smartphone,True,0.42,"Poor Sleep, Anxiety",Urban,8-12 (Pre-teen),4.91,1
17,Female,4.77,TV,True,0.4,"Poor Sleep, Eye Strain, Anxiety, Obesity Risk",Urban,13-17 (Teen),4.77,1
12,Male,4.53,Smartphone,True,0.41,"Poor Sleep, Eye Strain",Urban,8-12 (Pre-teen),4.53,1
14,Female,6.47,Smartphone,True,0.31,Poor Sleep,Rural,13-17 (Teen),6.47,1
12,Male,4.56,Smartphone,True,0.4,,Urban,8-12 (Pre-teen),4.56,0
15,Male,6.34,TV,True,0.31,"Poor Sleep, Anxiety",Urban,13-17 (Teen),6.34,1
18,Male,4.49,Laptop,True,0.35,Poor Sleep,Urban,18-29 (Young Adult),4.49,1
13,Female,2.38,TV,False,0.36,,Urban,13-17 (Teen),2.38,0
12,Male,5.33,Tablet,True,0.36,"Poor Sleep, Eye Strain",Urban,8-12 (Pre-teen),5.33,1
16,Male,5.95,Smartphone,True,0.33,,Urban,13-17 (Teen),5.95,0
18,Female,5.23,TV,True,0.47,Anxiety,Rural,18-29 (Young Adult),5.23,0
9,Female,6.58,Smartphone,True,0.55,,Urban,8-12 (Pre-teen),6.58,0
8,Male,4.75,Tablet,True,0.58,"Poor Sleep, Eye Strain",Urban,8-12 (Pre-teen),4.75,1
15,Female,6.18,Tablet,True,0.43,Poor Sleep,Urban,13-17 (Teen),6.18,1
10,Male,5.56,Smartphone,True,0.4,Poor Sleep,Urban,8-12 (Pre-teen),5.56,1
18,Female,4.24,Laptop,True,0.36,,Urban,18-29 (Young Adult),4.24,0
14,Male,5.93,Smartphone,True,0.38,"Poor Sleep, Obesity Risk",Urban,13-17 (Teen),5.93,1
17,Male,4.74,Smartphone,True,0.36,,Rural,13-17 (Teen),4.74,0
18,Male,7.69,Smartphone,True,0.3,,Urban,18-29 (Young Adult),7.69,0
15,Female,3.69,Smartphone,True,0.49,Poor Sleep,Rural,13-17 (Teen),3.69,1
13,Male,0.65,Smartphone,False,0.36,,Urban,13-17 (Teen),0.65,0
17,Female,3.98,Smartphone,True,0.48,Anxiety,Urban,13-17 (Teen),3.98,0
16,Male,4.79,TV,True,0.48,"Poor Sleep, Anxiety, Obesity Risk",Rural,13-17 (Teen),4.79,1
14,Male,6.72,Smartphone,True,0.47,Poor Sleep,Urban,13-17 (Teen),6.72,1
17,Female,1.39,Laptop,False,0.45,,Rural,13-17 (Teen),1.39,0
12,Male,5.12,Laptop,True,0.37,"Eye Strain, Obesity Risk",Urban,8-12 (Pre-teen),5.12,0
15,Male,3.22,Smartphone,True,0.35,"Poor Sleep, Anxiety, Obesity Risk",Urban,13-17 (Teen),3.22,1
9,Female,4.64,Tablet,True,0.51,Poor Sleep,Rural,8-12 (Pre-teen),4.64,1
14,Female,3.48,Smartphone,True,0.42,,Urban,13-17 (Teen),3.48,0
11,Female,4.09,Smartphone,True,0.31,"Poor Sleep, Eye Strain",Rural,8-12 (Pre-teen),4.09,1
16,Female,5.68,Smartphone,True,0.35,,Urban,13-17 (Teen),5.68,0
8,Male,2.93,TV,True,0.54,,Urban,8-12 (Pre-teen),2.93,0
14,Female,5.0,TV,True,0.38,"Poor Sleep, Anxiety",Urban,13-17 (Teen),5.0,1
13,Female,4.68,Smartphone,True,0.36,Poor Sleep,Urban,13-17 (Teen),4.68,1
15,Male,6.5,Smartphone,True,0.43,"Eye Strain, Obesity Risk",Urban,13-17 (Teen),6.5,0
12,Female,5.88,Laptop,True,0.38,Poor Sleep,Urban,8-12 (Pre-teen),5.88,1
8,Female,6.61,Smartphone,True,0.59,,Urban,8-12 (Pre-teen),6.61,0
8,Female,1.56,TV,False,0.48,,Rural,8-12 (Pre-teen),1.56,0
16,Male,4.52,TV,True,0.48,,Urban,13-17 (Teen),4.52,0
17,Female,6.26,Smartphone,True,0.33,Eye Strain,Urban,13-17 (Teen),6.26,0
13,Female,1.68,Tablet,False,0.41,,Rural,13-17 (Teen),1.68,0
17,Male,4.31,TV,True,0.47,"Poor Sleep, Anxiety",Urban,13-17 (Teen),4.31,1
12,Male,4.8,Laptop,True,0.32,Poor Sleep,Urban,8-12 (Pre-teen),4.8,1
8,Female,4.15,Smartphone,True,0.43,Poor Sleep,Urban,8-12 (Pre-teen),4.15,1
13,Male,3.2,Laptop,True,0.38,"Eye Strain, Anxiety",Urban,13-17 (Teen),3.2,0
13,Female,2.93,TV,False,0.36,,Rural,13-17 (Teen),2.93,0
10,Male,1.96,TV,False,0.49,,Urban,8-12 (Pre-teen),1.96,0
15,Male,3.6,Smartphone,True,0.36,"Poor Sleep, Eye Strain",Rural,13-17 (Teen),3.6,1
8,Male,7.39,TV,True,0.52,,Urban,8-12 (Pre-teen),7.39,0
8,Female,2.17,Smartphone,True,0.47,,Rural,8-12 (Pre-teen),2.17,0
13,Female,5.62,TV,True,0.38,"Poor Sleep, Anxiety",Rural,13-17 (Teen),5.62,1
17,Female,6.3,TV,True,0.31,"Eye Strain, Obesity Risk",Urban,13-17 (Teen),6.3,0
8,Male,2.35,Smartphone,True,0.44,,Urban,8-12 (Pre-teen),2.35,0
13,Male,4.41,Tablet,True,0.35,Poor Sleep,Rural,13-17 (Teen),4.41,1
8,Male,8.52,Tablet,True,0.41,"Poor Sleep, Anxiety",Urban,8-12 (Pre-teen),8.52,1
13,Female,4.25,TV,True,0.35,Poor Sleep,Urban,13-17 (Teen),4.25,1
10,Female,1.9,Smartphone,False,0.52,,Urban,8-12 (Pre-teen),1.9,0
15,Male,4.32,Tablet,True,0.45,Poor Sleep,Urban,13-17 (Teen),4.32,1
13,Male,2.73,TV,False,0.36,,Urban,13-17 (Teen),2.73,0
18,Male,6.54,Smartphone,True,0.31,"Poor Sleep, Eye Strain, Anxiety",Urban,18-29 (Young Adult),6.54,1
8,Female,9.4,Smartphone,True,0.54,"Eye Strain, Obesity Risk",Urban,8-12 (Pre-teen),9.4,0
12,Male,4.89,TV,True,0.39,"Poor Sleep, Anxiety",Rural,8-12 (Pre-teen),4.89,1
15,Male,6.34,TV,True,0.47,"Poor Sleep, Anxiety",Urban,13-17 (Teen),6.34,1
10,Male,0.0,Tablet,False,0.51,,Rural,8-12 (Pre-teen),0.0,0
13,Male,4.9,Smartphone,True,0.43,,Urban,13-17 (Teen),4.9,0
12,Male,6.21,Smartphone,True,0.46,,Urban,8-12 (Pre-teen),6.21,0
13,Female,4.7,Smartphone,True,0.41,Anxiety,Urban,13-17 (Teen),4.7,0
17,Male,3.92,Laptop,True,0.31,"Poor Sleep, Obesity Risk",Urban,13-17 (Teen),3.92,1
8,Male,2.06,Tablet,True,0.42,,Rural,8-12 (Pre-teen),2.06,0
14,Female,4.17,Smartphone,True,0.33,"Poor Sleep, Eye Strain",Urban,13-17 (Teen),4.17,1
16,Male,6.29,Smartphone,True,0.45,Poor Sleep,Urban,13-17 (Teen),6.29,1
9,Male,6.12,Smartphone,True,0.46,Poor Sleep,Rural,8-12 (Pre-teen),6.12,1
17,Female,5.35,TV,True,0.46,,Urban,13-17 (Teen),5.35,0
12,Female,3.43,Smartphone,True,0.49,Poor Sleep,Rural,8-12 (Pre-teen),3.43,1
17,Male,4.25,TV,True,0.45,"Poor Sleep, Eye Strain",Urban,13-17 (Teen),4.25,1
11,Male,6.72,Tablet,True,0.5,Poor Sleep,Urban,8-12 (Pre-teen),6.72,1
13,Male,6.71,Tablet,True,0.48,Poor Sleep,Urban,13-17 (Teen),6.71,1
13,Female,4.04,Tablet,True,0.4,"Poor Sleep, Eye Strain",Urban,13-17 (Teen),4.04,1
18,Male,7.02,Smartphone,True,0.4,"Poor Sleep, Eye Strain, Anxiety",Rural,18-29 (Young Adult),7.02,1
9,Male,6.9,Tablet,True,0.5,,Urban,8-12 (Pre-teen),6.9,0
9,Male,4.47,Tablet,True,0.47,,Rural,8-12 (Pre-teen),4.47,0
11,Male,4.37,Smartphone,True,0.39,Poor Sleep,Urban,8-12 (Pre-teen),4.37,1
8,Female,3.15,Smartphone,True,0.5,"Poor Sleep, Eye Strain, Anxiety",Rural,8-12 (Pre-teen),3.15,1
16,Male,3.46,Laptop,True,0.33,Poor Sleep,Rural,13-17 (Teen),3.46,1
14,Male,4.7,Smartphone,True,0.38,Poor Sleep,Urban,13-17 (Teen),4.7,1
14,Female,4.42,Smartphone,True,0.45,"Poor Sleep, Eye Strain, Obesity Risk",Rural,13-17 (Teen),4.42,1
10,Male,4.59,Smartphone,True,0.54,"Poor Sleep, Eye Strain",Urban,8-12 (Pre-teen),4.59,1
18,Female,5.49,Tablet,True,0.35,Poor Sleep,Urban,18-29 (Young Adult),5.49,1
10,Female,6.03,Smartphone,True,0.45,"Poor Sleep, Eye Strain",Urban,8-12 (Pre-teen),6.03,1
10,Male,9.16,TV,True,0.56,,Urban,8-12 (Pre-teen),9.16,0
10,Female,4.38,Smartphone,True,0.59,"Eye Strain, Anxiety",Urban,8-12 (Pre-teen),4.38,0
11,Female,4.42,Laptop,True,0.32,,Urban,8-12 (Pre-teen),4.42,0
11,Male,3.56,Smartphone,True,0.36,"Poor Sleep, Eye Strain, Anxiety",Rural,8-12 (Pre-teen),3.56,1
10,Female,5.03,TV,True,0.4,"Poor Sleep, Obesity Risk",Urban,8-12 (Pre-teen),5.03,1
17,Male,4.92,TV,True,0.34,,Urban,13-17 (Teen),4.92,0
15,Male,3.65,TV,True,0.34,"Anxiety, Obesity Risk",Urban,13-17 (Teen),3.65,0
15,Female,3.6,Smartphone,True,0.44,Eye Strain,Rural,13-17 (Teen),3.6,0
8,Female,4.93,TV,True,0.43,,Urban,8-12 (Pre-teen),4.93,0
14,Male,5.58,Smartphone,True,0.4,Poor Sleep,Urban,13-17 (Teen),5.58,1
18,Male,4.08,Smartphone,True,0.34,"Poor Sleep, Eye Strain",Urban,18-29 (Young Adult),4.08,1
9,Male,4.46,Smartphone,True,0.51,Anxiety,Urban,8-12 (Pre-teen),4.46,0
8,Male,7.89,Tablet,True,0.5,,Urban,8-12 (Pre-teen),7.89,0
10,Male,6.81,TV,True,0.5,"Poor Sleep, Anxiety",Rural,8-12 (Pre-teen),6.81,1
11,Female,3.89,TV,True,0.44,Poor Sleep,Urban,8-12 (Pre-teen),3.89,1
13,Male,6.04,TV,True,0.47,,Urban,13-17 (Teen),6.04,0
17,Male,4.9,Laptop,True,0.41,"Poor Sleep, Eye Strain",Rural,13-17 (Teen),4.9,1
12,Female,5.0,Smartphone,True,0.41,"Poor Sleep, Obesity Risk",Urban,8-12 (Pre-teen),5.0,1
11,Male,5.8,Smartphone,True,0.39,Obesity Risk,Urban,8-12 (Pre-teen),5.8,0
15,Female,4.68,Laptop,True,0.32,,Rural,13-17 (Teen),4.68,0
18,Male,5.82,TV,True,0.38,Poor Sleep,Urban,18-29 (Young Adult),5.82,1
11,Female,3.21,Smartphone,True,0.44,Poor Sleep,Rural,8-12 (Pre-teen),3.21,1
17,Male,6.25,Laptop,True,0.43,"Poor Sleep, Anxiety, Obesity Risk",Rural,13-17 (Teen),6.25,1
9,Female,6.54,Smartphone,True,0.43,Poor Sleep,Rural,8-12 (Pre-teen),6.54,1
10,Male,3.93,Smartphone,True,0.49,"Poor Sleep, Anxiety",Urban,8-12 (Pre-teen),3.93,1
13,Female,2.19,TV,False,0.48,,Urban,13-17 (Teen),2.19,0
15,Female,4.99,Smartphone,True,0.35,"Poor Sleep, Anxiety",Rural,13-17 (Teen),4.99,1
15,Female,2.46,TV,False,0.35,,Rural,13-17 (Teen),2.46,0
18,Female,3.63,Smartphone,True,0.4,"Poor Sleep, Anxiety",Urban,18-29 (Young Adult),3.63,1
16,Male,4.11,Smartphone,True,0.46,Eye Strain,Rural,13-17 (Teen),4.11,0
14,Male,5.15,Smartphone,True,0.4,Poor Sleep,Rural,13-17 (Teen),5.15,1
9,Male,1.14,Smartphone,False,0.48,,Urban,8-12 (Pre-teen),1.14,0
15,Female,3.78,Smartphone,True,0.4,"Poor Sleep, Anxiety, Obesity Risk",Urban,13-17 (Teen),3.78,1
14,Female,6.21,Smartphone,True,0.34,Eye Strain,Urban,13-17 (Teen),6.21,0
15,Male,5.06,TV,True,0.47,,Urban,13-17 (Teen),5.06,0
10,Female,0.0,TV,False,0.59,,Urban,8-12 (Pre-teen),0.0,0
14,Female,3.29,Smartphone,True,0.44,Poor Sleep,Urban,13-17 (Teen),3.29,1
17,Male,5.51,TV,True,0.33,"Poor Sleep, Anxiety",Urban,13-17 (Teen),5.51,1
16,Male,5.59,Smartphone,True,0.41,Anxiety,Urban,13-17 (Teen),5.59,0
10,Female,0.0,Smartphone,False,0.51,,Urban,8-12 (Pre-teen),0.0,0
17,Female,4.77,Laptop,True,0.33,Poor Sleep,Rural,13-17 (Teen),4.77,1
13,Female,3.44,Smartphone,True,0.44,"Poor Sleep, Eye Strain",Urban,13-17 (Teen),3.44,1
9,Male,6.97,Tablet,True,0.52,"Poor Sleep, Eye Strain",Urban,8-12 (Pre-teen),6.97,1
9,Female,3.98,TV,True,0.52,,Urban,8-12 (Pre-teen),3.98,0
12,Female,3.52,Laptop,True,0.41,,Urban,8-12 (Pre-teen),3.52,0
12,Female,5.88,Smartphone,True,0.4,,Rural,8-12 (Pre-teen),5.88,0
14,Female,4.91,Laptop,True,0.39,"Poor Sleep, Eye Strain",Urban,13-17 (Teen),4.91,1
9,Male,6.05,Smartphone,True,0.5,Poor Sleep,Urban,8-12 (Pre-teen),6.05,1
18,Male,3.85,TV,True,0.4,Poor Sleep,Urban,18-29 (Young Adult),3.85,1
14,Male,6.09,Laptop,True,0.46,,Urban,13-17 (Teen),6.09,0
12,Male,4.64,Laptop,True,0.42,"Poor Sleep, Anxiety",Urban,8-12 (Pre-teen),4.64,1
13,Female,4.47,Smartphone,True,0.32,Poor Sleep,Rural,13-17 (Teen),4.47,1
15,Female,5.6,TV,True,0.47,,Rural,13-17 (Teen),5.6,0
17,Male,4.05,Smartphone,True,0.4,"Poor Sleep, Eye Strain",Rural,13-17 (Teen),4.05,1
11,Female,6.36,Smartphone,True,0.33,"Poor Sleep, Obesity Risk",Urban,8-12 (Pre-teen),6.36,1
14,Male,4.29,TV,True,0.37,"Poor Sleep, Eye Strain",Urban,13-17 (Teen),4.29,1
13,Male,4.69,Smartphone,True,0.49,Poor Sleep,Urban,13-17 (Teen),4.69,1
17,Female,4.01,Smartphone,True,0.34,Eye Strain,Urban,13-17 (Teen),4.01,0
9,Female,5.38,Smartphone,True,0.47,Poor Sleep,Urban,8-12 (Pre-teen),5.38,1
15,Male,4.75,Smartphone,True,0.38,Obesity Risk,Rural,13-17 (Teen),4.75,0
17,Male,4.21,Tablet,True,0.41,"Poor Sleep, Eye Strain",Urban,13-17 (Teen),4.21,1
16,Female,4.3,Laptop,True,0.43,"Poor Sleep, Eye Strain, Anxiety",Urban,13-17 (Teen),4.3,1
12,Male,4.23,TV,True,0.41,Poor Sleep,Urban,8-12 (Pre-teen),4.23,1
17,Male,4.14,Smartphone,True,0.32,,Urban,13-17 (Teen),4.14,0
11,Male,3.38,Tablet,True,0.31,"Poor Sleep, Obesity Risk",Urban,8-12 (Pre-teen),3.38,1
13,Male,3.57,Laptop,True,0.38,Poor Sleep,Rural,13-17 (Teen),3.57,1
15,Female,3.27,TV,True,0.47,"Poor Sleep, Anxiety",Rural,13-17 (Teen),3.27,1
18,Male,5.54,Smartphone,True,0.36,Eye Strain,Urban,18-29 (Young Adult),5.54,0
10,Female,7.69,Smartphone,True,0.48,"Poor Sleep, Anxiety",Urban,8-12 (Pre-teen),7.69,1
17,Female,4.06,Smartphone,True,0.45,Eye Strain,Urban,13-17 (Teen),4.06,0
18,Male,5.17,TV,True,0.43,,Urban,18-29 (Young Adult),5.17,0
18,Female,4.18,TV,True,0.38,Anxiety,Rural,18-29 (Young Adult),4.18,0
8,Male,3.6,Smartphone,True,0.41,Poor Sleep,Urban,8-12 (Pre-teen),3.6,1
11,Female,3.57,Smartphone,True,0.49,,Urban,8-12 (Pre-teen),3.57,0
11,Male,5.53,Smartphone,True,0.49,Anxiety,Urban,8-12 (Pre-teen),5.53,0
8,Male,5.76,TV,True,0.45,"Poor Sleep, Eye Strain",Urban,8-12 (Pre-teen),5.76,1
16,Male,5.6,TV,True,0.33,Poor Sleep,Rural,13-17 (Teen),5.6,1
10,Male,4.53,Smartphone,True,0.57,,Urban,8-12 (Pre-teen),4.53,0
12,Female,3.78,Laptop,True,0.33,"Poor Sleep, Eye Strain",Urban,8-12 (Pre-teen),3.78,1
13,Female,3.68,Smartphone,True,0.37,Poor Sleep,Urban,13-17 (Teen),3.68,1
15,Female,3.87,Smartphone,True,0.33,Poor Sleep,Urban,13-17 (Teen),3.87,1
13,Male,4.61,Smartphone,True,0.32,"Poor Sleep, Eye Strain",Urban,13-17 (Teen),4.61,1
10,Female,2.24,TV,True,0.42,,Rural,8-12 (Pre-teen),2.24,0
13,Female,4.4,Smartphone,True,0.46,"Poor Sleep, Eye Strain",Urban,13-17 (Teen),4.4,1
8,Female,7.4,Smartphone,True,0.44,Poor Sleep,Rural,8-12 (Pre-teen),7.4,1
11,Female,1.95,Tablet,False,0.37,,Urban,8-12 (Pre-teen),1.95,0
13,Male,4.27,Laptop,True,0.33,"Poor Sleep, Eye Strain, Obesity Risk",Urban,13-17 (Teen),4.27,1
14,Male,4.83,TV,True,0.47,Eye Strain,Urban,13-17 (Teen),4.83,0
18,Male,5.39,TV,True,0.36,Poor Sleep,Urban,18-29 (Young Adult),5.39,1
18,Female,4.71,Laptop,True,0.34,"Poor Sleep, Obesity Risk",Urban,18-29 (Young Adult),4.71,1
17,Male,6.48,Smartphone,True,0.3,,Urban,13-17 (Teen),6.48,0
10,Male,7.45,Smartphone,True,0.47,"Poor Sleep, Eye Strain",Rural,8-12 (Pre-teen),7.45,1
16,Male,4.86,Smartphone,True,0.39,Poor Sleep,Rural,13-17 (Teen),4.86,1
14,Male,5.01,Laptop,True,0.47,Poor Sleep,Urban,13-17 (Teen),5.01,1
8,Male,6.81,TV,True,0.52,"Poor Sleep, Eye Strain",Urban,8-12 (Pre-teen),6.81,1
9,Male,6.08,Tablet,True,0.42,"Poor Sleep, Obesity Risk",Urban,8-12 (Pre-teen),6.08,1
8,Female,4.82,Smartphone,True,0.49,Anxiety,Rural,8-12 (Pre-teen),4.82,0
18,Male,3.36,Tablet,True,0.48,"Poor Sleep, Eye Strain, Anxiety",Urban,18-29 (Young Adult),3.36,1
16,Male,4.89,Smartphone,True,0.39,"Eye Strain, Anxiety, Obesity Risk",Rural,13-17 (Teen),4.89,0
16,Male,6.13,Smartphone,True,0.37,"Poor Sleep, Eye Strain, Anxiety",Rural,13-17 (Teen),6.13,1
14,Female,3.74,Laptop,True,0.33,"Eye Strain, Anxiety, Obesity Risk",Rural,13-17 (Teen),3.74,0
17,Female,3.14,Smartphone,True,0.42,Eye Strain,Urban,13-17 (Teen),3.14,0
10,Female,6.13,Smartphone,True,0.46,"Poor Sleep, Obesity Risk",Rural,8-12 (Pre-teen),6.13,1
12,Female,2.4,Smartphone,False,0.42,,Rural,8-12 (Pre-teen),2.4,0
11,Male,2.6,Laptop,False,0.45,,Urban,8-12 (Pre-teen),2.6,0
14,Female,3.73,TV,True,0.41,Poor Sleep,Urban,13-17 (Teen),3.73,1
16,Male,4.22,Smartphone,True,0.49,Poor Sleep,Urban,13-17 (Teen),4.22,1
9,Male,1.06,TV,False,0.55,,Urban,8-12 (Pre-teen),1.06,0
15,Female,6.01,TV,True,0.45,Poor Sleep,Rural,13-17 (Teen),6.01,1
16,Male,5.06,Tablet,True,0.34,,Urban,13-17 (Teen),5.06,0
17,Male,6.05,Smartphone,True,0.32,Poor Sleep,Urban,13-17 (Teen),6.05,1
17,Female,5.84,TV,True,0.43,Poor Sleep,Urban,13-17 (Teen),5.84,1
16,Female,7.69,Tablet,True,0.43,"Poor Sleep, Anxiety",Urban,13-17 (Teen),7.69,1
17,Male,4.22,TV,True,0.34,,Urban,13-17 (Teen),4.22,0
14,Male,4.04,Smartphone,True,0.37,Poor Sleep,Urban,13-17 (Teen),4.04,1
16,Male,4.36,Tablet,True,0.35,,Urban,13-17 (Teen),4.36,0
16,Female,5.77,TV,True,0.48,"Poor Sleep, Eye Strain",Rural,13-17 (Teen),5.77,1
10,Female,9.74,Smartphone,True,0.41,,Rural,8-12 (Pre-teen),9.74,0
11,Male,4.54,Smartphone,True,0.48,Poor Sleep,Rural,8-12 (Pre-teen),4.54,1
9,Male,4.41,Smartphone,True,0.6,Poor Sleep,Urban,8-12 (Pre-teen),4.41,1
17,Female,5.73,Smartphone,True,0.4,Eye Strain,Urban,13-17 (Teen),5.73,0
10,Female,2.14,TV,True,0.48,,Urban,8-12 (Pre-teen),2.14,0
18,Female,5.92,TV,True,0.44,Poor Sleep,Urban,18-29 (Young Adult),5.92,1
18,Male,4.47,Smartphone,True,0.34,"Poor Sleep, Anxiety",Urban,18-29 (Young Adult),4.47,1
12,Female,6.87,Laptop,True,0.4,"Poor Sleep, Eye Strain",Urban,8-12 (Pre-teen),6.87,1
12,Female,3.2,Smartphone,True,0.42,Poor Sleep,Urban,8-12 (Pre-teen),3.2,1
13,Female,4.4,TV,True,0.37,Obesity Risk,Urban,13-17 (Teen),4.4,0
14,Male,5.62,Tablet,True,0.37,"Poor Sleep, Anxiety, Obesity Risk",Urban,13-17 (Teen),5.62,1
14,Female,4.4,Laptop,True,0.31,"Poor Sleep, Eye Strain, Anxiety",Rural,13-17 (Teen),4.4,1
8,Male,6.54,Tablet,True,0.46,"Poor Sleep, Eye Strain, Obesity Risk",Urban,8-12 (Pre-teen),6.54,1
9,Female,5.19,Tablet,True,0.57,Poor Sleep,Urban,8-12 (Pre-teen),5.19,1
16,Female,4.55,Laptop,True,0.41,Poor Sleep,Urban,13-17 (Teen),4.55,1
17,Male,3.98,Laptop,True,0.37,Poor Sleep,Urban,13-17 (Teen),3.98,1
9,Male,7.76,Smartphone,True,0.54,,Urban,8-12 (Pre-teen),7.76,0
13,Male,3.54,Laptop,True,0.38,Poor Sleep,Urban,13-17 (Teen),3.54,1
18,Male,3.54,Laptop,True,0.36,"Poor Sleep, Eye Strain",Urban,18-29 (Young Adult),3.54,1
18,Male,3.99,Tablet,True,0.44,Poor Sleep,Urban,18-29 (Young Adult),3.99,1
8,Male,2.49,Tablet,True,0.56,,Rural,8-12 (Pre-teen),2.49,0
10,Female,6.27,Smartphone,True,0.47,Poor Sleep,Urban,8-12 (Pre-teen),6.27,1
9,Male,3.49,Tablet,True,0.54,Poor Sleep,Urban,8-12 (Pre-teen),3.49,1
10,Female,3.8,TV,True,0.53,Poor Sleep,Urban,8-12 (Pre-teen),3.8,1
12,Male,4.46,TV,True,0.39,Poor Sleep,Urban,8-12 (Pre-teen),4.46,1
18,Female,5.64,Tablet,True,0.31,Eye Strain,Urban,18-29 (Young Adult),5.64,0
17,Male,6.03,Tablet,True,0.42,Obesity Risk,Rural,13-17 (Teen),6.03,0
13,Female,3.89,Smartphone,True,0.44,Eye Strain,Urban,13-17 (Teen),3.89,0
16,Male,3.86,Smartphone,True,0.38,,Urban,13-17 (Teen),3.86,0
18,Male,6.46,TV,True,0.42,"Poor Sleep, Obesity Risk",Rural,18-29 (Young Adult),6.46,1
17,Male,4.15,Smartphone,True,0.49,"Poor Sleep, Eye Strain",Urban,13-17 (Teen),4.15,1
11,Female,6.06,Smartphone,True,0.42,"Poor Sleep, Obesity Risk",Urban,8-12 (Pre-teen),6.06,1
14,Female,3.32,Laptop,True,0.5,"Poor Sleep, Eye Strain, Obesity Risk",Urban,13-17 (Teen),3.32,1
13,Female,3.99,Laptop,True,0.31,Poor Sleep,Urban,13-17 (Teen),3.99,1
9,Female,0.91,Smartphone,False,0.5,,Rural,8-12 (Pre-teen),0.91,0
17,Male,4.72,Smartphone,True,0.38,Poor Sleep,Urban,13-17 (Teen),4.72,1
18,Female,5.66,Smartphone,True,0.35,Poor Sleep,Urban,18-29 (Young Adult),5.66,1
18,Female,4.41,Smartphone,True,0.38,Poor Sleep,Rural,18-29 (Young Adult),4.41,1
18,Female,5.05,Tablet,True,0.49,,Urban,18-29 (Young Adult),5.05,0
15,Female,6.33,Laptop,True,0.36,"Poor Sleep, Obesity Risk",Rural,13-17 (Teen),6.33,1
14,Female,5.17,Smartphone,True,0.42,Poor Sleep,Urban,13-17 (Teen),5.17,1
14,Male,4.24,Laptop,True,0.4,Anxiety,Urban,13-17 (Teen),4.24,0
15,Female,3.44,Laptop,True,0.49,,Urban,13-17 (Teen),3.44,0
18,Male,6.08,TV,True,0.44,Poor Sleep,Urban,18-29 (Young Adult),6.08,1
8,Female,9.05,Smartphone,True,0.53,Poor Sleep,Urban,8-12 (Pre-teen),9.05,1
8,Male,4.09,TV,True,0.47,Poor Sleep,Rural,8-12 (Pre-teen),4.09,1
15,Female,3.23,Smartphone,True,0.41,Anxiety,Urban,13-17 (Teen),3.23,0
11,Male,3.69,Smartphone,True,0.44,Eye Strain,Urban,8-12 (Pre-teen),3.69,0
12,Female,4.65,Smartphone,True,0.45,"Poor Sleep, Obesity Risk",Rural,8-12 (Pre-teen),4.65,1
15,Female,4.72,Laptop,True,0.31,,Rural,13-17 (Teen),4.72,0
12,Female,5.33,Smartphone,True,0.48,Poor Sleep,Rural,8-12 (Pre-teen),5.33,1
17,Female,3.72,Smartphone,True,0.47,"Poor Sleep, Eye Strain",Urban,13-17 (Teen),3.72,1
11,Female,0.95,Smartphone,False,0.41,,Urban,8-12 (Pre-teen),0.95,0
13,Female,4.82,TV,True,0.43,,Urban,13-17 (Teen),4.82,0
12,Male,4.5,Laptop,True,0.4,"Poor Sleep, Obesity Risk",Urban,8-12 (Pre-teen),4.5,1
14,Male,6.83,Smartphone,True,0.3,"Poor Sleep, Eye Strain, Anxiety",Urban,13-17 (Teen),6.83,1
17,Male,3.59,Smartphone,True,0.5,Anxiety,Urban,13-17 (Teen),3.59,0
14,Male,5.77,Smartphone,True,0.38,,Urban,13-17 (Teen),5.77,0
11,Female,5.27,TV,True,0.34,Poor Sleep,Rural,8-12 (Pre-teen),5.27,1
12,Female,5.27,Tablet,True,0.49,"Poor Sleep, Eye Strain",Urban,8-12 (Pre-teen),5.27,1
10,Female,2.36,Tablet,True,0.46,,Rural,8-12 (Pre-teen),2.36,0
11,Female,5.73,TV,True,0.42,Anxiety,Rural,8-12 (Pre-teen),5.73,0
11,Female,5.66,Laptop,True,0.44,"Poor Sleep, Eye Strain",Urban,8-12 (Pre-teen),5.66,1
10,Male,3.47,Smartphone,True,0.41,"Poor Sleep, Eye Strain",Rural,8-12 (Pre-teen),3.47,1
17,Female,3.37,Tablet,True,0.31,Anxiety,Urban,13-17 (Teen),3.37,0
12,Female,4.15,Tablet,True,0.41,"Poor Sleep, Anxiety",Rural,8-12 (Pre-teen),4.15,1
12,Female,2.41,TV,False,0.32,,Urban,8-12 (Pre-teen),2.41,0
18,Male,4.18,Smartphone,True,0.41,Eye Strain,Urban,18-29 (Young Adult),4.18,0
14,Male,4.33,Smartphone,True,0.46,"Poor Sleep, Eye Strain",Urban,13-17 (Teen),4.33,1
11,Male,5.63,TV,True,0.43,"Poor Sleep, Eye Strain, Anxiety",Rural,8-12 (Pre-teen),5.63,1
11,Female,2.74,Smartphone,False,0.47,,Rural,8-12 (Pre-teen),2.74,0
16,Female,3.62,Smartphone,True,0.33,,Rural,13-17 (Teen),3.62,0
13,Female,3.17,TV,True,0.32,Eye Strain,Rural,13-17 (Teen),3.17,0
11,Male,3.65,Smartphone,True,0.5,Eye Strain,Urban,8-12 (Pre-teen),3.65,0
9,Female,7.01,Smartphone,True,0.54,Poor Sleep,Rural,8-12 (Pre-teen),7.01,1
13,Female,5.52,Smartphone,True,0.39,"Poor Sleep, Eye Strain",Rural,13-17 (Teen),5.52,1
9,Female,0.19,Smartphone,False,0.45,,Rural,8-12 (Pre-teen),0.19,0
12,Male,5.94,Laptop,True,0.45,,Urban,8-12 (Pre-teen),5.94,0
13,Female,5.29,Smartphone,True,0.34,Poor Sleep,Urban,13-17 (Teen),5.29,1
11,Male,3.87,Smartphone,True,0.46,Anxiety,Rural,8-12 (Pre-teen),3.87,0
10,Male,5.83,Smartphone,True,0.59,Poor Sleep,Urban,8-12 (Pre-teen),5.83,1
14,Male,2.43,Laptop,False,0.39,,Urban,13-17 (Teen),2.43,0
9,Male,1.64,Smartphone,False,0.46,,Urban,8-12 (Pre-teen),1.64,0
18,Female,5.6,Smartphone,True,0.35,"Poor Sleep, Eye Strain",Rural,18-29 (Young Adult),5.6,1
13,Male,3.13,TV,True,0.37,"Eye Strain, Anxiety, Obesity Risk",Rural,13-17 (Teen),3.13,0
11,Female,4.72,Smartphone,True,0.32,"Poor Sleep, Eye Strain",Rural,8-12 (Pre-teen),4.72,1
13,Male,5.59,Smartphone,True,0.42,"Poor Sleep, Eye Strain",Urban,13-17 (Teen),5.59,1
11,Female,3.12,TV,True,0.31,"Poor Sleep, Anxiety",Urban,8-12 (Pre-teen),3.12,1
11,Male,5.46,Smartphone,True,0.45,"Poor Sleep, Anxiety",Urban,8-12 (Pre-teen),5.46,1
11,Female,2.09,Tablet,False,0.36,,Urban,8-12 (Pre-teen),2.09,0
16,Male,5.42,Smartphone,True,0.48,"Poor Sleep, Eye Strain",Urban,13-17 (Teen),5.42,1
14,Female,4.7,Smartphone,True,0.43,Eye Strain,Urban,13-17 (Teen),4.7,0
10,Male,8.19,TV,True,0.57,Poor Sleep,Urban,8-12 (Pre-teen),8.19,1
10,Female,4.3,Tablet,True,0.41,Poor Sleep,Urban,8-12 (Pre-teen),4.3,1
13,Female,4.92,TV,True,0.43,Poor Sleep,Urban,13-17 (Teen),4.92,1
13,Male,5.45,TV,True,0.35,Anxiety,Rural,13-17 (Teen),5.45,0
11,Female,6.5,Laptop,True,0.38,"Poor Sleep, Eye Strain",Urban,8-12 (Pre-teen),6.5,1
16,Male,3.78,Tablet,True,0.36,Eye Strain,Rural,13-17 (Teen),3.78,0
11,Male,4.88,Smartphone,True,0.35,"Poor Sleep, Obesity Risk",Urban,8-12 (Pre-teen),4.88,1
16,Female,5.84,TV,True,0.41,Poor Sleep,Urban,13-17 (Teen),5.84,1
11,Male,2.88,Laptop,False,0.45,,Urban,8-12 (Pre-teen),2.88,0
9,Male,4.74,TV,True,0.56,Poor Sleep,Urban,8-12 (Pre-teen),4.74,1
9,Female,6.56,Tablet,True,0.58,Eye Strain,Urban,8-12 (Pre-teen),6.56,0
12,Female,2.73,Smartphone,False,0.33,,Rural,8-12 (Pre-teen),2.73,0
11,Female,5.79,Smartphone,True,0.39,"Poor Sleep, Eye Strain",Rural,8-12 (Pre-teen),5.79,1
14,Female,3.74,TV,True,0.47,Eye Strain,Rural,13-17 (Teen),3.74,0
18,Male,4.84,TV,True,0.44,,Urban,18-29 (Young Adult),4.84,0
12,Female,5.08,Laptop,True,0.48,"Eye Strain, Anxiety",Rural,8-12 (Pre-teen),5.08,0
13,Male,2.11,Smartphone,False,0.4,,Rural,13-17 (Teen),2.11,0
17,Female,2.33,Smartphone,False,0.37,,Urban,13-17 (Teen),2.33,0
11,Male,6.16,Smartphone,True,0.31,"Poor Sleep, Eye Strain",Rural,8-12 (Pre-teen),6.16,1
9,Female,4.75,Tablet,True,0.57,Poor Sleep,Urban,8-12 (Pre-teen),4.75,1
17,Male,5.02,TV,True,0.34,,Rural,13-17 (Teen),5.02,0
16,Male,4.97,TV,True,0.44,,Urban,13-17 (Teen),4.97,0
17,Female,5.1,TV,True,0.47,,Urban,13-17 (Teen),5.1,0
14,Female,3.44,TV,True,0.41,,Urban,13-17 (Teen),3.44,0
11,Male,4.61,Smartphone,True,0.42,Eye Strain,Urban,8-12 (Pre-teen),4.61,0
10,Male,3.53,TV,True,0.49,"Poor Sleep, Eye Strain",Urban,8-12 (Pre-teen),3.53,1
17,Female,4.57,Laptop,True,0.36,Anxiety,Urban,13-17 (Teen),4.57,0
10,Female,3.53,Smartphone,True,0.5,Eye Strain,Urban,8-12 (Pre-teen),3.53,0
16,Female,2.52,Laptop,False,0.3,,Rural,13-17 (Teen),2.52,0
12,Female,5.77,TV,True,0.48,"Poor Sleep, Eye Strain",Rural,8-12 (Pre-teen),5.77,1
10,Male,7.52,Smartphone,True,0.49,"Poor Sleep, Anxiety",Urban,8-12 (Pre-teen),7.52,1
12,Female,5.33,Smartphone,True,0.37,Poor Sleep,Urban,8-12 (Pre-teen),5.33,1
9,Female,7.08,TV,True,0.54,,Urban,8-12 (Pre-teen),7.08,0
18,Female,3.71,Smartphone,True,0.5,,Urban,18-29 (Young Adult),3.71,0
11,Male,4.82,Smartphone,True,0.43,,Urban,8-12 (Pre-teen),4.82,0
17,Female,5.82,Laptop,True,0.38,"Eye Strain, Anxiety",Urban,13-17 (Teen),5.82,0
9,Male,3.28,Smartphone,True,0.49,"Eye Strain, Obesity Risk",Urban,8-12 (Pre-teen),3.28,0
9,Male,3.43,Smartphone,True,0.4,Poor Sleep,Urban,8-12 (Pre-teen),3.43,1
15,Female,5.01,Smartphone,True,0.31,"Poor Sleep, Obesity Risk",Rural,13-17 (Teen),5.01,1
8,Male,5.12,TV,True,0.44,"Poor Sleep, Eye Strain",Urban,8-12 (Pre-teen),5.12,1
14,Male,3.94,TV,True,0.47,Poor Sleep,Rural,13-17 (Teen),3.94,1
12,Female,4.83,Smartphone,True,0.37,Poor Sleep,Rural,8-12 (Pre-teen),4.83,1
18,Female,7.09,TV,True,0.48,,Urban,18-29 (Young Adult),7.09,0
15,Female,3.71,Smartphone,True,0.3,Poor Sleep,Urban,13-17 (Teen),3.71,1
8,Male,4.55,Smartphone,True,0.46,Anxiety,Urban,8-12 (Pre-teen),4.55,0
18,Male,5.79,Smartphone,True,0.34,"Poor Sleep, Eye Strain",Urban,18-29 (Young Adult),5.79,1
14,Male,5.24,Smartphone,True,0.48,"Poor Sleep, Anxiety",Rural,13-17 (Teen),5.24,1
12,Female,4.03,TV,True,0.34,Obesity Risk,Urban,8-12 (Pre-teen),4.03,0
11,Female,3.62,Laptop,True,0.39,"Poor Sleep, Anxiety",Urban,8-12 (Pre-teen),3.62,1
14,Female,4.24,Smartphone,True,0.35,Eye Strain,Urban,13-17 (Teen),4.24,0
17,Female,3.45,Tablet,True,0.33,Eye Strain,Rural,13-17 (Teen),3.45,0
9,Male,3.35,TV,True,0.56,"Poor Sleep, Anxiety",Rural,8-12 (Pre-teen),3.35,1
8,Male,5.58,Tablet,True,0.44,"Eye Strain, Anxiety",Urban,8-12 (Pre-teen),5.58,0
8,Female,2.1,Smartphone,True,0.46,,Urban,8-12 (Pre-teen),2.1,0
18,Female,6.42,Laptop,True,0.41,"Poor Sleep, Anxiety",Urban,18-29 (Young Adult),6.42,1
8,Female,0.4,Smartphone,False,0.5,,Urban,8-12 (Pre-teen),0.4,0
12,Female,2.67,Smartphone,False,0.38,,Urban,8-12 (Pre-teen),2.67,0
17,Female,4.48,Smartphone,True,0.39,"Poor Sleep, Anxiety, Obesity Risk",Urban,13-17 (Teen),4.48,1
14,Male,5.0,Smartphone,True,0.45,Obesity Risk,Rural,13-17 (Teen),5.0,0
9,Male,0.43,TV,False,0.51,,Urban,8-12 (Pre-teen),0.43,0
17,Male,7.52,Smartphone,True,0.39,Poor Sleep,Urban,13-17 (Teen),7.52,1
15,Male,4.96,TV,True,0.4,"Poor Sleep, Anxiety",Urban,13-17 (Teen),4.96,1
11,Male,4.13,Smartphone,True,0.33,Eye Strain,Urban,8-12 (Pre-teen),4.13,0
10,Female,5.56,TV,True,0.47,Poor Sleep,Urban,8-12 (Pre-teen),5.56,1
17,Female,3.89,TV,True,0.48,Poor Sleep,Rural,13-17 (Teen),3.89,1
18,Male,4.53,Laptop,True,0.42,,Urban,18-29 (Young Adult),4.53,0
15,Female,3.97,TV,True,0.35,"Poor Sleep, Anxiety",Rural,13-17 (Teen),3.97,1
9,Male,9.16,TV,True,0.48,"Poor Sleep, Anxiety",Urban,8-12 (Pre-teen),9.16,1
18,Male,5.07,Smartphone,True,0.31,,Urban,18-29 (Young Adult),5.07,0
18,Male,6.45,Smartphone,True,0.41,"Poor Sleep, Eye Strain",Rural,18-29 (Young Adult),6.45,1
10,Female,4.71,TV,True,0.47,"Poor Sleep, Obesity Risk",Urban,8-12 (Pre-teen),4.71,1
10,Male,2.07,Tablet,True,0.46,,Rural,8-12 (Pre-teen),2.07,0
17,Female,4.53,Smartphone,True,0.37,Poor Sleep,Urban,13-17 (Teen),4.53,1
18,Female,4.21,Smartphone,True,0.35,"Poor Sleep, Eye Strain, Anxiety",Rural,18-29 (Young Adult),4.21,1
8,Male,3.35,TV,True,0.48,Poor Sleep,Urban,8-12 (Pre-teen),3.35,1
13,Male,3.45,Tablet,True,0.41,Anxiety,Urban,13-17 (Teen),3.45,0
9,Male,7.26,Tablet,True,0.47,Poor Sleep,Rural,8-12 (Pre-teen),7.26,1
8,Male,8.53,Smartphone,True,0.46,Poor Sleep,Urban,8-12 (Pre-teen),8.53,1
9,Female,4.15,Tablet,True,0.48,Poor Sleep,Rural,8-12 (Pre-teen),4.15,1
13,Female,5.24,TV,True,0.36,,Urban,13-17 (Teen),5.24,0
11,Male,3.52,Laptop,True,0.5,"Poor Sleep, Obesity Risk",Urban,8-12 (Pre-teen),3.52,1
13,Female,4.57,Smartphone,True,0.47,,Urban,13-17 (Teen),4.57,0
16,Female,6.53,Smartphone,True,0.37,,Rural,13-17 (Teen),6.53,0
17,Female,4.47,Smartphone,True,0.48,,Urban,13-17 (Teen),4.47,0
17,Female,4.16,Laptop,True,0.36,"Poor Sleep, Anxiety",Urban,13-17 (Teen),4.16,1
15,Female,4.64,Laptop,True,0.39,"Poor Sleep, Anxiety",Urban,13-17 (Teen),4.64,1
8,Female,2.6,Smartphone,True,0.47,,Rural,8-12 (Pre-teen),2.6,0
15,Female,4.73,Laptop,True,0.32,Anxiety,Urban,13-17 (Teen),4.73,0
16,Female,4.55,Smartphone,True,0.41,"Poor Sleep, Anxiety",Urban,13-17 (Teen),4.55,1
13,Female,3.57,TV,True,0.31,"Poor Sleep, Eye Strain",Urban,13-17 (Teen),3.57,1
17,Female,4.22,Smartphone,True,0.46,Eye Strain,Rural,13-17 (Teen),4.22,0
12,Female,4.3,Laptop,True,0.34,Poor Sleep,Urban,8-12 (Pre-teen),4.3,1
13,Male,4.74,Smartphone,True,0.34,"Poor Sleep, Obesity Risk",Urban,13-17 (Teen),4.74,1
13,Female,6.02,TV,True,0.45,"Poor Sleep, Anxiety",Urban,13-17 (Teen),6.02,1
16,Female,3.73,Smartphone,True,0.48,,Urban,13-17 (Teen),3.73,0
11,Female,6.24,TV,True,0.47,Poor Sleep,Rural,8-12 (Pre-teen),6.24,1
9,Male,2.32,Smartphone,True,0.43,,Urban,8-12 (Pre-teen),2.32,0
18,Female,2.62,Smartphone,False,0.4,,Urban,18-29 (Young Adult),2.62,0
18,Male,4.53,Laptop,True,0.46,"Poor Sleep, Obesity Risk",Urban,18-29 (Young Adult),4.53,1
16,Female,3.79,Laptop,True,0.45,Poor Sleep,Urban,13-17 (Teen),3.79,1
9,Female,7.85,TV,True,0.46,,Urban,8-12 (Pre-teen),7.85,0
17,Male,5.13,Smartphone,True,0.4,"Poor Sleep, Obesity Risk",Rural,13-17 (Teen),5.13,1
16,Male,6.66,TV,True,0.4,Obesity Risk,Urban,13-17 (Teen),6.66,0
9,Male,8.66,TV,True,0.44,,Urban,8-12 (Pre-teen),8.66,0
15,Male,4.52,TV,True,0.35,"Poor Sleep, Obesity Risk",Urban,13-17 (Teen),4.52,1
16,Female,2.2,Laptop,False,0.33,,Urban,13-17 (Teen),2.2,0
17,Female,5.52,Laptop,True,0.35,Eye Strain,Urban,13-17 (Teen),5.52,0
16,Female,5.49,Smartphone,True,0.32,"Poor Sleep, Anxiety",Rural,13-17 (Teen),5.49,1
17,Female,5.4,Smartphone,True,0.35,"Poor Sleep, Eye Strain",Rural,13-17 (Teen),5.4,1
16,Male,4.23,Laptop,True,0.45,Obesity Risk,Urban,13-17 (Teen),4.23,0
9,Female,2.87,TV,True,0.58,,Urban,8-12 (Pre-teen),2.87,0
11,Male,3.75,Laptop,True,0.46,Anxiety,Urban,8-12 (Pre-teen),3.75,0
14,Male,5.12,Tablet,True,0.45,"Poor Sleep, Eye Strain",Rural,13-17 (Teen),5.12,1
9,Male,5.22,Tablet,True,0.46,"Poor Sleep, Eye Strain",Rural,8-12 (Pre-teen),5.22,1
8,Female,4.51,TV,True,0.45,"Poor Sleep, Obesity Risk",Rural,8-12 (Pre-teen),4.51,1
10,Female,5.54,TV,True,0.54,Eye Strain,Rural,8-12 (Pre-teen),5.54,0
11,Female,5.3,Smartphone,True,0.48,Poor Sleep,Rural,8-12 (Pre-teen),5.3,1
15,Male,4.12,Smartphone,True,0.47,Poor Sleep,Rural,13-17 (Teen),4.12,1
13,Male,2.75,Tablet,False,0.41,,Rural,13-17 (Teen),2.75,0
18,Male,5.72,Laptop,True,0.39,Anxiety,Urban,18-29 (Young Adult),5.72,0
9,Male,0.0,TV,False,0.49,,Urban,8-12 (Pre-teen),0.0,0
16,Male,5.01,Tablet,True,0.39,,Rural,13-17 (Teen),5.01,0
9,Male,3.17,Smartphone,True,0.47,Poor Sleep,Rural,8-12 (Pre-teen),3.17,1
12,Male,4.97,Smartphone,True,0.36,Eye Strain,Rural,8-12 (Pre-teen),4.97,0
11,Female,3.75,Laptop,True,0.48,Poor Sleep,Urban,8-12 (Pre-teen),3.75,1
14,Male,3.04,Smartphone,True,0.47,"Poor Sleep, Eye Strain",Urban,13-17 (Teen),3.04,1
15,Female,5.62,Laptop,True,0.43,Eye Strain,Rural,13-17 (Teen),5.62,0
12,Female,4.7,TV,True,0.36,Poor Sleep,Urban,8-12 (Pre-teen),4.7,1
17,Male,3.11,Laptop,True,0.43,"Poor Sleep, Anxiety",Urban,13-17 (Teen),3.11,1
12,Female,3.96,Smartphone,True,0.4,Obesity Risk,Urban,8-12 (Pre-teen),3.96,0
9,Male,5.61,Tablet,True,0.44,Obesity Risk,Urban,8-12 (Pre-teen),5.61,0
15,Male,4.33,TV,True,0.38,Poor Sleep,Urban,13-17 (Teen),4.33,1
9,Female,7.37,TV,True,0.53,Poor Sleep,Rural,8-12 (Pre-teen),7.37,1
17,Male,2.13,TV,False,0.5,,Urban,13-17 (Teen),2.13,0
13,Female,4.05,Tablet,True,0.39,Poor Sleep,Urban,13-17 (Teen),4.05,1
15,Male,3.66,Smartphone,True,0.42,Eye Strain,Rural,13-17 (Teen),3.66,0
13,Male,3.08,TV,True,0.48,Eye Strain,Urban,13-17 (Teen),3.08,0
11,Male,2.99,Smartphone,False,0.34,,Rural,8-12 (Pre-teen),2.99,0
11,Male,7.52,Smartphone,True,0.36,Poor Sleep,Rural,8-12 (Pre-teen),7.52,1
13,Female,3.44,Smartphone,True,0.33,Eye Strain,Rural,13-17 (Teen),3.44,0
11,Male,4.05,TV,True,0.32,Poor Sleep,Rural,8-12 (Pre-teen),4.05,1
15,Male,3.71,Smartphone,True,0.41,Poor Sleep,Urban,13-17 (Teen),3.71,1
16,Female,5.4,TV,True,0.49,,Urban,13-17 (Teen),5.4,0
8,Female,6.92,Tablet,True,0.43,,Rural,8-12 (Pre-teen),6.92,0
11,Male,3.66,Smartphone,True,0.37,"Poor Sleep, Anxiety",Urban,8-12 (Pre-teen),3.66,1
11,Male,5.11,Smartphone,True,0.34,"Poor Sleep, Eye Strain, Obesity Risk",Urban,8-12 (Pre-teen),5.11,1
9,Male,8.31,Smartphone,True,0.43,"Poor Sleep, Obesity Risk",Urban,8-12 (Pre-teen),8.31,1
13,Female,6.1,Smartphone,True,0.44,Poor Sleep,Urban,13-17 (Teen),6.1,1
10,Male,1.85,TV,False,0.46,,Urban,8-12 (Pre-teen),1.85,0
14,Male,6.7,Laptop,True,0.35,"Poor Sleep, Obesity Risk",Urban,13-17 (Teen),6.7,1
18,Female,5.37,Smartphone,True,0.44,Poor Sleep,Rural,18-29 (Young Adult),5.37,1
18,Male,1.89,Smartphone,False,0.39,,Rural,18-29 (Young Adult),1.89,0
12,Male,5.25,Smartphone,True,0.39,Poor Sleep,Urban,8-12 (Pre-teen),5.25,1
11,Female,4.74,Smartphone,True,0.45,Obesity Risk,Rural,8-12 (Pre-teen),4.74,0
12,Male,5.6,Smartphone,True,0.38,Poor Sleep,Urban,8-12 (Pre-teen),5.6,1
15,Male,3.9,Smartphone,True,0.35,,Urban,13-17 (Teen),3.9,0
10,Female,3.89,TV,True,0.57,,Urban,8-12 (Pre-teen),3.89,0
14,Female,6.27,Tablet,True,0.32,Poor Sleep,Urban,13-17 (Teen),6.27,1
13,Male,2.93,Smartphone,False,0.39,,Urban,13-17 (Teen),2.93,0
8,Male,3.79,Smartphone,True,0.47,Poor Sleep,Urban,8-12 (Pre-teen),3.79,1
14,Female,4.95,TV,True,0.37,Anxiety,Urban,13-17 (Teen),4.95,0
14,Female,4.13,Smartphone,True,0.37,"Poor Sleep, Eye Strain",Urban,13-17 (Teen),4.13,1
8,Male,5.15,Tablet,True,0.4,,Urban,8-12 (Pre-teen),5.15,0
16,Male,5.12,Laptop,True,0.42,"Poor Sleep, Eye Strain",Urban,13-17 (Teen),5.12,1
13,Male,6.08,Smartphone,True,0.36,,Urban,13-17 (Teen),6.08,0
9,Male,5.88,Smartphone,True,0.41,Poor Sleep,Urban,8-12 (Pre-teen),5.88,1
12,Male,3.97,TV,True,0.31,,Urban,8-12 (Pre-teen),3.97,0
18,Male,5.27,TV,True,0.31,Poor Sleep,Urban,18-29 (Young Adult),5.27,1
11,Female,3.62,Smartphone,True,0.39,Poor Sleep,Urban,8-12 (Pre-teen),3.62,1
14,Female,3.3,Smartphone,True,0.43,,Urban,13-17 (Teen),3.3,0
15,Female,5.12,Tablet,True,0.47,Obesity Risk,Urban,13-17 (Teen),5.12,0
18,Female,4.06,Smartphone,True,0.32,,Urban,18-29 (Young Adult),4.06,0
18,Female,3.26,Tablet,True,0.34,Poor Sleep,Urban,18-29 (Young Adult),3.26,1
8,Male,0.3,Tablet,False,0.46,,Urban,8-12 (Pre-teen),0.3,0
12,Male,5.11,TV,True,0.47,"Poor Sleep, Obesity Risk",Urban,8-12 (Pre-teen),5.11,1
10,Female,4.39,TV,True,0.55,"Eye Strain, Obesity Risk",Urban,8-12 (Pre-teen),4.39,0
8,Male,5.06,Smartphone,True,0.45,Eye Strain,Rural,8-12 (Pre-teen),5.06,0
10,Female,0.0,TV,False,0.53,,Rural,8-12 (Pre-teen),0.0,0
13,Male,5.95,TV,True,0.34,Eye Strain,Rural,13-17 (Teen),5.95,0
14,Male,3.44,TV,True,0.45,"Poor Sleep, Eye Strain",Urban,13-17 (Teen),3.44,1
15,Male,4.64,Tablet,True,0.4,Poor Sleep,Urban,13-17 (Teen),4.64,1
18,Female,4.72,Laptop,True,0.44,"Poor Sleep, Eye Strain",Urban,18-29 (Young Adult),4.72,1
11,Male,5.48,TV,True,0.4,"Poor Sleep, Eye Strain, Obesity Risk",Urban,8-12 (Pre-teen),5.48,1
10,Female,3.62,Smartphone,True,0.44,Anxiety,Urban,8-12 (Pre-teen),3.62,0
12,Male,4.09,Smartphone,True,0.41,Poor Sleep,Urban,8-12 (Pre-teen),4.09,1
16,Male,4.11,TV,True,0.32,"Poor Sleep, Obesity Risk",Urban,13-17 (Teen),4.11,1
13,Female,4.97,Smartphone,True,0.37,,Rural,13-17 (Teen),4.97,0
16,Male,5.71,Laptop,True,0.44,"Poor Sleep, Eye Strain",Urban,13-17 (Teen),5.71,1
13,Male,4.7,Smartphone,True,0.39,Poor Sleep,Rural,13-17 (Teen),4.7,1
9,Female,6.15,TV,True,0.53,Poor Sleep,Rural,8-12 (Pre-teen),6.15,1
12,Female,5.33,Smartphone,True,0.35,"Eye Strain, Anxiety",Urban,8-12 (Pre-teen),5.33,0
18,Female,2.32,Smartphone,False,0.3,,Urban,18-29 (Young Adult),2.32,0
16,Male,4.36,Smartphone,True,0.48,Poor Sleep,Urban,13-17 (Teen),4.36,1
15,Female,5.25,Smartphone,True,0.42,"Poor Sleep, Eye Strain",Urban,13-17 (Teen),5.25,1
14,Female,4.09,Smartphone,True,0.5,"Poor Sleep, Anxiety",Urban,13-17 (Teen),4.09,1
8,Male,0.0,Smartphone,False,0.48,,Urban,8-12 (Pre-teen),0.0,0
11,Female,3.34,Laptop,True,0.43,"Poor Sleep, Anxiety",Urban,8-12 (Pre-teen),3.34,1
14,Female,8.74,Smartphone,True,0.41,,Rural,13-17 (Teen),8.74,0
18,Female,8.01,Smartphone,True,0.5,Poor Sleep,Urban,18-29 (Young Adult),8.01,1
14,Male,5.69,TV,True,0.43,Anxiety,Urban,13-17 (Teen),5.69,0
13,Female,5.56,TV,True,0.46,Eye Strain,Urban,13-17 (Teen),5.56,0
15,Female,4.5,TV,True,0.32,Poor Sleep,Urban,13-17 (Teen),4.5,1
18,Male,4.2,TV,True,0.46,Eye Strain,Urban,18-29 (Young Adult),4.2,0
13,Male,4.53,Smartphone,True,0.48,"Poor Sleep, Obesity Risk",Urban,13-17 (Teen),4.53,1
17,Male,4.89,Smartphone,True,0.45,Poor Sleep,Urban,13-17 (Teen),4.89,1
10,Female,3.79,Smartphone,True,0.55,,Rural,8-12 (Pre-teen),3.79,0
11,Male,3.82,TV,True,0.44,"Anxiety, Obesity Risk",Urban,8-12 (Pre-teen),3.82,0
10,Male,4.1,Tablet,True,0.59,"Poor Sleep, Eye Strain",Rural,8-12 (Pre-teen),4.1,1
8,Female,0.0,Smartphone,False,0.53,,Rural,8-12 (Pre-teen),0.0,0
17,Female,3.99,Tablet,True,0.32,"Poor Sleep, Anxiety",Urban,13-17 (Teen),3.99,1
12,Female,3.66,Smartphone,True,0.41,,Urban,8-12 (Pre-teen),3.66,0
8,Female,3.34,Smartphone,True,0.49,"Poor Sleep, Eye Strain",Urban,8-12 (Pre-teen),3.34,1
8,Female,7.78,Smartphone,True,0.5,"Poor Sleep, Eye Strain, Anxiety",Urban,8-12 (Pre-teen),7.78,1
9,Male,2.99,Smartphone,True,0.52,,Urban,8-12 (Pre-teen),2.99,0
11,Female,5.15,Tablet,True,0.48,,Urban,8-12 (Pre-teen),5.15,0
13,Female,6.09,Smartphone,True,0.42,Obesity Risk,Urban,13-17 (Teen),6.09,0
15,Female,0.16,Smartphone,False,0.41,,Urban,13-17 (Teen),0.16,0
10,Female,7.34,Smartphone,True,0.55,Anxiety,Urban,8-12 (Pre-teen),7.34,0
8,Male,5.0,Tablet,True,0.46,,Urban,8-12 (Pre-teen),5.0,0
10,Female,4.76,TV,True,0.55,Poor Sleep,Urban,8-12 (Pre-teen),4.76,1
10,Female,5.69,Smartphone,True,0.47,"Poor Sleep, Eye Strain, Anxiety",Urban,8-12 (Pre-teen),5.69,1
12,Male,0.91,Smartphone,False,0.48,,Urban,8-12 (Pre-teen),0.91,0
18,Male,4.31,Smartphone,True,0.31,Poor Sleep,Urban,18-29 (Young Adult),4.31,1
11,Female,5.87,Smartphone,True,0.48,"Poor Sleep, Eye Strain, Anxiety, Obesity Risk",Urban,8-12 (Pre-teen),5.87,1
11,Male,3.68,Smartphone,True,0.49,,Urban,8-12 (Pre-teen),3.68,0
16,Female,4.44,Smartphone,True,0.34,Poor Sleep,Urban,13-17 (Teen),4.44,1
14,Male,4.94,Smartphone,True,0.3,Poor Sleep,Rural,13-17 (Teen),4.94,1
11,Female,4.05,Smartphone,True,0.44,,Urban,8-12 (Pre-teen),4.05,0
10,Male,8.44,Smartphone,True,0.43,Poor Sleep,Urban,8-12 (Pre-teen),8.44,1
13,Male,3.42,Smartphone,True,0.33,Obesity Risk,Rural,13-17 (Teen),3.42,0
10,Female,3.77,TV,True,0.48,"Eye Strain, Anxiety",Urban,8-12 (Pre-teen),3.77,0
13,Male,7.35,TV,True,0.48,Poor Sleep,Urban,13-17 (Teen),7.35,1
18,Male,2.39,Smartphone,False,0.42,,Rural,18-29 (Young Adult),2.39,0
18,Female,5.1,TV,True,0.34,"Poor Sleep, Obesity Risk",Urban,18-29 (Young Adult),5.1,1
16,Male,3.63,Laptop,True,0.41,Eye Strain,Urban,13-17 (Teen),3.63,0
13,Male,4.28,Laptop,True,0.35,"Poor Sleep, Anxiety",Urban,13-17 (Teen),4.28,1
11,Female,5.52,Laptop,True,0.35,"Poor Sleep, Eye Strain",Urban,8-12 (Pre-teen),5.52,1
12,Female,5.14,Smartphone,True,0.38,"Poor Sleep, Obesity Risk",Rural,8-12 (Pre-teen),5.14,1
13,Male,2.65,Smartphone,False,0.42,,Urban,13-17 (Teen),2.65,0
18,Female,5.08,TV,True,0.46,"Poor Sleep, Anxiety, Obesity Risk",Urban,18-29 (Young Adult),5.08,1
10,Male,4.02,Tablet,True,0.44,"Poor Sleep, Eye Strain, Anxiety",Urban,8-12 (Pre-teen),4.02,1
15,Male,5.51,Smartphone,True,0.43,Poor Sleep,Rural,13-17 (Teen),5.51,1
11,Male,3.77,Laptop,True,0.3,"Poor Sleep, Eye Strain",Urban,8-12 (Pre-teen),3.77,1
15,Male,3.09,Laptop,True,0.46,"Poor Sleep, Anxiety, Obesity Risk",Urban,13-17 (Teen),3.09,1
17,Male,6.11,Tablet,True,0.36,Poor Sleep,Rural,13-17 (Teen),6.11,1
17,Male,4.63,Tablet,True,0.31,,Urban,13-17 (Teen),4.63,0
10,Male,7.67,Smartphone,True,0.43,,Urban,8-12 (Pre-teen),7.67,0
17,Female,5.6,Smartphone,True,0.41,Poor Sleep,Urban,13-17 (Teen),5.6,1
14,Male,4.94,TV,True,0.42,Poor Sleep,Rural,13-17 (Teen),4.94,1
18,Male,3.67,Tablet,True,0.5,Poor Sleep,Urban,18-29 (Young Adult),3.67,1
16,Female,3.23,Smartphone,True,0.34,Eye Strain,Urban,13-17 (Teen),3.23,0
11,Male,7.71,Smartphone,True,0.33,"Poor Sleep, Anxiety",Rural,8-12 (Pre-teen),7.71,1
15,Female,5.78,Tablet,True,0.31,"Eye Strain, Anxiety",Urban,13-17 (Teen),5.78,0
10,Female,3.04,TV,True,0.46,Eye Strain,Rural,8-12 (Pre-teen),3.04,0
14,Male,2.31,Laptop,False,0.42,,Urban,13-17 (Teen),2.31,0
10,Male,1.44,Smartphone,False,0.57,,Urban,8-12 (Pre-teen),1.44,0
14,Female,5.06,Laptop,True,0.39,,Rural,13-17 (Teen),5.06,0
18,Female,5.75,TV,True,0.46,Poor Sleep,Urban,18-29 (Young Adult),5.75,1
17,Male,6.12,Tablet,True,0.34,Poor Sleep,Rural,13-17 (Teen),6.12,1
17,Female,5.61,Laptop,True,0.3,,Urban,13-17 (Teen),5.61,0
18,Male,5.34,Laptop,True,0.36,"Poor Sleep, Eye Strain, Anxiety",Urban,18-29 (Young Adult),5.34,1
18,Female,6.85,Laptop,True,0.38,"Poor Sleep, Obesity Risk",Urban,18-29 (Young Adult),6.85,1
13,Female,2.89,Laptop,False,0.34,,Urban,13-17 (Teen),2.89,0
9,Male,6.87,TV,True,0.52,Poor Sleep,Urban,8-12 (Pre-teen),6.87,1
18,Female,3.97,Smartphone,True,0.41,Anxiety,Rural,18-29 (Young Adult),3.97,0
10,Male,2.9,Smartphone,True,0.52,,Urban,8-12 (Pre-teen),2.9,0
13,Male,4.03,Laptop,True,0.39,,Urban,13-17 (Teen),4.03,0
11,Female,6.11,Laptop,True,0.33,"Poor Sleep, Eye Strain, Obesity Risk",Urban,8-12 (Pre-teen),6.11,1
13,Female,3.1,Smartphone,True,0.32,"Poor Sleep, Eye Strain",Urban,13-17 (Teen),3.1,1
8,Male,1.32,Tablet,False,0.4,,Rural,8-12 (Pre-teen),1.32,0
17,Male,2.66,Smartphone,False,0.31,,Urban,13-17 (Teen),2.66,0
8,Male,2.77,Tablet,True,0.53,,Urban,8-12 (Pre-teen),2.77,0
10,Female,5.83,TV,True,0.6,"Poor Sleep, Anxiety",Rural,8-12 (Pre-teen),5.83,1
15,Male,6.08,Smartphone,True,0.32,"Eye Strain, Anxiety",Urban,13-17 (Teen),6.08,0
15,Female,3.98,Smartphone,True,0.41,Anxiety,Urban,13-17 (Teen),3.98,0
18,Female,4.54,Smartphone,True,0.38,Poor Sleep,Urban,18-29 (Young Adult),4.54,1
11,Female,4.17,Smartphone,True,0.47,"Poor Sleep, Eye Strain",Urban,8-12 (Pre-teen),4.17,1
13,Female,4.77,Laptop,True,0.42,"Poor Sleep, Anxiety",Rural,13-17 (Teen),4.77,1
15,Male,5.11,Smartphone,True,0.39,Eye Strain,Urban,13-17 (Teen),5.11,0
14,Female,6.76,Smartphone,True,0.32,"Poor Sleep, Anxiety",Urban,13-17 (Teen),6.76,1
18,Female,2.01,TV,False,0.41,,Urban,18-29 (Young Adult),2.01,0
14,Female,5.71,Smartphone,True,0.34,Obesity Risk,Urban,13-17 (Teen),5.71,0
11,Male,3.54,Smartphone,True,0.45,Poor Sleep,Urban,8-12 (Pre-teen),3.54,1
16,Female,4.38,TV,True,0.41,Poor Sleep,Urban,13-17 (Teen),4.38,1
17,Female,2.31,Smartphone,False,0.47,,Urban,13-17 (Teen),2.31,0
13,Male,4.78,TV,True,0.41,"Poor Sleep, Eye Strain, Anxiety",Urban,13-17 (Teen),4.78,1
18,Female,5.33,Smartphone,True,0.35,"Poor Sleep, Eye Strain",Urban,18-29 (Young Adult),5.33,1
10,Male,4.92,Smartphone,True,0.42,,Urban,8-12 (Pre-teen),4.92,0
12,Female,6.63,TV,True,0.31,Poor Sleep,Urban,8-12 (Pre-teen),6.63,1
12,Female,4.99,TV,True,0.49,"Poor Sleep, Eye Strain",Rural,8-12 (Pre-teen),4.99,1
12,Male,3.17,Laptop,True,0.35,"Poor Sleep, Eye Strain",Urban,8-12 (Pre-teen),3.17,1
15,Female,2.77,Smartphone,False,0.34,,Urban,13-17 (Teen),2.77,0
16,Female,5.13,Laptop,True,0.31,Poor Sleep,Urban,13-17 (Teen),5.13,1
16,Female,4.51,TV,True,0.49,Poor Sleep,Urban,13-17 (Teen),4.51,1
13,Female,6.02,Smartphone,True,0.33,,Urban,13-17 (Teen),6.02,0
13,Female,4.79,Smartphone,True,0.39,Poor Sleep,Urban,13-17 (Teen),4.79,1
16,Male,3.74,Smartphone,True,0.45,,Rural,13-17 (Teen),3.74,0
11,Female,6.23,Smartphone,True,0.34,"Poor Sleep, Eye Strain",Urban,8-12 (Pre-teen),6.23,1
13,Male,3.17,Laptop,True,0.46,Poor Sleep,Urban,13-17 (Teen),3.17,1
11,Female,5.36,Smartphone,True,0.44,,Urban,8-12 (Pre-teen),5.36,0
18,Male,4.41,TV,True,0.34,,Urban,18-29 (Young Adult),4.41,0
8,Male,8.36,Smartphone,True,0.43,"Poor Sleep, Eye Strain",Urban,8-12 (Pre-teen),8.36,1
14,Male,3.3,TV,True,0.41,,Urban,13-17 (Teen),3.3,0
17,Male,4.18,Laptop,True,0.35,"Poor Sleep, Eye Strain, Anxiety",Urban,13-17 (Teen),4.18,1
18,Female,5.12,Laptop,True,0.39,"Poor Sleep, Anxiety, Obesity Risk",Urban,18-29 (Young Adult),5.12,1
13,Male,5.44,Laptop,True,0.38,Obesity Risk,Urban,13-17 (Teen),5.44,0
16,Female,3.1,Smartphone,True,0.36,Eye Strain,Urban,13-17 (Teen),3.1,0
14,Male,4.23,Smartphone,True,0.35,Poor Sleep,Urban,13-17 (Teen),4.23,1
14,Male,3.98,TV,True,0.34,"Poor Sleep, Eye Strain, Anxiety, Obesity Risk",Urban,13-17 (Teen),3.98,1
9,Male,5.64,Tablet,True,0.49,"Poor Sleep, Eye Strain",Rural,8-12 (Pre-teen),5.64,1
18,Female,3.32,Tablet,True,0.4,Anxiety,Urban,18-29 (Young Adult),3.32,0
16,Female,2.55,Smartphone,False,0.45,,Urban,13-17 (Teen),2.55,0
17,Male,3.04,Smartphone,True,0.39,"Poor Sleep, Eye Strain",Urban,13-17 (Teen),3.04,1
16,Male,5.58,Tablet,True,0.42,"Poor Sleep, Eye Strain",Rural,13-17 (Teen),5.58,1
13,Female,5.97,TV,True,0.37,"Eye Strain, Obesity Risk",Urban,13-17 (Teen),5.97,0
10,Male,3.9,Smartphone,True,0.49,"Poor Sleep, Eye Strain, Anxiety",Rural,8-12 (Pre-teen),3.9,1
8,Male,1.7,Tablet,False,0.51,,Urban,8-12 (Pre-teen),1.7,0
11,Male,4.21,Smartphone,True,0.37,,Urban,8-12 (Pre-teen),4.21,0
10,Female,5.72,Tablet,True,0.58,"Poor Sleep, Anxiety",Rural,8-12 (Pre-teen),5.72,1
8,Female,3.64,Smartphone,True,0.59,"Poor Sleep, Anxiety",Rural,8-12 (Pre-teen),3.64,1
10,Female,4.24,TV,True,0.52,"Poor Sleep, Eye Strain",Urban,8-12 (Pre-teen),4.24,1
11,Male,6.64,TV,True,0.35,,Rural,8-12 (Pre-teen),6.64,0
15,Male,5.25,Tablet,True,0.47,"Poor Sleep, Anxiety",Rural,13-17 (Teen),5.25,1
16,Male,5.52,TV,True,0.41,Obesity Risk,Urban,13-17 (Teen),5.52,0
10,Female,4.07,Smartphone,True,0.47,Obesity Risk,Urban,8-12 (Pre-teen),4.07,0
13,Male,4.79,Smartphone,True,0.37,,Urban,13-17 (Teen),4.79,0
17,Female,4.57,Smartphone,True,0.35,"Poor Sleep, Eye Strain",Urban,13-17 (Teen),4.57,1
18,Male,6.4,Tablet,True,0.38,,Rural,18-29 (Young Adult),6.4,0
12,Male,5.02,Smartphone,True,0.45,Poor Sleep,Urban,8-12 (Pre-teen),5.02,1
13,Female,5.94,TV,True,0.45,Poor Sleep,Urban,13-17 (Teen),5.94,1
11,Male,3.16,Smartphone,True,0.46,Eye Strain,Urban,8-12 (Pre-teen),3.16,0
17,Male,6.1,Laptop,True,0.36,"Poor Sleep, Eye Strain",Urban,13-17 (Teen),6.1,1
13,Male,6.09,Laptop,True,0.49,Eye Strain,Urban,13-17 (Teen),6.09,0
14,Male,4.13,Smartphone,True,0.32,Eye Strain,Rural,13-17 (Teen),4.13,0
16,Female,4.68,Laptop,True,0.44,"Poor Sleep, Eye Strain",Rural,13-17 (Teen),4.68,1
17,Female,6.07,TV,True,0.42,Poor Sleep,Urban,13-17 (Teen),6.07,1
14,Male,6.46,Smartphone,True,0.46,"Poor Sleep, Eye Strain",Rural,13-17 (Teen),6.46,1
13,Female,5.87,Smartphone,True,0.39,"Eye Strain, Anxiety",Urban,13-17 (Teen),5.87,0
8,Male,2.19,Smartphone,True,0.51,,Rural,8-12 (Pre-teen),2.19,0
9,Male,5.59,TV,True,0.59,"Poor Sleep, Eye Strain, Obesity Risk",Rural,8-12 (Pre-teen),5.59,1
8,Female,2.15,TV,True,0.6,,Rural,8-12 (Pre-teen),2.15,0
16,Male,4.42,Smartphone,True,0.44,"Poor Sleep, Anxiety",Urban,13-17 (Teen),4.42,1
17,Female,6.33,Smartphone,True,0.45,,Urban,13-17 (Teen),6.33,0
17,Male,3.53,Smartphone,True,0.47,Poor Sleep,Urban,13-17 (Teen),3.53,1
16,Male,4.62,Tablet,True,0.32,Anxiety,Rural,13-17 (Teen),4.62,0
14,Female,6.9,Smartphone,True,0.38,Poor Sleep,Rural,13-17 (Teen),6.9,1
9,Female,4.49,TV,True,0.57,,Rural,8-12 (Pre-teen),4.49,0
13,Male,5.9,TV,True,0.33,"Poor Sleep, Obesity Risk",Urban,13-17 (Teen),5.9,1
18,Male,4.05,TV,True,0.35,Poor Sleep,Urban,18-29 (Young Adult),4.05,1
11,Male,5.19,Smartphone,True,0.34,"Poor Sleep, Obesity Risk",Urban,8-12 (Pre-teen),5.19,1
8,Female,5.52,TV,True,0.58,,Urban,8-12 (Pre-teen),5.52,0
8,Female,7.44,TV,True,0.42,Poor Sleep,Urban,8-12 (Pre-teen),7.44,1
12,Female,4.78,Laptop,True,0.48,"Poor Sleep, Obesity Risk",Urban,8-12 (Pre-teen),4.78,1
9,Female,4.44,TV,True,0.5,Poor Sleep,Urban,8-12 (Pre-teen),4.44,1
11,Female,4.01,Smartphone,True,0.32,,Urban,8-12 (Pre-teen),4.01,0
8,Male,0.52,Tablet,False,0.57,,Urban,8-12 (Pre-teen),0.52,0
11,Female,3.77,Laptop,True,0.35,Obesity Risk,Rural,8-12 (Pre-teen),3.77,0
18,Female,4.7,TV,True,0.42,"Poor Sleep, Eye Strain",Rural,18-29 (Young Adult),4.7,1
13,Female,3.4,Tablet,True,0.45,Poor Sleep,Urban,13-17 (Teen),3.4,1
17,Male,5.72,Smartphone,True,0.44,"Poor Sleep, Eye Strain",Urban,13-17 (Teen),5.72,1
11,Female,3.99,Smartphone,True,0.38,,Urban,8-12 (Pre-teen),3.99,0
8,Male,5.45,Smartphone,True,0.47,Poor Sleep,Urban,8-12 (Pre-teen),5.45,1
14,Male,4.94,TV,True,0.49,Eye Strain,Urban,13-17 (Teen),4.94,0
9,Male,6.3,TV,True,0.57,Poor Sleep,Rural,8-12 (Pre-teen),6.3,1
16,Male,4.16,Smartphone,True,0.46,Poor Sleep,Urban,13-17 (Teen),4.16,1
10,Male,1.45,Smartphone,False,0.44,,Urban,8-12 (Pre-teen),1.45,0
15,Male,2.29,TV,False,0.47,,Urban,13-17 (Teen),2.29,0
15,Female,5.82,TV,True,0.4,,Rural,13-17 (Teen),5.82,0
10,Male,3.71,Smartphone,True,0.54,Poor Sleep,Rural,8-12 (Pre-teen),3.71,1
11,Male,4.69,Tablet,True,0.44,Poor Sleep,Urban,8-12 (Pre-teen),4.69,1
9,Female,3.36,Tablet,True,0.41,Poor Sleep,Urban,8-12 (Pre-teen),3.36,1
11,Female,3.74,Smartphone,True,0.35,"Poor Sleep, Obesity Risk",Urban,8-12 (Pre-teen),3.74,1
18,Male,5.34,Laptop,True,0.37,,Rural,18-29 (Young Adult),5.34,0
18,Male,3.79,Smartphone,True,0.47,"Poor Sleep, Eye Strain",Urban,18-29 (Young Adult),3.79,1
18,Female,5.95,Smartphone,True,0.39,Poor Sleep,Urban,18-29 (Young Adult),5.95,1
16,Male,3.93,TV,True,0.42,Poor Sleep,Urban,13-17 (Teen),3.93,1
9,Female,5.75,Tablet,True,0.51,Poor Sleep,Urban,8-12 (Pre-teen),5.75,1
10,Male,5.98,Smartphone,True,0.5,"Poor Sleep, Eye Strain",Rural,8-12 (Pre-teen),5.98,1
18,Male,3.38,Laptop,True,0.46,"Poor Sleep, Eye Strain",Urban,18-29 (Young Adult),3.38,1
18,Male,4.05,Laptop,True,0.31,Poor Sleep,Urban,18-29 (Young Adult),4.05,1
11,Male,4.0,TV,True,0.49,"Eye Strain, Obesity Risk",Urban,8-12 (Pre-teen),4.0,0
12,Male,5.12,Laptop,True,0.45,Anxiety,Urban,8-12 (Pre-teen),5.12,0
8,Male,6.45,Smartphone,True,0.43,"Poor Sleep, Eye Strain, Anxiety",Urban,8-12 (Pre-teen),6.45,1
14,Male,4.48,Laptop,True,0.43,Anxiety,Urban,13-17 (Teen),4.48,0
17,Female,4.22,Tablet,True,0.31,"Poor Sleep, Eye Strain, Anxiety, Obesity Risk",Urban,13-17 (Teen),4.22,1
14,Female,4.32,Smartphone,True,0.37,"Poor Sleep, Eye Strain",Urban,13-17 (Teen),4.32,1
16,Female,6.01,Smartphone,True,0.36,Poor Sleep,Urban,13-17 (Teen),6.01,1
11,Male,6.62,Tablet,True,0.33,"Poor Sleep, Anxiety",Rural,8-12 (Pre-teen),6.62,1
13,Female,4.91,TV,True,0.45,,Urban,13-17 (Teen),4.91,0
18,Male,2.81,Smartphone,False,0.42,,Urban,18-29 (Young Adult),2.81,0
9,Female,3.01,Tablet,True,0.51,Poor Sleep,Urban,8-12 (Pre-teen),3.01,1
9,Male,4.4,Tablet,True,0.58,Poor Sleep,Urban,8-12 (Pre-teen),4.4,1
17,Female,5.88,Smartphone,True,0.48,"Poor Sleep, Obesity Risk",Urban,13-17 (Teen),5.88,1
12,Female,6.52,Smartphone,True,0.49,Poor Sleep,Rural,8-12 (Pre-teen),6.52,1
14,Female,4.92,Smartphone,True,0.46,Poor Sleep,Rural,13-17 (Teen),4.92,1
8,Female,4.66,Tablet,True,0.52,,Rural,8-12 (Pre-teen),4.66,0
17,Female,5.43,Laptop,True,0.39,Poor Sleep,Urban,13-17 (Teen),5.43,1
17,Male,4.36,Laptop,True,0.39,Eye Strain,Rural,13-17 (Teen),4.36,0
14,Female,4.43,Smartphone,True,0.41,Poor Sleep,Urban,13-17 (Teen),4.43,1
17,Female,5.77,Laptop,True,0.45,Poor Sleep,Urban,13-17 (Teen),5.77,1
13,Male,3.02,Tablet,True,0.46,,Urban,13-17 (Teen),3.02,0
13,Male,4.73,Smartphone,True,0.3,Poor Sleep,Urban,13-17 (Teen),4.73,1
15,Female,4.09,Smartphone,True,0.43,"Eye Strain, Obesity Risk",Rural,13-17 (Teen),4.09,0
15,Female,3.91,Laptop,True,0.41,,Rural,13-17 (Teen),3.91,0
13,Female,3.88,TV,True,0.44,Poor Sleep,Urban,13-17 (Teen),3.88,1
10,Female,0.0,TV,False,0.4,,Urban,8-12 (Pre-teen),0.0,0
12,Male,4.75,TV,True,0.49,Eye Strain,Rural,8-12 (Pre-teen),4.75,0
9,Female,7.32,TV,True,0.48,,Urban,8-12 (Pre-teen),7.32,0
12,Male,4.28,Tablet,True,0.49,"Poor Sleep, Eye Strain",Urban,8-12 (Pre-teen),4.28,1
16,Female,4.69,Smartphone,True,0.39,,Urban,13-17 (Teen),4.69,0
17,Female,8.27,Laptop,True,0.44,,Urban,13-17 (Teen),8.27,0
8,Female,1.86,TV,False,0.59,,Urban,8-12 (Pre-teen),1.86,0
17,Female,5.67,Smartphone,True,0.38,,Urban,13-17 (Teen),5.67,0
12,Female,6.57,Smartphone,True,0.33,Anxiety,Urban,8-12 (Pre-teen),6.57,0
13,Female,4.96,TV,True,0.31,,Urban,13-17 (Teen),4.96,0
18,Male,4.23,TV,True,0.43,"Poor Sleep, Eye Strain",Rural,18-29 (Young Adult),4.23,1
14,Male,4.48,Smartphone,True,0.35,Poor Sleep,Urban,13-17 (Teen),4.48,1
16,Male,3.87,Smartphone,True,0.42,"Poor Sleep, Obesity Risk",Urban,13-17 (Teen),3.87,1
13,Female,4.21,Laptop,True,0.3,"Poor Sleep, Obesity Risk",Urban,13-17 (Teen),4.21,1
12,Male,3.96,Laptop,True,0.34,Eye Strain,Urban,8-12 (Pre-teen),3.96,0
14,Female,5.54,TV,True,0.39,Poor Sleep,Urban,13-17 (Teen),5.54,1
8,Female,9.71,Smartphone,True,0.58,Poor Sleep,Urban,8-12 (Pre-teen),9.71,1
18,Female,5.04,TV,True,0.35,"Poor Sleep, Eye Strain",Urban,18-29 (Young Adult),5.04,1
12,Male,4.26,Tablet,True,0.35,,Rural,8-12 (Pre-teen),4.26,0
9,Male,6.19,TV,True,0.53,,Urban,8-12 (Pre-teen),6.19,0
11,Male,3.41,Smartphone,True,0.32,,Urban,8-12 (Pre-teen),3.41,0
14,Male,4.59,Smartphone,True,0.47,"Eye Strain, Anxiety",Urban,13-17 (Teen),4.59,0
12,Female,5.16,TV,True,0.46,,Urban,8-12 (Pre-teen),5.16,0
13,Female,4.39,Tablet,True,0.4,"Eye Strain, Anxiety",Urban,13-17 (Teen),4.39,0
9,Female,6.48,TV,True,0.55,"Poor Sleep, Obesity Risk",Urban,8-12 (Pre-teen),6.48,1
10,Male,0.0,TV,False,0.42,,Urban,8-12 (Pre-teen),0.0,0
14,Male,4.81,Tablet,True,0.3,,Urban,13-17 (Teen),4.81,0
18,Male,5.7,Smartphone,True,0.49,"Poor Sleep, Anxiety",Urban,18-29 (Young Adult),5.7,1
9,Female,0.0,TV,False,0.55,,Urban,8-12 (Pre-teen),0.0,0
13,Male,5.09,Laptop,True,0.48,"Poor Sleep, Eye Strain",Urban,13-17 (Teen),5.09,1
12,Male,5.77,Smartphone,True,0.45,Anxiety,Urban,8-12 (Pre-teen),5.77,0
17,Female,5.75,Laptop,True,0.32,,Rural,13-17 (Teen),5.75,0
8,Male,2.16,Smartphone,True,0.54,,Rural,8-12 (Pre-teen),2.16,0
18,Male,4.52,TV,True,0.4,Poor Sleep,Rural,18-29 (Young Adult),4.52,1
17,Female,5.78,TV,True,0.49,Obesity Risk,Urban,13-17 (Teen),5.78,0
18,Female,4.79,Smartphone,True,0.39,Poor Sleep,Urban,18-29 (Young Adult),4.79,1
11,Female,1.82,Laptop,False,0.42,,Urban,8-12 (Pre-teen),1.82,0
18,Female,3.56,Tablet,True,0.39,Poor Sleep,Urban,18-29 (Young Adult),3.56,1
9,Female,2.48,TV,True,0.54,,Urban,8-12 (Pre-teen),2.48,0
11,Female,3.39,Laptop,True,0.4,"Poor Sleep, Obesity Risk",Rural,8-12 (Pre-teen),3.39,1
8,Male,0.99,Smartphone,False,0.42,,Urban,8-12 (Pre-teen),0.99,0
9,Male,10.49,Tablet,True,0.48,Poor Sleep,Urban,8-12 (Pre-teen),10.49,1
15,Male,5.61,Smartphone,True,0.41,"Poor Sleep, Anxiety",Urban,13-17 (Teen),5.61,1
13,Male,4.91,Laptop,True,0.36,Poor Sleep,Urban,13-17 (Teen),4.91,1
9,Male,4.76,Smartphone,True,0.51,Poor Sleep,Urban,8-12 (Pre-teen),4.76,1
13,Male,2.87,TV,False,0.34,,Urban,13-17 (Teen),2.87,0
17,Male,4.88,Laptop,True,0.45,"Poor Sleep, Eye Strain, Anxiety",Urban,13-17 (Teen),4.88,1
16,Male,4.87,Smartphone,True,0.38,,Urban,13-17 (Teen),4.87,0
14,Male,4.47,Smartphone,True,0.36,"Poor Sleep, Eye Strain",Urban,13-17 (Teen),4.47,1
16,Male,2.01,Smartphone,False,0.39,,Urban,13-17 (Teen),2.01,0
12,Male,5.34,Smartphone,True,0.45,Poor Sleep,Rural,8-12 (Pre-teen),5.34,1
14,Female,6.97,TV,True,0.38,,Urban,13-17 (Teen),6.97,0
18,Male,4.17,Smartphone,True,0.48,Eye Strain,Rural,18-29 (Young Adult),4.17,0
14,Male,4.65,Smartphone,True,0.4,Eye Strain,Rural,13-17 (Teen),4.65,0
10,Male,1.0,Tablet,False,0.48,,Urban,8-12 (Pre-teen),1.0,0
14,Male,6.65,Smartphone,True,0.44,"Poor Sleep, Eye Strain, Anxiety",Urban,13-17 (Teen),6.65,1
8,Male,1.25,Smartphone,False,0.58,,Urban,8-12 (Pre-teen),1.25,0
16,Male,3.55,Smartphone,True,0.44,,Urban,13-17 (Teen),3.55,0
17,Female,4.32,Laptop,True,0.42,Poor Sleep,Urban,13-17 (Teen),4.32,1
13,Female,3.68,Smartphone,True,0.44,"Poor Sleep, Eye Strain",Rural,13-17 (Teen),3.68,1
12,Male,5.04,Tablet,True,0.37,,Urban,8-12 (Pre-teen),5.04,0
14,Male,4.57,TV,True,0.39,"Eye Strain, Anxiety",Urban,13-17 (Teen),4.57,0
12,Female,2.96,Smartphone,False,0.45,,Urban,8-12 (Pre-teen),2.96,0
17,Male,5.98,TV,True,0.39,Poor Sleep,Urban,13-17 (Teen),5.98,1
12,Female,5.72,Smartphone,True,0.41,Eye Strain,Urban,8-12 (Pre-teen),5.72,0
18,Male,3.48,Smartphone,True,0.36,Poor Sleep,Urban,18-29 (Young Adult),3.48,1
17,Female,6.35,Smartphone,True,0.4,"Poor Sleep, Eye Strain",Urban,13-17 (Teen),6.35,1
18,Female,5.58,Smartphone,True,0.32,,Urban,18-29 (Young Adult),5.58,0
14,Male,4.97,Smartphone,True,0.49,"Anxiety, Obesity Risk",Urban,13-17 (Teen),4.97,0
17,Female,7.45,Smartphone,True,0.31,Poor Sleep,Urban,13-17 (Teen),7.45,1
14,Male,4.66,TV,True,0.47,Eye Strain,Rural,13-17 (Teen),4.66,0
18,Male,4.11,Tablet,True,0.42,"Poor Sleep, Anxiety",Urban,18-29 (Young Adult),4.11,1
10,Male,3.26,Smartphone,True,0.55,,Urban,8-12 (Pre-teen),3.26,0
10,Female,7.53,Smartphone,True,0.43,Poor Sleep,Urban,8-12 (Pre-teen),7.53,1
17,Female,4.51,Smartphone,True,0.37,,Urban,13-17 (Teen),4.51,0
10,Female,2.69,Smartphone,True,0.57,,Urban,8-12 (Pre-teen),2.69,0
13,Female,2.79,Laptop,False,0.32,,Urban,13-17 (Teen),2.79,0
13,Female,5.54,TV,True,0.47,Poor Sleep,Urban,13-17 (Teen),5.54,1
10,Female,2.16,TV,True,0.49,,Urban,8-12 (Pre-teen),2.16,0
10,Male,7.87,Smartphone,True,0.44,"Eye Strain, Obesity Risk",Urban,8-12 (Pre-teen),7.87,0
15,Female,4.58,Tablet,True,0.41,,Rural,13-17 (Teen),4.58,0
15,Male,6.0,Smartphone,True,0.5,Poor Sleep,Urban,13-17 (Teen),6.0,1
14,Male,3.44,Smartphone,True,0.41,"Poor Sleep, Eye Strain, Obesity Risk",Urban,13-17 (Teen),3.44,1
17,Male,1.97,Laptop,False,0.34,,Urban,13-17 (Teen),1.97,0
11,Female,3.11,Tablet,True,0.5,,Urban,8-12 (Pre-teen),3.11,0
11,Female,4.9,Smartphone,True,0.43,Poor Sleep,Urban,8-12 (Pre-teen),4.9,1
10,Female,1.0,TV,False,0.46,,Urban,8-12 (Pre-teen),1.0,0
12,Female,5.22,TV,True,0.38,"Poor Sleep, Obesity Risk",Rural,8-12 (Pre-teen),5.22,1
10,Female,2.97,TV,True,0.41,,Urban,8-12 (Pre-teen),2.97,0
15,Male,5.86,Smartphone,True,0.33,"Poor Sleep, Obesity Risk",Rural,13-17 (Teen),5.86,1
14,Male,4.96,Tablet,True,0.32,"Poor Sleep, Eye Strain, Obesity Risk",Rural,13-17 (Teen),4.96,1
10,Male,5.87,Smartphone,True,0.5,Eye Strain,Rural,8-12 (Pre-teen),5.87,0
16,Male,3.99,Smartphone,True,0.42,Poor Sleep,Urban,13-17 (Teen),3.99,1
12,Male,3.73,Smartphone,True,0.36,"Poor Sleep, Eye Strain",Urban,8-12 (Pre-teen),3.73,1
16,Female,6.22,Smartphone,True,0.35,Eye Strain,Urban,13-17 (Teen),6.22,0
14,Male,5.23,Smartphone,True,0.36,,Urban,13-17 (Teen),5.23,0
14,Male,5.12,Smartphone,True,0.34,"Poor Sleep, Eye Strain",Rural,13-17 (Teen),5.12,1
13,Male,3.89,TV,True,0.35,"Poor Sleep, Anxiety, Obesity Risk",Urban,13-17 (Teen),3.89,1
9,Female,4.4,Smartphone,True,0.42,"Poor Sleep, Obesity Risk",Rural,8-12 (Pre-teen),4.4,1
16,Male,3.58,TV,True,0.45,,Urban,13-17 (Teen),3.58,0
13,Female,6.52,Smartphone,True,0.36,,Urban,13-17 (Teen),6.52,0
15,Female,3.39,Smartphone,True,0.45,,Rural,13-17 (Teen),3.39,0
8,Female,7.25,Tablet,True,0.51,Poor Sleep,Rural,8-12 (Pre-teen),7.25,1
12,Female,4.29,Smartphone,True,0.46,Poor Sleep,Urban,8-12 (Pre-teen),4.29,1
8,Female,3.33,TV,True,0.42,,Rural,8-12 (Pre-teen),3.33,0
17,Male,5.34,Tablet,True,0.43,Poor Sleep,Urban,13-17 (Teen),5.34,1
18,Male,5.55,TV,True,0.44,Anxiety,Urban,18-29 (Young Adult),5.55,0
15,Female,4.48,TV,True,0.5,"Poor Sleep, Eye Strain",Urban,13-17 (Teen),4.48,1
15,Female,3.04,Laptop,True,0.49,Poor Sleep,Urban,13-17 (Teen),3.04,1
8,Male,3.0,TV,True,0.46,,Rural,8-12 (Pre-teen),3.0,0
16,Female,4.57,TV,True,0.43,,Urban,13-17 (Teen),4.57,0
9,Female,1.18,TV,False,0.46,,Rural,8-12 (Pre-teen),1.18,0
16,Male,2.76,TV,False,0.32,,Urban,13-17 (Teen),2.76,0
8,Female,1.19,Smartphone,False,0.55,,Rural,8-12 (Pre-teen),1.19,0
17,Male,4.05,Tablet,True,0.41,,Urban,13-17 (Teen),4.05,0
16,Male,4.09,Smartphone,True,0.49,"Poor Sleep, Obesity Risk",Urban,13-17 (Teen),4.09,1
11,Male,3.29,Laptop,True,0.46,"Poor Sleep, Anxiety",Rural,8-12 (Pre-teen),3.29,1
16,Male,4.6,Smartphone,True,0.31,"Poor Sleep, Eye Strain",Urban,13-17 (Teen),4.6,1
14,Male,7.4,Smartphone,True,0.32,,Rural,13-17 (Teen),7.4,0
18,Male,4.2,Smartphone,True,0.36,,Rural,18-29 (Young Adult),4.2,0
13,Male,4.58,Smartphone,True,0.41,"Poor Sleep, Eye Strain",Urban,13-17 (Teen),4.58,1
12,Female,2.42,Laptop,False,0.3,,Urban,8-12 (Pre-teen),2.42,0
18,Female,3.28,Smartphone,True,0.46,"Eye Strain, Anxiety",Urban,18-29 (Young Adult),3.28,0
16,Male,4.0,TV,True,0.32,,Urban,13-17 (Teen),4.0,0
9,Female,6.05,Tablet,True,0.53,"Poor Sleep, Eye Strain",Rural,8-12 (Pre-teen),6.05,1
18,Male,5.27,Laptop,True,0.32,"Poor Sleep, Anxiety, Obesity Risk",Urban,18-29 (Young Adult),5.27,1
9,Male,1.73,Tablet,False,0.47,,Urban,8-12 (Pre-teen),1.73,0
18,Male,5.0,Smartphone,True,0.34,,Urban,18-29 (Young Adult),5.0,0
16,Female,5.47,Laptop,True,0.4,Eye Strain,Urban,13-17 (Teen),5.47,0
10,Male,7.38,Tablet,True,0.57,Poor Sleep,Urban,8-12 (Pre-teen),7.38,1
15,Female,4.11,Smartphone,True,0.47,"Poor Sleep, Anxiety",Urban,13-17 (Teen),4.11,1
18,Male,3.86,Smartphone,True,0.36,"Eye Strain, Anxiety",Urban,18-29 (Young Adult),3.86,0
16,Male,4.98,Smartphone,True,0.48,Poor Sleep,Urban,13-17 (Teen),4.98,1
15,Male,3.51,Laptop,True,0.46,Anxiety,Urban,13-17 (Teen),3.51,0
8,Female,8.18,TV,True,0.46,"Poor Sleep, Obesity Risk",Urban,8-12 (Pre-teen),8.18,1
11,Female,2.69,Laptop,False,0.39,,Urban,8-12 (Pre-teen),2.69,0
16,Female,3.9,TV,True,0.32,"Poor Sleep, Eye Strain",Urban,13-17 (Teen),3.9,1
9,Female,6.76,TV,True,0.42,"Eye Strain, Obesity Risk",Urban,8-12 (Pre-teen),6.76,0
17,Male,4.43,Smartphone,True,0.32,"Poor Sleep, Eye Strain, Anxiety",Urban,13-17 (Teen),4.43,1
15,Female,6.51,Tablet,True,0.46,"Poor Sleep, Anxiety",Urban,13-17 (Teen),6.51,1
13,Female,5.06,Tablet,True,0.48,Poor Sleep,Rural,13-17 (Teen),5.06,1
15,Male,3.58,TV,True,0.47,Poor Sleep,Rural,13-17 (Teen),3.58,1
14,Male,3.42,Smartphone,True,0.47,Obesity Risk,Urban,13-17 (Teen),3.42,0
12,Female,6.41,TV,True,0.42,Poor Sleep,Urban,8-12 (Pre-teen),6.41,1
16,Male,5.33,Smartphone,True,0.33,Anxiety,Rural,13-17 (Teen),5.33,0
11,Male,3.52,Laptop,True,0.49,"Poor Sleep, Eye Strain, Obesity Risk",Rural,8-12 (Pre-teen),3.52,1
13,Male,4.84,Smartphone,True,0.49,"Poor Sleep, Eye Strain",Urban,13-17 (Teen),4.84,1
9,Female,7.83,TV,True,0.49,"Poor Sleep, Eye Strain",Urban,8-12 (Pre-teen),7.83,1
9,Male,4.03,TV,True,0.41,,Urban,8-12 (Pre-teen),4.03,0
9,Male,0.0,Tablet,False,0.51,,Urban,8-12 (Pre-teen),0.0,0
17,Male,3.14,Smartphone,True,0.43,"Poor Sleep, Eye Strain",Urban,13-17 (Teen),3.14,1
14,Male,5.7,TV,True,0.39,Poor Sleep,Rural,13-17 (Teen),5.7,1
9,Female,6.07,Smartphone,True,0.52,"Eye Strain, Anxiety",Rural,8-12 (Pre-teen),6.07,0
9,Female,0.0,Smartphone,False,0.5,,Urban,8-12 (Pre-teen),0.0,0
16,Male,6.35,Smartphone,True,0.37,"Poor Sleep, Eye Strain",Rural,13-17 (Teen),6.35,1
14,Female,3.78,Tablet,True,0.4,,Urban,13-17 (Teen),3.78,0
18,Male,4.93,Tablet,True,0.47,,Rural,18-29 (Young Adult),4.93,0
10,Male,7.65,TV,True,0.57,,Rural,8-12 (Pre-teen),7.65,0
10,Male,2.64,TV,True,0.45,,Urban,8-12 (Pre-teen),2.64,0
14,Female,4.52,Laptop,True,0.45,Eye Strain,Urban,13-17 (Teen),4.52,0
12,Male,5.02,Smartphone,True,0.41,"Poor Sleep, Anxiety, Obesity Risk",Urban,8-12 (Pre-teen),5.02,1
17,Male,3.94,TV,True,0.42,Eye Strain,Rural,13-17 (Teen),3.94,0
13,Male,4.0,TV,True,0.46,Poor Sleep,Urban,13-17 (Teen),4.0,1
15,Female,3.95,Laptop,True,0.42,"Poor Sleep, Eye Strain, Anxiety",Urban,13-17 (Teen),3.95,1
16,Female,4.97,TV,True,0.38,"Poor Sleep, Anxiety",Urban,13-17 (Teen),4.97,1
8,Female,2.88,TV,True,0.43,,Rural,8-12 (Pre-teen),2.88,0
10,Male,5.77,Smartphone,True,0.56,Poor Sleep,Urban,8-12 (Pre-teen),5.77,1
18,Female,5.01,TV,True,0.45,Poor Sleep,Urban,18-29 (Young Adult),5.01,1
14,Female,4.94,Smartphone,True,0.43,"Poor Sleep, Obesity Risk",Urban,13-17 (Teen),4.94,1
13,Male,4.64,Smartphone,True,0.5,Poor Sleep,Rural,13-17 (Teen),4.64,1
14,Male,4.56,Laptop,True,0.5,Poor Sleep,Rural,13-17 (Teen),4.56,1
15,Male,4.04,Laptop,True,0.37,Poor Sleep,Urban,13-17 (Teen),4.04,1
13,Female,4.54,Smartphone,True,0.46,"Poor Sleep, Eye Strain, Obesity Risk",Urban,13-17 (Teen),4.54,1
10,Female,1.91,TV,False,0.54,,Rural,8-12 (Pre-teen),1.91,0
9,Female,6.62,Tablet,True,0.46,Poor Sleep,Urban,8-12 (Pre-teen),6.62,1
14,Female,5.89,TV,True,0.32,"Poor Sleep, Anxiety",Urban,13-17 (Teen),5.89,1
18,Male,4.87,TV,True,0.43,Anxiety,Urban,18-29 (Young Adult),4.87,0
8,Female,2.67,TV,True,0.58,,Urban,8-12 (Pre-teen),2.67,0
10,Female,0.0,TV,False,0.6,,Urban,8-12 (Pre-teen),0.0,0
18,Male,3.75,Laptop,True,0.31,"Eye Strain, Anxiety",Urban,18-29 (Young Adult),3.75,0
11,Male,4.92,Smartphone,True,0.43,Poor Sleep,Urban,8-12 (Pre-teen),4.92,1
8,Male,0.16,Smartphone,False,0.59,,Rural,8-12 (Pre-teen),0.16,0
12,Female,3.56,Tablet,True,0.32,Eye Strain,Rural,8-12 (Pre-teen),3.56,0
17,Female,4.63,Laptop,True,0.32,"Poor Sleep, Eye Strain",Rural,13-17 (Teen),4.63,1
10,Male,3.33,TV,True,0.55,Anxiety,Rural,8-12 (Pre-teen),3.33,0
9,Male,4.2,Tablet,True,0.57,Poor Sleep,Urban,8-12 (Pre-teen),4.2,1
10,Male,0.0,TV,False,0.44,,Urban,8-12 (Pre-teen),0.0,0
15,Female,3.77,Laptop,True,0.42,"Anxiety, Obesity Risk",Rural,13-17 (Teen),3.77,0
13,Male,4.23,TV,True,0.32,Anxiety,Urban,13-17 (Teen),4.23,0
14,Male,4.69,Smartphone,True,0.44,Obesity Risk,Urban,13-17 (Teen),4.69,0
13,Female,4.56,Tablet,True,0.32,"Poor Sleep, Eye Strain",Urban,13-17 (Teen),4.56,1
13,Male,6.08,Laptop,True,0.48,Obesity Risk,Urban,13-17 (Teen),6.08,0
10,Female,4.5,Tablet,True,0.44,"Poor Sleep, Anxiety, Obesity Risk",Urban,8-12 (Pre-teen),4.5,1
15,Male,2.31,Tablet,False,0.48,,Urban,13-17 (Teen),2.31,0
14,Female,3.89,Laptop,True,0.32,Eye Strain,Rural,13-17 (Teen),3.89,0
14,Male,3.97,Laptop,True,0.35,,Urban,13-17 (Teen),3.97,0
13,Female,3.88,TV,True,0.41,"Poor Sleep, Eye Strain",Urban,13-17 (Teen),3.88,1
12,Male,4.91,Smartphone,True,0.46,"Poor Sleep, Eye Strain, Obesity Risk",Urban,8-12 (Pre-teen),4.91,1
17,Male,4.59,TV,True,0.4,,Urban,13-17 (Teen),4.59,0
15,Male,3.63,Smartphone,True,0.34,"Poor Sleep, Obesity Risk",Rural,13-17 (Teen),3.63,1
12,Male,3.36,Smartphone,True,0.41,"Poor Sleep, Eye Strain, Anxiety",Rural,8-12 (Pre-teen),3.36,1
16,Female,2.66,Laptop,False,0.45,,Rural,13-17 (Teen),2.66,0
16,Male,6.55,TV,True,0.31,Poor Sleep,Urban,13-17 (Teen),6.55,1
8,Male,6.76,Tablet,True,0.43,"Poor Sleep, Eye Strain",Urban,8-12 (Pre-teen),6.76,1
13,Female,5.33,Smartphone,True,0.39,"Poor Sleep, Anxiety",Urban,13-17 (Teen),5.33,1
14,Male,4.85,Smartphone,True,0.49,Poor Sleep,Rural,13-17 (Teen),4.85,1
10,Male,4.12,Smartphone,True,0.56,"Poor Sleep, Eye Strain",Rural,8-12 (Pre-teen),4.12,1
14,Female,6.21,Laptop,True,0.45,,Rural,13-17 (Teen),6.21,0
18,Male,5.05,Smartphone,True,0.48,"Poor Sleep, Eye Strain, Anxiety",Rural,18-29 (Young Adult),5.05,1
18,Female,5.36,Smartphone,True,0.32,"Poor Sleep, Obesity Risk",Urban,18-29 (Young Adult),5.36,1
14,Female,5.21,Laptop,True,0.44,"Poor Sleep, Anxiety",Urban,13-17 (Teen),5.21,1
18,Female,4.68,Smartphone,True,0.49,,Urban,18-29 (Young Adult),4.68,0
9,Male,1.8,Tablet,False,0.57,,Urban,8-12 (Pre-teen),1.8,0
14,Male,3.12,TV,True,0.47,Eye Strain,Rural,13-17 (Teen),3.12,0
8,Male,4.51,Smartphone,True,0.43,Poor Sleep,Urban,8-12 (Pre-teen),4.51,1
12,Male,4.83,Smartphone,True,0.32,Poor Sleep,Urban,8-12 (Pre-teen),4.83,1
16,Female,3.17,Smartphone,True,0.37,"Poor Sleep, Eye Strain, Obesity Risk",Urban,13-17 (Teen),3.17,1
14,Male,5.66,Smartphone,True,0.35,"Eye Strain, Anxiety",Urban,13-17 (Teen),5.66,0
14,Male,3.35,Smartphone,True,0.5,,Rural,13-17 (Teen),3.35,0
18,Female,4.67,Laptop,True,0.31,Poor Sleep,Urban,18-29 (Young Adult),4.67,1
9,Female,3.73,Smartphone,True,0.47,Anxiety,Rural,8-12 (Pre-teen),3.73,0
15,Male,4.95,TV,True,0.31,"Poor Sleep, Anxiety",Rural,13-17 (Teen),4.95,1
10,Male,5.51,TV,True,0.59,,Urban,8-12 (Pre-teen),5.51,0
15,Female,2.68,Tablet,False,0.36,,Rural,13-17 (Teen),2.68,0
10,Male,2.85,Smartphone,True,0.59,,Urban,8-12 (Pre-teen),2.85,0
17,Female,1.66,Smartphone,False,0.37,,Urban,13-17 (Teen),1.66,0
14,Female,4.56,Smartphone,True,0.36,"Poor Sleep, Anxiety, Obesity Risk",Urban,13-17 (Teen),4.56,1
9,Female,5.68,Smartphone,True,0.52,"Poor Sleep, Eye Strain, Anxiety",Urban,8-12 (Pre-teen),5.68,1
11,Male,6.98,TV,True,0.5,"Poor Sleep, Eye Strain",Rural,8-12 (Pre-teen),6.98,1
18,Female,4.79,Laptop,True,0.49,Poor Sleep,Urban,18-29 (Young Adult),4.79,1
13,Male,4.34,Smartphone,True,0.31,Poor Sleep,Urban,13-17 (Teen),4.34,1
18,Female,5.94,Laptop,True,0.43,"Poor Sleep, Obesity Risk",Urban,18-29 (Young Adult),5.94,1
16,Female,5.53,Tablet,True,0.42,,Rural,13-17 (Teen),5.53,0
12,Male,4.78,Smartphone,True,0.47,"Eye Strain, Obesity Risk",Urban,8-12 (Pre-teen),4.78,0
16,Male,4.96,Smartphone,True,0.5,"Eye Strain, Anxiety, Obesity Risk",Urban,13-17 (Teen),4.96,0
12,Female,3.36,Smartphone,True,0.3,"Poor Sleep, Eye Strain, Anxiety",Urban,8-12 (Pre-teen),3.36,1
17,Male,2.93,TV,False,0.47,,Rural,13-17 (Teen),2.93,0
15,Female,3.34,Smartphone,True,0.34,,Urban,13-17 (Teen),3.34,0
8,Female,3.33,Smartphone,True,0.52,"Poor Sleep, Anxiety",Rural,8-12 (Pre-teen),3.33,1
14,Male,4.03,TV,True,0.44,"Poor Sleep, Obesity Risk",Rural,13-17 (Teen),4.03,1
11,Female,3.1,Laptop,True,0.42,Poor Sleep,Urban,8-12 (Pre-teen),3.1,1
12,Male,4.93,Laptop,True,0.31,"Eye Strain, Anxiety",Urban,8-12 (Pre-teen),4.93,0
13,Female,4.72,Smartphone,True,0.5,"Poor Sleep, Anxiety",Rural,13-17 (Teen),4.72,1
12,Male,3.64,Smartphone,True,0.36,Poor Sleep,Rural,8-12 (Pre-teen),3.64,1
8,Male,8.52,Smartphone,True,0.51,,Urban,8-12 (Pre-teen),8.52,0
16,Female,5.52,Tablet,True,0.46,Poor Sleep,Urban,13-17 (Teen),5.52,1
9,Male,1.14,Smartphone,False,0.5,,Urban,8-12 (Pre-teen),1.14,0
16,Female,6.38,Tablet,True,0.33,"Anxiety, Obesity Risk",Rural,13-17 (Teen),6.38,0
17,Female,1.63,TV,False,0.5,,Rural,13-17 (Teen),1.63,0
9,Female,8.08,Smartphone,True,0.5,,Rural,8-12 (Pre-teen),8.08,0
16,Male,5.18,Smartphone,True,0.34,"Poor Sleep, Eye Strain",Rural,13-17 (Teen),5.18,1
13,Male,2.93,Laptop,False,0.45,,Urban,13-17 (Teen),2.93,0
18,Male,4.18,TV,True,0.33,"Anxiety, Obesity Risk",Urban,18-29 (Young Adult),4.18,0
16,Female,4.31,Tablet,True,0.41,Eye Strain,Rural,13-17 (Teen),4.31,0
13,Female,2.45,Laptop,False,0.32,,Urban,13-17 (Teen),2.45,0
13,Male,4.92,Laptop,True,0.4,"Poor Sleep, Anxiety",Urban,13-17 (Teen),4.92,1
18,Female,4.94,TV,True,0.36,Poor Sleep,Urban,18-29 (Young Adult),4.94,1
9,Male,3.24,Tablet,True,0.48,"Poor Sleep, Eye Strain",Urban,8-12 (Pre-teen),3.24,1
15,Male,5.04,Smartphone,True,0.47,"Poor Sleep, Eye Strain, Anxiety",Rural,13-17 (Teen),5.04,1
10,Male,5.35,TV,True,0.47,"Poor Sleep, Obesity Risk",Rural,8-12 (Pre-teen),5.35,1
14,Male,5.77,Smartphone,True,0.49,,Urban,13-17 (Teen),5.77,0
12,Female,5.63,Smartphone,True,0.45,"Poor Sleep, Obesity Risk",Urban,8-12 (Pre-teen),5.63,1
10,Male,4.93,Tablet,True,0.43,,Urban,8-12 (Pre-teen),4.93,0
8,Female,6.66,Tablet,True,0.41,,Urban,8-12 (Pre-teen),6.66,0
15,Female,4.46,Smartphone,True,0.35,"Poor Sleep, Eye Strain",Urban,13-17 (Teen),4.46,1
10,Female,5.82,Smartphone,True,0.53,"Poor Sleep, Eye Strain",Rural,8-12 (Pre-teen),5.82,1
8,Male,4.04,TV,True,0.41,"Poor Sleep, Anxiety",Rural,8-12 (Pre-teen),4.04,1
11,Female,4.31,Smartphone,True,0.45,Eye Strain,Urban,8-12 (Pre-teen),4.31,0
15,Female,2.94,Smartphone,False,0.32,,Urban,13-17 (Teen),2.94,0
10,Male,7.08,TV,True,0.46,"Poor Sleep, Anxiety",Urban,8-12 (Pre-teen),7.08,1
8,Female,7.35,Smartphone,True,0.52,"Poor Sleep, Obesity Risk",Rural,8-12 (Pre-teen),7.35,1
11,Male,4.43,Laptop,True,0.43,"Poor Sleep, Eye Strain",Rural,8-12 (Pre-teen),4.43,1
16,Female,5.17,TV,True,0.38,"Eye Strain, Anxiety",Rural,13-17 (Teen),5.17,0
8,Male,7.01,Smartphone,True,0.53,"Poor Sleep, Anxiety",Urban,8-12 (Pre-teen),7.01,1
18,Male,2.85,Smartphone,False,0.39,,Urban,18-29 (Young Adult),2.85,0
9,Male,6.1,Smartphone,True,0.6,,Urban,8-12 (Pre-teen),6.1,0
16,Female,5.22,Smartphone,True,0.49,Eye Strain,Urban,13-17 (Teen),5.22,0
9,Male,1.12,TV,False,0.43,,Rural,8-12 (Pre-teen),1.12,0
10,Male,1.6,Tablet,False,0.44,,Urban,8-12 (Pre-teen),1.6,0
14,Male,4.83,Smartphone,True,0.45,"Poor Sleep, Obesity Risk",Urban,13-17 (Teen),4.83,1
10,Female,2.78,TV,True,0.49,,Urban,8-12 (Pre-teen),2.78,0
16,Male,6.41,Smartphone,True,0.46,,Urban,13-17 (Teen),6.41,0
13,Male,6.3,Laptop,True,0.47,"Poor Sleep, Eye Strain",Urban,13-17 (Teen),6.3,1
10,Female,2.17,Tablet,True,0.52,,Urban,8-12 (Pre-teen),2.17,0
16,Female,4.01,Smartphone,True,0.35,,Urban,13-17 (Teen),4.01,0
8,Female,6.13,Smartphone,True,0.59,Eye Strain,Urban,8-12 (Pre-teen),6.13,0
17,Male,4.31,Smartphone,True,0.48,Poor Sleep,Urban,13-17 (Teen),4.31,1
10,Female,5.11,Smartphone,True,0.54,"Poor Sleep, Anxiety",Urban,8-12 (Pre-teen),5.11,1
8,Female,2.93,Smartphone,True,0.49,,Urban,8-12 (Pre-teen),2.93,0
9,Female,2.11,TV,True,0.45,,Urban,8-12 (Pre-teen),2.11,0
15,Male,5.5,TV,True,0.34,,Rural,13-17 (Teen),5.5,0
14,Female,5.09,TV,True,0.5,"Poor Sleep, Obesity Risk",Urban,13-17 (Teen),5.09,1
9,Female,6.81,TV,True,0.55,"Poor Sleep, Eye Strain",Urban,8-12 (Pre-teen),6.81,1
9,Male,3.82,TV,True,0.59,"Poor Sleep, Eye Strain, Anxiety",Rural,8-12 (Pre-teen),3.82,1
16,Male,3.28,Laptop,True,0.31,Anxiety,Urban,13-17 (Teen),3.28,0
13,Male,4.52,Smartphone,True,0.48,Poor Sleep,Urban,13-17 (Teen),4.52,1
12,Male,5.9,Laptop,True,0.43,,Rural,8-12 (Pre-teen),5.9,0
17,Female,6.11,Smartphone,True,0.37,,Rural,13-17 (Teen),6.11,0
13,Female,5.22,Smartphone,True,0.41,"Poor Sleep, Anxiety, Obesity Risk",Urban,13-17 (Teen),5.22,1
16,Male,3.04,Smartphone,True,0.33,"Poor Sleep, Eye Strain, Obesity Risk",Urban,13-17 (Teen),3.04,1
18,Male,4.04,Smartphone,True,0.37,"Poor Sleep, Eye Strain, Obesity Risk",Rural,18-29 (Young Adult),4.04,1
14,Female,4.51,Smartphone,True,0.4,"Poor Sleep, Eye Strain",Urban,13-17 (Teen),4.51,1
17,Female,4.26,TV,True,0.43,,Urban,13-17 (Teen),4.26,0
17,Female,3.28,Laptop,True,0.47,,Urban,13-17 (Teen),3.28,0
16,Male,3.73,Smartphone,True,0.34,Poor Sleep,Urban,13-17 (Teen),3.73,1
11,Female,3.8,Laptop,True,0.48,Poor Sleep,Rural,8-12 (Pre-teen),3.8,1
9,Male,1.15,TV,False,0.41,,Urban,8-12 (Pre-teen),1.15,0
15,Female,4.5,Smartphone,True,0.43,"Poor Sleep, Eye Strain",Urban,13-17 (Teen),4.5,1
11,Male,5.53,Smartphone,True,0.42,"Poor Sleep, Anxiety",Urban,8-12 (Pre-teen),5.53,1
16,Female,3.58,Smartphone,True,0.49,Obesity Risk,Urban,13-17 (Teen),3.58,0
11,Male,6.67,Smartphone,True,0.42,"Eye Strain, Anxiety",Rural,8-12 (Pre-teen),6.67,0
15,Female,5.25,TV,True,0.4,Poor Sleep,Urban,13-17 (Teen),5.25,1
16,Female,5.9,Laptop,True,0.46,"Poor Sleep, Eye Strain",Urban,13-17 (Teen),5.9,1
16,Male,3.68,Smartphone,True,0.43,,Urban,13-17 (Teen),3.68,0
17,Male,4.23,Smartphone,True,0.46,Poor Sleep,Urban,13-17 (Teen),4.23,1
11,Female,4.94,Smartphone,True,0.35,"Poor Sleep, Eye Strain",Urban,8-12 (Pre-teen),4.94,1
8,Male,5.02,Tablet,True,0.56,Eye Strain,Rural,8-12 (Pre-teen),5.02,0
10,Female,11.33,Smartphone,True,0.44,Poor Sleep,Urban,8-12 (Pre-teen),11.33,1
16,Male,5.87,TV,True,0.4,,Urban,13-17 (Teen),5.87,0
11,Female,5.63,Tablet,True,0.37,Poor Sleep,Rural,8-12 (Pre-teen),5.63,1
12,Female,5.92,Laptop,True,0.44,"Poor Sleep, Anxiety",Urban,8-12 (Pre-teen),5.92,1
14,Male,4.18,Smartphone,True,0.37,Poor Sleep,Rural,13-17 (Teen),4.18,1
12,Female,4.5,TV,True,0.35,Anxiety,Urban,8-12 (Pre-teen),4.5,0
11,Female,4.52,Laptop,True,0.44,,Urban,8-12 (Pre-teen),4.52,0
9,Female,3.26,TV,True,0.45,Poor Sleep,Rural,8-12 (Pre-teen),3.26,1
9,Male,8.84,TV,True,0.46,Poor Sleep,Rural,8-12 (Pre-teen),8.84,1
11,Female,7.13,Smartphone,True,0.44,Eye Strain,Rural,8-12 (Pre-teen),7.13,0
17,Female,5.26,Laptop,True,0.32,,Urban,13-17 (Teen),5.26,0
17,Female,4.91,Laptop,True,0.31,Obesity Risk,Urban,13-17 (Teen),4.91,0
16,Male,5.18,TV,True,0.45,"Poor Sleep, Eye Strain, Anxiety",Urban,13-17 (Teen),5.18,1
15,Male,4.46,Smartphone,True,0.4,,Urban,13-17 (Teen),4.46,0
10,Female,0.0,Smartphone,False,0.53,,Urban,8-12 (Pre-teen),0.0,0
16,Female,4.6,Laptop,True,0.38,Poor Sleep,Rural,13-17 (Teen),4.6,1
12,Female,4.88,Smartphone,True,0.44,Eye Strain,Urban,8-12 (Pre-teen),4.88,0
18,Male,5.68,Laptop,True,0.41,,Urban,18-29 (Young Adult),5.68,0
10,Female,0.0,TV,False,0.56,,Urban,8-12 (Pre-teen),0.0,0
12,Male,4.03,Smartphone,True,0.4,"Poor Sleep, Eye Strain",Urban,8-12 (Pre-teen),4.03,1
17,Male,5.59,TV,True,0.31,Poor Sleep,Urban,13-17 (Teen),5.59,1
11,Female,5.05,Laptop,True,0.48,Poor Sleep,Urban,8-12 (Pre-teen),5.05,1
15,Male,2.58,Smartphone,False,0.39,,Urban,13-17 (Teen),2.58,0
12,Female,4.44,Smartphone,True,0.41,"Poor Sleep, Eye Strain",Urban,8-12 (Pre-teen),4.44,1
17,Female,6.11,Smartphone,True,0.38,Eye Strain,Urban,13-17 (Teen),6.11,0
15,Male,3.63,TV,True,0.37,Obesity Risk,Urban,13-17 (Teen),3.63,0
16,Male,3.44,Laptop,True,0.31,Poor Sleep,Rural,13-17 (Teen),3.44,1
11,Female,4.67,TV,True,0.47,Poor Sleep,Rural,8-12 (Pre-teen),4.67,1
14,Male,4.63,TV,True,0.36,,Rural,13-17 (Teen),4.63,0
9,Male,3.83,Smartphone,True,0.57,"Poor Sleep, Anxiety",Urban,8-12 (Pre-teen),3.83,1
13,Female,3.21,Smartphone,True,0.49,"Poor Sleep, Anxiety",Rural,13-17 (Teen),3.21,1
15,Male,3.8,Smartphone,True,0.34,"Poor Sleep, Eye Strain",Urban,13-17 (Teen),3.8,1
14,Male,2.9,TV,False,0.43,,Urban,13-17 (Teen),2.9,0
14,Female,5.16,TV,True,0.48,Poor Sleep,Rural,13-17 (Teen),5.16,1
15,Female,5.21,TV,True,0.38,,Urban,13-17 (Teen),5.21,0
14,Male,6.4,Laptop,True,0.5,"Poor Sleep, Eye Strain",Urban,13-17 (Teen),6.4,1
12,Female,4.05,Smartphone,True,0.47,Poor Sleep,Rural,8-12 (Pre-teen),4.05,1
14,Female,5.46,Smartphone,True,0.36,"Poor Sleep, Obesity Risk",Urban,13-17 (Teen),5.46,1
17,Male,4.06,TV,True,0.45,"Poor Sleep, Anxiety",Rural,13-17 (Teen),4.06,1
10,Female,2.77,TV,True,0.42,,Rural,8-12 (Pre-teen),2.77,0
12,Female,5.41,Smartphone,True,0.5,Poor Sleep,Rural,8-12 (Pre-teen),5.41,1
14,Female,4.9,Tablet,True,0.36,,Urban,13-17 (Teen),4.9,0
16,Female,6.59,Smartphone,True,0.33,,Urban,13-17 (Teen),6.59,0
9,Female,3.45,Smartphone,True,0.5,"Poor Sleep, Eye Strain, Obesity Risk",Urban,8-12 (Pre-teen),3.45,1
11,Female,6.46,Tablet,True,0.38,"Poor Sleep, Anxiety",Urban,8-12 (Pre-teen),6.46,1
14,Male,6.31,Smartphone,True,0.41,"Poor Sleep, Eye Strain",Urban,13-17 (Teen),6.31,1
8,Male,4.15,TV,True,0.46,Poor Sleep,Rural,8-12 (Pre-teen),4.15,1
9,Male,6.82,Smartphone,True,0.47,"Poor Sleep, Eye Strain, Obesity Risk",Urban,8-12 (Pre-teen),6.82,1
16,Male,3.64,TV,True,0.49,,Urban,13-17 (Teen),3.64,0
17,Female,4.21,TV,True,0.37,Poor Sleep,Urban,13-17 (Teen),4.21,1
14,Male,3.82,Laptop,True,0.45,,Urban,13-17 (Teen),3.82,0
17,Male,4.47,Smartphone,True,0.36,Eye Strain,Rural,13-17 (Teen),4.47,0
14,Female,5.96,TV,True,0.49,Poor Sleep,Urban,13-17 (Teen),5.96,1
13,Female,5.06,Tablet,True,0.45,,Rural,13-17 (Teen),5.06,0
10,Male,5.86,TV,True,0.6,"Poor Sleep, Eye Strain, Anxiety",Urban,8-12 (Pre-teen),5.86,1
17,Male,5.4,Laptop,True,0.44,Poor Sleep,Urban,13-17 (Teen),5.4,1
10,Male,5.88,Tablet,True,0.6,Poor Sleep,Urban,8-12 (Pre-teen),5.88,1
9,Male,4.62,Tablet,True,0.5,Anxiety,Rural,8-12 (Pre-teen),4.62,0
18,Female,4.61,Laptop,True,0.36,,Urban,18-29 (Young Adult),4.61,0
13,Female,4.56,Laptop,True,0.36,Poor Sleep,Urban,13-17 (Teen),4.56,1
11,Female,2.85,Tablet,False,0.42,,Rural,8-12 (Pre-teen),2.85,0
12,Male,5.32,Smartphone,True,0.38,,Urban,8-12 (Pre-teen),5.32,0
10,Female,6.03,TV,True,0.55,Poor Sleep,Rural,8-12 (Pre-teen),6.03,1
13,Female,1.78,Smartphone,False,0.48,,Urban,13-17 (Teen),1.78,0
18,Male,4.83,Laptop,True,0.33,"Poor Sleep, Eye Strain",Rural,18-29 (Young Adult),4.83,1
10,Male,3.77,TV,True,0.47,Anxiety,Urban,8-12 (Pre-teen),3.77,0
15,Male,3.94,Laptop,True,0.32,,Urban,13-17 (Teen),3.94,0
16,Male,4.9,TV,True,0.38,Poor Sleep,Urban,13-17 (Teen),4.9,1
11,Female,4.25,Smartphone,True,0.34,Poor Sleep,Rural,8-12 (Pre-teen),4.25,1
16,Female,5.57,Smartphone,True,0.35,Poor Sleep,Urban,13-17 (Teen),5.57,1
14,Female,4.31,TV,True,0.36,Poor Sleep,Urban,13-17 (Teen),4.31,1
10,Female,2.93,TV,True,0.58,,Urban,8-12 (Pre-teen),2.93,0
14,Male,3.01,Laptop,True,0.38,Anxiety,Urban,13-17 (Teen),3.01,0
8,Female,0.0,Smartphone,False,0.51,,Urban,8-12 (Pre-teen),0.0,0
10,Male,8.2,Tablet,True,0.55,Poor Sleep,Urban,8-12 (Pre-teen),8.2,1
13,Female,3.93,Smartphone,True,0.36,"Poor Sleep, Anxiety",Rural,13-17 (Teen),3.93,1
11,Female,5.06,Smartphone,True,0.43,"Poor Sleep, Anxiety",Rural,8-12 (Pre-teen),5.06,1
14,Male,6.06,Smartphone,True,0.43,"Poor Sleep, Obesity Risk",Rural,13-17 (Teen),6.06,1
10,Female,1.99,TV,False,0.51,,Urban,8-12 (Pre-teen),1.99,0
8,Male,0.17,Tablet,False,0.42,,Urban,8-12 (Pre-teen),0.17,0
16,Male,5.08,TV,True,0.38,Anxiety,Urban,13-17 (Teen),5.08,0
13,Male,2.77,Laptop,False,0.35,,Rural,13-17 (Teen),2.77,0
15,Female,2.2,Smartphone,False,0.42,,Rural,13-17 (Teen),2.2,0
10,Female,3.87,TV,True,0.47,Anxiety,Urban,8-12 (Pre-teen),3.87,0
15,Male,4.71,Smartphone,True,0.35,"Poor Sleep, Eye Strain",Urban,13-17 (Teen),4.71,1
9,Female,4.03,Smartphone,True,0.56,"Poor Sleep, Anxiety, Obesity Risk",Rural,8-12 (Pre-teen),4.03,1
11,Female,4.7,Smartphone,True,0.46,,Urban,8-12 (Pre-teen),4.7,0
10,Female,0.0,Smartphone,False,0.52,,Urban,8-12 (Pre-teen),0.0,0
17,Male,5.11,TV,True,0.37,"Poor Sleep, Eye Strain",Urban,13-17 (Teen),5.11,1
8,Male,3.35,TV,True,0.49,Eye Strain,Urban,8-12 (Pre-teen),3.35,0
14,Female,4.03,Laptop,True,0.33,Poor Sleep,Urban,13-17 (Teen),4.03,1
18,Female,5.7,Laptop,True,0.42,,Urban,18-29 (Young Adult),5.7,0
17,Male,4.71,TV,True,0.34,"Poor Sleep, Eye Strain, Obesity Risk",Urban,13-17 (Teen),4.71,1
9,Male,7.61,TV,True,0.59,,Urban,8-12 (Pre-teen),7.61,0
11,Male,4.21,Smartphone,True,0.44,"Poor Sleep, Eye Strain",Urban,8-12 (Pre-teen),4.21,1
16,Female,3.84,Laptop,True,0.41,Poor Sleep,Urban,13-17 (Teen),3.84,1
13,Female,2.65,Smartphone,False,0.49,,Urban,13-17 (Teen),2.65,0
15,Male,3.58,Laptop,True,0.4,"Poor Sleep, Eye Strain, Anxiety",Urban,13-17 (Teen),3.58,1
9,Male,1.52,TV,False,0.5,,Urban,8-12 (Pre-teen),1.52,0
14,Female,4.96,Laptop,True,0.41,Poor Sleep,Urban,13-17 (Teen),4.96,1
13,Female,5.56,TV,True,0.41,"Poor Sleep, Anxiety",Urban,13-17 (Teen),5.56,1
16,Male,5.07,Smartphone,True,0.31,"Poor Sleep, Anxiety",Urban,13-17 (Teen),5.07,1
14,Female,4.6,Laptop,True,0.46,"Poor Sleep, Anxiety",Urban,13-17 (Teen),4.6,1
8,Male,0.0,TV,False,0.4,,Rural,8-12 (Pre-teen),0.0,0
15,Male,3.38,Smartphone,True,0.47,"Poor Sleep, Eye Strain",Urban,13-17 (Teen),3.38,1
18,Male,4.86,Smartphone,True,0.33,Eye Strain,Urban,18-29 (Young Adult),4.86,0
17,Female,3.54,Laptop,True,0.47,Eye Strain,Urban,13-17 (Teen),3.54,0
10,Male,3.24,Smartphone,True,0.47,Poor Sleep,Urban,8-12 (Pre-teen),3.24,1
9,Male,2.49,Tablet,True,0.48,,Rural,8-12 (Pre-teen),2.49,0
10,Female,3.0,Tablet,True,0.53,,Urban,8-12 (Pre-teen),3.0,0
18,Female,5.14,TV,True,0.5,"Poor Sleep, Anxiety",Rural,18-29 (Young Adult),5.14,1
13,Male,3.59,TV,True,0.41,"Poor Sleep, Anxiety",Urban,13-17 (Teen),3.59,1
10,Male,3.68,Smartphone,True,0.59,"Eye Strain, Anxiety",Urban,8-12 (Pre-teen),3.68,0
17,Male,4.38,TV,True,0.33,Eye Strain,Urban,13-17 (Teen),4.38,0
12,Female,5.65,Smartphone,True,0.43,"Poor Sleep, Obesity Risk",Urban,8-12 (Pre-teen),5.65,1
13,Female,5.62,Laptop,True,0.35,"Poor Sleep, Eye Strain",Rural,13-17 (Teen),5.62,1
15,Female,1.43,Laptop,False,0.47,,Rural,13-17 (Teen),1.43,0
14,Male,5.16,TV,True,0.33,,Urban,13-17 (Teen),5.16,0
18,Male,6.22,Smartphone,True,0.39,Anxiety,Rural,18-29 (Young Adult),6.22,0
15,Female,5.24,TV,True,0.49,,Urban,13-17 (Teen),5.24,0
10,Female,6.77,Smartphone,True,0.58,,Rural,8-12 (Pre-teen),6.77,0
11,Female,4.15,Tablet,True,0.34,"Poor Sleep, Eye Strain, Obesity Risk",Urban,8-12 (Pre-teen),4.15,1
13,Male,4.34,TV,True,0.3,Poor Sleep,Urban,13-17 (Teen),4.34,1
18,Female,3.63,Smartphone,True,0.37,Eye Strain,Urban,18-29 (Young Adult),3.63,0
14,Male,5.74,TV,True,0.49,Eye Strain,Rural,13-17 (Teen),5.74,0
16,Female,5.9,TV,True,0.37,"Poor Sleep, Eye Strain",Urban,13-17 (Teen),5.9,1
8,Male,2.38,TV,True,0.43,,Rural,8-12 (Pre-teen),2.38,0
15,Male,5.78,Laptop,True,0.48,,Urban,13-17 (Teen),5.78,0
15,Male,5.15,Smartphone,True,0.37,Poor Sleep,Urban,13-17 (Teen),5.15,1
13,Male,3.56,Smartphone,True,0.45,Poor Sleep,Urban,13-17 (Teen),3.56,1
11,Female,6.02,Smartphone,True,0.45,Poor Sleep,Rural,8-12 (Pre-teen),6.02,1
10,Male,0.85,Tablet,False,0.48,,Urban,8-12 (Pre-teen),0.85,0
18,Male,5.52,Smartphone,True,0.36,,Urban,18-29 (Young Adult),5.52,0
10,Female,2.04,TV,True,0.51,,Urban,8-12 (Pre-teen),2.04,0
13,Female,5.08,Tablet,True,0.46,,Urban,13-17 (Teen),5.08,0
15,Female,4.86,Laptop,True,0.46,Poor Sleep,Urban,13-17 (Teen),4.86,1
14,Male,5.8,Smartphone,True,0.33,Poor Sleep,Urban,13-17 (Teen),5.8,1
18,Male,3.61,TV,True,0.43,"Eye Strain, Anxiety",Urban,18-29 (Young Adult),3.61,0
8,Male,5.0,TV,True,0.41,Anxiety,Rural,8-12 (Pre-teen),5.0,0
18,Male,4.34,TV,True,0.37,"Poor Sleep, Obesity Risk",Rural,18-29 (Young Adult),4.34,1
13,Female,2.16,TV,False,0.4,,Urban,13-17 (Teen),2.16,0
14,Male,4.19,Smartphone,True,0.3,Anxiety,Urban,13-17 (Teen),4.19,0
14,Male,2.3,Laptop,False,0.47,,Urban,13-17 (Teen),2.3,0
16,Female,4.49,TV,True,0.46,Poor Sleep,Urban,13-17 (Teen),4.49,1
18,Male,3.91,Smartphone,True,0.49,"Poor Sleep, Obesity Risk",Rural,18-29 (Young Adult),3.91,1
18,Female,6.86,Laptop,True,0.31,"Poor Sleep, Anxiety, Obesity Risk",Urban,18-29 (Young Adult),6.86,1
17,Male,4.42,TV,True,0.37,Poor Sleep,Urban,13-17 (Teen),4.42,1
12,Male,4.03,TV,True,0.44,"Poor Sleep, Eye Strain",Urban,8-12 (Pre-teen),4.03,1
8,Male,7.65,Smartphone,True,0.4,"Poor Sleep, Eye Strain, Obesity Risk",Urban,8-12 (Pre-teen),7.65,1
9,Male,0.0,Smartphone,False,0.57,,Rural,8-12 (Pre-teen),0.0,0
11,Male,5.21,Laptop,True,0.3,Obesity Risk,Urban,8-12 (Pre-teen),5.21,0
12,Male,3.42,Smartphone,True,0.47,Poor Sleep,Urban,8-12 (Pre-teen),3.42,1
16,Female,4.31,Smartphone,True,0.38,,Urban,13-17 (Teen),4.31,0
18,Female,4.54,Laptop,True,0.37,Poor Sleep,Urban,18-29 (Young Adult),4.54,1
8,Female,6.73,Tablet,True,0.55,Anxiety,Urban,8-12 (Pre-teen),6.73,0
10,Female,1.88,Tablet,False,0.59,,Urban,8-12 (Pre-teen),1.88,0
12,Male,4.62,Smartphone,True,0.31,Anxiety,Rural,8-12 (Pre-teen),4.62,0
10,Male,3.43,TV,True,0.53,,Urban,8-12 (Pre-teen),3.43,0
11,Male,4.73,Tablet,True,0.42,"Poor Sleep, Eye Strain",Rural,8-12 (Pre-teen),4.73,1
10,Male,3.63,TV,True,0.55,"Poor Sleep, Anxiety",Urban,8-12 (Pre-teen),3.63,1
11,Male,4.7,Smartphone,True,0.32,Eye Strain,Urban,8-12 (Pre-teen),4.7,0
8,Male,6.59,Smartphone,True,0.47,Anxiety,Rural,8-12 (Pre-teen),6.59,0
15,Female,3.57,Laptop,True,0.31,"Poor Sleep, Eye Strain",Urban,13-17 (Teen),3.57,1
11,Female,1.62,Laptop,False,0.4,,Urban,8-12 (Pre-teen),1.62,0
14,Male,5.58,Laptop,True,0.37,Poor Sleep,Rural,13-17 (Teen),5.58,1
9,Male,0.0,Tablet,False,0.58,,Urban,8-12 (Pre-teen),0.0,0
9,Female,4.17,Tablet,True,0.44,,Urban,8-12 (Pre-teen),4.17,0
13,Female,4.97,Tablet,True,0.38,,Rural,13-17 (Teen),4.97,0
9,Female,8.68,TV,True,0.41,"Eye Strain, Anxiety",Urban,8-12 (Pre-teen),8.68,0
13,Male,4.64,Smartphone,True,0.36,"Poor Sleep, Eye Strain, Obesity Risk",Rural,13-17 (Teen),4.64,1
18,Male,5.96,Smartphone,True,0.37,Eye Strain,Urban,18-29 (Young Adult),5.96,0
9,Male,1.01,Smartphone,False,0.59,,Urban,8-12 (Pre-teen),1.01,0
11,Female,4.11,Smartphone,True,0.4,"Poor Sleep, Eye Strain, Obesity Risk",Urban,8-12 (Pre-teen),4.11,1
14,Male,3.4,Smartphone,True,0.37,,Urban,13-17 (Teen),3.4,0
15,Female,4.42,Smartphone,True,0.43,,Rural,13-17 (Teen),4.42,0
10,Male,4.66,TV,True,0.41,"Poor Sleep, Eye Strain",Urban,8-12 (Pre-teen),4.66,1
16,Male,3.06,Laptop,True,0.5,Poor Sleep,Urban,13-17 (Teen),3.06,1
9,Female,4.97,TV,True,0.58,Poor Sleep,Urban,8-12 (Pre-teen),4.97,1
15,Female,4.59,Laptop,True,0.41,"Eye Strain, Anxiety, Obesity Risk",Urban,13-17 (Teen),4.59,0
15,Male,4.75,Tablet,True,0.49,"Eye Strain, Anxiety",Urban,13-17 (Teen),4.75,0
11,Female,4.44,Laptop,True,0.46,,Urban,8-12 (Pre-teen),4.44,0
8,Male,6.95,TV,True,0.4,Poor Sleep,Rural,8-12 (Pre-teen),6.95,1
8,Male,2.44,TV,True,0.54,,Urban,8-12 (Pre-teen),2.44,0
9,Male,5.73,TV,True,0.48,Poor Sleep,Urban,8-12 (Pre-teen),5.73,1
16,Male,5.19,TV,True,0.47,Eye Strain,Urban,13-17 (Teen),5.19,0
9,Female,2.61,TV,True,0.56,,Urban,8-12 (Pre-teen),2.61,0
9,Male,2.03,Smartphone,True,0.4,,Urban,8-12 (Pre-teen),2.03,0
13,Male,5.13,Laptop,True,0.33,Poor Sleep,Urban,13-17 (Teen),5.13,1
14,Male,4.54,Laptop,True,0.42,"Anxiety, Obesity Risk",Rural,13-17 (Teen),4.54,0
14,Male,6.51,Smartphone,True,0.33,Poor Sleep,Urban,13-17 (Teen),6.51,1
16,Female,3.41,Laptop,True,0.49,"Poor Sleep, Anxiety",Urban,13-17 (Teen),3.41,1
13,Male,5.42,Laptop,True,0.38,Poor Sleep,Urban,13-17 (Teen),5.42,1
15,Male,4.83,Smartphone,True,0.45,Poor Sleep,Urban,13-17 (Teen),4.83,1
18,Male,3.69,Smartphone,True,0.49,Eye Strain,Urban,18-29 (Young Adult),3.69,0
13,Female,4.91,TV,True,0.32,"Poor Sleep, Anxiety",Urban,13-17 (Teen),4.91,1
8,Female,3.77,Smartphone,True,0.41,"Anxiety, Obesity Risk",Urban,8-12 (Pre-teen),3.77,0
12,Female,2.73,Smartphone,False,0.45,,Urban,8-12 (Pre-teen),2.73,0
16,Female,2.86,TV,False,0.45,,Urban,13-17 (Teen),2.86,0
15,Female,5.43,TV,True,0.35,Anxiety,Rural,13-17 (Teen),5.43,0
11,Female,5.23,Smartphone,True,0.32,"Poor Sleep, Eye Strain",Urban,8-12 (Pre-teen),5.23,1
12,Female,4.97,Smartphone,True,0.37,"Poor Sleep, Eye Strain",Urban,8-12 (Pre-teen),4.97,1
12,Male,1.46,Smartphone,False,0.36,,Urban,8-12 (Pre-teen),1.46,0
13,Female,6.35,Tablet,True,0.34,Poor Sleep,Rural,13-17 (Teen),6.35,1
10,Female,2.45,Smartphone,True,0.49,,Urban,8-12 (Pre-teen),2.45,0
12,Female,5.86,Tablet,True,0.36,"Poor Sleep, Obesity Risk",Urban,8-12 (Pre-teen),5.86,1
9,Female,0.11,Smartphone,False,0.59,,Urban,8-12 (Pre-teen),0.11,0
17,Male,6.8,Laptop,True,0.43,"Poor Sleep, Anxiety",Rural,13-17 (Teen),6.8,1
8,Female,4.18,Tablet,True,0.48,Poor Sleep,Rural,8-12 (Pre-teen),4.18,1
18,Male,2.5,Smartphone,False,0.44,,Urban,18-29 (Young Adult),2.5,0
8,Male,4.24,Smartphone,True,0.58,"Poor Sleep, Eye Strain",Urban,8-12 (Pre-teen),4.24,1
17,Male,6.3,Laptop,True,0.32,"Poor Sleep, Eye Strain",Urban,13-17 (Teen),6.3,1
14,Female,3.73,Laptop,True,0.5,"Poor Sleep, Obesity Risk",Urban,13-17 (Teen),3.73,1
9,Male,0.61,TV,False,0.45,,Urban,8-12 (Pre-teen),0.61,0
11,Female,5.91,Laptop,True,0.38,"Poor Sleep, Eye Strain",Rural,8-12 (Pre-teen),5.91,1
12,Female,4.77,Laptop,True,0.49,"Poor Sleep, Eye Strain",Rural,8-12 (Pre-teen),4.77,1
14,Male,3.54,Laptop,True,0.44,"Poor Sleep, Obesity Risk",Urban,13-17 (Teen),3.54,1
9,Female,6.11,TV,True,0.5,"Poor Sleep, Anxiety",Urban,8-12 (Pre-teen),6.11,1
13,Female,3.73,Laptop,True,0.4,Poor Sleep,Rural,13-17 (Teen),3.73,1
8,Male,2.99,Tablet,True,0.46,,Urban,8-12 (Pre-teen),2.99,0
14,Female,4.52,Smartphone,True,0.31,,Rural,13-17 (Teen),4.52,0
16,Female,4.95,Tablet,True,0.31,Obesity Risk,Rural,13-17 (Teen),4.95,0
12,Male,5.23,Smartphone,True,0.46,,Rural,8-12 (Pre-teen),5.23,0
12,Male,6.69,Smartphone,True,0.41,"Poor Sleep, Eye Strain",Urban,8-12 (Pre-teen),6.69,1
11,Female,4.79,Smartphone,True,0.43,"Poor Sleep, Obesity Risk",Urban,8-12 (Pre-teen),4.79,1
10,Female,5.42,TV,True,0.57,Eye Strain,Urban,8-12 (Pre-teen),5.42,0
16,Male,3.98,TV,True,0.42,"Poor Sleep, Eye Strain",Rural,13-17 (Teen),3.98,1
12,Female,4.03,Laptop,True,0.43,,Rural,8-12 (Pre-teen),4.03,0
15,Male,4.61,Tablet,True,0.42,Obesity Risk,Rural,13-17 (Teen),4.61,0
16,Female,7.04,Smartphone,True,0.37,Poor Sleep,Urban,13-17 (Teen),7.04,1
12,Male,4.26,Smartphone,True,0.39,Poor Sleep,Urban,8-12 (Pre-teen),4.26,1
17,Female,5.12,Smartphone,True,0.43,,Urban,13-17 (Teen),5.12,0
16,Male,3.72,TV,True,0.39,,Urban,13-17 (Teen),3.72,0
9,Male,3.81,Smartphone,True,0.43,Poor Sleep,Rural,8-12 (Pre-teen),3.81,1
16,Female,5.93,TV,True,0.35,Poor Sleep,Rural,13-17 (Teen),5.93,1
18,Male,3.54,Tablet,True,0.41,Poor Sleep,Urban,18-29 (Young Adult),3.54,1
11,Female,5.1,Smartphone,True,0.38,Poor Sleep,Rural,8-12 (Pre-teen),5.1,1
13,Male,5.41,Laptop,True,0.45,Poor Sleep,Urban,13-17 (Teen),5.41,1
13,Male,1.47,Laptop,False,0.49,,Urban,13-17 (Teen),1.47,0
13,Female,6.18,TV,True,0.38,Poor Sleep,Rural,13-17 (Teen),6.18,1
9,Female,4.82,Smartphone,True,0.55,Poor Sleep,Rural,8-12 (Pre-teen),4.82,1
14,Male,5.1,Smartphone,True,0.37,"Poor Sleep, Anxiety",Urban,13-17 (Teen),5.1,1
13,Male,5.88,Smartphone,True,0.46,Poor Sleep,Urban,13-17 (Teen),5.88,1
18,Male,3.75,Laptop,True,0.33,"Poor Sleep, Eye Strain, Obesity Risk",Urban,18-29 (Young Adult),3.75,1
8,Male,8.39,Smartphone,True,0.44,,Rural,8-12 (Pre-teen),8.39,0
9,Female,4.73,Tablet,True,0.54,"Poor Sleep, Eye Strain",Rural,8-12 (Pre-teen),4.73,1
14,Male,3.68,TV,True,0.44,,Urban,13-17 (Teen),3.68,0
8,Male,2.86,TV,True,0.5,,Urban,8-12 (Pre-teen),2.86,0
8,Male,1.25,Smartphone,False,0.5,,Rural,8-12 (Pre-teen),1.25,0
8,Female,6.58,TV,True,0.41,Poor Sleep,Urban,8-12 (Pre-teen),6.58,1
15,Female,3.7,Tablet,True,0.46,,Urban,13-17 (Teen),3.7,0
11,Female,5.54,Smartphone,True,0.34,Obesity Risk,Urban,8-12 (Pre-teen),5.54,0
11,Female,4.83,Smartphone,True,0.48,Eye Strain,Urban,8-12 (Pre-teen),4.83,0
9,Male,3.47,Smartphone,True,0.5,Poor Sleep,Rural,8-12 (Pre-teen),3.47,1
18,Female,5.24,Laptop,True,0.37,Poor Sleep,Rural,18-29 (Young Adult),5.24,1
18,Male,4.88,TV,True,0.37,Poor Sleep,Rural,18-29 (Young Adult),4.88,1
18,Male,4.23,Smartphone,True,0.44,,Urban,18-29 (Young Adult),4.23,0
8,Female,1.81,Smartphone,False,0.54,,Rural,8-12 (Pre-teen),1.81,0
17,Male,3.88,Smartphone,True,0.32,"Poor Sleep, Eye Strain, Anxiety",Urban,13-17 (Teen),3.88,1
16,Male,4.07,TV,True,0.45,Obesity Risk,Urban,13-17 (Teen),4.07,0
14,Female,5.46,Laptop,True,0.39,"Poor Sleep, Eye Strain",Urban,13-17 (Teen),5.46,1
11,Female,4.94,Laptop,True,0.47,Poor Sleep,Urban,8-12 (Pre-teen),4.94,1
13,Male,4.59,Laptop,True,0.35,,Rural,13-17 (Teen),4.59,0
9,Male,0.0,TV,False,0.48,,Urban,8-12 (Pre-teen),0.0,0
14,Female,3.49,Laptop,True,0.45,,Urban,13-17 (Teen),3.49,0
9,Male,5.66,Smartphone,True,0.58,,Urban,8-12 (Pre-teen),5.66,0
17,Male,3.35,Smartphone,True,0.38,,Urban,13-17 (Teen),3.35,0
15,Male,4.9,Smartphone,True,0.43,Poor Sleep,Urban,13-17 (Teen),4.9,1
15,Female,2.91,TV,False,0.37,,Urban,13-17 (Teen),2.91,0
8,Female,3.18,Tablet,True,0.43,"Poor Sleep, Anxiety",Urban,8-12 (Pre-teen),3.18,1
15,Male,4.02,Laptop,True,0.37,Poor Sleep,Rural,13-17 (Teen),4.02,1
9,Male,9.62,Tablet,True,0.52,"Eye Strain, Obesity Risk",Urban,8-12 (Pre-teen),9.62,0
13,Male,4.56,TV,True,0.44,"Poor Sleep, Eye Strain",Rural,13-17 (Teen),4.56,1
8,Male,6.85,Tablet,True,0.51,,Rural,8-12 (Pre-teen),6.85,0
12,Female,5.43,Laptop,True,0.31,"Poor Sleep, Anxiety, Obesity Risk",Rural,8-12 (Pre-teen),5.43,1
18,Female,5.83,Smartphone,True,0.44,Anxiety,Urban,18-29 (Young Adult),5.83,0
14,Male,4.24,Laptop,True,0.34,"Poor Sleep, Eye Strain, Obesity Risk",Urban,13-17 (Teen),4.24,1
17,Male,5.0,Laptop,True,0.42,"Eye Strain, Anxiety",Urban,13-17 (Teen),5.0,0
8,Male,2.75,Smartphone,True,0.57,,Urban,8-12 (Pre-teen),2.75,0
9,Female,3.57,Tablet,True,0.56,,Urban,8-12 (Pre-teen),3.57,0
14,Male,4.68,Smartphone,True,0.47,Poor Sleep,Rural,13-17 (Teen),4.68,1
13,Male,4.09,Tablet,True,0.48,"Poor Sleep, Eye Strain",Urban,13-17 (Teen),4.09,1
10,Female,5.36,Tablet,True,0.58,Poor Sleep,Urban,8-12 (Pre-teen),5.36,1
17,Female,4.93,Smartphone,True,0.49,Poor Sleep,Urban,13-17 (Teen),4.93,1
9,Male,3.55,Smartphone,True,0.42,Eye Strain,Urban,8-12 (Pre-teen),3.55,0
17,Female,3.45,Smartphone,True,0.39,Poor Sleep,Urban,13-17 (Teen),3.45,1
11,Male,3.55,Smartphone,True,0.4,"Poor Sleep, Eye Strain",Rural,8-12 (Pre-teen),3.55,1
10,Male,8.6,TV,True,0.55,"Poor Sleep, Eye Strain, Anxiety",Urban,8-12 (Pre-teen),8.6,1
14,Female,3.45,Tablet,True,0.44,Poor Sleep,Urban,13-17 (Teen),3.45,1
15,Male,3.81,Laptop,True,0.32,"Poor Sleep, Eye Strain",Urban,13-17 (Teen),3.81,1
9,Female,4.85,Tablet,True,0.51,,Rural,8-12 (Pre-teen),4.85,0
17,Male,4.31,Smartphone,True,0.45,Eye Strain,Urban,13-17 (Teen),4.31,0
14,Male,6.31,Smartphone,True,0.45,"Poor Sleep, Eye Strain",Urban,13-17 (Teen),6.31,1
15,Female,4.34,Smartphone,True,0.45,Poor Sleep,Rural,13-17 (Teen),4.34,1
13,Female,4.88,TV,True,0.39,,Urban,13-17 (Teen),4.88,0
13,Male,3.15,Smartphone,True,0.3,"Poor Sleep, Eye Strain, Anxiety",Urban,13-17 (Teen),3.15,1
17,Female,3.62,Smartphone,True,0.33,Eye Strain,Urban,13-17 (Teen),3.62,0
8,Female,5.9,Smartphone,True,0.54,,Urban,8-12 (Pre-teen),5.9,0
11,Male,3.63,Laptop,True,0.45,Poor Sleep,Urban,8-12 (Pre-teen),3.63,1
8,Female,2.69,TV,True,0.51,,Urban,8-12 (Pre-teen),2.69,0
11,Female,5.96,Smartphone,True,0.38,"Poor Sleep, Obesity Risk",Rural,8-12 (Pre-teen),5.96,1
9,Female,5.36,Smartphone,True,0.49,"Poor Sleep, Eye Strain, Obesity Risk",Rural,8-12 (Pre-teen),5.36,1
18,Male,6.41,TV,True,0.43,"Poor Sleep, Eye Strain",Urban,18-29 (Young Adult),6.41,1
12,Female,4.4,Laptop,True,0.45,"Poor Sleep, Obesity Risk",Urban,8-12 (Pre-teen),4.4,1
17,Male,3.87,Laptop,True,0.49,,Urban,13-17 (Teen),3.87,0
16,Male,4.06,Smartphone,True,0.33,Poor Sleep,Urban,13-17 (Teen),4.06,1
18,Male,2.5,TV,False,0.47,,Urban,18-29 (Young Adult),2.5,0
17,Male,2.98,Smartphone,False,0.45,,Urban,13-17 (Teen),2.98,0
10,Female,2.7,Smartphone,True,0.58,,Urban,8-12 (Pre-teen),2.7,0
15,Male,5.82,Laptop,True,0.47,"Eye Strain, Obesity Risk",Urban,13-17 (Teen),5.82,0
10,Female,2.5,Smartphone,True,0.48,,Urban,8-12 (Pre-teen),2.5,0
13,Male,4.69,Laptop,True,0.37,Anxiety,Urban,13-17 (Teen),4.69,0
11,Male,3.24,Smartphone,True,0.36,Poor Sleep,Rural,8-12 (Pre-teen),3.24,1
15,Female,5.13,Smartphone,True,0.31,"Eye Strain, Obesity Risk",Rural,13-17 (Teen),5.13,0
18,Female,4.84,TV,True,0.36,"Poor Sleep, Eye Strain",Rural,18-29 (Young Adult),4.84,1
13,Female,4.09,TV,True,0.34,Poor Sleep,Urban,13-17 (Teen),4.09,1
15,Female,0.99,Laptop,False,0.33,,Urban,13-17 (Teen),0.99,0
8,Female,3.49,Smartphone,True,0.55,Anxiety,Urban,8-12 (Pre-teen),3.49,0
13,Male,5.25,Smartphone,True,0.49,,Urban,13-17 (Teen),5.25,0
8,Female,1.48,Smartphone,False,0.47,,Rural,8-12 (Pre-teen),1.48,0
8,Male,3.81,TV,True,0.51,"Poor Sleep, Eye Strain, Anxiety",Urban,8-12 (Pre-teen),3.81,1
15,Female,3.79,TV,True,0.47,Eye Strain,Urban,13-17 (Teen),3.79,0
14,Male,4.77,Laptop,True,0.48,Anxiety,Urban,13-17 (Teen),4.77,0
10,Female,0.0,TV,False,0.5,,Rural,8-12 (Pre-teen),0.0,0
13,Female,3.37,Smartphone,True,0.43,"Poor Sleep, Eye Strain",Urban,13-17 (Teen),3.37,1
16,Female,5.39,Smartphone,True,0.41,"Poor Sleep, Obesity Risk",Urban,13-17 (Teen),5.39,1
14,Female,3.77,TV,True,0.47,Eye Strain,Urban,13-17 (Teen),3.77,0
10,Male,6.26,TV,True,0.47,"Poor Sleep, Eye Strain",Rural,8-12 (Pre-teen),6.26,1
13,Female,3.32,TV,True,0.44,,Urban,13-17 (Teen),3.32,0
18,Male,4.04,Smartphone,True,0.37,Poor Sleep,Urban,18-29 (Young Adult),4.04,1
11,Female,3.57,Tablet,True,0.37,Poor Sleep,Rural,8-12 (Pre-teen),3.57,1
10,Female,2.25,TV,True,0.58,,Rural,8-12 (Pre-teen),2.25,0
16,Male,7.81,TV,True,0.32,,Urban,13-17 (Teen),7.81,0
17,Male,4.06,Smartphone,True,0.44,"Poor Sleep, Eye Strain",Urban,13-17 (Teen),4.06,1
9,Female,3.22,Smartphone,True,0.47,,Rural,8-12 (Pre-teen),3.22,0
8,Female,3.74,TV,True,0.45,,Rural,8-12 (Pre-teen),3.74,0
9,Male,4.68,Smartphone,True,0.59,"Poor Sleep, Eye Strain, Obesity Risk",Urban,8-12 (Pre-teen),4.68,1
14,Female,5.27,Laptop,True,0.37,Poor Sleep,Urban,13-17 (Teen),5.27,1
17,Male,3.9,Tablet,True,0.4,,Urban,13-17 (Teen),3.9,0
8,Male,2.57,Smartphone,True,0.57,,Urban,8-12 (Pre-teen),2.57,0
13,Female,4.18,Tablet,True,0.38,Eye Strain,Urban,13-17 (Teen),4.18,0
14,Female,3.65,TV,True,0.41,Poor Sleep,Urban,13-17 (Teen),3.65,1
16,Male,3.87,TV,True,0.48,"Poor Sleep, Anxiety",Rural,13-17 (Teen),3.87,1
15,Female,4.54,Laptop,True,0.46,,Urban,13-17 (Teen),4.54,0
13,Male,0.94,Laptop,False,0.33,,Urban,13-17 (Teen),0.94,0
10,Male,3.99,TV,True,0.52,"Poor Sleep, Anxiety",Urban,8-12 (Pre-teen),3.99,1
15,Female,3.48,Smartphone,True,0.47,"Poor Sleep, Eye Strain",Urban,13-17 (Teen),3.48,1
14,Male,2.16,Laptop,False,0.31,,Urban,13-17 (Teen),2.16,0
10,Male,1.23,Smartphone,False,0.45,,Urban,8-12 (Pre-teen),1.23,0
16,Male,6.14,Tablet,True,0.37,,Urban,13-17 (Teen),6.14,0
9,Male,2.69,Smartphone,True,0.53,,Urban,8-12 (Pre-teen),2.69,0
10,Female,8.18,Smartphone,True,0.51,Poor Sleep,Urban,8-12 (Pre-teen),8.18,1
9,Female,2.35,Tablet,True,0.4,,Urban,8-12 (Pre-teen),2.35,0
8,Male,6.47,Smartphone,True,0.48,Poor Sleep,Rural,8-12 (Pre-teen),6.47,1
11,Female,5.45,Smartphone,True,0.42,,Urban,8-12 (Pre-teen),5.45,0
12,Male,5.56,Smartphone,True,0.36,,Urban,8-12 (Pre-teen),5.56,0
13,Female,3.97,Smartphone,True,0.33,"Poor Sleep, Eye Strain",Rural,13-17 (Teen),3.97,1
12,Male,2.3,Smartphone,False,0.47,,Urban,8-12 (Pre-teen),2.3,0
8,Male,7.94,Smartphone,True,0.47,"Poor Sleep, Eye Strain",Urban,8-12 (Pre-teen),7.94,1
10,Male,6.3,TV,True,0.6,"Poor Sleep, Eye Strain",Urban,8-12 (Pre-teen),6.3,1
8,Male,3.95,Smartphone,True,0.52,"Eye Strain, Obesity Risk",Urban,8-12 (Pre-teen),3.95,0
18,Male,3.61,Smartphone,True,0.42,"Poor Sleep, Eye Strain",Rural,18-29 (Young Adult),3.61,1
12,Female,5.23,Laptop,True,0.35,"Poor Sleep, Obesity Risk",Rural,8-12 (Pre-teen),5.23,1
12,Male,2.71,Smartphone,False,0.31,,Rural,8-12 (Pre-teen),2.71,0
18,Male,4.35,Laptop,True,0.32,"Poor Sleep, Eye Strain",Urban,18-29 (Young Adult),4.35,1
13,Female,5.43,Smartphone,True,0.37,"Poor Sleep, Anxiety",Urban,13-17 (Teen),5.43,1
15,Male,4.03,Smartphone,True,0.45,Poor Sleep,Urban,13-17 (Teen),4.03,1
17,Female,7.16,Smartphone,True,0.43,Poor Sleep,Urban,13-17 (Teen),7.16,1
8,Male,0.86,Smartphone,False,0.6,,Rural,8-12 (Pre-teen),0.86,0
11,Female,5.49,TV,True,0.34,Poor Sleep,Rural,8-12 (Pre-teen),5.49,1
17,Male,5.79,Smartphone,True,0.34,"Poor Sleep, Anxiety, Obesity Risk",Rural,13-17 (Teen),5.79,1
18,Male,6.5,Smartphone,True,0.32,"Poor Sleep, Anxiety",Urban,18-29 (Young Adult),6.5,1
8,Female,5.87,Smartphone,True,0.57,Poor Sleep,Urban,8-12 (Pre-teen),5.87,1
16,Male,3.79,Smartphone,True,0.39,Poor Sleep,Rural,13-17 (Teen),3.79,1
18,Female,3.57,Laptop,True,0.34,Poor Sleep,Rural,18-29 (Young Adult),3.57,1
14,Male,3.92,Smartphone,True,0.48,Obesity Risk,Urban,13-17 (Teen),3.92,0
14,Female,5.62,Smartphone,True,0.41,"Poor Sleep, Anxiety",Rural,13-17 (Teen),5.62,1
12,Female,6.6,Laptop,True,0.47,Eye Strain,Urban,8-12 (Pre-teen),6.6,0
14,Male,3.74,TV,True,0.37,Poor Sleep,Urban,13-17 (Teen),3.74,1
9,Female,9.7,TV,True,0.58,,Urban,8-12 (Pre-teen),9.7,0
11,Female,3.92,Laptop,True,0.4,Eye Strain,Rural,8-12 (Pre-teen),3.92,0
14,Male,4.32,Laptop,True,0.35,"Poor Sleep, Eye Strain",Rural,13-17 (Teen),4.32,1
10,Male,0.31,Tablet,False,0.55,,Urban,8-12 (Pre-teen),0.31,0
9,Female,2.57,TV,True,0.5,,Urban,8-12 (Pre-teen),2.57,0
17,Male,5.18,Smartphone,True,0.31,"Poor Sleep, Anxiety",Rural,13-17 (Teen),5.18,1
9,Male,1.26,Smartphone,False,0.49,,Urban,8-12 (Pre-teen),1.26,0
8,Male,4.83,TV,True,0.51,Poor Sleep,Urban,8-12 (Pre-teen),4.83,1
12,Male,4.17,TV,True,0.33,Poor Sleep,Rural,8-12 (Pre-teen),4.17,1
13,Female,4.15,Smartphone,True,0.39,,Urban,13-17 (Teen),4.15,0
13,Male,3.8,TV,True,0.31,"Poor Sleep, Eye Strain, Anxiety",Rural,13-17 (Teen),3.8,1
16,Female,4.19,Tablet,True,0.34,Anxiety,Urban,13-17 (Teen),4.19,0
11,Female,4.53,Smartphone,True,0.39,Poor Sleep,Urban,8-12 (Pre-teen),4.53,1
8,Female,2.51,TV,True,0.5,,Rural,8-12 (Pre-teen),2.51,0
13,Female,1.65,Laptop,False,0.34,,Urban,13-17 (Teen),1.65,0
12,Male,3.06,TV,True,0.33,Poor Sleep,Urban,8-12 (Pre-teen),3.06,1
17,Male,3.33,Smartphone,True,0.33,,Urban,13-17 (Teen),3.33,0
13,Female,4.87,Smartphone,True,0.35,Poor Sleep,Urban,13-17 (Teen),4.87,1
10,Female,3.99,Tablet,True,0.49,,Rural,8-12 (Pre-teen),3.99,0
9,Male,8.15,TV,True,0.53,"Poor Sleep, Anxiety",Rural,8-12 (Pre-teen),8.15,1
13,Female,3.97,Smartphone,True,0.33,Poor Sleep,Urban,13-17 (Teen),3.97,1
8,Male,0.0,TV,False,0.51,,Urban,8-12 (Pre-teen),0.0,0
14,Female,2.71,Smartphone,False,0.47,,Rural,13-17 (Teen),2.71,0
14,Male,4.34,Laptop,True,0.36,"Poor Sleep, Eye Strain",Urban,13-17 (Teen),4.34,1
17,Male,5.54,Laptop,True,0.43,,Rural,13-17 (Teen),5.54,0
14,Male,4.02,Smartphone,True,0.45,,Urban,13-17 (Teen),4.02,0
18,Female,4.3,Smartphone,True,0.48,"Poor Sleep, Eye Strain",Urban,18-29 (Young Adult),4.3,1
17,Male,4.09,TV,True,0.32,"Poor Sleep, Anxiety",Urban,13-17 (Teen),4.09,1
8,Female,9.92,TV,True,0.46,Poor Sleep,Urban,8-12 (Pre-teen),9.92,1
11,Male,5.85,Tablet,True,0.37,"Poor Sleep, Eye Strain, Obesity Risk",Urban,8-12 (Pre-teen),5.85,1
14,Male,5.26,Laptop,True,0.36,,Urban,13-17 (Teen),5.26,0
18,Female,3.62,Laptop,True,0.45,,Urban,18-29 (Young Adult),3.62,0
16,Male,4.77,TV,True,0.37,Anxiety,Urban,13-17 (Teen),4.77,0
12,Female,5.3,Smartphone,True,0.3,,Urban,8-12 (Pre-teen),5.3,0
9,Male,1.21,Tablet,False,0.44,,Rural,8-12 (Pre-teen),1.21,0
14,Female,3.85,Smartphone,True,0.47,Poor Sleep,Urban,13-17 (Teen),3.85,1
17,Male,3.88,Smartphone,True,0.32,Poor Sleep,Urban,13-17 (Teen),3.88,1
8,Male,2.37,Smartphone,True,0.55,,Urban,8-12 (Pre-teen),2.37,0
14,Male,5.82,Smartphone,True,0.4,Anxiety,Urban,13-17 (Teen),5.82,0
13,Male,6.1,Smartphone,True,0.45,Obesity Risk,Urban,13-17 (Teen),6.1,0
14,Female,4.71,Laptop,True,0.3,Anxiety,Urban,13-17 (Teen),4.71,0
17,Male,3.53,Laptop,True,0.38,Poor Sleep,Rural,13-17 (Teen),3.53,1
10,Male,1.15,Smartphone,False,0.46,,Urban,8-12 (Pre-teen),1.15,0
10,Male,4.79,Smartphone,True,0.48,Poor Sleep,Urban,8-12 (Pre-teen),4.79,1
14,Male,5.26,Laptop,True,0.32,"Poor Sleep, Eye Strain, Anxiety",Rural,13-17 (Teen),5.26,1
9,Female,8.52,TV,True,0.44,Anxiety,Rural,8-12 (Pre-teen),8.52,0
8,Female,4.03,TV,True,0.43,,Urban,8-12 (Pre-teen),4.03,0
16,Female,4.16,Smartphone,True,0.41,Poor Sleep,Urban,13-17 (Teen),4.16,1
16,Male,3.33,Tablet,True,0.42,"Poor Sleep, Anxiety",Urban,13-17 (Teen),3.33,1
14,Female,1.78,Laptop,False,0.33,,Urban,13-17 (Teen),1.78,0
14,Female,3.28,Smartphone,True,0.34,Poor Sleep,Urban,13-17 (Teen),3.28,1
10,Female,4.75,Smartphone,True,0.49,Anxiety,Urban,8-12 (Pre-teen),4.75,0
17,Male,5.8,Smartphone,True,0.38,"Eye Strain, Anxiety",Urban,13-17 (Teen),5.8,0
9,Male,0.0,Smartphone,False,0.58,,Urban,8-12 (Pre-teen),0.0,0
18,Male,4.92,TV,True,0.45,"Poor Sleep, Eye Strain",Urban,18-29 (Young Adult),4.92,1
14,Male,5.27,Smartphone,True,0.43,"Poor Sleep, Anxiety",Rural,13-17 (Teen),5.27,1
16,Female,5.45,Tablet,True,0.37,Poor Sleep,Rural,13-17 (Teen),5.45,1
8,Female,7.37,Tablet,True,0.47,"Poor Sleep, Eye Strain, Obesity Risk",Urban,8-12 (Pre-teen),7.37,1
11,Male,4.86,Laptop,True,0.37,Poor Sleep,Rural,8-12 (Pre-teen),4.86,1
13,Female,5.63,Smartphone,True,0.45,"Poor Sleep, Eye Strain",Rural,13-17 (Teen),5.63,1
14,Male,4.78,Smartphone,True,0.38,"Poor Sleep, Eye Strain",Urban,13-17 (Teen),4.78,1
17,Male,5.31,Smartphone,True,0.35,"Poor Sleep, Eye Strain",Urban,13-17 (Teen),5.31,1
14,Female,4.16,Smartphone,True,0.39,"Poor Sleep, Eye Strain, Anxiety",Urban,13-17 (Teen),4.16,1
17,Male,6.33,Tablet,True,0.41,"Poor Sleep, Obesity Risk",Urban,13-17 (Teen),6.33,1
9,Male,0.9,Smartphone,False,0.49,,Urban,8-12 (Pre-teen),0.9,0
11,Male,2.66,Laptop,False,0.44,,Urban,8-12 (Pre-teen),2.66,0
12,Female,4.27,Smartphone,True,0.38,"Poor Sleep, Eye Strain, Anxiety",Urban,8-12 (Pre-teen),4.27,1
8,Male,3.9,Smartphone,True,0.59,"Poor Sleep, Eye Strain",Urban,8-12 (Pre-teen),3.9,1
8,Male,0.0,TV,False,0.52,,Rural,8-12 (Pre-teen),0.0,0
17,Male,2.04,Laptop,False,0.46,,Urban,13-17 (Teen),2.04,0
10,Female,3.67,TV,True,0.47,Poor Sleep,Urban,8-12 (Pre-teen),3.67,1
17,Male,5.27,Laptop,True,0.32,"Poor Sleep, Eye Strain",Urban,13-17 (Teen),5.27,1
10,Female,6.06,Smartphone,True,0.48,Poor Sleep,Urban,8-12 (Pre-teen),6.06,1
15,Male,3.57,Laptop,True,0.36,,Rural,13-17 (Teen),3.57,0
16,Male,3.98,Smartphone,True,0.5,"Poor Sleep, Anxiety, Obesity Risk",Urban,13-17 (Teen),3.98,1
18,Female,3.5,TV,True,0.48,Poor Sleep,Urban,18-29 (Young Adult),3.5,1
8,Female,0.15,Tablet,False,0.48,,Rural,8-12 (Pre-teen),0.15,0
18,Female,4.87,Laptop,True,0.47,Eye Strain,Rural,18-29 (Young Adult),4.87,0
9,Female,5.08,TV,True,0.53,"Poor Sleep, Anxiety",Urban,8-12 (Pre-teen),5.08,1
17,Female,5.49,Smartphone,True,0.37,,Rural,13-17 (Teen),5.49,0
9,Female,5.97,Tablet,True,0.41,Poor Sleep,Urban,8-12 (Pre-teen),5.97,1
11,Male,4.68,Smartphone,True,0.31,"Poor Sleep, Anxiety",Urban,8-12 (Pre-teen),4.68,1
9,Male,8.04,Smartphone,True,0.57,"Poor Sleep, Eye Strain",Urban,8-12 (Pre-teen),8.04,1
14,Male,5.02,Smartphone,True,0.33,Obesity Risk,Urban,13-17 (Teen),5.02,0
16,Male,4.5,Smartphone,True,0.32,"Eye Strain, Obesity Risk",Urban,13-17 (Teen),4.5,0
14,Male,5.58,Smartphone,True,0.44,Eye Strain,Urban,13-17 (Teen),5.58,0
13,Male,4.76,Smartphone,True,0.43,"Poor Sleep, Eye Strain, Obesity Risk",Urban,13-17 (Teen),4.76,1
17,Female,4.45,Smartphone,True,0.33,Poor Sleep,Urban,13-17 (Teen),4.45,1
8,Female,3.46,Smartphone,True,0.59,,Urban,8-12 (Pre-teen),3.46,0
18,Female,5.67,Laptop,True,0.31,"Poor Sleep, Anxiety, Obesity Risk",Urban,18-29 (Young Adult),5.67,1
17,Male,4.97,Laptop,True,0.31,,Rural,13-17 (Teen),4.97,0
16,Male,7.19,Laptop,True,0.36,,Urban,13-17 (Teen),7.19,0
12,Male,4.21,Smartphone,True,0.38,Poor Sleep,Urban,8-12 (Pre-teen),4.21,1
18,Male,5.1,Smartphone,True,0.39,"Poor Sleep, Eye Strain",Urban,18-29 (Young Adult),5.1,1
12,Male,5.07,Laptop,True,0.42,"Poor Sleep, Anxiety",Urban,8-12 (Pre-teen),5.07,1
13,Male,4.82,Laptop,True,0.35,,Urban,13-17 (Teen),4.82,0
16,Female,4.05,TV,True,0.49,,Urban,13-17 (Teen),4.05,0
15,Male,4.94,Laptop,True,0.32,Obesity Risk,Urban,13-17 (Teen),4.94,0
15,Female,5.77,TV,True,0.47,Anxiety,Urban,13-17 (Teen),5.77,0
15,Male,5.6,Smartphone,True,0.36,Poor Sleep,Urban,13-17 (Teen),5.6,1
8,Male,1.99,Smartphone,False,0.53,,Urban,8-12 (Pre-teen),1.99,0
8,Female,1.87,TV,False,0.46,,Urban,8-12 (Pre-teen),1.87,0
15,Female,3.46,TV,True,0.39,"Poor Sleep, Eye Strain",Urban,13-17 (Teen),3.46,1
12,Female,6.26,Laptop,True,0.43,"Poor Sleep, Eye Strain, Anxiety",Urban,8-12 (Pre-teen),6.26,1
16,Female,4.31,Smartphone,True,0.35,Poor Sleep,Urban,13-17 (Teen),4.31,1
9,Male,1.08,Smartphone,False,0.59,,Rural,8-12 (Pre-teen),1.08,0
16,Female,5.98,TV,True,0.5,,Urban,13-17 (Teen),5.98,0
15,Female,3.59,Smartphone,True,0.44,Eye Strain,Rural,13-17 (Teen),3.59,0
16,Male,3.78,Laptop,True,0.37,Obesity Risk,Rural,13-17 (Teen),3.78,0
11,Male,3.99,Laptop,True,0.32,Poor Sleep,Urban,8-12 (Pre-teen),3.99,1
8,Male,4.27,TV,True,0.56,Eye Strain,Urban,8-12 (Pre-teen),4.27,0
8,Male,2.05,TV,True,0.42,,Urban,8-12 (Pre-teen),2.05,0
12,Male,6.29,TV,True,0.37,Eye Strain,Urban,8-12 (Pre-teen),6.29,0
9,Female,0.0,Smartphone,False,0.49,,Urban,8-12 (Pre-teen),0.0,0
15,Male,3.21,Tablet,True,0.45,Poor Sleep,Urban,13-17 (Teen),3.21,1
17,Male,5.39,Smartphone,True,0.41,Obesity Risk,Urban,13-17 (Teen),5.39,0
18,Male,3.5,TV,True,0.46,Poor Sleep,Urban,18-29 (Young Adult),3.5,1
12,Male,3.82,Smartphone,True,0.47,,Urban,8-12 (Pre-teen),3.82,0
12,Male,3.08,Laptop,True,0.43,"Poor Sleep, Eye Strain, Obesity Risk",Urban,8-12 (Pre-teen),3.08,1
9,Male,0.93,Tablet,False,0.59,,Urban,8-12 (Pre-teen),0.93,0
14,Female,3.08,Smartphone,True,0.31,"Poor Sleep, Eye Strain, Anxiety",Rural,13-17 (Teen),3.08,1
15,Female,3.36,Smartphone,True,0.39,,Rural,13-17 (Teen),3.36,0
17,Male,4.56,Tablet,True,0.31,"Poor Sleep, Anxiety",Urban,13-17 (Teen),4.56,1
8,Male,5.91,Smartphone,True,0.41,Poor Sleep,Urban,8-12 (Pre-teen),5.91,1
9,Female,5.58,Tablet,True,0.52,Poor Sleep,Rural,8-12 (Pre-teen),5.58,1
17,Male,4.49,Smartphone,True,0.31,,Urban,13-17 (Teen),4.49,0
11,Female,4.32,TV,True,0.37,,Urban,8-12 (Pre-teen),4.32,0
12,Female,2.27,Smartphone,False,0.39,,Urban,8-12 (Pre-teen),2.27,0
9,Female,1.7,TV,False,0.49,,Urban,8-12 (Pre-teen),1.7,0
8,Female,3.41,TV,True,0.46,,Urban,8-12 (Pre-teen),3.41,0
16,Male,2.94,Smartphone,False,0.45,,Rural,13-17 (Teen),2.94,0
8,Female,0.0,TV,False,0.45,,Urban,8-12 (Pre-teen),0.0,0
11,Female,5.17,TV,True,0.42,"Eye Strain, Anxiety",Rural,8-12 (Pre-teen),5.17,0
9,Male,1.91,TV,False,0.54,,Urban,8-12 (Pre-teen),1.91,0
18,Male,4.96,Smartphone,True,0.43,"Anxiety, Obesity Risk",Urban,18-29 (Young Adult),4.96,0
11,Male,3.19,Smartphone,True,0.33,Poor Sleep,Urban,8-12 (Pre-teen),3.19,1
15,Female,2.77,Smartphone,False,0.47,,Urban,13-17 (Teen),2.77,0
15,Female,4.19,TV,True,0.35,"Poor Sleep, Eye Strain",Rural,13-17 (Teen),4.19,1
18,Male,3.51,Smartphone,True,0.49,Anxiety,Urban,18-29 (Young Adult),3.51,0
16,Male,5.3,Smartphone,True,0.31,"Poor Sleep, Anxiety, Obesity Risk",Urban,13-17 (Teen),5.3,1
18,Male,4.42,Smartphone,True,0.34,"Poor Sleep, Eye Strain, Obesity Risk",Rural,18-29 (Young Adult),4.42,1
12,Female,6.53,Smartphone,True,0.36,"Poor Sleep, Anxiety",Urban,8-12 (Pre-teen),6.53,1
14,Male,4.05,Smartphone,True,0.44,"Eye Strain, Anxiety, Obesity Risk",Rural,13-17 (Teen),4.05,0
10,Female,3.49,Smartphone,True,0.55,Obesity Risk,Urban,8-12 (Pre-teen),3.49,0
17,Female,5.91,Smartphone,True,0.34,,Urban,13-17 (Teen),5.91,0
11,Female,6.74,Laptop,True,0.45,"Poor Sleep, Anxiety, Obesity Risk",Urban,8-12 (Pre-teen),6.74,1
17,Female,8.03,Tablet,True,0.46,Poor Sleep,Urban,13-17 (Teen),8.03,1
16,Male,4.75,TV,True,0.36,Poor Sleep,Rural,13-17 (Teen),4.75,1
17,Female,3.34,Smartphone,True,0.33,Eye Strain,Urban,13-17 (Teen),3.34,0
17,Female,2.99,Smartphone,False,0.34,,Urban,13-17 (Teen),2.99,0
8,Male,6.02,TV,True,0.56,,Urban,8-12 (Pre-teen),6.02,0
9,Female,6.41,Tablet,True,0.4,Poor Sleep,Urban,8-12 (Pre-teen),6.41,1
12,Female,3.81,Laptop,True,0.49,Poor Sleep,Urban,8-12 (Pre-teen),3.81,1
10,Male,3.3,Smartphone,True,0.45,Anxiety,Urban,8-12 (Pre-teen),3.3,0
9,Female,5.68,TV,True,0.53,"Poor Sleep, Eye Strain",Urban,8-12 (Pre-teen),5.68,1
8,Male,2.78,TV,True,0.56,,Urban,8-12 (Pre-teen),2.78,0
17,Female,4.46,Smartphone,True,0.34,,Urban,13-17 (Teen),4.46,0
10,Female,0.0,Smartphone,False,0.59,,Urban,8-12 (Pre-teen),0.0,0
8,Female,0.48,TV,False,0.59,,Rural,8-12 (Pre-teen),0.48,0
8,Female,1.23,Smartphone,False,0.46,,Urban,8-12 (Pre-teen),1.23,0
8,Male,8.92,Tablet,True,0.49,Poor Sleep,Urban,8-12 (Pre-teen),8.92,1
15,Male,4.01,Smartphone,True,0.31,"Poor Sleep, Anxiety",Rural,13-17 (Teen),4.01,1
10,Female,0.48,Tablet,False,0.59,,Rural,8-12 (Pre-teen),0.48,0
18,Male,4.78,Smartphone,True,0.36,Poor Sleep,Urban,18-29 (Young Adult),4.78,1
8,Female,5.2,TV,True,0.43,"Poor Sleep, Anxiety",Urban,8-12 (Pre-teen),5.2,1
14,Female,4.91,Smartphone,True,0.43,"Poor Sleep, Eye Strain",Urban,13-17 (Teen),4.91,1
17,Female,4.71,Laptop,True,0.37,Anxiety,Urban,13-17 (Teen),4.71,0
10,Female,11.02,TV,True,0.41,Poor Sleep,Urban,8-12 (Pre-teen),11.02,1
15,Male,5.29,TV,True,0.47,"Poor Sleep, Eye Strain",Rural,13-17 (Teen),5.29,1
11,Female,6.71,Laptop,True,0.33,Poor Sleep,Rural,8-12 (Pre-teen),6.71,1
11,Male,4.07,Tablet,True,0.46,Eye Strain,Urban,8-12 (Pre-teen),4.07,0
12,Male,4.32,Laptop,True,0.43,Eye Strain,Rural,8-12 (Pre-teen),4.32,0
13,Female,7.97,Smartphone,True,0.42,Poor Sleep,Urban,13-17 (Teen),7.97,1
14,Female,4.98,Laptop,True,0.32,,Rural,13-17 (Teen),4.98,0
11,Female,5.11,Tablet,True,0.4,"Poor Sleep, Anxiety, Obesity Risk",Urban,8-12 (Pre-teen),5.11,1
15,Female,4.28,Smartphone,True,0.34,"Poor Sleep, Obesity Risk",Urban,13-17 (Teen),4.28,1
13,Male,2.64,Laptop,False,0.34,,Urban,13-17 (Teen),2.64,0
8,Female,6.63,Smartphone,True,0.58,"Poor Sleep, Anxiety",Urban,8-12 (Pre-teen),6.63,1
8,Male,2.61,TV,True,0.43,,Urban,8-12 (Pre-teen),2.61,0
16,Male,2.81,Tablet,False,0.46,,Rural,13-17 (Teen),2.81,0
17,Female,3.09,Laptop,True,0.44,Anxiety,Urban,13-17 (Teen),3.09,0
13,Female,6.53,TV,True,0.42,"Poor Sleep, Obesity Risk",Urban,13-17 (Teen),6.53,1
17,Male,5.08,TV,True,0.33,"Poor Sleep, Anxiety",Urban,13-17 (Teen),5.08,1
15,Female,4.62,Smartphone,True,0.42,Poor Sleep,Rural,13-17 (Teen),4.62,1
14,Male,5.62,Smartphone,True,0.34,Poor Sleep,Urban,13-17 (Teen),5.62,1
13,Male,2.05,Laptop,False,0.44,,Urban,13-17 (Teen),2.05,0
11,Male,6.4,Smartphone,True,0.36,Poor Sleep,Urban,8-12 (Pre-teen),6.4,1
14,Female,3.62,Laptop,True,0.45,"Poor Sleep, Eye Strain",Rural,13-17 (Teen),3.62,1
16,Female,5.57,Laptop,True,0.31,"Poor Sleep, Anxiety",Urban,13-17 (Teen),5.57,1
18,Female,3.25,Smartphone,True,0.37,"Poor Sleep, Eye Strain",Urban,18-29 (Young Adult),3.25,1
17,Male,4.89,TV,True,0.45,Eye Strain,Urban,13-17 (Teen),4.89,0
17,Male,3.17,Smartphone,True,0.37,Poor Sleep,Urban,13-17 (Teen),3.17,1
14,Female,4.03,Smartphone,True,0.5,Poor Sleep,Urban,13-17 (Teen),4.03,1
8,Female,1.75,Tablet,False,0.48,,Urban,8-12 (Pre-teen),1.75,0
17,Female,4.75,Smartphone,True,0.3,,Urban,13-17 (Teen),4.75,0
16,Male,4.67,TV,True,0.41,Poor Sleep,Rural,13-17 (Teen),4.67,1
11,Male,2.28,Laptop,False,0.49,,Urban,8-12 (Pre-teen),2.28,0
10,Male,4.81,Smartphone,True,0.46,Poor Sleep,Rural,8-12 (Pre-teen),4.81,1
11,Male,2.86,Smartphone,False,0.49,,Urban,8-12 (Pre-teen),2.86,0
11,Female,4.79,Laptop,True,0.36,Anxiety,Urban,8-12 (Pre-teen),4.79,0
17,Female,3.77,Tablet,True,0.47,"Poor Sleep, Anxiety",Rural,13-17 (Teen),3.77,1
18,Male,3.65,TV,True,0.38,Anxiety,Urban,18-29 (Young Adult),3.65,0
9,Female,3.7,TV,True,0.56,Anxiety,Urban,8-12 (Pre-teen),3.7,0
8,Male,2.38,Smartphone,True,0.55,,Rural,8-12 (Pre-teen),2.38,0
17,Male,5.78,Tablet,True,0.42,,Urban,13-17 (Teen),5.78,0
8,Male,2.84,TV,True,0.57,,Urban,8-12 (Pre-teen),2.84,0
15,Female,5.42,Smartphone,True,0.32,"Poor Sleep, Eye Strain",Urban,13-17 (Teen),5.42,1
9,Male,11.22,TV,True,0.52,Poor Sleep,Rural,8-12 (Pre-teen),11.22,1
17,Male,5.72,TV,True,0.38,Poor Sleep,Rural,13-17 (Teen),5.72,1
12,Male,4.82,TV,True,0.3,"Poor Sleep, Anxiety",Rural,8-12 (Pre-teen),4.82,1
11,Female,6.56,Tablet,True,0.44,"Poor Sleep, Eye Strain",Urban,8-12 (Pre-teen),6.56,1
15,Female,2.35,Smartphone,False,0.46,,Urban,13-17 (Teen),2.35,0
9,Female,7.96,TV,True,0.53,Eye Strain,Urban,8-12 (Pre-teen),7.96,0
17,Female,4.97,Smartphone,True,0.4,,Rural,13-17 (Teen),4.97,0
16,Female,4.57,Smartphone,True,0.3,Anxiety,Urban,13-17 (Teen),4.57,0
14,Female,5.53,Smartphone,True,0.49,"Poor Sleep, Anxiety",Rural,13-17 (Teen),5.53,1
14,Female,3.71,TV,True,0.33,"Poor Sleep, Anxiety",Rural,13-17 (Teen),3.71,1
8,Male,3.52,TV,True,0.5,"Anxiety, Obesity Risk",Urban,8-12 (Pre-teen),3.52,0
9,Female,0.52,Smartphone,False,0.43,,Rural,8-12 (Pre-teen),0.52,0
11,Male,3.25,Laptop,True,0.41,Obesity Risk,Urban,8-12 (Pre-teen),3.25,0
11,Female,3.91,Smartphone,True,0.32,Poor Sleep,Urban,8-12 (Pre-teen),3.91,1
18,Female,5.59,Laptop,True,0.34,Anxiety,Urban,18-29 (Young Adult),5.59,0
10,Male,3.36,TV,True,0.55,Poor Sleep,Rural,8-12 (Pre-teen),3.36,1
14,Female,4.1,Laptop,True,0.37,"Anxiety, Obesity Risk",Urban,13-17 (Teen),4.1,0
15,Female,4.96,Laptop,True,0.5,Eye Strain,Rural,13-17 (Teen),4.96,0
9,Male,5.73,TV,True,0.54,Eye Strain,Urban,8-12 (Pre-teen),5.73,0
11,Male,3.12,Smartphone,True,0.32,Poor Sleep,Urban,8-12 (Pre-teen),3.12,1
10,Male,1.13,TV,False,0.53,,Urban,8-12 (Pre-teen),1.13,0
9,Male,6.98,Smartphone,True,0.44,"Poor Sleep, Obesity Risk",Urban,8-12 (Pre-teen),6.98,1
13,Male,3.39,TV,True,0.33,Poor Sleep,Rural,13-17 (Teen),3.39,1
11,Male,4.55,TV,True,0.39,,Urban,8-12 (Pre-teen),4.55,0
13,Female,5.11,Tablet,True,0.44,Anxiety,Urban,13-17 (Teen),5.11,0
9,Male,7.54,Tablet,True,0.48,,Urban,8-12 (Pre-teen),7.54,0
11,Female,5.73,Smartphone,True,0.31,"Poor Sleep, Anxiety",Rural,8-12 (Pre-teen),5.73,1
18,Male,4.54,Laptop,True,0.39,Poor Sleep,Rural,18-29 (Young Adult),4.54,1
13,Female,5.39,Tablet,True,0.42,,Urban,13-17 (Teen),5.39,0
12,Female,4.83,Smartphone,True,0.31,"Poor Sleep, Eye Strain",Urban,8-12 (Pre-teen),4.83,1
10,Male,5.52,TV,True,0.42,"Poor Sleep, Eye Strain",Urban,8-12 (Pre-teen),5.52,1
15,Male,5.35,TV,True,0.31,"Poor Sleep, Eye Strain, Anxiety",Urban,13-17 (Teen),5.35,1
14,Male,3.57,Smartphone,True,0.33,Poor Sleep,Urban,13-17 (Teen),3.57,1
10,Female,4.08,Smartphone,True,0.47,,Urban,8-12 (Pre-teen),4.08,0
13,Female,6.16,Smartphone,True,0.45,Eye Strain,Urban,13-17 (Teen),6.16,0
11,Male,4.72,Tablet,True,0.47,"Poor Sleep, Eye Strain, Obesity Risk",Urban,8-12 (Pre-teen),4.72,1
18,Male,3.78,Smartphone,True,0.38,,Urban,18-29 (Young Adult),3.78,0
12,Male,5.25,Laptop,True,0.46,Poor Sleep,Rural,8-12 (Pre-teen),5.25,1
18,Male,1.87,Laptop,False,0.46,,Urban,18-29 (Young Adult),1.87,0
12,Male,5.17,Smartphone,True,0.32,,Rural,8-12 (Pre-teen),5.17,0
14,Male,5.23,Smartphone,True,0.47,Anxiety,Urban,13-17 (Teen),5.23,0
18,Male,3.79,Tablet,True,0.4,"Poor Sleep, Obesity Risk",Urban,18-29 (Young Adult),3.79,1
12,Male,5.03,Smartphone,True,0.31,"Eye Strain, Anxiety",Urban,8-12 (Pre-teen),5.03,0
18,Female,4.95,Tablet,True,0.44,Poor Sleep,Urban,18-29 (Young Adult),4.95,1
10,Male,7.19,Tablet,True,0.47,Poor Sleep,Rural,8-12 (Pre-teen),7.19,1
17,Female,6.61,Smartphone,True,0.5,Poor Sleep,Urban,13-17 (Teen),6.61,1
12,Female,6.44,Laptop,True,0.49,Eye Strain,Urban,8-12 (Pre-teen),6.44,0
14,Male,4.75,Smartphone,True,0.42,Poor Sleep,Rural,13-17 (Teen),4.75,1
12,Male,4.0,Laptop,True,0.41,"Poor Sleep, Obesity Risk",Urban,8-12 (Pre-teen),4.0,1
12,Female,1.51,Tablet,False,0.38,,Urban,8-12 (Pre-teen),1.51,0
16,Male,5.48,Smartphone,True,0.38,"Eye Strain, Obesity Risk",Urban,13-17 (Teen),5.48,0
10,Female,2.82,Smartphone,True,0.48,,Rural,8-12 (Pre-teen),2.82,0
13,Female,5.58,Tablet,True,0.47,Poor Sleep,Rural,13-17 (Teen),5.58,1
8,Female,4.52,TV,True,0.57,"Poor Sleep, Anxiety, Obesity Risk",Urban,8-12 (Pre-teen),4.52,1
17,Male,5.11,Tablet,True,0.43,Poor Sleep,Rural,13-17 (Teen),5.11,1
12,Male,6.26,Laptop,True,0.31,,Urban,8-12 (Pre-teen),6.26,0
15,Female,3.87,Smartphone,True,0.5,"Poor Sleep, Eye Strain, Anxiety",Urban,13-17 (Teen),3.87,1
12,Male,7.96,TV,True,0.42,,Rural,8-12 (Pre-teen),7.96,0
16,Male,5.12,Smartphone,True,0.43,"Poor Sleep, Eye Strain",Rural,13-17 (Teen),5.12,1
18,Male,5.07,Laptop,True,0.5,Poor Sleep,Urban,18-29 (Young Adult),5.07,1
13,Female,3.86,Smartphone,True,0.43,,Urban,13-17 (Teen),3.86,0
15,Female,3.34,Smartphone,True,0.37,,Urban,13-17 (Teen),3.34,0
17,Male,5.3,TV,True,0.42,"Poor Sleep, Anxiety",Rural,13-17 (Teen),5.3,1
15,Female,5.21,Laptop,True,0.44,Poor Sleep,Rural,13-17 (Teen),5.21,1
10,Female,4.5,Smartphone,True,0.46,Obesity Risk,Urban,8-12 (Pre-teen),4.5,0
14,Male,3.21,Smartphone,True,0.32,Poor Sleep,Urban,13-17 (Teen),3.21,1
14,Male,2.49,Smartphone,False,0.33,,Rural,13-17 (Teen),2.49,0
13,Male,4.99,Smartphone,True,0.38,,Rural,13-17 (Teen),4.99,0
14,Female,3.36,Smartphone,True,0.32,Poor Sleep,Urban,13-17 (Teen),3.36,1
9,Female,2.51,Smartphone,True,0.59,,Rural,8-12 (Pre-teen),2.51,0
16,Female,4.49,TV,True,0.41,Obesity Risk,Urban,13-17 (Teen),4.49,0
17,Male,5.86,Smartphone,True,0.42,Poor Sleep,Urban,13-17 (Teen),5.86,1
17,Male,4.33,TV,True,0.32,Poor Sleep,Urban,13-17 (Teen),4.33,1
8,Male,5.54,Smartphone,True,0.57,"Poor Sleep, Obesity Risk",Rural,8-12 (Pre-teen),5.54,1
8,Male,3.77,Smartphone,True,0.56,Eye Strain,Urban,8-12 (Pre-teen),3.77,0
10,Male,1.58,Smartphone,False,0.46,,Urban,8-12 (Pre-teen),1.58,0
10,Female,6.43,TV,True,0.58,Obesity Risk,Urban,8-12 (Pre-teen),6.43,0
8,Male,5.48,Smartphone,True,0.53,,Urban,8-12 (Pre-teen),5.48,0
14,Female,5.17,Smartphone,True,0.3,Eye Strain,Rural,13-17 (Teen),5.17,0
11,Male,3.02,Smartphone,True,0.43,,Rural,8-12 (Pre-teen),3.02,0
17,Female,3.21,Smartphone,True,0.31,Poor Sleep,Rural,13-17 (Teen),3.21,1
9,Male,4.64,Tablet,True,0.46,,Rural,8-12 (Pre-teen),4.64,0
17,Male,5.72,Tablet,True,0.3,Poor Sleep,Urban,13-17 (Teen),5.72,1
12,Male,3.12,Smartphone,True,0.47,Poor Sleep,Rural,8-12 (Pre-teen),3.12,1
13,Male,4.06,Laptop,True,0.42,,Urban,13-17 (Teen),4.06,0
16,Female,7.29,Laptop,True,0.44,Poor Sleep,Urban,13-17 (Teen),7.29,1
11,Male,4.32,Smartphone,True,0.32,Poor Sleep,Rural,8-12 (Pre-teen),4.32,1
9,Male,3.4,Smartphone,True,0.4,Eye Strain,Rural,8-12 (Pre-teen),3.4,0
12,Male,5.11,Smartphone,True,0.44,"Poor Sleep, Eye Strain",Urban,8-12 (Pre-teen),5.11,1
10,Male,0.0,Smartphone,False,0.6,,Urban,8-12 (Pre-teen),0.0,0
9,Female,6.72,Tablet,True,0.56,,Urban,8-12 (Pre-teen),6.72,0
8,Female,4.58,Smartphone,True,0.42,"Poor Sleep, Eye Strain, Anxiety",Rural,8-12 (Pre-teen),4.58,1
17,Male,4.25,Smartphone,True,0.43,,Rural,13-17 (Teen),4.25,0
9,Female,6.11,Smartphone,True,0.44,Eye Strain,Urban,8-12 (Pre-teen),6.11,0
13,Female,4.12,Smartphone,True,0.34,Poor Sleep,Urban,13-17 (Teen),4.12,1
15,Male,5.23,Laptop,True,0.48,Poor Sleep,Rural,13-17 (Teen),5.23,1
10,Female,6.38,Tablet,True,0.45,Poor Sleep,Urban,8-12 (Pre-teen),6.38,1
18,Female,2.77,Smartphone,False,0.38,,Urban,18-29 (Young Adult),2.77,0
16,Male,4.42,TV,True,0.35,,Rural,13-17 (Teen),4.42,0
16,Male,7.53,Laptop,True,0.43,"Poor Sleep, Eye Strain, Anxiety",Urban,13-17 (Teen),7.53,1
9,Male,7.46,Tablet,True,0.41,Poor Sleep,Urban,8-12 (Pre-teen),7.46,1
15,Male,2.07,Smartphone,False,0.46,,Rural,13-17 (Teen),2.07,0
17,Female,6.08,Smartphone,True,0.38,"Poor Sleep, Eye Strain",Urban,13-17 (Teen),6.08,1
18,Male,6.91,Smartphone,True,0.42,,Urban,18-29 (Young Adult),6.91,0
12,Female,4.93,Smartphone,True,0.46,Poor Sleep,Urban,8-12 (Pre-teen),4.93,1
11,Male,4.85,Smartphone,True,0.44,Poor Sleep,Urban,8-12 (Pre-teen),4.85,1
17,Female,3.34,TV,True,0.45,Eye Strain,Urban,13-17 (Teen),3.34,0
12,Female,5.06,Smartphone,True,0.33,Poor Sleep,Urban,8-12 (Pre-teen),5.06,1
11,Male,3.61,Laptop,True,0.45,"Poor Sleep, Obesity Risk",Urban,8-12 (Pre-teen),3.61,1
15,Male,5.04,Smartphone,True,0.31,Anxiety,Rural,13-17 (Teen),5.04,0
11,Male,3.74,Tablet,True,0.44,"Poor Sleep, Eye Strain",Urban,8-12 (Pre-teen),3.74,1
17,Male,3.35,Smartphone,True,0.34,Poor Sleep,Urban,13-17 (Teen),3.35,1
13,Female,4.25,Smartphone,True,0.48,"Poor Sleep, Anxiety",Urban,13-17 (Teen),4.25,1
12,Male,4.64,Laptop,True,0.31,"Poor Sleep, Obesity Risk",Urban,8-12 (Pre-teen),4.64,1
13,Male,3.67,Smartphone,True,0.3,Poor Sleep,Urban,13-17 (Teen),3.67,1
12,Male,4.58,Smartphone,True,0.42,Poor Sleep,Urban,8-12 (Pre-teen),4.58,1
9,Female,8.97,Smartphone,True,0.55,,Rural,8-12 (Pre-teen),8.97,0
14,Female,4.45,Smartphone,True,0.39,,Urban,13-17 (Teen),4.45,0
11,Male,5.21,Smartphone,True,0.48,"Poor Sleep, Eye Strain",Urban,8-12 (Pre-teen),5.21,1
15,Female,4.96,Smartphone,True,0.34,"Poor Sleep, Eye Strain",Urban,13-17 (Teen),4.96,1
14,Male,3.95,TV,True,0.31,Poor Sleep,Urban,13-17 (Teen),3.95,1
14,Male,4.96,Smartphone,True,0.31,,Rural,13-17 (Teen),4.96,0
16,Male,3.87,Smartphone,True,0.35,"Poor Sleep, Eye Strain",Urban,13-17 (Teen),3.87,1
8,Male,4.17,TV,True,0.46,,Urban,8-12 (Pre-teen),4.17,0
17,Male,6.38,Laptop,True,0.41,Poor Sleep,Urban,13-17 (Teen),6.38,1
13,Male,3.29,Smartphone,True,0.35,"Poor Sleep, Obesity Risk",Urban,13-17 (Teen),3.29,1
13,Male,5.79,Smartphone,True,0.5,"Poor Sleep, Anxiety",Urban,13-17 (Teen),5.79,1
13,Female,5.02,TV,True,0.39,Poor Sleep,Urban,13-17 (Teen),5.02,1
13,Female,5.02,Tablet,True,0.32,"Poor Sleep, Eye Strain",Urban,13-17 (Teen),5.02,1
17,Male,3.15,TV,True,0.32,"Poor Sleep, Anxiety",Urban,13-17 (Teen),3.15,1
14,Female,4.45,Smartphone,True,0.43,,Rural,13-17 (Teen),4.45,0
17,Male,4.39,TV,True,0.3,Poor Sleep,Urban,13-17 (Teen),4.39,1
13,Female,5.41,TV,True,0.48,,Urban,13-17 (Teen),5.41,0
8,Female,0.38,TV,False,0.43,,Urban,8-12 (Pre-teen),0.38,0
10,Female,1.55,TV,False,0.49,,Urban,8-12 (Pre-teen),1.55,0
9,Male,7.61,Tablet,True,0.41,"Poor Sleep, Eye Strain",Urban,8-12 (Pre-teen),7.61,1
13,Female,4.46,Tablet,True,0.34,"Poor Sleep, Eye Strain",Rural,13-17 (Teen),4.46,1
15,Female,3.66,TV,True,0.42,"Poor Sleep, Anxiety",Urban,13-17 (Teen),3.66,1
10,Male,0.55,TV,False,0.47,,Urban,8-12 (Pre-teen),0.55,0
17,Male,2.09,Smartphone,False,0.43,,Urban,13-17 (Teen),2.09,0
15,Female,3.4,Smartphone,True,0.32,,Urban,13-17 (Teen),3.4,0
15,Male,5.75,Smartphone,True,0.49,"Eye Strain, Anxiety, Obesity Risk",Urban,13-17 (Teen),5.75,0
12,Female,4.34,Laptop,True,0.32,Eye Strain,Urban,8-12 (Pre-teen),4.34,0
15,Female,5.05,Smartphone,True,0.45,Eye Strain,Urban,13-17 (Teen),5.05,0
13,Male,3.69,Laptop,True,0.41,,Urban,13-17 (Teen),3.69,0
12,Male,3.4,TV,True,0.37,Poor Sleep,Urban,8-12 (Pre-teen),3.4,1
16,Female,3.68,Smartphone,True,0.32,"Poor Sleep, Anxiety, Obesity Risk",Urban,13-17 (Teen),3.68,1
14,Female,7.68,Smartphone,True,0.32,Poor Sleep,Urban,13-17 (Teen),7.68,1
15,Male,2.25,Smartphone,False,0.31,,Rural,13-17 (Teen),2.25,0
8,Male,3.2,Smartphone,True,0.42,Poor Sleep,Rural,8-12 (Pre-teen),3.2,1
18,Female,4.55,Smartphone,True,0.46,"Eye Strain, Obesity Risk",Urban,18-29 (Young Adult),4.55,0
9,Female,6.01,Smartphone,True,0.4,,Urban,8-12 (Pre-teen),6.01,0
15,Male,2.38,Smartphone,False,0.45,,Urban,13-17 (Teen),2.38,0
16,Male,4.33,Tablet,True,0.45,Poor Sleep,Urban,13-17 (Teen),4.33,1
11,Female,3.39,Smartphone,True,0.42,"Poor Sleep, Anxiety",Urban,8-12 (Pre-teen),3.39,1
17,Male,4.41,TV,True,0.33,Poor Sleep,Urban,13-17 (Teen),4.41,1
18,Female,4.7,Laptop,True,0.46,Poor Sleep,Rural,18-29 (Young Adult),4.7,1
17,Female,3.58,Smartphone,True,0.3,,Urban,13-17 (Teen),3.58,0
16,Female,5.59,Smartphone,True,0.35,Eye Strain,Urban,13-17 (Teen),5.59,0
11,Female,5.12,Smartphone,True,0.44,"Poor Sleep, Anxiety",Rural,8-12 (Pre-teen),5.12,1
17,Female,3.57,TV,True,0.49,"Poor Sleep, Anxiety",Urban,13-17 (Teen),3.57,1
17,Male,6.2,Smartphone,True,0.42,Eye Strain,Urban,13-17 (Teen),6.2,0
17,Female,4.96,TV,True,0.47,Poor Sleep,Rural,13-17 (Teen),4.96,1
16,Male,4.34,TV,True,0.45,"Poor Sleep, Eye Strain",Rural,13-17 (Teen),4.34,1
18,Male,5.79,Smartphone,True,0.45,"Poor Sleep, Eye Strain, Anxiety",Urban,18-29 (Young Adult),5.79,1
14,Female,4.0,Smartphone,True,0.38,"Poor Sleep, Eye Strain, Anxiety",Urban,13-17 (Teen),4.0,1
9,Male,3.15,TV,True,0.55,,Rural,8-12 (Pre-teen),3.15,0
16,Female,3.02,Smartphone,True,0.39,Eye Strain,Urban,13-17 (Teen),3.02,0
11,Female,2.25,TV,False,0.44,,Urban,8-12 (Pre-teen),2.25,0
15,Female,5.13,Laptop,True,0.32,Anxiety,Rural,13-17 (Teen),5.13,0
14,Male,5.02,Smartphone,True,0.5,,Urban,13-17 (Teen),5.02,0
14,Female,5.85,Laptop,True,0.39,Poor Sleep,Urban,13-17 (Teen),5.85,1
15,Female,6.3,TV,True,0.49,Eye Strain,Rural,13-17 (Teen),6.3,0
8,Male,6.59,Smartphone,True,0.55,Obesity Risk,Urban,8-12 (Pre-teen),6.59,0
12,Male,5.94,Smartphone,True,0.48,,Rural,8-12 (Pre-teen),5.94,0
9,Female,2.19,TV,True,0.44,,Urban,8-12 (Pre-teen),2.19,0
9,Male,5.13,TV,True,0.44,"Poor Sleep, Eye Strain, Anxiety",Urban,8-12 (Pre-teen),5.13,1
8,Male,4.48,TV,True,0.58,"Poor Sleep, Obesity Risk",Urban,8-12 (Pre-teen),4.48,1
12,Male,4.78,Smartphone,True,0.32,"Poor Sleep, Eye Strain",Urban,8-12 (Pre-teen),4.78,1
9,Female,4.92,Tablet,True,0.59,"Poor Sleep, Eye Strain, Anxiety",Urban,8-12 (Pre-teen),4.92,1
11,Female,4.93,TV,True,0.48,Anxiety,Urban,8-12 (Pre-teen),4.93,0
10,Male,0.7,Tablet,False,0.49,,Urban,8-12 (Pre-teen),0.7,0
10,Female,1.98,Tablet,False,0.46,,Rural,8-12 (Pre-teen),1.98,0
9,Male,3.91,Smartphone,True,0.6,,Urban,8-12 (Pre-teen),3.91,0
13,Male,5.02,Smartphone,True,0.5,"Poor Sleep, Anxiety",Rural,13-17 (Teen),5.02,1
9,Male,0.8,TV,False,0.55,,Urban,8-12 (Pre-teen),0.8,0
15,Female,4.42,Tablet,True,0.49,Poor Sleep,Urban,13-17 (Teen),4.42,1
15,Female,4.62,TV,True,0.31,,Urban,13-17 (Teen),4.62,0
12,Male,4.42,Laptop,True,0.43,Eye Strain,Urban,8-12 (Pre-teen),4.42,0
17,Female,2.29,Laptop,False,0.34,,Urban,13-17 (Teen),2.29,0
14,Male,2.14,Tablet,False,0.44,,Urban,13-17 (Teen),2.14,0
11,Female,3.5,Smartphone,True,0.47,"Poor Sleep, Anxiety",Urban,8-12 (Pre-teen),3.5,1
8,Male,1.67,TV,False,0.49,,Urban,8-12 (Pre-teen),1.67,0
18,Female,4.64,Smartphone,True,0.42,,Urban,18-29 (Young Adult),4.64,0
9,Male,1.74,TV,False,0.41,,Urban,8-12 (Pre-teen),1.74,0
17,Female,6.57,Smartphone,True,0.38,"Poor Sleep, Eye Strain, Anxiety",Urban,13-17 (Teen),6.57,1
17,Male,7.21,Laptop,True,0.43,Poor Sleep,Rural,13-17 (Teen),7.21,1
11,Female,3.24,Smartphone,True,0.48,"Poor Sleep, Eye Strain",Rural,8-12 (Pre-teen),3.24,1
8,Male,2.82,TV,True,0.52,,Urban,8-12 (Pre-teen),2.82,0
15,Male,3.04,Laptop,True,0.43,Poor Sleep,Urban,13-17 (Teen),3.04,1
16,Female,5.86,TV,True,0.49,"Poor Sleep, Eye Strain",Rural,13-17 (Teen),5.86,1
11,Female,5.22,Smartphone,True,0.41,"Poor Sleep, Eye Strain",Urban,8-12 (Pre-teen),5.22,1
17,Male,5.32,Smartphone,True,0.42,,Urban,13-17 (Teen),5.32,0
9,Male,5.22,Smartphone,True,0.44,Poor Sleep,Urban,8-12 (Pre-teen),5.22,1
12,Female,4.63,Smartphone,True,0.39,Poor Sleep,Urban,8-12 (Pre-teen),4.63,1
10,Female,3.61,Smartphone,True,0.45,Obesity Risk,Rural,8-12 (Pre-teen),3.61,0
17,Female,4.29,Smartphone,True,0.33,,Urban,13-17 (Teen),4.29,0
14,Male,4.9,Smartphone,True,0.43,"Poor Sleep, Eye Strain",Urban,13-17 (Teen),4.9,1
18,Female,3.67,Tablet,True,0.32,Obesity Risk,Urban,18-29 (Young Adult),3.67,0
13,Male,2.28,Tablet,False,0.49,,Urban,13-17 (Teen),2.28,0
8,Male,0.95,Smartphone,False,0.5,,Urban,8-12 (Pre-teen),0.95,0
15,Female,5.11,Laptop,True,0.46,Poor Sleep,Urban,13-17 (Teen),5.11,1
9,Female,2.67,TV,True,0.55,,Urban,8-12 (Pre-teen),2.67,0
12,Male,5.48,Tablet,True,0.35,Poor Sleep,Urban,8-12 (Pre-teen),5.48,1
16,Female,6.42,TV,True,0.45,Eye Strain,Urban,13-17 (Teen),6.42,0
15,Male,3.71,Smartphone,True,0.37,,Rural,13-17 (Teen),3.71,0
9,Male,5.69,Smartphone,True,0.55,Poor Sleep,Urban,8-12 (Pre-teen),5.69,1
16,Male,3.02,TV,True,0.43,Anxiety,Urban,13-17 (Teen),3.02,0
12,Female,4.72,Smartphone,True,0.39,Poor Sleep,Urban,8-12 (Pre-teen),4.72,1
17,Female,3.18,Smartphone,True,0.41,Poor Sleep,Rural,13-17 (Teen),3.18,1
13,Male,4.14,Smartphone,True,0.33,,Urban,13-17 (Teen),4.14,0
10,Male,4.54,Smartphone,True,0.46,Poor Sleep,Rural,8-12 (Pre-teen),4.54,1
10,Male,1.17,Smartphone,False,0.49,,Rural,8-12 (Pre-teen),1.17,0
17,Female,4.86,Laptop,True,0.32,"Poor Sleep, Anxiety",Rural,13-17 (Teen),4.86,1
15,Male,7.52,Smartphone,True,0.39,Poor Sleep,Rural,13-17 (Teen),7.52,1
18,Female,3.19,Laptop,True,0.34,,Rural,18-29 (Young Adult),3.19,0
17,Male,3.86,TV,True,0.5,"Poor Sleep, Anxiety",Urban,13-17 (Teen),3.86,1
17,Female,3.42,Smartphone,True,0.32,Poor Sleep,Rural,13-17 (Teen),3.42,1
9,Female,1.39,Tablet,False,0.41,,Urban,8-12 (Pre-teen),1.39,0
18,Female,3.83,Smartphone,True,0.42,"Poor Sleep, Eye Strain",Urban,18-29 (Young Adult),3.83,1
9,Female,1.48,TV,False,0.56,,Rural,8-12 (Pre-teen),1.48,0
12,Male,5.33,Smartphone,True,0.45,"Poor Sleep, Anxiety",Urban,8-12 (Pre-teen),5.33,1
13,Male,4.42,Smartphone,True,0.39,"Poor Sleep, Eye Strain",Urban,13-17 (Teen),4.42,1
9,Male,0.47,TV,False,0.46,,Urban,8-12 (Pre-teen),0.47,0
12,Female,4.32,TV,True,0.4,Poor Sleep,Urban,8-12 (Pre-teen),4.32,1
14,Male,5.44,Smartphone,True,0.35,"Poor Sleep, Eye Strain",Urban,13-17 (Teen),5.44,1
17,Female,5.02,Smartphone,True,0.36,Poor Sleep,Urban,13-17 (Teen),5.02,1
17,Male,2.14,Laptop,False,0.36,,Urban,13-17 (Teen),2.14,0
15,Male,4.76,TV,True,0.4,Poor Sleep,Urban,13-17 (Teen),4.76,1
14,Male,4.64,Tablet,True,0.44,,Urban,13-17 (Teen),4.64,0
15,Female,5.99,Smartphone,True,0.45,Poor Sleep,Urban,13-17 (Teen),5.99,1
16,Female,3.9,Laptop,True,0.47,"Poor Sleep, Eye Strain, Obesity Risk",Rural,13-17 (Teen),3.9,1
12,Male,4.98,Smartphone,True,0.34,"Poor Sleep, Eye Strain, Anxiety",Urban,8-12 (Pre-teen),4.98,1
12,Male,3.5,Smartphone,True,0.39,Poor Sleep,Urban,8-12 (Pre-teen),3.5,1
18,Female,4.27,Smartphone,True,0.36,Poor Sleep,Rural,18-29 (Young Adult),4.27,1
17,Female,6.3,Laptop,True,0.36,"Poor Sleep, Eye Strain",Urban,13-17 (Teen),6.3,1
11,Male,4.72,Smartphone,True,0.49,Poor Sleep,Urban,8-12 (Pre-teen),4.72,1
16,Male,3.41,Smartphone,True,0.47,Poor Sleep,Urban,13-17 (Teen),3.41,1
12,Male,3.71,Laptop,True,0.4,,Urban,8-12 (Pre-teen),3.71,0
9,Male,2.05,TV,True,0.41,,Urban,8-12 (Pre-teen),2.05,0
17,Male,3.72,Laptop,True,0.37,"Eye Strain, Anxiety",Urban,13-17 (Teen),3.72,0
15,Female,4.95,Laptop,True,0.44,Eye Strain,Urban,13-17 (Teen),4.95,0
14,Female,4.08,Smartphone,True,0.45,Obesity Risk,Urban,13-17 (Teen),4.08,0
15,Male,1.72,Smartphone,False,0.36,,Urban,13-17 (Teen),1.72,0
10,Male,8.29,TV,True,0.59,"Poor Sleep, Eye Strain",Rural,8-12 (Pre-teen),8.29,1
11,Male,3.91,Smartphone,True,0.4,Obesity Risk,Urban,8-12 (Pre-teen),3.91,0
12,Male,6.3,Smartphone,True,0.45,Eye Strain,Urban,8-12 (Pre-teen),6.3,0
13,Male,4.37,Tablet,True,0.5,"Poor Sleep, Obesity Risk",Urban,13-17 (Teen),4.37,1
8,Male,6.57,Smartphone,True,0.51,"Poor Sleep, Eye Strain",Rural,8-12 (Pre-teen),6.57,1
11,Male,3.65,Laptop,True,0.46,Poor Sleep,Rural,8-12 (Pre-teen),3.65,1
18,Female,6.33,Smartphone,True,0.31,"Eye Strain, Obesity Risk",Rural,18-29 (Young Adult),6.33,0
17,Female,2.65,Smartphone,False,0.5,,Rural,13-17 (Teen),2.65,0
12,Female,4.74,Tablet,True,0.47,,Urban,8-12 (Pre-teen),4.74,0
14,Female,5.52,Laptop,True,0.36,Poor Sleep,Urban,13-17 (Teen),5.52,1
12,Male,3.82,Laptop,True,0.35,"Poor Sleep, Eye Strain",Urban,8-12 (Pre-teen),3.82,1
8,Male,0.94,Smartphone,False,0.55,,Urban,8-12 (Pre-teen),0.94,0
18,Female,4.03,TV,True,0.38,,Urban,18-29 (Young Adult),4.03,0
14,Male,4.97,Smartphone,True,0.42,"Poor Sleep, Anxiety",Rural,13-17 (Teen),4.97,1
15,Female,6.59,Smartphone,True,0.47,Poor Sleep,Urban,13-17 (Teen),6.59,1
14,Female,2.97,Tablet,False,0.45,,Urban,13-17 (Teen),2.97,0
18,Male,5.15,Smartphone,True,0.37,,Urban,18-29 (Young Adult),5.15,0
11,Female,3.94,Tablet,True,0.33,"Poor Sleep, Obesity Risk",Urban,8-12 (Pre-teen),3.94,1
15,Male,3.6,Smartphone,True,0.37,Eye Strain,Rural,13-17 (Teen),3.6,0
12,Female,4.27,Smartphone,True,0.41,Anxiety,Urban,8-12 (Pre-teen),4.27,0
17,Male,4.03,Laptop,True,0.32,Poor Sleep,Urban,13-17 (Teen),4.03,1
16,Male,3.93,Smartphone,True,0.48,Eye Strain,Rural,13-17 (Teen),3.93,0
17,Female,5.06,Smartphone,True,0.31,Eye Strain,Urban,13-17 (Teen),5.06,0
12,Female,4.55,Laptop,True,0.39,Poor Sleep,Urban,8-12 (Pre-teen),4.55,1
8,Female,1.04,Smartphone,False,0.42,,Urban,8-12 (Pre-teen),1.04,0
16,Male,3.65,Smartphone,True,0.42,Anxiety,Urban,13-17 (Teen),3.65,0
12,Male,5.36,Laptop,True,0.31,,Rural,8-12 (Pre-teen),5.36,0
13,Female,3.89,TV,True,0.35,"Poor Sleep, Obesity Risk",Urban,13-17 (Teen),3.89,1
11,Male,3.38,TV,True,0.38,Poor Sleep,Urban,8-12 (Pre-teen),3.38,1
13,Female,2.43,Laptop,False,0.46,,Rural,13-17 (Teen),2.43,0
15,Female,4.05,Tablet,True,0.44,Poor Sleep,Urban,13-17 (Teen),4.05,1
10,Female,0.0,Tablet,False,0.41,,Urban,8-12 (Pre-teen),0.0,0
12,Male,4.45,Laptop,True,0.37,"Poor Sleep, Anxiety",Urban,8-12 (Pre-teen),4.45,1
9,Female,2.0,TV,False,0.49,,Urban,8-12 (Pre-teen),2.0,0
14,Female,4.72,Tablet,True,0.42,,Urban,13-17 (Teen),4.72,0
17,Female,2.86,TV,False,0.49,,Rural,13-17 (Teen),2.86,0
17,Male,4.99,Laptop,True,0.47,,Urban,13-17 (Teen),4.99,0
18,Female,5.15,Laptop,True,0.33,Poor Sleep,Urban,18-29 (Young Adult),5.15,1
17,Male,2.5,Smartphone,False,0.43,,Rural,13-17 (Teen),2.5,0
13,Male,3.04,Smartphone,True,0.46,,Rural,13-17 (Teen),3.04,0
11,Female,4.96,Tablet,True,0.36,"Poor Sleep, Anxiety",Urban,8-12 (Pre-teen),4.96,1
12,Female,5.64,TV,True,0.37,Poor Sleep,Urban,8-12 (Pre-teen),5.64,1
8,Male,4.89,Smartphone,True,0.41,"Poor Sleep, Obesity Risk",Urban,8-12 (Pre-teen),4.89,1
14,Male,3.39,Laptop,True,0.35,Poor Sleep,Rural,13-17 (Teen),3.39,1
15,Male,3.42,TV,True,0.35,"Poor Sleep, Obesity Risk",Rural,13-17 (Teen),3.42,1
16,Male,2.62,Smartphone,False,0.36,,Urban,13-17 (Teen),2.62,0
15,Male,4.73,TV,True,0.47,"Eye Strain, Obesity Risk",Urban,13-17 (Teen),4.73,0
12,Female,1.63,Laptop,False,0.35,,Rural,8-12 (Pre-teen),1.63,0
10,Male,5.68,TV,True,0.49,,Urban,8-12 (Pre-teen),5.68,0
17,Male,5.01,TV,True,0.34,Poor Sleep,Urban,13-17 (Teen),5.01,1
18,Female,5.79,Smartphone,True,0.41,Eye Strain,Urban,18-29 (Young Adult),5.79,0
16,Female,5.5,Laptop,True,0.42,Poor Sleep,Rural,13-17 (Teen),5.5,1
13,Female,6.15,TV,True,0.44,Poor Sleep,Urban,13-17 (Teen),6.15,1
12,Female,3.04,Laptop,True,0.45,"Poor Sleep, Eye Strain, Anxiety, Obesity Risk",Urban,8-12 (Pre-teen),3.04,1
10,Female,4.38,TV,True,0.44,"Poor Sleep, Anxiety",Rural,8-12 (Pre-teen),4.38,1
13,Female,4.0,Smartphone,True,0.49,Anxiety,Urban,13-17 (Teen),4.0,0
10,Female,6.74,Smartphone,True,0.58,"Poor Sleep, Eye Strain",Urban,8-12 (Pre-teen),6.74,1
17,Male,2.16,TV,False,0.35,,Urban,13-17 (Teen),2.16,0
13,Female,6.17,Smartphone,True,0.5,Poor Sleep,Urban,13-17 (Teen),6.17,1
11,Female,4.95,TV,True,0.49,Poor Sleep,Urban,8-12 (Pre-teen),4.95,1
9,Male,4.97,Smartphone,True,0.58,"Poor Sleep, Eye Strain",Urban,8-12 (Pre-teen),4.97,1
15,Male,4.49,Laptop,True,0.36,Poor Sleep,Urban,13-17 (Teen),4.49,1
11,Female,4.09,Laptop,True,0.37,,Rural,8-12 (Pre-teen),4.09,0
16,Male,4.99,Laptop,True,0.41,"Poor Sleep, Eye Strain",Urban,13-17 (Teen),4.99,1
14,Male,4.66,Smartphone,True,0.47,,Urban,13-17 (Teen),4.66,0
9,Male,3.66,Tablet,True,0.51,"Poor Sleep, Eye Strain, Obesity Risk",Urban,8-12 (Pre-teen),3.66,1
11,Male,5.06,Smartphone,True,0.44,Poor Sleep,Rural,8-12 (Pre-teen),5.06,1
12,Male,6.18,Laptop,True,0.33,,Rural,8-12 (Pre-teen),6.18,0
10,Male,2.98,TV,True,0.41,,Urban,8-12 (Pre-teen),2.98,0
16,Male,4.95,Tablet,True,0.43,"Poor Sleep, Obesity Risk",Rural,13-17 (Teen),4.95,1
12,Female,5.4,TV,True,0.43,Poor Sleep,Urban,8-12 (Pre-teen),5.4,1
9,Male,0.06,TV,False,0.45,,Rural,8-12 (Pre-teen),0.06,0
18,Female,6.77,Smartphone,True,0.47,"Poor Sleep, Eye Strain",Urban,18-29 (Young Adult),6.77,1
10,Male,8.75,Smartphone,True,0.53,Poor Sleep,Urban,8-12 (Pre-teen),8.75,1
16,Male,4.9,Smartphone,True,0.31,"Poor Sleep, Eye Strain",Rural,13-17 (Teen),4.9,1
14,Male,3.59,Laptop,True,0.42,,Rural,13-17 (Teen),3.59,0
9,Female,3.95,Tablet,True,0.5,Eye Strain,Urban,8-12 (Pre-teen),3.95,0
16,Male,3.47,Smartphone,True,0.45,Anxiety,Urban,13-17 (Teen),3.47,0
11,Female,5.85,Smartphone,True,0.39,Eye Strain,Urban,8-12 (Pre-teen),5.85,0
16,Female,4.98,Smartphone,True,0.37,Eye Strain,Rural,13-17 (Teen),4.98,0
9,Male,2.72,TV,True,0.56,,Rural,8-12 (Pre-teen),2.72,0
17,Male,2.88,Smartphone,False,0.49,,Urban,13-17 (Teen),2.88,0
11,Male,6.17,TV,True,0.44,Poor Sleep,Urban,8-12 (Pre-teen),6.17,1
12,Male,6.56,Smartphone,True,0.35,Poor Sleep,Urban,8-12 (Pre-teen),6.56,1
9,Female,0.85,TV,False,0.58,,Urban,8-12 (Pre-teen),0.85,0
17,Female,4.54,Smartphone,True,0.38,Anxiety,Rural,13-17 (Teen),4.54,0
8,Female,0.78,Tablet,False,0.44,,Urban,8-12 (Pre-teen),0.78,0
14,Female,4.4,TV,True,0.39,Poor Sleep,Urban,13-17 (Teen),4.4,1
17,Female,1.44,Smartphone,False,0.32,,Urban,13-17 (Teen),1.44,0
8,Female,9.41,Tablet,True,0.52,"Poor Sleep, Eye Strain",Rural,8-12 (Pre-teen),9.41,1
18,Male,5.52,Tablet,True,0.37,"Poor Sleep, Eye Strain",Rural,18-29 (Young Adult),5.52,1
18,Female,6.48,Smartphone,True,0.37,"Poor Sleep, Eye Strain",Urban,18-29 (Young Adult),6.48,1
15,Male,3.27,Smartphone,True,0.33,"Poor Sleep, Obesity Risk",Rural,13-17 (Teen),3.27,1
10,Male,5.33,Tablet,True,0.57,"Poor Sleep, Eye Strain",Urban,8-12 (Pre-teen),5.33,1
17,Female,3.55,TV,True,0.35,Poor Sleep,Urban,13-17 (Teen),3.55,1
13,Female,1.78,Smartphone,False,0.37,,Rural,13-17 (Teen),1.78,0
14,Male,4.03,TV,True,0.46,Poor Sleep,Urban,13-17 (Teen),4.03,1
17,Male,5.18,Laptop,True,0.32,Poor Sleep,Urban,13-17 (Teen),5.18,1
8,Male,5.28,TV,True,0.46,Poor Sleep,Urban,8-12 (Pre-teen),5.28,1
13,Female,3.81,TV,True,0.46,,Urban,13-17 (Teen),3.81,0
14,Male,5.28,Smartphone,True,0.38,"Poor Sleep, Eye Strain",Urban,13-17 (Teen),5.28,1
13,Male,4.6,Smartphone,True,0.39,"Poor Sleep, Anxiety, Obesity Risk",Urban,13-17 (Teen),4.6,1
11,Female,6.28,TV,True,0.36,Eye Strain,Urban,8-12 (Pre-teen),6.28,0
8,Female,3.13,Smartphone,True,0.43,"Poor Sleep, Eye Strain, Anxiety",Urban,8-12 (Pre-teen),3.13,1
18,Male,3.76,Smartphone,True,0.38,Poor Sleep,Urban,18-29 (Young Adult),3.76,1
16,Male,2.09,TV,False,0.4,,Urban,13-17 (Teen),2.09,0
11,Female,6.54,Tablet,True,0.42,"Poor Sleep, Obesity Risk",Rural,8-12 (Pre-teen),6.54,1
14,Female,2.44,Smartphone,False,0.37,,Rural,13-17 (Teen),2.44,0
14,Female,5.18,Smartphone,True,0.49,Poor Sleep,Rural,13-17 (Teen),5.18,1
9,Female,4.73,TV,True,0.52,,Rural,8-12 (Pre-teen),4.73,0
8,Male,3.91,Smartphone,True,0.41,Poor Sleep,Rural,8-12 (Pre-teen),3.91,1
15,Male,4.99,TV,True,0.37,"Poor Sleep, Anxiety",Rural,13-17 (Teen),4.99,1
15,Female,2.94,Laptop,False,0.32,,Urban,13-17 (Teen),2.94,0
14,Male,3.57,Tablet,True,0.37,"Poor Sleep, Anxiety, Obesity Risk",Urban,13-17 (Teen),3.57,1
15,Male,6.42,Tablet,True,0.38,"Poor Sleep, Anxiety",Urban,13-17 (Teen),6.42,1
10,Male,0.0,TV,False,0.51,,Rural,8-12 (Pre-teen),0.0,0
18,Female,5.04,Tablet,True,0.5,"Poor Sleep, Eye Strain, Anxiety",Urban,18-29 (Young Adult),5.04,1
9,Female,0.0,TV,False,0.52,,Urban,8-12 (Pre-teen),0.0,0
14,Female,5.27,Laptop,True,0.32,"Poor Sleep, Eye Strain",Urban,13-17 (Teen),5.27,1
15,Male,4.04,Smartphone,True,0.34,Poor Sleep,Rural,13-17 (Teen),4.04,1
8,Male,1.98,TV,False,0.43,,Urban,8-12 (Pre-teen),1.98,0
17,Female,4.42,Smartphone,True,0.4,Poor Sleep,Urban,13-17 (Teen),4.42,1
16,Male,4.49,Smartphone,True,0.33,,Urban,13-17 (Teen),4.49,0
18,Male,3.1,Tablet,True,0.41,,Urban,18-29 (Young Adult),3.1,0
11,Male,5.41,Smartphone,True,0.46,,Urban,8-12 (Pre-teen),5.41,0
11,Female,4.73,TV,True,0.41,Poor Sleep,Urban,8-12 (Pre-teen),4.73,1
10,Male,3.59,Tablet,True,0.42,Obesity Risk,Urban,8-12 (Pre-teen),3.59,0
13,Female,4.2,Smartphone,True,0.35,"Poor Sleep, Eye Strain, Anxiety",Urban,13-17 (Teen),4.2,1
8,Female,3.21,Tablet,True,0.4,Poor Sleep,Urban,8-12 (Pre-teen),3.21,1
13,Male,2.2,Tablet,False,0.38,,Urban,13-17 (Teen),2.2,0
9,Male,2.66,Tablet,True,0.47,,Urban,8-12 (Pre-teen),2.66,0
16,Male,4.45,Smartphone,True,0.44,,Rural,13-17 (Teen),4.45,0
9,Male,1.0,Smartphone,False,0.51,,Rural,8-12 (Pre-teen),1.0,0
14,Female,4.81,Laptop,True,0.42,Poor Sleep,Urban,13-17 (Teen),4.81,1
8,Male,5.18,Tablet,True,0.49,"Poor Sleep, Eye Strain",Urban,8-12 (Pre-teen),5.18,1
14,Male,4.19,Tablet,True,0.49,"Poor Sleep, Eye Strain",Urban,13-17 (Teen),4.19,1
12,Male,4.38,Laptop,True,0.42,"Poor Sleep, Eye Strain",Urban,8-12 (Pre-teen),4.38,1
15,Female,2.41,Smartphone,False,0.34,,Urban,13-17 (Teen),2.41,0
11,Female,3.89,Smartphone,True,0.46,"Poor Sleep, Eye Strain",Urban,8-12 (Pre-teen),3.89,1
17,Female,5.9,TV,True,0.33,Eye Strain,Urban,13-17 (Teen),5.9,0
14,Male,3.7,Laptop,True,0.43,Poor Sleep,Urban,13-17 (Teen),3.7,1
13,Male,5.61,Laptop,True,0.5,Poor Sleep,Rural,13-17 (Teen),5.61,1
12,Male,5.39,Laptop,True,0.36,Poor Sleep,Rural,8-12 (Pre-teen),5.39,1
11,Female,4.64,Tablet,True,0.32,Anxiety,Rural,8-12 (Pre-teen),4.64,0
14,Male,5.95,TV,True,0.38,,Urban,13-17 (Teen),5.95,0
12,Male,4.11,Smartphone,True,0.32,"Anxiety, Obesity Risk",Rural,8-12 (Pre-teen),4.11,0
12,Female,3.32,TV,True,0.4,,Urban,8-12 (Pre-teen),3.32,0
8,Female,3.7,TV,True,0.42,Poor Sleep,Urban,8-12 (Pre-teen),3.7,1
12,Female,2.88,TV,False,0.46,,Urban,8-12 (Pre-teen),2.88,0
10,Male,3.02,Smartphone,True,0.47,"Poor Sleep, Anxiety",Urban,8-12 (Pre-teen),3.02,1
9,Male,4.52,Smartphone,True,0.54,Eye Strain,Urban,8-12 (Pre-teen),4.52,0
11,Female,3.78,Laptop,True,0.44,"Poor Sleep, Eye Strain",Rural,8-12 (Pre-teen),3.78,1
11,Male,6.12,Smartphone,True,0.37,"Poor Sleep, Eye Strain",Urban,8-12 (Pre-teen),6.12,1
11,Male,5.19,Smartphone,True,0.47,Poor Sleep,Urban,8-12 (Pre-teen),5.19,1
11,Female,4.77,Laptop,True,0.42,"Eye Strain, Anxiety",Urban,8-12 (Pre-teen),4.77,0
10,Female,4.46,Smartphone,True,0.53,"Eye Strain, Anxiety",Rural,8-12 (Pre-teen),4.46,0
14,Male,2.82,Smartphone,False,0.47,,Rural,13-17 (Teen),2.82,0
16,Female,4.02,Tablet,True,0.4,Poor Sleep,Urban,13-17 (Teen),4.02,1
12,Female,4.32,Laptop,True,0.42,Eye Strain,Urban,8-12 (Pre-teen),4.32,0
11,Male,5.06,Smartphone,True,0.49,,Rural,8-12 (Pre-teen),5.06,0
18,Female,4.28,Smartphone,True,0.31,Poor Sleep,Urban,18-29 (Young Adult),4.28,1
9,Female,7.76,TV,True,0.54,"Poor Sleep, Obesity Risk",Urban,8-12 (Pre-teen),7.76,1
9,Female,2.0,Tablet,False,0.58,,Urban,8-12 (Pre-teen),2.0,0
12,Female,6.58,Smartphone,True,0.4,Poor Sleep,Urban,8-12 (Pre-teen),6.58,1
14,Male,4.84,Smartphone,True,0.46,"Poor Sleep, Eye Strain",Urban,13-17 (Teen),4.84,1
17,Male,2.5,Smartphone,False,0.42,,Rural,13-17 (Teen),2.5,0
17,Male,4.73,Smartphone,True,0.35,"Eye Strain, Anxiety",Urban,13-17 (Teen),4.73,0
16,Female,5.91,Laptop,True,0.35,Anxiety,Rural,13-17 (Teen),5.91,0
14,Female,4.91,Smartphone,True,0.49,Anxiety,Rural,13-17 (Teen),4.91,0
12,Male,4.19,Smartphone,True,0.48,Poor Sleep,Urban,8-12 (Pre-teen),4.19,1
17,Female,4.81,Smartphone,True,0.47,"Poor Sleep, Eye Strain",Urban,13-17 (Teen),4.81,1
17,Male,3.27,Tablet,True,0.5,Poor Sleep,Urban,13-17 (Teen),3.27,1
17,Female,5.15,Smartphone,True,0.37,,Urban,13-17 (Teen),5.15,0
13,Female,5.07,Laptop,True,0.47,"Poor Sleep, Eye Strain",Rural,13-17 (Teen),5.07,1
18,Female,4.36,Smartphone,True,0.4,Anxiety,Urban,18-29 (Young Adult),4.36,0
10,Female,6.7,Smartphone,True,0.45,"Poor Sleep, Obesity Risk",Urban,8-12 (Pre-teen),6.7,1
12,Male,4.32,Smartphone,True,0.41,Poor Sleep,Urban,8-12 (Pre-teen),4.32,1
15,Male,4.81,Laptop,True,0.46,"Poor Sleep, Eye Strain",Rural,13-17 (Teen),4.81,1
8,Female,4.57,Tablet,True,0.47,Poor Sleep,Urban,8-12 (Pre-teen),4.57,1
8,Male,8.15,TV,True,0.59,Obesity Risk,Urban,8-12 (Pre-teen),8.15,0
14,Female,6.27,Smartphone,True,0.37,"Eye Strain, Anxiety",Urban,13-17 (Teen),6.27,0
12,Male,2.47,Tablet,False,0.36,,Rural,8-12 (Pre-teen),2.47,0
12,Female,4.5,TV,True,0.37,Poor Sleep,Urban,8-12 (Pre-teen),4.5,1
8,Male,0.0,TV,False,0.48,,Rural,8-12 (Pre-teen),0.0,0
16,Female,3.86,Laptop,True,0.39,Eye Strain,Urban,13-17 (Teen),3.86,0
8,Male,3.28,Tablet,True,0.6,Poor Sleep,Rural,8-12 (Pre-teen),3.28,1
12,Female,6.53,TV,True,0.49,Poor Sleep,Urban,8-12 (Pre-teen),6.53,1
17,Male,4.73,Smartphone,True,0.38,Eye Strain,Urban,13-17 (Teen),4.73,0
16,Female,4.73,Smartphone,True,0.43,Eye Strain,Urban,13-17 (Teen),4.73,0
11,Male,1.48,Laptop,False,0.48,,Urban,8-12 (Pre-teen),1.48,0
15,Female,3.74,Laptop,True,0.37,Poor Sleep,Rural,13-17 (Teen),3.74,1
13,Female,3.9,Laptop,True,0.34,"Poor Sleep, Eye Strain, Obesity Risk",Urban,13-17 (Teen),3.9,1
18,Male,4.54,Tablet,True,0.4,"Poor Sleep, Obesity Risk",Urban,18-29 (Young Adult),4.54,1
11,Male,4.13,Smartphone,True,0.33,"Poor Sleep, Eye Strain",Urban,8-12 (Pre-teen),4.13,1
9,Male,2.64,Tablet,True,0.54,,Urban,8-12 (Pre-teen),2.64,0
8,Female,3.37,Smartphone,True,0.48,"Poor Sleep, Obesity Risk",Urban,8-12 (Pre-teen),3.37,1
15,Male,5.45,TV,True,0.48,"Poor Sleep, Eye Strain, Obesity Risk",Urban,13-17 (Teen),5.45,1
8,Male,3.16,TV,True,0.59,,Urban,8-12 (Pre-teen),3.16,0
18,Male,1.71,Smartphone,False,0.46,,Urban,18-29 (Young Adult),1.71,0
8,Male,9.35,Tablet,True,0.59,Poor Sleep,Urban,8-12 (Pre-teen),9.35,1
11,Male,3.71,Laptop,True,0.36,"Poor Sleep, Eye Strain",Urban,8-12 (Pre-teen),3.71,1
17,Female,5.42,Smartphone,True,0.31,"Poor Sleep, Eye Strain",Urban,13-17 (Teen),5.42,1
17,Male,5.74,Smartphone,True,0.41,Poor Sleep,Urban,13-17 (Teen),5.74,1
13,Male,3.05,Smartphone,True,0.35,Eye Strain,Urban,13-17 (Teen),3.05,0
16,Male,4.64,Smartphone,True,0.32,"Eye Strain, Anxiety",Urban,13-17 (Teen),4.64,0
8,Female,7.27,TV,True,0.49,Poor Sleep,Urban,8-12 (Pre-teen),7.27,1
14,Male,5.26,Smartphone,True,0.39,"Eye Strain, Anxiety",Rural,13-17 (Teen),5.26,0
17,Female,4.73,Smartphone,True,0.46,Poor Sleep,Urban,13-17 (Teen),4.73,1
18,Female,3.66,Laptop,True,0.47,Anxiety,Urban,18-29 (Young Adult),3.66,0
12,Male,4.5,Smartphone,True,0.4,"Poor Sleep, Eye Strain, Anxiety",Urban,8-12 (Pre-teen),4.5,1
15,Male,6.45,Smartphone,True,0.39,Poor Sleep,Urban,13-17 (Teen),6.45,1
14,Male,3.35,Smartphone,True,0.48,,Rural,13-17 (Teen),3.35,0
11,Female,4.17,Smartphone,True,0.49,Eye Strain,Urban,8-12 (Pre-teen),4.17,0
11,Male,4.87,Smartphone,True,0.39,Poor Sleep,Urban,8-12 (Pre-teen),4.87,1
13,Female,3.64,Laptop,True,0.39,"Poor Sleep, Eye Strain",Urban,13-17 (Teen),3.64,1
13,Male,6.68,Laptop,True,0.38,,Urban,13-17 (Teen),6.68,0
16,Female,4.5,TV,True,0.33,"Poor Sleep, Eye Strain",Urban,13-17 (Teen),4.5,1
12,Female,4.86,Laptop,True,0.36,"Poor Sleep, Eye Strain",Urban,8-12 (Pre-teen),4.86,1
15,Male,4.23,TV,True,0.36,,Urban,13-17 (Teen),4.23,0
12,Female,3.57,TV,True,0.46,,Urban,8-12 (Pre-teen),3.57,0
9,Female,5.02,Smartphone,True,0.56,"Poor Sleep, Eye Strain, Anxiety",Rural,8-12 (Pre-teen),5.02,1
13,Male,3.49,Smartphone,True,0.48,"Eye Strain, Obesity Risk",Rural,13-17 (Teen),3.49,0
16,Male,4.06,Smartphone,True,0.49,Poor Sleep,Rural,13-17 (Teen),4.06,1
10,Male,7.84,Tablet,True,0.59,,Urban,8-12 (Pre-teen),7.84,0
8,Female,10.49,TV,True,0.49,Poor Sleep,Rural,8-12 (Pre-teen),10.49,1
8,Male,6.99,Smartphone,True,0.49,Poor Sleep,Rural,8-12 (Pre-teen),6.99,1
10,Male,3.3,Smartphone,True,0.46,"Poor Sleep, Anxiety",Urban,8-12 (Pre-teen),3.3,1
17,Male,4.66,Smartphone,True,0.48,"Anxiety, Obesity Risk",Rural,13-17 (Teen),4.66,0
12,Female,4.6,Smartphone,True,0.31,"Poor Sleep, Anxiety, Obesity Risk",Urban,8-12 (Pre-teen),4.6,1
10,Female,7.06,Smartphone,True,0.55,"Poor Sleep, Eye Strain, Anxiety",Urban,8-12 (Pre-teen),7.06,1
16,Male,2.7,Smartphone,False,0.32,,Urban,13-17 (Teen),2.7,0
15,Female,3.46,Smartphone,True,0.33,"Poor Sleep, Anxiety",Urban,13-17 (Teen),3.46,1
10,Male,0.0,TV,False,0.58,,Urban,8-12 (Pre-teen),0.0,0
16,Male,3.53,Laptop,True,0.36,Poor Sleep,Urban,13-17 (Teen),3.53,1
13,Female,6.29,Smartphone,True,0.45,Poor Sleep,Rural,13-17 (Teen),6.29,1
14,Female,3.9,Tablet,True,0.38,"Poor Sleep, Eye Strain, Anxiety, Obesity Risk",Rural,13-17 (Teen),3.9,1
11,Male,3.64,Laptop,True,0.34,"Poor Sleep, Eye Strain, Obesity Risk",Rural,8-12 (Pre-teen),3.64,1
11,Male,5.76,TV,True,0.46,"Poor Sleep, Eye Strain",Rural,8-12 (Pre-teen),5.76,1
9,Male,2.28,TV,True,0.56,,Rural,8-12 (Pre-teen),2.28,0
12,Female,4.07,Smartphone,True,0.36,Poor Sleep,Urban,8-12 (Pre-teen),4.07,1
15,Female,3.12,Laptop,True,0.45,Anxiety,Rural,13-17 (Teen),3.12,0
14,Male,4.97,Smartphone,True,0.39,"Poor Sleep, Anxiety",Rural,13-17 (Teen),4.97,1
14,Male,4.03,Laptop,True,0.4,"Poor Sleep, Obesity Risk",Urban,13-17 (Teen),4.03,1
13,Female,5.01,Smartphone,True,0.41,,Urban,13-17 (Teen),5.01,0
10,Female,7.12,TV,True,0.46,Eye Strain,Urban,8-12 (Pre-teen),7.12,0
12,Female,3.37,Tablet,True,0.32,"Poor Sleep, Anxiety",Urban,8-12 (Pre-teen),3.37,1
8,Female,2.52,Smartphone,True,0.43,,Rural,8-12 (Pre-teen),2.52,0
14,Male,3.43,Laptop,True,0.42,Poor Sleep,Urban,13-17 (Teen),3.43,1
16,Male,6.99,Smartphone,True,0.37,"Poor Sleep, Eye Strain, Obesity Risk",Urban,13-17 (Teen),6.99,1
8,Male,5.11,TV,True,0.51,Poor Sleep,Urban,8-12 (Pre-teen),5.11,1
9,Female,6.68,Smartphone,True,0.53,Anxiety,Rural,8-12 (Pre-teen),6.68,0
10,Male,7.67,Tablet,True,0.51,"Poor Sleep, Eye Strain, Anxiety",Urban,8-12 (Pre-teen),7.67,1
10,Male,6.33,Tablet,True,0.42,Poor Sleep,Rural,8-12 (Pre-teen),6.33,1
15,Male,6.62,Smartphone,True,0.42,"Poor Sleep, Eye Strain",Urban,13-17 (Teen),6.62,1
14,Male,4.68,Laptop,True,0.42,Anxiety,Urban,13-17 (Teen),4.68,0
13,Male,5.2,Smartphone,True,0.34,,Rural,13-17 (Teen),5.2,0
17,Female,4.83,Laptop,True,0.38,Poor Sleep,Rural,13-17 (Teen),4.83,1
17,Male,4.93,Smartphone,True,0.48,Poor Sleep,Rural,13-17 (Teen),4.93,1
18,Male,5.22,Smartphone,True,0.38,Eye Strain,Urban,18-29 (Young Adult),5.22,0
11,Female,5.09,Smartphone,True,0.36,Anxiety,Urban,8-12 (Pre-teen),5.09,0
16,Male,3.79,Laptop,True,0.43,Poor Sleep,Urban,13-17 (Teen),3.79,1
8,Male,3.71,TV,True,0.41,,Urban,8-12 (Pre-teen),3.71,0
18,Female,5.36,Smartphone,True,0.46,,Urban,18-29 (Young Adult),5.36,0
9,Male,7.2,Smartphone,True,0.53,,Urban,8-12 (Pre-teen),7.2,0
11,Female,3.25,Smartphone,True,0.44,Poor Sleep,Urban,8-12 (Pre-teen),3.25,1
10,Male,4.32,Smartphone,True,0.45,Poor Sleep,Urban,8-12 (Pre-teen),4.32,1
8,Female,3.65,TV,True,0.42,Eye Strain,Urban,8-12 (Pre-teen),3.65,0
12,Female,5.45,Smartphone,True,0.35,Anxiety,Rural,8-12 (Pre-teen),5.45,0
14,Male,3.32,Laptop,True,0.45,"Poor Sleep, Anxiety",Urban,13-17 (Teen),3.32,1
9,Male,3.64,Smartphone,True,0.55,,Rural,8-12 (Pre-teen),3.64,0
12,Female,6.01,Smartphone,True,0.42,Anxiety,Rural,8-12 (Pre-teen),6.01,0
13,Male,5.55,Smartphone,True,0.38,,Urban,13-17 (Teen),5.55,0
18,Male,3.95,Smartphone,True,0.35,Eye Strain,Urban,18-29 (Young Adult),3.95,0
14,Female,3.89,TV,True,0.48,Eye Strain,Urban,13-17 (Teen),3.89,0
8,Male,8.12,Smartphone,True,0.46,"Poor Sleep, Anxiety",Rural,8-12 (Pre-teen),8.12,1
14,Female,4.3,Smartphone,True,0.33,"Poor Sleep, Eye Strain, Obesity Risk",Urban,13-17 (Teen),4.3,1
11,Female,4.21,Laptop,True,0.31,Poor Sleep,Urban,8-12 (Pre-teen),4.21,1
15,Female,6.14,Smartphone,True,0.34,"Poor Sleep, Obesity Risk",Urban,13-17 (Teen),6.14,1
11,Male,4.73,Smartphone,True,0.48,Eye Strain,Urban,8-12 (Pre-teen),4.73,0
13,Male,4.33,Smartphone,True,0.44,"Poor Sleep, Anxiety, Obesity Risk",Rural,13-17 (Teen),4.33,1
16,Female,7.24,TV,True,0.38,Poor Sleep,Urban,13-17 (Teen),7.24,1
12,Male,6.53,Smartphone,True,0.43,Poor Sleep,Urban,8-12 (Pre-teen),6.53,1
11,Female,4.81,Smartphone,True,0.44,"Eye Strain, Anxiety",Urban,8-12 (Pre-teen),4.81,0
15,Male,6.96,Smartphone,True,0.38,Poor Sleep,Urban,13-17 (Teen),6.96,1
16,Female,5.0,Laptop,True,0.41,,Rural,13-17 (Teen),5.0,0
11,Male,2.59,Laptop,False,0.45,,Rural,8-12 (Pre-teen),2.59,0
10,Female,2.43,TV,True,0.58,,Urban,8-12 (Pre-teen),2.43,0
15,Female,5.45,Laptop,True,0.32,"Poor Sleep, Eye Strain",Urban,13-17 (Teen),5.45,1
12,Female,4.98,Smartphone,True,0.48,"Poor Sleep, Anxiety",Rural,8-12 (Pre-teen),4.98,1
9,Female,3.16,TV,True,0.56,Eye Strain,Urban,8-12 (Pre-teen),3.16,0
17,Female,4.5,Smartphone,True,0.47,"Poor Sleep, Obesity Risk",Urban,13-17 (Teen),4.5,1
16,Male,5.02,Smartphone,True,0.44,Eye Strain,Urban,13-17 (Teen),5.02,0
10,Male,3.72,TV,True,0.56,Eye Strain,Urban,8-12 (Pre-teen),3.72,0
9,Male,0.0,Tablet,False,0.53,,Urban,8-12 (Pre-teen),0.0,0
8,Female,6.24,Smartphone,True,0.52,"Poor Sleep, Anxiety",Urban,8-12 (Pre-teen),6.24,1
15,Female,5.29,Laptop,True,0.45,"Poor Sleep, Eye Strain",Urban,13-17 (Teen),5.29,1
18,Male,5.19,Laptop,True,0.41,,Rural,18-29 (Young Adult),5.19,0
10,Male,1.63,TV,False,0.54,,Urban,8-12 (Pre-teen),1.63,0
14,Male,3.57,Smartphone,True,0.36,"Poor Sleep, Eye Strain",Urban,13-17 (Teen),3.57,1
8,Female,5.62,Tablet,True,0.54,"Poor Sleep, Eye Strain",Urban,8-12 (Pre-teen),5.62,1
8,Male,9.15,Tablet,True,0.57,,Rural,8-12 (Pre-teen),9.15,0
16,Male,4.75,Smartphone,True,0.37,Poor Sleep,Urban,13-17 (Teen),4.75,1
15,Male,5.0,Smartphone,True,0.31,"Poor Sleep, Eye Strain",Urban,13-17 (Teen),5.0,1
10,Male,6.57,Smartphone,True,0.52,Poor Sleep,Urban,8-12 (Pre-teen),6.57,1
13,Female,7.77,TV,True,0.44,,Urban,13-17 (Teen),7.77,0
18,Male,3.99,Laptop,True,0.49,,Rural,18-29 (Young Adult),3.99,0
10,Female,4.21,TV,True,0.49,"Poor Sleep, Obesity Risk",Rural,8-12 (Pre-teen),4.21,1
11,Male,2.95,Smartphone,False,0.49,,Rural,8-12 (Pre-teen),2.95,0
8,Female,3.93,Tablet,True,0.4,Poor Sleep,Rural,8-12 (Pre-teen),3.93,1
12,Female,6.34,TV,True,0.46,"Poor Sleep, Eye Strain",Urban,8-12 (Pre-teen),6.34,1
8,Male,1.24,Tablet,False,0.58,,Urban,8-12 (Pre-teen),1.24,0
8,Female,9.26,TV,True,0.6,"Eye Strain, Anxiety",Urban,8-12 (Pre-teen),9.26,0
17,Female,5.46,Smartphone,True,0.39,"Poor Sleep, Eye Strain",Urban,13-17 (Teen),5.46,1
18,Male,4.25,Smartphone,True,0.42,Poor Sleep,Urban,18-29 (Young Adult),4.25,1
18,Male,3.82,Tablet,True,0.48,"Poor Sleep, Eye Strain",Rural,18-29 (Young Adult),3.82,1
14,Male,4.61,Smartphone,True,0.38,Eye Strain,Urban,13-17 (Teen),4.61,0
13,Male,4.58,Smartphone,True,0.46,,Urban,13-17 (Teen),4.58,0
9,Female,4.44,Smartphone,True,0.57,Poor Sleep,Rural,8-12 (Pre-teen),4.44,1
18,Male,3.53,Laptop,True,0.32,"Poor Sleep, Anxiety, Obesity Risk",Urban,18-29 (Young Adult),3.53,1
9,Female,0.0,TV,False,0.53,,Rural,8-12 (Pre-teen),0.0,0
18,Male,4.0,Laptop,True,0.46,"Poor Sleep, Eye Strain",Urban,18-29 (Young Adult),4.0,1
14,Male,4.61,Laptop,True,0.36,"Poor Sleep, Eye Strain",Urban,13-17 (Teen),4.61,1
8,Female,0.92,TV,False,0.42,,Urban,8-12 (Pre-teen),0.92,0
9,Male,8.54,Smartphone,True,0.4,"Poor Sleep, Obesity Risk",Urban,8-12 (Pre-teen),8.54,1
15,Female,3.55,Tablet,True,0.49,Poor Sleep,Rural,13-17 (Teen),3.55,1
13,Female,3.85,Smartphone,True,0.42,Poor Sleep,Urban,13-17 (Teen),3.85,1
9,Female,4.31,Tablet,True,0.41,"Poor Sleep, Eye Strain",Urban,8-12 (Pre-teen),4.31,1
14,Female,5.21,Laptop,True,0.46,"Poor Sleep, Eye Strain",Rural,13-17 (Teen),5.21,1
11,Female,4.92,Smartphone,True,0.42,Poor Sleep,Rural,8-12 (Pre-teen),4.92,1
9,Male,4.36,TV,True,0.54,"Poor Sleep, Anxiety",Rural,8-12 (Pre-teen),4.36,1
13,Female,6.34,Smartphone,True,0.41,"Eye Strain, Obesity Risk",Urban,13-17 (Teen),6.34,0
18,Male,6.32,Tablet,True,0.42,Poor Sleep,Urban,18-29 (Young Adult),6.32,1
16,Male,4.19,TV,True,0.31,Poor Sleep,Rural,13-17 (Teen),4.19,1
18,Male,3.51,Smartphone,True,0.3,Anxiety,Urban,18-29 (Young Adult),3.51,0
16,Female,2.19,Smartphone,False,0.39,,Urban,13-17 (Teen),2.19,0
15,Female,3.18,TV,True,0.48,"Poor Sleep, Eye Strain, Anxiety",Urban,13-17 (Teen),3.18,1
10,Male,0.29,TV,False,0.57,,Urban,8-12 (Pre-teen),0.29,0
10,Female,3.57,TV,True,0.46,Poor Sleep,Urban,8-12 (Pre-teen),3.57,1
9,Female,1.62,TV,False,0.45,,Urban,8-12 (Pre-teen),1.62,0
12,Female,4.59,Smartphone,True,0.36,,Rural,8-12 (Pre-teen),4.59,0
11,Female,4.76,Smartphone,True,0.49,Anxiety,Urban,8-12 (Pre-teen),4.76,0
14,Male,4.95,Smartphone,True,0.44,"Poor Sleep, Anxiety",Rural,13-17 (Teen),4.95,1
11,Male,4.65,TV,True,0.41,"Poor Sleep, Anxiety",Urban,8-12 (Pre-teen),4.65,1
16,Male,3.78,Laptop,True,0.35,"Poor Sleep, Eye Strain, Obesity Risk",Urban,13-17 (Teen),3.78,1
9,Female,3.25,Smartphone,True,0.5,Poor Sleep,Rural,8-12 (Pre-teen),3.25,1
18,Male,4.41,Smartphone,True,0.31,"Poor Sleep, Eye Strain",Urban,18-29 (Young Adult),4.41,1
13,Female,2.83,Smartphone,False,0.35,,Urban,13-17 (Teen),2.83,0
14,Female,4.8,Tablet,True,0.31,Poor Sleep,Urban,13-17 (Teen),4.8,1
11,Male,5.09,Smartphone,True,0.38,"Poor Sleep, Eye Strain",Urban,8-12 (Pre-teen),5.09,1
13,Female,3.59,Smartphone,True,0.37,,Urban,13-17 (Teen),3.59,0
14,Female,6.55,Smartphone,True,0.4,"Poor Sleep, Eye Strain",Urban,13-17 (Teen),6.55,1
11,Female,4.3,Laptop,True,0.43,Poor Sleep,Urban,8-12 (Pre-teen),4.3,1
15,Male,5.85,Smartphone,True,0.49,"Poor Sleep, Eye Strain",Urban,13-17 (Teen),5.85,1
16,Female,4.58,Smartphone,True,0.45,"Eye Strain, Anxiety",Urban,13-17 (Teen),4.58,0
8,Female,3.45,Smartphone,True,0.48,Poor Sleep,Urban,8-12 (Pre-teen),3.45,1
14,Male,7.37,Smartphone,True,0.39,Poor Sleep,Urban,13-17 (Teen),7.37,1
16,Male,4.97,TV,True,0.47,,Rural,13-17 (Teen),4.97,0
17,Female,6.36,Smartphone,True,0.31,Anxiety,Urban,13-17 (Teen),6.36,0
12,Female,6.24,TV,True,0.47,"Poor Sleep, Eye Strain",Rural,8-12 (Pre-teen),6.24,1
9,Female,4.48,Smartphone,True,0.55,Poor Sleep,Urban,8-12 (Pre-teen),4.48,1
17,Male,4.48,TV,True,0.37,"Poor Sleep, Eye Strain, Anxiety",Rural,13-17 (Teen),4.48,1
13,Female,3.9,Smartphone,True,0.36,Poor Sleep,Urban,13-17 (Teen),3.9,1
14,Female,5.57,Laptop,True,0.41,,Urban,13-17 (Teen),5.57,0
9,Female,6.87,Smartphone,True,0.49,"Poor Sleep, Anxiety",Urban,8-12 (Pre-teen),6.87,1
9,Male,6.05,Smartphone,True,0.59,Poor Sleep,Urban,8-12 (Pre-teen),6.05,1
17,Female,5.75,Smartphone,True,0.42,Anxiety,Rural,13-17 (Teen),5.75,0
17,Female,1.45,TV,False,0.46,,Rural,13-17 (Teen),1.45,0
8,Male,4.94,Tablet,True,0.58,Poor Sleep,Urban,8-12 (Pre-teen),4.94,1
11,Female,4.91,TV,True,0.37,,Urban,8-12 (Pre-teen),4.91,0
14,Male,6.27,TV,True,0.3,Poor Sleep,Urban,13-17 (Teen),6.27,1
16,Female,5.39,Laptop,True,0.47,,Urban,13-17 (Teen),5.39,0
10,Female,6.92,TV,True,0.43,"Anxiety, Obesity Risk",Rural,8-12 (Pre-teen),6.92,0
18,Male,3.37,Smartphone,True,0.33,"Poor Sleep, Eye Strain, Anxiety",Rural,18-29 (Young Adult),3.37,1
14,Female,6.44,TV,True,0.42,"Poor Sleep, Eye Strain",Urban,13-17 (Teen),6.44,1
14,Female,5.76,TV,True,0.34,"Poor Sleep, Eye Strain, Anxiety",Urban,13-17 (Teen),5.76,1
14,Male,2.83,Smartphone,False,0.39,,Urban,13-17 (Teen),2.83,0
9,Male,0.0,TV,False,0.54,,Urban,8-12 (Pre-teen),0.0,0
13,Female,5.13,Smartphone,True,0.39,"Poor Sleep, Eye Strain, Anxiety",Rural,13-17 (Teen),5.13,1
9,Male,1.39,TV,False,0.59,,Urban,8-12 (Pre-teen),1.39,0
13,Female,3.94,Smartphone,True,0.43,"Poor Sleep, Eye Strain",Urban,13-17 (Teen),3.94,1
17,Female,3.75,Laptop,True,0.45,"Poor Sleep, Eye Strain, Anxiety",Urban,13-17 (Teen),3.75,1
10,Male,2.23,Smartphone,True,0.48,,Urban,8-12 (Pre-teen),2.23,0
9,Male,2.08,TV,True,0.54,,Urban,8-12 (Pre-teen),2.08,0
13,Female,4.2,Smartphone,True,0.33,"Poor Sleep, Eye Strain, Obesity Risk",Urban,13-17 (Teen),4.2,1
9,Female,3.8,TV,True,0.43,,Urban,8-12 (Pre-teen),3.8,0
12,Female,3.12,TV,True,0.42,Poor Sleep,Urban,8-12 (Pre-teen),3.12,1
9,Male,5.82,TV,True,0.51,Poor Sleep,Urban,8-12 (Pre-teen),5.82,1
10,Female,3.92,Smartphone,True,0.55,Poor Sleep,Urban,8-12 (Pre-teen),3.92,1
10,Male,7.4,Tablet,True,0.44,,Rural,8-12 (Pre-teen),7.4,0
13,Male,5.71,Smartphone,True,0.37,"Poor Sleep, Anxiety",Urban,13-17 (Teen),5.71,1
13,Female,2.48,Smartphone,False,0.39,,Rural,13-17 (Teen),2.48,0
17,Female,5.83,TV,True,0.41,,Urban,13-17 (Teen),5.83,0
10,Male,0.0,Tablet,False,0.59,,Urban,8-12 (Pre-teen),0.0,0
10,Female,0.96,Smartphone,False,0.4,,Rural,8-12 (Pre-teen),0.96,0
8,Female,0.0,Smartphone,False,0.44,,Rural,8-12 (Pre-teen),0.0,0
14,Female,2.42,Smartphone,False,0.4,,Urban,13-17 (Teen),2.42,0
15,Male,4.89,Smartphone,True,0.39,,Rural,13-17 (Teen),4.89,0
9,Male,5.81,TV,True,0.42,"Poor Sleep, Obesity Risk",Urban,8-12 (Pre-teen),5.81,1
11,Male,2.75,Laptop,False,0.49,,Urban,8-12 (Pre-teen),2.75,0
17,Female,2.09,Tablet,False,0.4,,Rural,13-17 (Teen),2.09,0
14,Male,5.16,Tablet,True,0.46,Poor Sleep,Urban,13-17 (Teen),5.16,1
15,Male,5.37,Laptop,True,0.41,"Poor Sleep, Eye Strain",Urban,13-17 (Teen),5.37,1
8,Male,0.24,Tablet,False,0.46,,Urban,8-12 (Pre-teen),0.24,0
11,Male,3.66,TV,True,0.44,Poor Sleep,Urban,8-12 (Pre-teen),3.66,1
13,Male,3.99,TV,True,0.37,"Poor Sleep, Anxiety",Urban,13-17 (Teen),3.99,1
10,Female,3.95,TV,True,0.59,,Urban,8-12 (Pre-teen),3.95,0
12,Male,4.71,Smartphone,True,0.46,,Rural,8-12 (Pre-teen),4.71,0
17,Female,4.18,Smartphone,True,0.37,"Poor Sleep, Eye Strain",Urban,13-17 (Teen),4.18,1
16,Female,4.8,Smartphone,True,0.39,Poor Sleep,Urban,13-17 (Teen),4.8,1
18,Male,6.6,TV,True,0.34,Poor Sleep,Urban,18-29 (Young Adult),6.6,1
10,Male,0.0,Tablet,False,0.57,,Rural,8-12 (Pre-teen),0.0,0
12,Male,5.29,Laptop,True,0.46,Poor Sleep,Urban,8-12 (Pre-teen),5.29,1
15,Female,4.94,Laptop,True,0.4,"Poor Sleep, Anxiety",Urban,13-17 (Teen),4.94,1
13,Female,4.56,Smartphone,True,0.43,,Rural,13-17 (Teen),4.56,0
11,Female,3.06,Smartphone,True,0.38,,Urban,8-12 (Pre-teen),3.06,0
15,Male,4.67,Smartphone,True,0.5,"Poor Sleep, Eye Strain, Anxiety",Urban,13-17 (Teen),4.67,1
18,Female,4.59,Smartphone,True,0.3,Poor Sleep,Urban,18-29 (Young Adult),4.59,1
10,Female,4.51,TV,True,0.44,Poor Sleep,Rural,8-12 (Pre-teen),4.51,1
10,Female,3.57,TV,True,0.47,Poor Sleep,Urban,8-12 (Pre-teen),3.57,1
11,Male,4.07,Smartphone,True,0.34,"Poor Sleep, Eye Strain",Urban,8-12 (Pre-teen),4.07,1
16,Male,4.83,Smartphone,True,0.39,"Poor Sleep, Obesity Risk",Urban,13-17 (Teen),4.83,1
12,Male,2.96,Smartphone,False,0.3,,Rural,8-12 (Pre-teen),2.96,0
15,Female,2.86,Tablet,False,0.35,,Urban,13-17 (Teen),2.86,0
13,Female,5.04,Smartphone,True,0.45,,Urban,13-17 (Teen),5.04,0
10,Male,7.21,TV,True,0.55,Eye Strain,Urban,8-12 (Pre-teen),7.21,0
15,Female,2.59,Smartphone,False,0.47,,Urban,13-17 (Teen),2.59,0
16,Female,7.07,Smartphone,True,0.37,"Poor Sleep, Eye Strain",Urban,13-17 (Teen),7.07,1
15,Female,6.67,Smartphone,True,0.3,Poor Sleep,Urban,13-17 (Teen),6.67,1
11,Male,3.86,Smartphone,True,0.38,"Poor Sleep, Eye Strain",Urban,8-12 (Pre-teen),3.86,1
18,Male,3.21,TV,True,0.43,Eye Strain,Urban,18-29 (Young Adult),3.21,0
13,Male,3.83,Smartphone,True,0.45,"Poor Sleep, Obesity Risk",Urban,13-17 (Teen),3.83,1
8,Female,3.02,Smartphone,True,0.53,Poor Sleep,Urban,8-12 (Pre-teen),3.02,1
11,Female,4.94,Laptop,True,0.45,"Poor Sleep, Eye Strain",Urban,8-12 (Pre-teen),4.94,1
15,Male,5.36,Laptop,True,0.42,"Poor Sleep, Anxiety",Urban,13-17 (Teen),5.36,1
8,Male,11.5,TV,True,0.58,,Rural,8-12 (Pre-teen),11.5,0
10,Male,7.17,Tablet,True,0.55,Poor Sleep,Rural,8-12 (Pre-teen),7.17,1
8,Female,0.4,TV,False,0.46,,Rural,8-12 (Pre-teen),0.4,0
16,Male,4.03,TV,True,0.34,,Urban,13-17 (Teen),4.03,0
9,Female,5.45,TV,True,0.55,"Poor Sleep, Anxiety",Rural,8-12 (Pre-teen),5.45,1
16,Female,4.73,Smartphone,True,0.35,"Anxiety, Obesity Risk",Rural,13-17 (Teen),4.73,0
11,Female,4.42,Smartphone,True,0.37,,Urban,8-12 (Pre-teen),4.42,0
9,Male,3.01,Smartphone,True,0.59,Poor Sleep,Rural,8-12 (Pre-teen),3.01,1
11,Female,5.39,Laptop,True,0.36,"Poor Sleep, Eye Strain",Urban,8-12 (Pre-teen),5.39,1
18,Female,3.26,TV,True,0.36,Poor Sleep,Urban,18-29 (Young Adult),3.26,1
18,Female,4.18,Tablet,True,0.37,Poor Sleep,Urban,18-29 (Young Adult),4.18,1
17,Male,3.67,Smartphone,True,0.41,Poor Sleep,Rural,13-17 (Teen),3.67,1
13,Male,5.23,Smartphone,True,0.31,Obesity Risk,Urban,13-17 (Teen),5.23,0
18,Female,5.87,Laptop,True,0.33,"Poor Sleep, Anxiety, Obesity Risk",Urban,18-29 (Young Adult),5.87,1
14,Male,6.07,TV,True,0.45,"Eye Strain, Anxiety",Urban,13-17 (Teen),6.07,0
10,Female,4.86,TV,True,0.47,Poor Sleep,Urban,8-12 (Pre-teen),4.86,1
10,Female,6.66,Tablet,True,0.55,Poor Sleep,Rural,8-12 (Pre-teen),6.66,1
17,Female,5.5,TV,True,0.38,Poor Sleep,Rural,13-17 (Teen),5.5,1
15,Female,4.46,Laptop,True,0.31,Poor Sleep,Urban,13-17 (Teen),4.46,1
12,Male,3.77,Laptop,True,0.39,"Poor Sleep, Anxiety",Urban,8-12 (Pre-teen),3.77,1
11,Female,3.85,Smartphone,True,0.49,,Rural,8-12 (Pre-teen),3.85,0
14,Male,6.37,Smartphone,True,0.31,Eye Strain,Urban,13-17 (Teen),6.37,0
14,Male,4.26,Smartphone,True,0.47,Poor Sleep,Rural,13-17 (Teen),4.26,1
16,Female,1.86,Tablet,False,0.45,,Urban,13-17 (Teen),1.86,0
16,Male,6.21,TV,True,0.37,Poor Sleep,Urban,13-17 (Teen),6.21,1
12,Male,5.01,Smartphone,True,0.32,Obesity Risk,Rural,8-12 (Pre-teen),5.01,0
15,Female,3.84,Smartphone,True,0.44,"Poor Sleep, Anxiety, Obesity Risk",Urban,13-17 (Teen),3.84,1
17,Male,4.85,Smartphone,True,0.4,Poor Sleep,Urban,13-17 (Teen),4.85,1
8,Male,1.59,TV,False,0.54,,Urban,8-12 (Pre-teen),1.59,0
16,Male,3.22,Smartphone,True,0.31,"Poor Sleep, Obesity Risk",Urban,13-17 (Teen),3.22,1
15,Female,2.51,TV,False,0.33,,Rural,13-17 (Teen),2.51,0
13,Female,6.17,Tablet,True,0.38,"Poor Sleep, Eye Strain",Rural,13-17 (Teen),6.17,1
10,Female,5.34,TV,True,0.53,Poor Sleep,Urban,8-12 (Pre-teen),5.34,1
10,Male,7.46,TV,True,0.48,Poor Sleep,Rural,8-12 (Pre-teen),7.46,1
15,Male,2.35,Smartphone,False,0.47,,Urban,13-17 (Teen),2.35,0
12,Male,4.54,Laptop,True,0.33,Obesity Risk,Urban,8-12 (Pre-teen),4.54,0
17,Female,4.16,Laptop,True,0.47,Eye Strain,Urban,13-17 (Teen),4.16,0
18,Male,4.48,Tablet,True,0.33,Poor Sleep,Rural,18-29 (Young Adult),4.48,1
14,Male,4.66,Tablet,True,0.4,,Urban,13-17 (Teen),4.66,0
12,Male,1.86,TV,False,0.44,,Urban,8-12 (Pre-teen),1.86,0
15,Male,4.97,Smartphone,True,0.38,"Poor Sleep, Eye Strain",Urban,13-17 (Teen),4.97,1
17,Male,5.96,Smartphone,True,0.33,Poor Sleep,Urban,13-17 (Teen),5.96,1
17,Male,6.35,Smartphone,True,0.32,"Poor Sleep, Eye Strain",Urban,13-17 (Teen),6.35,1
11,Male,5.6,Tablet,True,0.46,Anxiety,Urban,8-12 (Pre-teen),5.6,0
9,Female,7.62,TV,True,0.45,Anxiety,Urban,8-12 (Pre-teen),7.62,0
10,Male,0.0,Tablet,False,0.42,,Urban,8-12 (Pre-teen),0.0,0
15,Female,6.79,Laptop,True,0.38,Poor Sleep,Urban,13-17 (Teen),6.79,1
18,Male,4.18,TV,True,0.46,,Rural,18-29 (Young Adult),4.18,0
14,Male,4.05,TV,True,0.44,"Poor Sleep, Eye Strain",Rural,13-17 (Teen),4.05,1
9,Female,3.24,Smartphone,True,0.56,Poor Sleep,Rural,8-12 (Pre-teen),3.24,1
13,Female,2.97,Smartphone,False,0.37,,Urban,13-17 (Teen),2.97,0
16,Male,4.55,Smartphone,True,0.44,"Poor Sleep, Eye Strain",Rural,13-17 (Teen),4.55,1
11,Female,3.52,Smartphone,True,0.49,,Urban,8-12 (Pre-teen),3.52,0
16,Female,5.57,Smartphone,True,0.46,,Urban,13-17 (Teen),5.57,0
9,Male,4.65,Smartphone,True,0.41,"Poor Sleep, Eye Strain",Urban,8-12 (Pre-teen),4.65,1
9,Female,5.17,Tablet,True,0.47,,Urban,8-12 (Pre-teen),5.17,0
16,Female,5.69,Laptop,True,0.48,"Poor Sleep, Anxiety",Urban,13-17 (Teen),5.69,1
14,Male,4.22,Laptop,True,0.45,"Poor Sleep, Anxiety",Urban,13-17 (Teen),4.22,1
14,Male,3.58,Tablet,True,0.35,Poor Sleep,Urban,13-17 (Teen),3.58,1
8,Male,5.88,Tablet,True,0.4,Poor Sleep,Rural,8-12 (Pre-teen),5.88,1
18,Female,5.5,Smartphone,True,0.42,"Poor Sleep, Anxiety, Obesity Risk",Rural,18-29 (Young Adult),5.5,1
13,Male,4.2,Laptop,True,0.5,"Poor Sleep, Eye Strain",Urban,13-17 (Teen),4.2,1
14,Male,5.61,Smartphone,True,0.46,Obesity Risk,Urban,13-17 (Teen),5.61,0
18,Female,4.59,Smartphone,True,0.32,"Poor Sleep, Obesity Risk",Urban,18-29 (Young Adult),4.59,1
13,Male,5.02,TV,True,0.48,,Rural,13-17 (Teen),5.02,0
13,Female,3.37,Smartphone,True,0.39,Poor Sleep,Urban,13-17 (Teen),3.37,1
9,Male,1.41,Smartphone,False,0.51,,Rural,8-12 (Pre-teen),1.41,0
13,Male,5.56,Smartphone,True,0.41,,Rural,13-17 (Teen),5.56,0
11,Male,5.89,Smartphone,True,0.46,"Eye Strain, Obesity Risk",Urban,8-12 (Pre-teen),5.89,0
16,Male,3.18,Smartphone,True,0.35,Poor Sleep,Urban,13-17 (Teen),3.18,1
8,Female,1.65,Smartphone,False,0.44,,Urban,8-12 (Pre-teen),1.65,0
15,Female,2.07,Smartphone,False,0.36,,Urban,13-17 (Teen),2.07,0
12,Female,3.42,TV,True,0.38,Poor Sleep,Rural,8-12 (Pre-teen),3.42,1
8,Male,7.83,TV,True,0.44,Poor Sleep,Urban,8-12 (Pre-teen),7.83,1
11,Female,4.41,Laptop,True,0.31,Poor Sleep,Urban,8-12 (Pre-teen),4.41,1
8,Male,3.39,Smartphone,True,0.58,Anxiety,Rural,8-12 (Pre-teen),3.39,0
13,Female,3.0,Smartphone,False,0.35,,Urban,13-17 (Teen),3.0,0
9,Male,8.04,TV,True,0.45,Poor Sleep,Rural,8-12 (Pre-teen),8.04,1
12,Male,5.54,TV,True,0.34,,Urban,8-12 (Pre-teen),5.54,0
14,Male,7.1,Smartphone,True,0.47,"Eye Strain, Obesity Risk",Urban,13-17 (Teen),7.1,0
9,Female,4.69,Smartphone,True,0.4,Poor Sleep,Urban,8-12 (Pre-teen),4.69,1
13,Male,3.09,Smartphone,True,0.3,"Poor Sleep, Eye Strain",Urban,13-17 (Teen),3.09,1
13,Male,4.7,Smartphone,True,0.33,Obesity Risk,Urban,13-17 (Teen),4.7,0
12,Male,4.61,Smartphone,True,0.49,Poor Sleep,Urban,8-12 (Pre-teen),4.61,1
12,Female,5.61,Smartphone,True,0.36,"Poor Sleep, Obesity Risk",Urban,8-12 (Pre-teen),5.61,1
10,Female,3.17,Smartphone,True,0.47,Poor Sleep,Urban,8-12 (Pre-teen),3.17,1
17,Male,2.62,TV,False,0.48,,Urban,13-17 (Teen),2.62,0
17,Female,4.27,TV,True,0.45,"Poor Sleep, Eye Strain",Rural,13-17 (Teen),4.27,1
18,Male,6.46,Smartphone,True,0.39,,Urban,18-29 (Young Adult),6.46,0
9,Female,10.66,TV,True,0.5,Anxiety,Urban,8-12 (Pre-teen),10.66,0
14,Male,5.59,Smartphone,True,0.46,,Urban,13-17 (Teen),5.59,0
8,Female,5.74,TV,True,0.58,Poor Sleep,Urban,8-12 (Pre-teen),5.74,1
13,Female,4.95,TV,True,0.42,Poor Sleep,Rural,13-17 (Teen),4.95,1
13,Male,5.07,TV,True,0.38,Poor Sleep,Urban,13-17 (Teen),5.07,1
10,Female,4.23,Smartphone,True,0.48,"Poor Sleep, Anxiety",Urban,8-12 (Pre-teen),4.23,1
9,Female,0.6,TV,False,0.41,,Rural,8-12 (Pre-teen),0.6,0
9,Female,3.51,TV,True,0.47,,Rural,8-12 (Pre-teen),3.51,0
16,Female,4.41,TV,True,0.32,"Poor Sleep, Anxiety",Rural,13-17 (Teen),4.41,1
18,Female,4.67,Laptop,True,0.41,Poor Sleep,Urban,18-29 (Young Adult),4.67,1
12,Female,4.41,Tablet,True,0.35,Poor Sleep,Rural,8-12 (Pre-teen),4.41,1
14,Male,5.69,Smartphone,True,0.42,,Urban,13-17 (Teen),5.69,0
12,Male,5.02,Laptop,True,0.43,Poor Sleep,Urban,8-12 (Pre-teen),5.02,1
14,Female,5.12,TV,True,0.45,Poor Sleep,Urban,13-17 (Teen),5.12,1
11,Male,5.66,Smartphone,True,0.31,,Rural,8-12 (Pre-teen),5.66,0
15,Male,3.6,TV,True,0.4,Poor Sleep,Urban,13-17 (Teen),3.6,1
18,Male,3.69,Smartphone,True,0.33,"Poor Sleep, Eye Strain",Urban,18-29 (Young Adult),3.69,1
17,Female,6.24,Smartphone,True,0.43,,Urban,13-17 (Teen),6.24,0
18,Male,6.36,TV,True,0.4,Poor Sleep,Rural,18-29 (Young Adult),6.36,1
17,Male,4.33,Laptop,True,0.31,"Poor Sleep, Obesity Risk",Urban,13-17 (Teen),4.33,1
14,Female,5.88,TV,True,0.31,,Urban,13-17 (Teen),5.88,0
17,Female,2.31,Smartphone,False,0.44,,Urban,13-17 (Teen),2.31,0
12,Female,7.33,TV,True,0.45,Poor Sleep,Urban,8-12 (Pre-teen),7.33,1
18,Female,4.04,TV,True,0.41,"Poor Sleep, Anxiety",Urban,18-29 (Young Adult),4.04,1
13,Female,6.68,Smartphone,True,0.36,"Poor Sleep, Eye Strain",Urban,13-17 (Teen),6.68,1
12,Female,5.83,Smartphone,True,0.41,,Rural,8-12 (Pre-teen),5.83,0
14,Female,4.56,Laptop,True,0.49,"Poor Sleep, Eye Strain, Anxiety, Obesity Risk",Rural,13-17 (Teen),4.56,1
9,Male,3.96,Smartphone,True,0.43,Eye Strain,Urban,8-12 (Pre-teen),3.96,0
12,Male,3.29,Smartphone,True,0.41,Eye Strain,Urban,8-12 (Pre-teen),3.29,0
17,Female,5.39,Smartphone,True,0.4,Eye Strain,Urban,13-17 (Teen),5.39,0
10,Female,0.94,Smartphone,False,0.5,,Urban,8-12 (Pre-teen),0.94,0
16,Female,3.21,Smartphone,True,0.42,,Urban,13-17 (Teen),3.21,0
13,Female,2.95,Smartphone,False,0.42,,Urban,13-17 (Teen),2.95,0
17,Female,4.99,Smartphone,True,0.45,"Poor Sleep, Eye Strain",Urban,13-17 (Teen),4.99,1
10,Female,2.42,Smartphone,True,0.46,,Urban,8-12 (Pre-teen),2.42,0
14,Male,5.49,Smartphone,True,0.44,"Anxiety, Obesity Risk",Urban,13-17 (Teen),5.49,0
11,Female,2.45,Smartphone,False,0.36,,Urban,8-12 (Pre-teen),2.45,0
15,Male,5.39,TV,True,0.33,"Poor Sleep, Eye Strain",Rural,13-17 (Teen),5.39,1
11,Female,4.16,Smartphone,True,0.37,Poor Sleep,Rural,8-12 (Pre-teen),4.16,1
18,Female,5.22,TV,True,0.39,,Rural,18-29 (Young Adult),5.22,0
8,Female,6.82,TV,True,0.57,"Poor Sleep, Anxiety",Urban,8-12 (Pre-teen),6.82,1
13,Female,4.94,Smartphone,True,0.45,,Urban,13-17 (Teen),4.94,0
17,Male,4.32,Smartphone,True,0.31,Poor Sleep,Urban,13-17 (Teen),4.32,1
18,Male,4.81,Smartphone,True,0.38,"Poor Sleep, Eye Strain",Urban,18-29 (Young Adult),4.81,1
18,Female,3.86,TV,True,0.45,Anxiety,Urban,18-29 (Young Adult),3.86,0
8,Female,2.97,TV,True,0.57,,Urban,8-12 (Pre-teen),2.97,0
12,Male,2.76,Smartphone,False,0.37,,Rural,8-12 (Pre-teen),2.76,0
14,Female,4.84,Smartphone,True,0.46,"Poor Sleep, Eye Strain",Rural,13-17 (Teen),4.84,1
13,Male,3.68,Laptop,True,0.32,Poor Sleep,Urban,13-17 (Teen),3.68,1
9,Female,6.74,Smartphone,True,0.59,Poor Sleep,Rural,8-12 (Pre-teen),6.74,1
18,Male,4.49,Smartphone,True,0.33,,Urban,18-29 (Young Adult),4.49,0
11,Female,5.04,Smartphone,True,0.33,Obesity Risk,Urban,8-12 (Pre-teen),5.04,0
18,Male,5.76,Smartphone,True,0.41,Poor Sleep,Urban,18-29 (Young Adult),5.76,1
9,Female,7.4,Tablet,True,0.55,"Poor Sleep, Obesity Risk",Urban,8-12 (Pre-teen),7.4,1
18,Female,5.59,Smartphone,True,0.3,Obesity Risk,Urban,18-29 (Young Adult),5.59,0
8,Male,0.48,TV,False,0.57,,Rural,8-12 (Pre-teen),0.48,0
10,Female,3.74,Smartphone,True,0.47,,Urban,8-12 (Pre-teen),3.74,0
10,Female,0.03,TV,False,0.56,,Urban,8-12 (Pre-teen),0.03,0
14,Male,5.85,Smartphone,True,0.36,Poor Sleep,Urban,13-17 (Teen),5.85,1
8,Male,1.05,TV,False,0.58,,Rural,8-12 (Pre-teen),1.05,0
16,Male,3.23,TV,True,0.47,Poor Sleep,Urban,13-17 (Teen),3.23,1
18,Female,5.22,Smartphone,True,0.33,,Urban,18-29 (Young Adult),5.22,0
13,Female,3.53,Laptop,True,0.48,"Poor Sleep, Eye Strain",Urban,13-17 (Teen),3.53,1
11,Female,4.76,TV,True,0.5,,Rural,8-12 (Pre-teen),4.76,0
10,Male,2.35,TV,True,0.44,,Urban,8-12 (Pre-teen),2.35,0
10,Female,0.0,Tablet,False,0.54,,Urban,8-12 (Pre-teen),0.0,0
9,Male,5.23,TV,True,0.47,Poor Sleep,Urban,8-12 (Pre-teen),5.23,1
9,Male,0.97,TV,False,0.55,,Rural,8-12 (Pre-teen),0.97,0
17,Male,4.93,Smartphone,True,0.35,"Poor Sleep, Obesity Risk",Urban,13-17 (Teen),4.93,1
12,Female,4.78,TV,True,0.31,Eye Strain,Urban,8-12 (Pre-teen),4.78,0
16,Female,5.56,Smartphone,True,0.33,"Poor Sleep, Anxiety",Rural,13-17 (Teen),5.56,1
9,Female,6.73,TV,True,0.44,Poor Sleep,Urban,8-12 (Pre-teen),6.73,1
9,Male,5.14,Smartphone,True,0.53,"Poor Sleep, Eye Strain",Urban,8-12 (Pre-teen),5.14,1
13,Male,4.15,Smartphone,True,0.34,,Rural,13-17 (Teen),4.15,0
17,Female,5.0,Smartphone,True,0.32,Poor Sleep,Urban,13-17 (Teen),5.0,1
9,Male,3.86,TV,True,0.41,Eye Strain,Urban,8-12 (Pre-teen),3.86,0
11,Male,2.94,TV,False,0.42,,Urban,8-12 (Pre-teen),2.94,0
13,Female,5.15,Smartphone,True,0.31,Poor Sleep,Urban,13-17 (Teen),5.15,1
12,Female,4.69,Smartphone,True,0.36,"Poor Sleep, Anxiety",Rural,8-12 (Pre-teen),4.69,1
8,Male,5.91,TV,True,0.47,Poor Sleep,Urban,8-12 (Pre-teen),5.91,1
13,Male,3.7,Smartphone,True,0.32,"Poor Sleep, Anxiety",Rural,13-17 (Teen),3.7,1
8,Female,7.92,Smartphone,True,0.44,Poor Sleep,Urban,8-12 (Pre-teen),7.92,1
10,Male,5.05,Smartphone,True,0.47,"Poor Sleep, Obesity Risk",Urban,8-12 (Pre-teen),5.05,1
17,Male,3.95,Tablet,True,0.45,"Poor Sleep, Anxiety",Urban,13-17 (Teen),3.95,1
12,Male,6.31,TV,True,0.33,Anxiety,Urban,8-12 (Pre-teen),6.31,0
17,Female,2.08,Laptop,False,0.37,,Urban,13-17 (Teen),2.08,0
12,Female,3.62,Smartphone,True,0.48,"Poor Sleep, Eye Strain",Urban,8-12 (Pre-teen),3.62,1
17,Female,6.14,Laptop,True,0.47,Poor Sleep,Urban,13-17 (Teen),6.14,1
13,Male,4.76,Tablet,True,0.44,"Poor Sleep, Eye Strain",Urban,13-17 (Teen),4.76,1
17,Male,5.72,Laptop,True,0.43,Obesity Risk,Urban,13-17 (Teen),5.72,0
15,Female,3.13,Tablet,True,0.43,Poor Sleep,Urban,13-17 (Teen),3.13,1
12,Female,3.73,Smartphone,True,0.47,Poor Sleep,Rural,8-12 (Pre-teen),3.73,1
18,Male,3.79,TV,True,0.41,"Poor Sleep, Eye Strain, Anxiety, Obesity Risk",Rural,18-29 (Young Adult),3.79,1
8,Male,6.73,TV,True,0.51,"Poor Sleep, Obesity Risk",Urban,8-12 (Pre-teen),6.73,1
12,Female,5.82,Tablet,True,0.38,Eye Strain,Urban,8-12 (Pre-teen),5.82,0
10,Male,2.53,TV,True,0.6,,Urban,8-12 (Pre-teen),2.53,0
11,Male,3.45,Tablet,True,0.33,,Urban,8-12 (Pre-teen),3.45,0
15,Female,2.92,Smartphone,False,0.41,,Urban,13-17 (Teen),2.92,0
14,Female,1.25,Laptop,False,0.5,,Urban,13-17 (Teen),1.25,0
18,Male,4.72,Smartphone,True,0.43,"Poor Sleep, Anxiety",Rural,18-29 (Young Adult),4.72,1
12,Male,6.14,Smartphone,True,0.31,,Rural,8-12 (Pre-teen),6.14,0
9,Male,8.46,Smartphone,True,0.5,,Urban,8-12 (Pre-teen),8.46,0
13,Female,3.9,Smartphone,True,0.35,Eye Strain,Urban,13-17 (Teen),3.9,0
18,Female,4.62,TV,True,0.43,"Poor Sleep, Anxiety",Rural,18-29 (Young Adult),4.62,1
13,Male,4.47,Laptop,True,0.34,Poor Sleep,Urban,13-17 (Teen),4.47,1
17,Male,4.86,TV,True,0.3,Poor Sleep,Urban,13-17 (Teen),4.86,1
17,Male,2.59,Smartphone,False,0.4,,Urban,13-17 (Teen),2.59,0
18,Female,6.87,Laptop,True,0.38,Poor Sleep,Urban,18-29 (Young Adult),6.87,1
13,Female,4.22,Smartphone,True,0.43,"Poor Sleep, Eye Strain",Urban,13-17 (Teen),4.22,1
16,Female,6.89,Smartphone,True,0.45,Poor Sleep,Urban,13-17 (Teen),6.89,1
18,Female,3.61,Smartphone,True,0.49,Poor Sleep,Rural,18-29 (Young Adult),3.61,1
15,Male,4.97,Smartphone,True,0.49,,Urban,13-17 (Teen),4.97,0
15,Male,4.98,TV,True,0.38,Eye Strain,Urban,13-17 (Teen),4.98,0
8,Female,3.31,Tablet,True,0.52,Poor Sleep,Rural,8-12 (Pre-teen),3.31,1
12,Female,3.5,Smartphone,True,0.48,Anxiety,Urban,8-12 (Pre-teen),3.5,0
14,Female,4.12,Smartphone,True,0.31,,Rural,13-17 (Teen),4.12,0
13,Male,4.62,Smartphone,True,0.43,"Poor Sleep, Eye Strain",Urban,13-17 (Teen),4.62,1
12,Male,2.96,Laptop,False,0.33,,Urban,8-12 (Pre-teen),2.96,0
15,Female,2.31,Smartphone,False,0.3,,Rural,13-17 (Teen),2.31,0
10,Female,0.0,Smartphone,False,0.56,,Urban,8-12 (Pre-teen),0.0,0
13,Female,4.15,TV,True,0.39,Poor Sleep,Urban,13-17 (Teen),4.15,1
12,Male,5.03,Smartphone,True,0.41,Anxiety,Rural,8-12 (Pre-teen),5.03,0
15,Male,5.44,Smartphone,True,0.43,"Poor Sleep, Obesity Risk",Urban,13-17 (Teen),5.44,1
15,Male,6.26,Laptop,True,0.38,,Urban,13-17 (Teen),6.26,0
17,Female,6.49,Tablet,True,0.49,,Rural,13-17 (Teen),6.49,0
9,Male,5.19,Tablet,True,0.54,,Urban,8-12 (Pre-teen),5.19,0
16,Male,5.07,Smartphone,True,0.32,,Urban,13-17 (Teen),5.07,0
16,Male,5.34,Smartphone,True,0.4,Poor Sleep,Urban,13-17 (Teen),5.34,1
17,Female,5.96,Laptop,True,0.35,"Poor Sleep, Anxiety",Rural,13-17 (Teen),5.96,1
17,Male,3.18,Smartphone,True,0.41,,Urban,13-17 (Teen),3.18,0
13,Female,4.34,TV,True,0.33,Eye Strain,Urban,13-17 (Teen),4.34,0
11,Female,7.91,TV,True,0.44,Anxiety,Rural,8-12 (Pre-teen),7.91,0
11,Male,4.57,Smartphone,True,0.4,"Poor Sleep, Anxiety",Urban,8-12 (Pre-teen),4.57,1
13,Male,3.44,TV,True,0.31,Anxiety,Urban,13-17 (Teen),3.44,0
12,Male,3.45,Smartphone,True,0.32,"Poor Sleep, Anxiety",Rural,8-12 (Pre-teen),3.45,1
13,Male,4.99,Smartphone,True,0.33,"Poor Sleep, Eye Strain",Rural,13-17 (Teen),4.99,1
14,Female,4.08,Laptop,True,0.47,,Urban,13-17 (Teen),4.08,0
14,Male,5.62,Smartphone,True,0.39,Poor Sleep,Rural,13-17 (Teen),5.62,1
16,Female,7.23,Smartphone,True,0.37,,Urban,13-17 (Teen),7.23,0
15,Male,4.67,TV,True,0.35,,Urban,13-17 (Teen),4.67,0
13,Female,5.93,Tablet,True,0.48,"Poor Sleep, Eye Strain, Anxiety",Urban,13-17 (Teen),5.93,1
13,Male,3.75,Smartphone,True,0.5,Poor Sleep,Urban,13-17 (Teen),3.75,1
12,Male,4.19,Smartphone,True,0.46,Poor Sleep,Urban,8-12 (Pre-teen),4.19,1
8,Female,0.91,TV,False,0.5,,Urban,8-12 (Pre-teen),0.91,0
16,Female,4.63,Smartphone,True,0.49,Anxiety,Urban,13-17 (Teen),4.63,0
16,Male,5.11,TV,True,0.35,Anxiety,Urban,13-17 (Teen),5.11,0
16,Female,3.79,Smartphone,True,0.32,Anxiety,Rural,13-17 (Teen),3.79,0
18,Male,3.78,Smartphone,True,0.36,,Urban,18-29 (Young Adult),3.78,0
15,Female,5.35,Laptop,True,0.34,,Rural,13-17 (Teen),5.35,0
17,Female,5.4,Tablet,True,0.45,"Poor Sleep, Eye Strain",Rural,13-17 (Teen),5.4,1
10,Male,7.93,Tablet,True,0.51,"Poor Sleep, Eye Strain",Urban,8-12 (Pre-teen),7.93,1
8,Male,8.46,TV,True,0.53,Poor Sleep,Urban,8-12 (Pre-teen),8.46,1
18,Female,4.97,Smartphone,True,0.4,Poor Sleep,Urban,18-29 (Young Adult),4.97,1
15,Male,5.05,Smartphone,True,0.43,"Anxiety, Obesity Risk",Urban,13-17 (Teen),5.05,0
14,Female,3.23,TV,True,0.43,"Poor Sleep, Eye Strain",Rural,13-17 (Teen),3.23,1
12,Female,4.09,Smartphone,True,0.48,"Eye Strain, Obesity Risk",Urban,8-12 (Pre-teen),4.09,0
17,Male,2.41,Laptop,False,0.35,,Rural,13-17 (Teen),2.41,0
14,Female,5.54,Smartphone,True,0.5,Poor Sleep,Rural,13-17 (Teen),5.54,1
17,Female,5.11,Laptop,True,0.5,"Poor Sleep, Eye Strain, Anxiety",Urban,13-17 (Teen),5.11,1
11,Male,3.69,TV,True,0.31,Obesity Risk,Urban,8-12 (Pre-teen),3.69,0
16,Male,5.22,Smartphone,True,0.43,Poor Sleep,Rural,13-17 (Teen),5.22,1
18,Male,3.94,Laptop,True,0.45,"Poor Sleep, Obesity Risk",Urban,18-29 (Young Adult),3.94,1
17,Female,8.26,TV,True,0.45,"Poor Sleep, Anxiety",Urban,13-17 (Teen),8.26,1
9,Female,0.76,TV,False,0.59,,Rural,8-12 (Pre-teen),0.76,0
16,Female,2.51,Laptop,False,0.38,,Urban,13-17 (Teen),2.51,0
16,Male,4.24,Tablet,True,0.49,Poor Sleep,Rural,13-17 (Teen),4.24,1
12,Male,6.71,Smartphone,True,0.39,"Poor Sleep, Anxiety",Urban,8-12 (Pre-teen),6.71,1
18,Male,7.13,Smartphone,True,0.38,Eye Strain,Urban,18-29 (Young Adult),7.13,0
8,Female,6.25,Smartphone,True,0.53,Poor Sleep,Urban,8-12 (Pre-teen),6.25,1
14,Female,5.51,Tablet,True,0.38,,Rural,13-17 (Teen),5.51,0
17,Male,4.86,Smartphone,True,0.45,"Poor Sleep, Eye Strain, Anxiety",Urban,13-17 (Teen),4.86,1
17,Female,5.68,Smartphone,True,0.39,"Poor Sleep, Eye Strain, Obesity Risk",Urban,13-17 (Teen),5.68,1
11,Female,6.09,Laptop,True,0.4,Poor Sleep,Urban,8-12 (Pre-teen),6.09,1
16,Female,4.23,Smartphone,True,0.37,,Urban,13-17 (Teen),4.23,0
13,Male,4.46,Tablet,True,0.4,Poor Sleep,Urban,13-17 (Teen),4.46,1
10,Male,4.78,Tablet,True,0.57,Poor Sleep,Urban,8-12 (Pre-teen),4.78,1
13,Female,4.11,Laptop,True,0.38,"Poor Sleep, Eye Strain",Urban,13-17 (Teen),4.11,1
17,Female,4.81,Smartphone,True,0.43,Poor Sleep,Urban,13-17 (Teen),4.81,1
13,Female,6.06,TV,True,0.31,Poor Sleep,Urban,13-17 (Teen),6.06,1
12,Male,7.72,Smartphone,True,0.36,Poor Sleep,Urban,8-12 (Pre-teen),7.72,1
9,Female,4.78,TV,True,0.51,Poor Sleep,Urban,8-12 (Pre-teen),4.78,1
17,Female,6.89,Laptop,True,0.32,,Urban,13-17 (Teen),6.89,0
17,Male,4.08,Smartphone,True,0.49,Poor Sleep,Urban,13-17 (Teen),4.08,1
9,Female,1.59,Smartphone,False,0.55,,Urban,8-12 (Pre-teen),1.59,0
14,Male,6.75,Smartphone,True,0.37,"Poor Sleep, Eye Strain",Urban,13-17 (Teen),6.75,1
9,Male,6.12,TV,True,0.46,,Urban,8-12 (Pre-teen),6.12,0
13,Female,3.53,TV,True,0.36,"Poor Sleep, Obesity Risk",Urban,13-17 (Teen),3.53,1
12,Male,2.81,Tablet,False,0.32,,Rural,8-12 (Pre-teen),2.81,0
11,Male,4.63,Tablet,True,0.4,,Rural,8-12 (Pre-teen),4.63,0
14,Male,3.85,Tablet,True,0.45,Poor Sleep,Urban,13-17 (Teen),3.85,1
15,Female,6.56,Laptop,True,0.33,"Eye Strain, Anxiety",Urban,13-17 (Teen),6.56,0
11,Female,4.65,TV,True,0.38,"Poor Sleep, Obesity Risk",Urban,8-12 (Pre-teen),4.65,1
8,Female,5.33,TV,True,0.54,Obesity Risk,Urban,8-12 (Pre-teen),5.33,0
8,Male,3.15,TV,True,0.47,Poor Sleep,Rural,8-12 (Pre-teen),3.15,1
8,Male,2.32,TV,True,0.45,,Rural,8-12 (Pre-teen),2.32,0
18,Female,5.33,Laptop,True,0.38,"Poor Sleep, Eye Strain, Anxiety",Urban,18-29 (Young Adult),5.33,1
8,Female,0.71,Smartphone,False,0.56,,Urban,8-12 (Pre-teen),0.71,0
12,Female,6.0,Smartphone,True,0.42,"Poor Sleep, Obesity Risk",Urban,8-12 (Pre-teen),6.0,1
11,Female,3.56,TV,True,0.5,"Eye Strain, Obesity Risk",Urban,8-12 (Pre-teen),3.56,0
16,Female,2.74,Smartphone,False,0.44,,Urban,13-17 (Teen),2.74,0
10,Male,0.89,TV,False,0.45,,Urban,8-12 (Pre-teen),0.89,0
14,Female,2.27,TV,False,0.32,,Rural,13-17 (Teen),2.27,0
18,Female,2.94,TV,False,0.31,,Urban,18-29 (Young Adult),2.94,0
15,Female,3.75,Laptop,True,0.36,Eye Strain,Urban,13-17 (Teen),3.75,0
13,Female,4.96,Laptop,True,0.43,Eye Strain,Urban,13-17 (Teen),4.96,0
17,Female,4.2,Tablet,True,0.48,Poor Sleep,Urban,13-17 (Teen),4.2,1
8,Male,6.03,TV,True,0.6,Anxiety,Urban,8-12 (Pre-teen),6.03,0
15,Male,2.71,Tablet,False,0.33,,Rural,13-17 (Teen),2.71,0
17,Female,3.45,Tablet,True,0.39,"Poor Sleep, Eye Strain",Urban,13-17 (Teen),3.45,1
10,Male,3.85,Smartphone,True,0.41,"Poor Sleep, Obesity Risk",Rural,8-12 (Pre-teen),3.85,1
15,Male,3.91,TV,True,0.3,Poor Sleep,Urban,13-17 (Teen),3.91,1
11,Female,3.24,Laptop,True,0.43,"Poor Sleep, Eye Strain, Anxiety",Urban,8-12 (Pre-teen),3.24,1
15,Female,5.23,Tablet,True,0.34,"Poor Sleep, Anxiety",Rural,13-17 (Teen),5.23,1
18,Male,2.15,Smartphone,False,0.36,,Urban,18-29 (Young Adult),2.15,0
8,Male,0.6,Smartphone,False,0.5,,Urban,8-12 (Pre-teen),0.6,0
10,Male,3.38,TV,True,0.46,Poor Sleep,Urban,8-12 (Pre-teen),3.38,1
13,Male,4.58,Smartphone,True,0.5,"Poor Sleep, Eye Strain, Anxiety, Obesity Risk",Rural,13-17 (Teen),4.58,1
16,Male,5.9,Smartphone,True,0.37,,Urban,13-17 (Teen),5.9,0
9,Female,2.1,TV,True,0.43,,Rural,8-12 (Pre-teen),2.1,0
18,Female,3.95,Tablet,True,0.33,Poor Sleep,Urban,18-29 (Young Adult),3.95,1
8,Male,2.68,Smartphone,True,0.47,,Rural,8-12 (Pre-teen),2.68,0
17,Male,2.85,Smartphone,False,0.46,,Rural,13-17 (Teen),2.85,0
10,Male,3.96,TV,True,0.53,"Eye Strain, Anxiety",Rural,8-12 (Pre-teen),3.96,0
11,Male,1.36,Tablet,False,0.49,,Urban,8-12 (Pre-teen),1.36,0
18,Male,3.88,Smartphone,True,0.36,,Urban,18-29 (Young Adult),3.88,0
12,Female,5.72,Tablet,True,0.33,Poor Sleep,Urban,8-12 (Pre-teen),5.72,1
10,Female,2.65,Smartphone,True,0.57,,Rural,8-12 (Pre-teen),2.65,0
17,Male,2.45,Smartphone,False,0.5,,Urban,13-17 (Teen),2.45,0
18,Female,4.67,Laptop,True,0.44,"Poor Sleep, Eye Strain",Urban,18-29 (Young Adult),4.67,1
9,Female,2.44,Smartphone,True,0.5,,Urban,8-12 (Pre-teen),2.44,0
9,Female,0.0,TV,False,0.55,,Rural,8-12 (Pre-teen),0.0,0
14,Male,4.5,Smartphone,True,0.4,"Eye Strain, Anxiety, Obesity Risk",Urban,13-17 (Teen),4.5,0
16,Male,4.19,Smartphone,True,0.41,Poor Sleep,Rural,13-17 (Teen),4.19,1
17,Male,2.07,TV,False,0.37,,Rural,13-17 (Teen),2.07,0
9,Male,4.73,TV,True,0.52,Obesity Risk,Urban,8-12 (Pre-teen),4.73,0
14,Male,4.58,Laptop,True,0.32,"Poor Sleep, Eye Strain, Anxiety",Rural,13-17 (Teen),4.58,1
14,Female,8.36,Smartphone,True,0.33,,Urban,13-17 (Teen),8.36,0
18,Female,3.42,Smartphone,True,0.47,"Poor Sleep, Eye Strain",Rural,18-29 (Young Adult),3.42,1
14,Female,4.71,TV,True,0.41,"Poor Sleep, Obesity Risk",Urban,13-17 (Teen),4.71,1
10,Male,3.85,TV,True,0.56,"Poor Sleep, Eye Strain",Urban,8-12 (Pre-teen),3.85,1
14,Male,3.76,Smartphone,True,0.37,Poor Sleep,Urban,13-17 (Teen),3.76,1
17,Female,4.02,Tablet,True,0.4,Eye Strain,Urban,13-17 (Teen),4.02,0
8,Female,7.52,TV,True,0.53,"Poor Sleep, Eye Strain, Anxiety",Urban,8-12 (Pre-teen),7.52,1
12,Male,5.85,Tablet,True,0.47,Eye Strain,Urban,8-12 (Pre-teen),5.85,0
9,Male,3.12,TV,True,0.45,Poor Sleep,Urban,8-12 (Pre-teen),3.12,1
16,Female,4.74,Tablet,True,0.47,,Urban,13-17 (Teen),4.74,0
14,Male,3.8,TV,True,0.48,"Poor Sleep, Anxiety, Obesity Risk",Urban,13-17 (Teen),3.8,1
11,Male,5.38,TV,True,0.49,Poor Sleep,Urban,8-12 (Pre-teen),5.38,1
11,Female,4.91,Laptop,True,0.31,"Poor Sleep, Obesity Risk",Rural,8-12 (Pre-teen),4.91,1
9,Male,3.57,Smartphone,True,0.59,"Poor Sleep, Eye Strain",Rural,8-12 (Pre-teen),3.57,1
12,Male,2.55,Laptop,False,0.4,,Urban,8-12 (Pre-teen),2.55,0
11,Female,5.37,Laptop,True,0.36,"Eye Strain, Anxiety",Urban,8-12 (Pre-teen),5.37,0
8,Male,2.97,Smartphone,True,0.59,,Urban,8-12 (Pre-teen),2.97,0
15,Male,3.77,Smartphone,True,0.45,Poor Sleep,Urban,13-17 (Teen),3.77,1
10,Male,6.7,Tablet,True,0.47,"Poor Sleep, Eye Strain",Urban,8-12 (Pre-teen),6.7,1
13,Female,5.75,Smartphone,True,0.42,Poor Sleep,Urban,13-17 (Teen),5.75,1
11,Female,2.92,TV,False,0.4,,Urban,8-12 (Pre-teen),2.92,0
16,Female,0.65,TV,False,0.31,,Rural,13-17 (Teen),0.65,0
14,Female,5.16,Laptop,True,0.47,Eye Strain,Urban,13-17 (Teen),5.16,0
16,Male,3.75,Smartphone,True,0.45,"Poor Sleep, Eye Strain",Rural,13-17 (Teen),3.75,1
17,Male,3.51,Smartphone,True,0.38,,Urban,13-17 (Teen),3.51,0
10,Male,6.72,Smartphone,True,0.51,,Urban,8-12 (Pre-teen),6.72,0
8,Male,0.0,Smartphone,False,0.49,,Rural,8-12 (Pre-teen),0.0,0
12,Male,2.34,Smartphone,False,0.38,,Urban,8-12 (Pre-teen),2.34,0
10,Male,0.05,TV,False,0.47,,Urban,8-12 (Pre-teen),0.05,0
13,Male,4.02,Smartphone,True,0.36,"Poor Sleep, Anxiety",Urban,13-17 (Teen),4.02,1
15,Male,3.61,Tablet,True,0.35,"Poor Sleep, Anxiety",Urban,13-17 (Teen),3.61,1
18,Male,5.78,TV,True,0.48,Poor Sleep,Urban,18-29 (Young Adult),5.78,1
11,Male,4.42,TV,True,0.46,,Rural,8-12 (Pre-teen),4.42,0
12,Female,4.02,Smartphone,True,0.34,Poor Sleep,Urban,8-12 (Pre-teen),4.02,1
12,Female,3.97,Smartphone,True,0.46,Anxiety,Urban,8-12 (Pre-teen),3.97,0
11,Male,6.97,Smartphone,True,0.3,Anxiety,Urban,8-12 (Pre-teen),6.97,0
11,Female,3.46,Smartphone,True,0.36,,Urban,8-12 (Pre-teen),3.46,0
11,Male,4.48,TV,True,0.48,,Urban,8-12 (Pre-teen),4.48,0
11,Female,5.23,Smartphone,True,0.48,"Poor Sleep, Eye Strain, Anxiety",Urban,8-12 (Pre-teen),5.23,1
11,Male,5.91,Laptop,True,0.43,,Rural,8-12 (Pre-teen),5.91,0
12,Female,5.75,Laptop,True,0.43,,Urban,8-12 (Pre-teen),5.75,0
9,Male,5.97,TV,True,0.5,Poor Sleep,Rural,8-12 (Pre-teen),5.97,1
9,Male,6.51,Tablet,True,0.55,,Urban,8-12 (Pre-teen),6.51,0
16,Male,5.22,Smartphone,True,0.35,,Urban,13-17 (Teen),5.22,0
9,Male,4.21,Smartphone,True,0.45,Poor Sleep,Rural,8-12 (Pre-teen),4.21,1
13,Male,2.86,Smartphone,False,0.41,,Rural,13-17 (Teen),2.86,0
9,Male,6.04,Smartphone,True,0.54,Anxiety,Urban,8-12 (Pre-teen),6.04,0
12,Male,4.25,Smartphone,True,0.34,,Rural,8-12 (Pre-teen),4.25,0
11,Female,4.62,Laptop,True,0.46,,Urban,8-12 (Pre-teen),4.62,0
14,Male,6.94,Tablet,True,0.44,,Urban,13-17 (Teen),6.94,0
14,Female,4.61,Laptop,True,0.33,Poor Sleep,Rural,13-17 (Teen),4.61,1
13,Female,4.81,Smartphone,True,0.49,"Poor Sleep, Eye Strain",Rural,13-17 (Teen),4.81,1
17,Male,6.52,Smartphone,True,0.43,,Rural,13-17 (Teen),6.52,0
12,Male,4.05,Smartphone,True,0.3,Poor Sleep,Urban,8-12 (Pre-teen),4.05,1
8,Female,4.89,Smartphone,True,0.59,"Poor Sleep, Eye Strain",Urban,8-12 (Pre-teen),4.89,1
10,Female,3.85,Smartphone,True,0.48,Poor Sleep,Rural,8-12 (Pre-teen),3.85,1
16,Female,3.74,Smartphone,True,0.48,"Poor Sleep, Obesity Risk",Urban,13-17 (Teen),3.74,1
8,Female,2.25,Smartphone,True,0.55,,Urban,8-12 (Pre-teen),2.25,0
12,Male,2.79,TV,False,0.47,,Urban,8-12 (Pre-teen),2.79,0
9,Female,3.32,Tablet,True,0.45,"Anxiety, Obesity Risk",Urban,8-12 (Pre-teen),3.32,0
11,Male,3.78,Smartphone,True,0.44,Eye Strain,Urban,8-12 (Pre-teen),3.78,0
18,Female,3.97,Tablet,True,0.43,"Poor Sleep, Anxiety",Urban,18-29 (Young Adult),3.97,1
8,Male,3.13,TV,True,0.54,Poor Sleep,Urban,8-12 (Pre-teen),3.13,1
10,Male,0.0,TV,False,0.51,,Urban,8-12 (Pre-teen),0.0,0
17,Female,5.72,Tablet,True,0.42,Eye Strain,Urban,13-17 (Teen),5.72,0
14,Male,3.84,Smartphone,True,0.37,Poor Sleep,Rural,13-17 (Teen),3.84,1
17,Female,0.99,Smartphone,False,0.46,,Urban,13-17 (Teen),0.99,0
10,Male,5.9,Tablet,True,0.53,,Urban,8-12 (Pre-teen),5.9,0
11,Female,3.58,Laptop,True,0.32,"Poor Sleep, Eye Strain",Rural,8-12 (Pre-teen),3.58,1
9,Female,1.56,Smartphone,False,0.44,,Urban,8-12 (Pre-teen),1.56,0
10,Female,2.84,Smartphone,True,0.5,,Urban,8-12 (Pre-teen),2.84,0
16,Female,4.91,TV,True,0.35,Poor Sleep,Rural,13-17 (Teen),4.91,1
10,Male,6.33,Tablet,True,0.6,"Poor Sleep, Eye Strain",Urban,8-12 (Pre-teen),6.33,1
18,Female,3.51,Laptop,True,0.32,,Urban,18-29 (Young Adult),3.51,0
12,Female,6.43,Smartphone,True,0.3,"Poor Sleep, Obesity Risk",Urban,8-12 (Pre-teen),6.43,1
9,Female,3.41,TV,True,0.51,Poor Sleep,Urban,8-12 (Pre-teen),3.41,1
11,Female,2.31,TV,False,0.41,,Urban,8-12 (Pre-teen),2.31,0
14,Female,3.91,TV,True,0.46,Anxiety,Urban,13-17 (Teen),3.91,0
14,Female,6.23,Tablet,True,0.33,"Poor Sleep, Obesity Risk",Rural,13-17 (Teen),6.23,1
10,Female,0.11,Smartphone,False,0.41,,Urban,8-12 (Pre-teen),0.11,0
12,Female,2.08,Smartphone,False,0.36,,Urban,8-12 (Pre-teen),2.08,0
8,Male,7.5,TV,True,0.59,Poor Sleep,Rural,8-12 (Pre-teen),7.5,1
17,Male,4.53,Smartphone,True,0.46,"Poor Sleep, Eye Strain, Anxiety",Urban,13-17 (Teen),4.53,1
17,Male,5.96,Smartphone,True,0.42,Poor Sleep,Urban,13-17 (Teen),5.96,1
17,Female,5.17,Laptop,True,0.49,"Poor Sleep, Obesity Risk",Urban,13-17 (Teen),5.17,1
18,Male,1.61,Smartphone,False,0.34,,Rural,18-29 (Young Adult),1.61,0
8,Male,6.45,Tablet,True,0.59,Eye Strain,Urban,8-12 (Pre-teen),6.45,0
12,Female,7.4,Smartphone,True,0.46,Poor Sleep,Urban,8-12 (Pre-teen),7.4,1
17,Male,4.06,Laptop,True,0.36,Poor Sleep,Rural,13-17 (Teen),4.06,1
16,Male,3.13,Smartphone,True,0.41,Poor Sleep,Urban,13-17 (Teen),3.13,1
8,Male,3.48,TV,True,0.51,Poor Sleep,Urban,8-12 (Pre-teen),3.48,1
8,Female,3.23,Tablet,True,0.42,Poor Sleep,Urban,8-12 (Pre-teen),3.23,1
11,Male,5.16,Tablet,True,0.37,Poor Sleep,Urban,8-12 (Pre-teen),5.16,1
11,Male,3.96,Smartphone,True,0.46,"Poor Sleep, Eye Strain, Obesity Risk",Urban,8-12 (Pre-teen),3.96,1
9,Female,0.0,TV,False,0.4,,Urban,8-12 (Pre-teen),0.0,0
16,Female,4.01,Smartphone,True,0.4,Poor Sleep,Rural,13-17 (Teen),4.01,1
16,Female,5.1,Smartphone,True,0.35,Poor Sleep,Urban,13-17 (Teen),5.1,1
9,Male,5.96,Smartphone,True,0.46,Eye Strain,Rural,8-12 (Pre-teen),5.96,0
16,Female,4.01,Smartphone,True,0.48,Poor Sleep,Rural,13-17 (Teen),4.01,1
13,Male,4.18,Smartphone,True,0.42,"Poor Sleep, Eye Strain",Urban,13-17 (Teen),4.18,1
15,Male,5.67,Tablet,True,0.47,,Urban,13-17 (Teen),5.67,0
17,Female,5.73,TV,True,0.49,Poor Sleep,Urban,13-17 (Teen),5.73,1
11,Male,4.59,TV,True,0.34,"Poor Sleep, Eye Strain, Anxiety",Urban,8-12 (Pre-teen),4.59,1
9,Female,5.4,Tablet,True,0.58,"Poor Sleep, Eye Strain",Rural,8-12 (Pre-teen),5.4,1
9,Female,6.2,TV,True,0.5,"Poor Sleep, Eye Strain",Urban,8-12 (Pre-teen),6.2,1
16,Male,5.45,Smartphone,True,0.43,"Poor Sleep, Eye Strain",Urban,13-17 (Teen),5.45,1
8,Female,9.17,TV,True,0.55,Poor Sleep,Rural,8-12 (Pre-teen),9.17,1
14,Female,2.43,Tablet,False,0.5,,Urban,13-17 (Teen),2.43,0
18,Female,3.6,TV,True,0.45,"Poor Sleep, Eye Strain",Urban,18-29 (Young Adult),3.6,1
10,Male,2.94,TV,True,0.41,,Urban,8-12 (Pre-teen),2.94,0
9,Female,1.46,Tablet,False,0.56,,Urban,8-12 (Pre-teen),1.46,0
17,Female,4.76,Smartphone,True,0.31,"Poor Sleep, Eye Strain",Urban,13-17 (Teen),4.76,1
13,Female,4.86,Smartphone,True,0.45,"Poor Sleep, Eye Strain, Anxiety",Rural,13-17 (Teen),4.86,1
17,Female,6.68,Tablet,True,0.33,Poor Sleep,Rural,13-17 (Teen),6.68,1
9,Female,4.99,Tablet,True,0.48,Poor Sleep,Urban,8-12 (Pre-teen),4.99,1
17,Female,5.27,Laptop,True,0.38,Poor Sleep,Urban,13-17 (Teen),5.27,1
11,Female,2.98,Smartphone,False,0.45,,Urban,8-12 (Pre-teen),2.98,0
17,Male,5.84,TV,True,0.49,Poor Sleep,Rural,13-17 (Teen),5.84,1
16,Male,5.37,Smartphone,True,0.43,Eye Strain,Urban,13-17 (Teen),5.37,0
16,Female,6.08,TV,True,0.37,"Poor Sleep, Eye Strain",Urban,13-17 (Teen),6.08,1
13,Male,4.85,Smartphone,True,0.3,"Poor Sleep, Anxiety",Urban,13-17 (Teen),4.85,1
11,Female,5.19,Smartphone,True,0.48,Poor Sleep,Urban,8-12 (Pre-teen),5.19,1
14,Male,5.7,TV,True,0.35,"Poor Sleep, Eye Strain",Rural,13-17 (Teen),5.7,1
8,Male,4.22,Smartphone,True,0.54,Poor Sleep,Urban,8-12 (Pre-teen),4.22,1
11,Male,5.6,Laptop,True,0.43,Poor Sleep,Urban,8-12 (Pre-teen),5.6,1
12,Female,3.57,Laptop,True,0.39,"Poor Sleep, Eye Strain, Obesity Risk",Urban,8-12 (Pre-teen),3.57,1
15,Female,3.9,Tablet,True,0.31,"Poor Sleep, Eye Strain",Rural,13-17 (Teen),3.9,1
9,Male,8.78,TV,True,0.48,Obesity Risk,Rural,8-12 (Pre-teen),8.78,0
12,Female,4.09,Smartphone,True,0.35,"Poor Sleep, Eye Strain",Urban,8-12 (Pre-teen),4.09,1
13,Male,3.7,Smartphone,True,0.4,Eye Strain,Urban,13-17 (Teen),3.7,0
12,Female,5.66,Smartphone,True,0.31,Eye Strain,Rural,8-12 (Pre-teen),5.66,0
16,Female,4.72,Smartphone,True,0.41,Poor Sleep,Urban,13-17 (Teen),4.72,1
17,Male,3.24,Smartphone,True,0.39,,Urban,13-17 (Teen),3.24,0
8,Female,1.67,TV,False,0.45,,Rural,8-12 (Pre-teen),1.67,0
10,Female,0.0,TV,False,0.44,,Urban,8-12 (Pre-teen),0.0,0
9,Female,6.13,TV,True,0.56,Eye Strain,Rural,8-12 (Pre-teen),6.13,0
10,Male,7.67,Smartphone,True,0.56,"Poor Sleep, Eye Strain, Obesity Risk",Urban,8-12 (Pre-teen),7.67,1
17,Male,2.95,Tablet,False,0.36,,Urban,13-17 (Teen),2.95,0
16,Male,3.42,TV,True,0.4,Poor Sleep,Urban,13-17 (Teen),3.42,1
16,Male,2.48,Laptop,False,0.43,,Urban,13-17 (Teen),2.48,0
17,Female,3.64,Smartphone,True,0.32,"Poor Sleep, Eye Strain",Urban,13-17 (Teen),3.64,1
9,Male,5.56,Smartphone,True,0.44,Poor Sleep,Urban,8-12 (Pre-teen),5.56,1
10,Female,0.0,Smartphone,False,0.55,,Rural,8-12 (Pre-teen),0.0,0
11,Male,4.99,Laptop,True,0.35,"Eye Strain, Obesity Risk",Rural,8-12 (Pre-teen),4.99,0
16,Female,4.9,TV,True,0.32,"Poor Sleep, Anxiety",Rural,13-17 (Teen),4.9,1
10,Male,5.05,Tablet,True,0.52,"Poor Sleep, Anxiety",Rural,8-12 (Pre-teen),5.05,1
14,Male,3.95,Smartphone,True,0.34,Eye Strain,Urban,13-17 (Teen),3.95,0
10,Female,4.51,TV,True,0.52,Poor Sleep,Rural,8-12 (Pre-teen),4.51,1
14,Female,0.48,Tablet,False,0.39,,Urban,13-17 (Teen),0.48,0
14,Female,5.97,Laptop,True,0.46,Eye Strain,Urban,13-17 (Teen),5.97,0
16,Male,5.12,Smartphone,True,0.39,,Rural,13-17 (Teen),5.12,0
9,Male,0.92,Tablet,False,0.47,,Urban,8-12 (Pre-teen),0.92,0
13,Female,3.99,Smartphone,True,0.4,"Poor Sleep, Eye Strain, Anxiety",Urban,13-17 (Teen),3.99,1
16,Male,5.46,Laptop,True,0.3,"Poor Sleep, Anxiety",Rural,13-17 (Teen),5.46,1
9,Male,10.21,TV,True,0.55,Poor Sleep,Urban,8-12 (Pre-teen),10.21,1
9,Female,3.01,Smartphone,True,0.5,Poor Sleep,Urban,8-12 (Pre-teen),3.01,1
12,Female,3.19,Smartphone,True,0.49,"Eye Strain, Obesity Risk",Urban,8-12 (Pre-teen),3.19,0
17,Male,5.24,Laptop,True,0.45,"Poor Sleep, Obesity Risk",Urban,13-17 (Teen),5.24,1
17,Male,4.56,Smartphone,True,0.42,Poor Sleep,Urban,13-17 (Teen),4.56,1
17,Female,4.33,Tablet,True,0.34,"Poor Sleep, Eye Strain, Obesity Risk",Urban,13-17 (Teen),4.33,1
15,Male,4.73,TV,True,0.45,,Urban,13-17 (Teen),4.73,0
18,Male,3.33,Smartphone,True,0.36,"Poor Sleep, Anxiety",Urban,18-29 (Young Adult),3.33,1
16,Male,4.87,Smartphone,True,0.39,Poor Sleep,Rural,13-17 (Teen),4.87,1
9,Female,6.51,TV,True,0.53,Eye Strain,Urban,8-12 (Pre-teen),6.51,0
12,Female,4.47,Laptop,True,0.48,"Poor Sleep, Anxiety",Urban,8-12 (Pre-teen),4.47,1
14,Female,6.69,Smartphone,True,0.37,Poor Sleep,Urban,13-17 (Teen),6.69,1
13,Male,3.4,Smartphone,True,0.4,Poor Sleep,Rural,13-17 (Teen),3.4,1
13,Male,3.79,Smartphone,True,0.42,Obesity Risk,Urban,13-17 (Teen),3.79,0
14,Female,3.72,Laptop,True,0.45,,Urban,13-17 (Teen),3.72,0
10,Female,5.53,TV,True,0.59,"Eye Strain, Anxiety",Urban,8-12 (Pre-teen),5.53,0
10,Female,2.71,Smartphone,True,0.5,,Urban,8-12 (Pre-teen),2.71,0
17,Male,5.57,Smartphone,True,0.33,,Rural,13-17 (Teen),5.57,0
16,Female,4.38,Laptop,True,0.36,Eye Strain,Urban,13-17 (Teen),4.38,0
15,Female,5.63,TV,True,0.45,Poor Sleep,Rural,13-17 (Teen),5.63,1
12,Male,4.01,TV,True,0.45,"Poor Sleep, Obesity Risk",Rural,8-12 (Pre-teen),4.01,1
13,Male,3.39,Tablet,True,0.31,Poor Sleep,Urban,13-17 (Teen),3.39,1
18,Female,3.91,Laptop,True,0.47,Poor Sleep,Urban,18-29 (Young Adult),3.91,1
17,Male,4.05,Smartphone,True,0.32,Poor Sleep,Rural,13-17 (Teen),4.05,1
8,Female,1.2,Tablet,False,0.41,,Rural,8-12 (Pre-teen),1.2,0
17,Male,4.92,TV,True,0.39,"Poor Sleep, Anxiety",Rural,13-17 (Teen),4.92,1
8,Female,1.82,Smartphone,False,0.51,,Rural,8-12 (Pre-teen),1.82,0
11,Male,4.15,Smartphone,True,0.44,"Eye Strain, Obesity Risk",Urban,8-12 (Pre-teen),4.15,0
9,Male,0.34,Tablet,False,0.51,,Urban,8-12 (Pre-teen),0.34,0
18,Female,4.77,TV,True,0.38,Poor Sleep,Urban,18-29 (Young Adult),4.77,1
14,Male,5.4,Smartphone,True,0.49,Poor Sleep,Urban,13-17 (Teen),5.4,1
9,Female,2.78,TV,True,0.47,,Urban,8-12 (Pre-teen),2.78,0
17,Male,4.92,TV,True,0.39,,Urban,13-17 (Teen),4.92,0
9,Male,0.01,Tablet,False,0.54,,Urban,8-12 (Pre-teen),0.01,0
12,Female,5.06,TV,True,0.41,Anxiety,Rural,8-12 (Pre-teen),5.06,0
11,Female,4.2,TV,True,0.35,Poor Sleep,Urban,8-12 (Pre-teen),4.2,1
15,Female,5.66,Tablet,True,0.42,Eye Strain,Urban,13-17 (Teen),5.66,0
11,Female,3.47,Smartphone,True,0.32,"Poor Sleep, Obesity Risk",Urban,8-12 (Pre-teen),3.47,1
13,Male,5.42,Laptop,True,0.35,,Urban,13-17 (Teen),5.42,0
12,Male,5.64,Smartphone,True,0.3,Obesity Risk,Urban,8-12 (Pre-teen),5.64,0
18,Female,3.48,Tablet,True,0.41,,Urban,18-29 (Young Adult),3.48,0
9,Male,2.74,Smartphone,True,0.59,,Urban,8-12 (Pre-teen),2.74,0
18,Male,4.31,TV,True,0.32,Eye Strain,Urban,18-29 (Young Adult),4.31,0
15,Male,2.59,Smartphone,False,0.42,,Urban,13-17 (Teen),2.59,0
9,Female,1.07,Smartphone,False,0.47,,Urban,8-12 (Pre-teen),1.07,0
16,Male,3.94,Laptop,True,0.35,Poor Sleep,Urban,13-17 (Teen),3.94,1
16,Female,3.01,Smartphone,True,0.47,,Urban,13-17 (Teen),3.01,0
10,Female,5.27,Tablet,True,0.44,Eye Strain,Urban,8-12 (Pre-teen),5.27,0
11,Female,4.72,Laptop,True,0.45,"Eye Strain, Obesity Risk",Rural,8-12 (Pre-teen),4.72,0
15,Male,3.79,Tablet,True,0.45,"Poor Sleep, Obesity Risk",Urban,13-17 (Teen),3.79,1
16,Female,3.72,Smartphone,True,0.32,,Rural,13-17 (Teen),3.72,0
10,Female,5.43,Smartphone,True,0.42,"Eye Strain, Obesity Risk",Urban,8-12 (Pre-teen),5.43,0
12,Female,4.79,TV,True,0.49,Poor Sleep,Urban,8-12 (Pre-teen),4.79,1
18,Male,5.86,Smartphone,True,0.4,"Poor Sleep, Anxiety",Urban,18-29 (Young Adult),5.86,1
15,Male,3.02,Laptop,True,0.46,Poor Sleep,Urban,13-17 (Teen),3.02,1
14,Female,4.02,Smartphone,True,0.37,Poor Sleep,Urban,13-17 (Teen),4.02,1
18,Male,4.23,Smartphone,True,0.32,Poor Sleep,Rural,18-29 (Young Adult),4.23,1
15,Female,4.95,Smartphone,True,0.33,,Urban,13-17 (Teen),4.95,0
17,Female,6.1,TV,True,0.36,"Poor Sleep, Eye Strain, Anxiety",Urban,13-17 (Teen),6.1,1
18,Female,5.31,Laptop,True,0.49,,Urban,18-29 (Young Adult),5.31,0
10,Female,5.32,Smartphone,True,0.49,"Poor Sleep, Eye Strain, Anxiety",Urban,8-12 (Pre-teen),5.32,1
9,Male,2.6,Tablet,True,0.51,,Urban,8-12 (Pre-teen),2.6,0
17,Male,4.25,Laptop,True,0.32,,Urban,13-17 (Teen),4.25,0
14,Female,2.77,Tablet,False,0.32,,Urban,13-17 (Teen),2.77,0
16,Male,5.4,Smartphone,True,0.31,Poor Sleep,Rural,13-17 (Teen),5.4,1
8,Male,6.21,Tablet,True,0.5,Poor Sleep,Urban,8-12 (Pre-teen),6.21,1
10,Female,0.0,TV,False,0.58,,Rural,8-12 (Pre-teen),0.0,0
12,Male,2.31,TV,False,0.42,,Urban,8-12 (Pre-teen),2.31,0
10,Female,2.85,Smartphone,True,0.5,,Rural,8-12 (Pre-teen),2.85,0
8,Female,1.89,TV,False,0.49,,Rural,8-12 (Pre-teen),1.89,0
14,Female,4.73,Smartphone,True,0.48,Poor Sleep,Urban,13-17 (Teen),4.73,1
14,Female,3.43,Smartphone,True,0.35,"Poor Sleep, Eye Strain, Obesity Risk",Urban,13-17 (Teen),3.43,1
17,Male,1.71,TV,False,0.35,,Urban,13-17 (Teen),1.71,0
15,Female,4.54,Tablet,True,0.34,Anxiety,Rural,13-17 (Teen),4.54,0
12,Female,6.61,Smartphone,True,0.44,Eye Strain,Rural,8-12 (Pre-teen),6.61,0
17,Female,3.73,Smartphone,True,0.46,Poor Sleep,Urban,13-17 (Teen),3.73,1
12,Female,5.54,Smartphone,True,0.41,"Poor Sleep, Obesity Risk",Urban,8-12 (Pre-teen),5.54,1
12,Male,4.94,Smartphone,True,0.44,,Urban,8-12 (Pre-teen),4.94,0
8,Female,4.32,Smartphone,True,0.54,,Urban,8-12 (Pre-teen),4.32,0
17,Female,3.87,TV,True,0.43,Poor Sleep,Urban,13-17 (Teen),3.87,1
12,Male,6.42,Smartphone,True,0.4,"Poor Sleep, Obesity Risk",Urban,8-12 (Pre-teen),6.42,1
13,Female,3.63,Smartphone,True,0.36,Poor Sleep,Urban,13-17 (Teen),3.63,1
8,Male,6.5,TV,True,0.56,Anxiety,Urban,8-12 (Pre-teen),6.5,0
18,Male,6.33,Smartphone,True,0.39,Poor Sleep,Urban,18-29 (Young Adult),6.33,1
8,Female,5.34,TV,True,0.42,"Poor Sleep, Eye Strain",Urban,8-12 (Pre-teen),5.34,1
18,Male,5.03,Smartphone,True,0.49,Poor Sleep,Urban,18-29 (Young Adult),5.03,1
9,Male,1.44,TV,False,0.55,,Urban,8-12 (Pre-teen),1.44,0
9,Male,0.0,TV,False,0.4,,Rural,8-12 (Pre-teen),0.0,0
12,Female,3.49,Smartphone,True,0.33,Poor Sleep,Urban,8-12 (Pre-teen),3.49,1
17,Female,4.58,TV,True,0.38,Eye Strain,Urban,13-17 (Teen),4.58,0
14,Male,5.6,Smartphone,True,0.45,"Poor Sleep, Eye Strain",Urban,13-17 (Teen),5.6,1
8,Female,6.96,Tablet,True,0.55,,Urban,8-12 (Pre-teen),6.96,0
17,Male,4.68,TV,True,0.47,Eye Strain,Rural,13-17 (Teen),4.68,0
8,Male,2.7,Smartphone,True,0.44,,Urban,8-12 (Pre-teen),2.7,0
8,Female,4.33,TV,True,0.58,,Urban,8-12 (Pre-teen),4.33,0
13,Male,4.06,Laptop,True,0.49,"Poor Sleep, Anxiety",Urban,13-17 (Teen),4.06,1
9,Male,1.51,Tablet,False,0.49,,Urban,8-12 (Pre-teen),1.51,0
8,Female,0.51,Smartphone,False,0.58,,Rural,8-12 (Pre-teen),0.51,0
13,Male,5.05,Smartphone,True,0.44,"Poor Sleep, Anxiety",Rural,13-17 (Teen),5.05,1
9,Female,4.13,TV,True,0.49,,Urban,8-12 (Pre-teen),4.13,0
13,Female,2.91,TV,False,0.42,,Urban,13-17 (Teen),2.91,0
17,Male,3.46,Laptop,True,0.48,Poor Sleep,Urban,13-17 (Teen),3.46,1
15,Female,3.91,Smartphone,True,0.48,"Poor Sleep, Eye Strain, Anxiety",Urban,13-17 (Teen),3.91,1
9,Male,2.57,Smartphone,True,0.58,,Urban,8-12 (Pre-teen),2.57,0
18,Male,6.07,Smartphone,True,0.44,Eye Strain,Rural,18-29 (Young Adult),6.07,0
16,Male,3.65,Smartphone,True,0.31,"Poor Sleep, Eye Strain",Urban,13-17 (Teen),3.65,1
15,Female,3.16,Laptop,True,0.43,Poor Sleep,Urban,13-17 (Teen),3.16,1
17,Male,2.1,Smartphone,False,0.33,,Rural,13-17 (Teen),2.1,0
8,Female,7.69,Tablet,True,0.5,Poor Sleep,Urban,8-12 (Pre-teen),7.69,1
14,Male,5.52,Laptop,True,0.34,"Poor Sleep, Eye Strain",Urban,13-17 (Teen),5.52,1
17,Female,2.86,Smartphone,False,0.48,,Urban,13-17 (Teen),2.86,0
13,Male,3.81,TV,True,0.39,,Urban,13-17 (Teen),3.81,0
13,Male,6.51,Tablet,True,0.3,"Poor Sleep, Eye Strain",Urban,13-17 (Teen),6.51,1
13,Female,5.95,Smartphone,True,0.37,Poor Sleep,Urban,13-17 (Teen),5.95,1
13,Female,5.53,Laptop,True,0.39,,Urban,13-17 (Teen),5.53,0
17,Male,5.64,TV,True,0.47,Eye Strain,Urban,13-17 (Teen),5.64,0
14,Male,2.57,TV,False,0.33,,Urban,13-17 (Teen),2.57,0
10,Male,5.7,Smartphone,True,0.47,"Poor Sleep, Obesity Risk",Urban,8-12 (Pre-teen),5.7,1
13,Male,4.61,Laptop,True,0.45,,Rural,13-17 (Teen),4.61,0
10,Male,4.03,Smartphone,True,0.59,"Eye Strain, Obesity Risk",Rural,8-12 (Pre-teen),4.03,0
14,Male,4.9,Smartphone,True,0.47,Poor Sleep,Urban,13-17 (Teen),4.9,1
14,Female,5.84,Smartphone,True,0.45,"Poor Sleep, Obesity Risk",Urban,13-17 (Teen),5.84,1
15,Female,4.35,Laptop,True,0.32,Poor Sleep,Urban,13-17 (Teen),4.35,1
9,Female,7.32,Smartphone,True,0.54,Poor Sleep,Urban,8-12 (Pre-teen),7.32,1
16,Male,4.93,Smartphone,True,0.33,Poor Sleep,Urban,13-17 (Teen),4.93,1
12,Female,3.23,Smartphone,True,0.42,Eye Strain,Urban,8-12 (Pre-teen),3.23,0
16,Female,8.67,TV,True,0.33,Poor Sleep,Rural,13-17 (Teen),8.67,1
17,Female,3.51,Smartphone,True,0.49,"Poor Sleep, Eye Strain",Urban,13-17 (Teen),3.51,1
12,Female,5.8,Smartphone,True,0.37,Poor Sleep,Urban,8-12 (Pre-teen),5.8,1
14,Female,5.66,Smartphone,True,0.38,,Urban,13-17 (Teen),5.66,0
18,Female,5.04,Laptop,True,0.47,"Eye Strain, Anxiety",Urban,18-29 (Young Adult),5.04,0
16,Female,4.1,Smartphone,True,0.38,,Rural,13-17 (Teen),4.1,0
11,Female,4.2,Smartphone,True,0.39,"Poor Sleep, Eye Strain, Anxiety",Rural,8-12 (Pre-teen),4.2,1
9,Female,0.69,Smartphone,False,0.43,,Urban,8-12 (Pre-teen),0.69,0
16,Female,5.13,Smartphone,True,0.33,"Poor Sleep, Anxiety",Urban,13-17 (Teen),5.13,1
10,Female,1.6,Smartphone,False,0.49,,Urban,8-12 (Pre-teen),1.6,0
17,Male,5.1,Tablet,True,0.34,Anxiety,Urban,13-17 (Teen),5.1,0
9,Male,5.36,Smartphone,True,0.5,,Urban,8-12 (Pre-teen),5.36,0
10,Male,5.4,Smartphone,True,0.55,"Anxiety, Obesity Risk",Urban,8-12 (Pre-teen),5.4,0
13,Male,5.46,Smartphone,True,0.43,Obesity Risk,Urban,13-17 (Teen),5.46,0
10,Male,0.0,Smartphone,False,0.53,,Urban,8-12 (Pre-teen),0.0,0
17,Male,3.67,Laptop,True,0.46,,Rural,13-17 (Teen),3.67,0
15,Female,4.04,Smartphone,True,0.4,Poor Sleep,Urban,13-17 (Teen),4.04,1
18,Female,6.1,Smartphone,True,0.44,Eye Strain,Rural,18-29 (Young Adult),6.1,0
13,Male,4.5,Laptop,True,0.41,Poor Sleep,Rural,13-17 (Teen),4.5,1
14,Female,4.06,Smartphone,True,0.31,"Eye Strain, Obesity Risk",Urban,13-17 (Teen),4.06,0
8,Male,7.18,TV,True,0.48,Poor Sleep,Urban,8-12 (Pre-teen),7.18,1
10,Male,7.39,Smartphone,True,0.4,Poor Sleep,Urban,8-12 (Pre-teen),7.39,1
10,Male,3.11,Tablet,True,0.5,Poor Sleep,Rural,8-12 (Pre-teen),3.11,1
9,Female,4.05,Smartphone,True,0.55,"Eye Strain, Anxiety",Urban,8-12 (Pre-teen),4.05,0
14,Male,6.53,Laptop,True,0.34,Poor Sleep,Urban,13-17 (Teen),6.53,1
16,Female,2.13,Smartphone,False,0.33,,Urban,13-17 (Teen),2.13,0
11,Male,2.89,Laptop,False,0.35,,Rural,8-12 (Pre-teen),2.89,0
12,Male,3.44,Tablet,True,0.31,"Poor Sleep, Eye Strain, Obesity Risk",Urban,8-12 (Pre-teen),3.44,1
10,Male,4.4,TV,True,0.45,"Poor Sleep, Anxiety",Urban,8-12 (Pre-teen),4.4,1
18,Male,5.87,Smartphone,True,0.39,"Eye Strain, Obesity Risk",Urban,18-29 (Young Adult),5.87,0
16,Male,1.78,Smartphone,False,0.3,,Urban,13-17 (Teen),1.78,0
11,Male,3.96,TV,True,0.39,Eye Strain,Urban,8-12 (Pre-teen),3.96,0
12,Male,4.76,Smartphone,True,0.5,,Urban,8-12 (Pre-teen),4.76,0
8,Female,2.01,Smartphone,True,0.6,,Urban,8-12 (Pre-teen),2.01,0
18,Male,3.64,Laptop,True,0.4,"Poor Sleep, Anxiety",Rural,18-29 (Young Adult),3.64,1
9,Male,3.13,Smartphone,True,0.47,"Poor Sleep, Eye Strain",Rural,8-12 (Pre-teen),3.13,1
16,Male,5.24,Tablet,True,0.44,"Poor Sleep, Eye Strain, Anxiety",Rural,13-17 (Teen),5.24,1
9,Male,0.03,TV,False,0.47,,Rural,8-12 (Pre-teen),0.03,0
12,Female,2.81,Smartphone,False,0.32,,Urban,8-12 (Pre-teen),2.81,0
15,Female,4.59,TV,True,0.33,"Poor Sleep, Eye Strain, Obesity Risk",Urban,13-17 (Teen),4.59,1
10,Male,3.91,TV,True,0.49,Poor Sleep,Urban,8-12 (Pre-teen),3.91,1
13,Female,4.53,Laptop,True,0.42,Poor Sleep,Urban,13-17 (Teen),4.53,1
11,Female,5.27,Tablet,True,0.32,"Poor Sleep, Anxiety",Urban,8-12 (Pre-teen),5.27,1
18,Male,4.81,TV,True,0.35,"Poor Sleep, Eye Strain",Rural,18-29 (Young Adult),4.81,1
14,Male,5.85,Laptop,True,0.39,,Rural,13-17 (Teen),5.85,0
17,Female,4.55,TV,True,0.32,Poor Sleep,Rural,13-17 (Teen),4.55,1
10,Male,2.35,Smartphone,True,0.49,,Rural,8-12 (Pre-teen),2.35,0
13,Male,4.13,Smartphone,True,0.43,Eye Strain,Rural,13-17 (Teen),4.13,0
17,Male,4.07,Smartphone,True,0.3,"Poor Sleep, Eye Strain",Urban,13-17 (Teen),4.07,1
16,Male,4.61,Tablet,True,0.37,Poor Sleep,Urban,13-17 (Teen),4.61,1
18,Female,3.22,Smartphone,True,0.4,Poor Sleep,Rural,18-29 (Young Adult),3.22,1
17,Female,4.55,TV,True,0.32,"Poor Sleep, Eye Strain, Anxiety",Rural,13-17 (Teen),4.55,1
8,Male,4.2,Smartphone,True,0.54,,Urban,8-12 (Pre-teen),4.2,0
10,Female,5.25,Tablet,True,0.54,Poor Sleep,Urban,8-12 (Pre-teen),5.25,1
9,Male,5.38,TV,True,0.57,,Urban,8-12 (Pre-teen),5.38,0
15,Male,5.78,Smartphone,True,0.35,"Poor Sleep, Eye Strain, Anxiety",Urban,13-17 (Teen),5.78,1
14,Female,4.44,TV,True,0.33,"Poor Sleep, Anxiety",Rural,13-17 (Teen),4.44,1
9,Male,2.88,TV,True,0.46,,Urban,8-12 (Pre-teen),2.88,0
13,Male,3.29,Smartphone,True,0.47,"Poor Sleep, Anxiety",Rural,13-17 (Teen),3.29,1
10,Male,0.72,TV,False,0.56,,Urban,8-12 (Pre-teen),0.72,0
15,Female,3.51,Smartphone,True,0.42,Poor Sleep,Urban,13-17 (Teen),3.51,1
17,Female,4.76,TV,True,0.37,,Urban,13-17 (Teen),4.76,0
10,Male,4.12,Smartphone,True,0.45,"Poor Sleep, Eye Strain, Obesity Risk",Rural,8-12 (Pre-teen),4.12,1
17,Female,4.08,TV,True,0.4,"Poor Sleep, Eye Strain",Urban,13-17 (Teen),4.08,1
16,Female,5.84,Laptop,True,0.35,"Poor Sleep, Anxiety",Rural,13-17 (Teen),5.84,1
8,Male,3.0,Smartphone,True,0.59,,Urban,8-12 (Pre-teen),3.0,0
12,Male,2.24,Tablet,False,0.49,,Rural,8-12 (Pre-teen),2.24,0
10,Male,3.4,Smartphone,True,0.55,,Urban,8-12 (Pre-teen),3.4,0
13,Male,6.18,TV,True,0.32,"Poor Sleep, Anxiety",Urban,13-17 (Teen),6.18,1
17,Female,5.23,Smartphone,True,0.49,Poor Sleep,Urban,13-17 (Teen),5.23,1
9,Female,3.78,Smartphone,True,0.49,"Poor Sleep, Eye Strain",Urban,8-12 (Pre-teen),3.78,1
16,Female,3.86,Laptop,True,0.42,,Rural,13-17 (Teen),3.86,0
13,Male,5.3,Laptop,True,0.49,Eye Strain,Urban,13-17 (Teen),5.3,0
14,Female,2.05,Tablet,False,0.48,,Rural,13-17 (Teen),2.05,0
12,Male,6.15,TV,True,0.48,Poor Sleep,Rural,8-12 (Pre-teen),6.15,1
16,Male,3.88,Tablet,True,0.38,,Rural,13-17 (Teen),3.88,0
8,Male,4.89,Smartphone,True,0.47,"Poor Sleep, Anxiety",Urban,8-12 (Pre-teen),4.89,1
12,Male,4.06,Smartphone,True,0.49,Poor Sleep,Urban,8-12 (Pre-teen),4.06,1
18,Female,5.05,Smartphone,True,0.36,"Poor Sleep, Eye Strain",Urban,18-29 (Young Adult),5.05,1
17,Male,4.29,Laptop,True,0.39,,Urban,13-17 (Teen),4.29,0
18,Female,5.23,Smartphone,True,0.39,"Poor Sleep, Obesity Risk",Urban,18-29 (Young Adult),5.23,1
13,Female,4.58,Laptop,True,0.42,Poor Sleep,Rural,13-17 (Teen),4.58,1
14,Female,5.11,TV,True,0.42,Poor Sleep,Urban,13-17 (Teen),5.11,1
11,Female,6.47,Smartphone,True,0.34,Poor Sleep,Rural,8-12 (Pre-teen),6.47,1
8,Female,4.43,TV,True,0.59,Poor Sleep,Urban,8-12 (Pre-teen),4.43,1
18,Male,5.82,Smartphone,True,0.33,Poor Sleep,Urban,18-29 (Young Adult),5.82,1
15,Female,4.75,Tablet,True,0.41,"Poor Sleep, Anxiety",Urban,13-17 (Teen),4.75,1
17,Female,4.68,Smartphone,True,0.32,"Poor Sleep, Eye Strain",Urban,13-17 (Teen),4.68,1
11,Female,1.9,Laptop,False,0.47,,Urban,8-12 (Pre-teen),1.9,0
10,Male,1.04,TV,False,0.42,,Rural,8-12 (Pre-teen),1.04,0
14,Female,5.81,Smartphone,True,0.41,"Poor Sleep, Obesity Risk",Urban,13-17 (Teen),5.81,1
9,Female,5.36,Smartphone,True,0.46,"Poor Sleep, Obesity Risk",Rural,8-12 (Pre-teen),5.36,1
15,Female,4.92,Smartphone,True,0.46,,Rural,13-17 (Teen),4.92,0
13,Male,3.62,Smartphone,True,0.44,,Rural,13-17 (Teen),3.62,0
14,Male,6.78,Laptop,True,0.34,Poor Sleep,Urban,13-17 (Teen),6.78,1
12,Male,4.1,Smartphone,True,0.36,"Anxiety, Obesity Risk",Urban,8-12 (Pre-teen),4.1,0
16,Male,4.66,Smartphone,True,0.33,Poor Sleep,Urban,13-17 (Teen),4.66,1
12,Female,5.02,Smartphone,True,0.46,"Poor Sleep, Anxiety",Rural,8-12 (Pre-teen),5.02,1
18,Male,0.47,TV,False,0.34,,Urban,18-29 (Young Adult),0.47,0
12,Male,4.64,Smartphone,True,0.45,Poor Sleep,Urban,8-12 (Pre-teen),4.64,1
10,Female,0.68,Smartphone,False,0.45,,Rural,8-12 (Pre-teen),0.68,0
18,Male,5.16,Smartphone,True,0.49,"Poor Sleep, Eye Strain",Urban,18-29 (Young Adult),5.16,1
8,Male,1.82,TV,False,0.53,,Rural,8-12 (Pre-teen),1.82,0
9,Female,4.6,Tablet,True,0.51,Poor Sleep,Rural,8-12 (Pre-teen),4.6,1
15,Male,5.46,TV,True,0.34,,Urban,13-17 (Teen),5.46,0
8,Female,1.73,Smartphone,False,0.41,,Urban,8-12 (Pre-teen),1.73,0
14,Male,6.17,Smartphone,True,0.37,Eye Strain,Urban,13-17 (Teen),6.17,0
12,Female,3.23,Laptop,True,0.33,,Rural,8-12 (Pre-teen),3.23,0
10,Female,5.27,TV,True,0.57,Anxiety,Urban,8-12 (Pre-teen),5.27,0
18,Male,4.81,TV,True,0.5,,Urban,18-29 (Young Adult),4.81,0
14,Male,3.79,TV,True,0.47,"Poor Sleep, Eye Strain",Urban,13-17 (Teen),3.79,1
16,Female,3.01,Smartphone,True,0.45,,Urban,13-17 (Teen),3.01,0
9,Female,3.76,Tablet,True,0.47,Eye Strain,Urban,8-12 (Pre-teen),3.76,0
15,Male,4.1,TV,True,0.36,"Poor Sleep, Eye Strain, Anxiety, Obesity Risk",Urban,13-17 (Teen),4.1,1
16,Female,2.79,Laptop,False,0.34,,Rural,13-17 (Teen),2.79,0
18,Male,4.96,Smartphone,True,0.34,"Poor Sleep, Eye Strain, Obesity Risk",Rural,18-29 (Young Adult),4.96,1
10,Male,7.28,Smartphone,True,0.59,Poor Sleep,Urban,8-12 (Pre-teen),7.28,1
9,Male,2.76,TV,True,0.45,,Urban,8-12 (Pre-teen),2.76,0
14,Male,5.59,Smartphone,True,0.33,"Poor Sleep, Eye Strain, Obesity Risk",Rural,13-17 (Teen),5.59,1
12,Male,5.42,TV,True,0.43,,Rural,8-12 (Pre-teen),5.42,0
12,Female,4.92,Smartphone,True,0.39,Poor Sleep,Urban,8-12 (Pre-teen),4.92,1
17,Male,6.08,TV,True,0.38,,Rural,13-17 (Teen),6.08,0
12,Female,5.24,Smartphone,True,0.36,,Urban,8-12 (Pre-teen),5.24,0
11,Female,5.54,Smartphone,True,0.38,Poor Sleep,Urban,8-12 (Pre-teen),5.54,1
12,Female,5.5,Smartphone,True,0.35,,Urban,8-12 (Pre-teen),5.5,0
11,Female,3.28,TV,True,0.42,,Urban,8-12 (Pre-teen),3.28,0
13,Male,3.84,TV,True,0.34,Poor Sleep,Urban,13-17 (Teen),3.84,1
11,Female,6.86,Tablet,True,0.48,"Poor Sleep, Eye Strain, Obesity Risk",Urban,8-12 (Pre-teen),6.86,1
9,Female,6.86,TV,True,0.44,Poor Sleep,Urban,8-12 (Pre-teen),6.86,1
16,Male,6.41,Smartphone,True,0.41,Poor Sleep,Urban,13-17 (Teen),6.41,1
9,Male,0.0,Tablet,False,0.45,,Urban,8-12 (Pre-teen),0.0,0
16,Male,3.91,Laptop,True,0.42,"Poor Sleep, Obesity Risk",Urban,13-17 (Teen),3.91,1
17,Male,5.05,Laptop,True,0.37,"Eye Strain, Obesity Risk",Urban,13-17 (Teen),5.05,0
13,Male,5.65,TV,True,0.49,"Poor Sleep, Eye Strain",Rural,13-17 (Teen),5.65,1
16,Female,4.74,TV,True,0.34,Eye Strain,Urban,13-17 (Teen),4.74,0
16,Female,2.63,Smartphone,False,0.32,,Urban,13-17 (Teen),2.63,0
10,Male,6.25,Smartphone,True,0.6,"Poor Sleep, Obesity Risk",Rural,8-12 (Pre-teen),6.25,1
8,Male,3.35,Smartphone,True,0.52,Eye Strain,Rural,8-12 (Pre-teen),3.35,0
8,Female,8.25,Smartphone,True,0.58,Poor Sleep,Urban,8-12 (Pre-teen),8.25,1
10,Female,1.51,Tablet,False,0.4,,Urban,8-12 (Pre-teen),1.51,0
12,Female,5.02,TV,True,0.4,,Rural,8-12 (Pre-teen),5.02,0
10,Female,2.16,TV,True,0.5,,Urban,8-12 (Pre-teen),2.16,0
16,Female,5.64,TV,True,0.45,"Poor Sleep, Eye Strain",Rural,13-17 (Teen),5.64,1
16,Female,4.24,Smartphone,True,0.41,Anxiety,Urban,13-17 (Teen),4.24,0
10,Male,0.05,Tablet,False,0.55,,Rural,8-12 (Pre-teen),0.05,0
12,Female,3.76,Smartphone,True,0.46,Poor Sleep,Urban,8-12 (Pre-teen),3.76,1
9,Male,3.45,TV,True,0.41,Anxiety,Urban,8-12 (Pre-teen),3.45,0
13,Male,5.23,TV,True,0.32,"Poor Sleep, Eye Strain",Urban,13-17 (Teen),5.23,1
14,Male,4.89,TV,True,0.32,"Poor Sleep, Obesity Risk",Urban,13-17 (Teen),4.89,1
16,Female,5.48,Smartphone,True,0.48,Poor Sleep,Urban,13-17 (Teen),5.48,1
13,Female,3.3,Smartphone,True,0.33,Poor Sleep,Urban,13-17 (Teen),3.3,1
10,Male,3.9,TV,True,0.48,Eye Strain,Urban,8-12 (Pre-teen),3.9,0
12,Female,5.57,TV,True,0.33,Obesity Risk,Urban,8-12 (Pre-teen),5.57,0
11,Male,7.16,Smartphone,True,0.44,"Poor Sleep, Obesity Risk",Rural,8-12 (Pre-teen),7.16,1
12,Female,4.31,Laptop,True,0.47,Anxiety,Rural,8-12 (Pre-teen),4.31,0
15,Male,3.1,TV,True,0.42,Anxiety,Urban,13-17 (Teen),3.1,0
15,Female,5.01,Smartphone,True,0.36,Anxiety,Rural,13-17 (Teen),5.01,0
13,Female,3.58,Laptop,True,0.35,Anxiety,Rural,13-17 (Teen),3.58,0
8,Female,0.98,Tablet,False,0.49,,Urban,8-12 (Pre-teen),0.98,0
15,Female,4.3,Laptop,True,0.41,Poor Sleep,Urban,13-17 (Teen),4.3,1
15,Female,3.83,TV,True,0.33,Eye Strain,Urban,13-17 (Teen),3.83,0
9,Male,0.72,Smartphone,False,0.59,,Urban,8-12 (Pre-teen),0.72,0
11,Female,3.19,TV,True,0.4,,Rural,8-12 (Pre-teen),3.19,0
9,Male,3.36,TV,True,0.42,"Anxiety, Obesity Risk",Urban,8-12 (Pre-teen),3.36,0
11,Male,3.35,Smartphone,True,0.35,,Rural,8-12 (Pre-teen),3.35,0
17,Male,2.3,TV,False,0.35,,Urban,13-17 (Teen),2.3,0
14,Male,4.74,Laptop,True,0.38,"Poor Sleep, Eye Strain",Urban,13-17 (Teen),4.74,1
16,Male,5.06,Smartphone,True,0.33,"Poor Sleep, Eye Strain",Urban,13-17 (Teen),5.06,1
15,Female,4.29,Laptop,True,0.39,Poor Sleep,Rural,13-17 (Teen),4.29,1
16,Male,4.56,TV,True,0.34,"Poor Sleep, Obesity Risk",Rural,13-17 (Teen),4.56,1
15,Male,4.43,Smartphone,True,0.37,,Rural,13-17 (Teen),4.43,0
9,Female,6.01,Tablet,True,0.42,,Urban,8-12 (Pre-teen),6.01,0
14,Male,4.9,Smartphone,True,0.41,"Poor Sleep, Anxiety",Urban,13-17 (Teen),4.9,1
9,Male,6.24,TV,True,0.57,Poor Sleep,Urban,8-12 (Pre-teen),6.24,1
18,Female,4.09,Smartphone,True,0.31,Poor Sleep,Urban,18-29 (Young Adult),4.09,1
9,Male,2.88,TV,True,0.48,,Urban,8-12 (Pre-teen),2.88,0
11,Female,3.57,TV,True,0.35,Poor Sleep,Urban,8-12 (Pre-teen),3.57,1
12,Male,4.08,Laptop,True,0.46,"Poor Sleep, Anxiety",Urban,8-12 (Pre-teen),4.08,1
13,Male,5.07,TV,True,0.48,,Urban,13-17 (Teen),5.07,0
16,Female,6.63,Laptop,True,0.47,Poor Sleep,Rural,13-17 (Teen),6.63,1
17,Male,5.2,Smartphone,True,0.41,Poor Sleep,Rural,13-17 (Teen),5.2,1
15,Male,4.06,Smartphone,True,0.47,,Urban,13-17 (Teen),4.06,0
9,Male,0.0,Smartphone,False,0.6,,Urban,8-12 (Pre-teen),0.0,0
8,Female,4.27,TV,True,0.59,"Poor Sleep, Anxiety",Rural,8-12 (Pre-teen),4.27,1
9,Female,5.33,Smartphone,True,0.51,"Poor Sleep, Anxiety",Urban,8-12 (Pre-teen),5.33,1
14,Female,5.2,Smartphone,True,0.44,"Poor Sleep, Eye Strain",Urban,13-17 (Teen),5.2,1
11,Female,5.62,Tablet,True,0.48,Eye Strain,Urban,8-12 (Pre-teen),5.62,0
17,Female,3.22,Smartphone,True,0.48,"Poor Sleep, Anxiety",Urban,13-17 (Teen),3.22,1
12,Female,4.83,Smartphone,True,0.46,"Poor Sleep, Obesity Risk",Urban,8-12 (Pre-teen),4.83,1
14,Female,2.73,Smartphone,False,0.39,,Urban,13-17 (Teen),2.73,0
10,Female,4.81,Tablet,True,0.51,"Poor Sleep, Eye Strain",Urban,8-12 (Pre-teen),4.81,1
17,Male,4.16,Smartphone,True,0.48,,Urban,13-17 (Teen),4.16,0
9,Female,8.08,TV,True,0.55,Poor Sleep,Urban,8-12 (Pre-teen),8.08,1
14,Male,5.31,TV,True,0.4,Poor Sleep,Urban,13-17 (Teen),5.31,1
12,Female,5.19,Smartphone,True,0.47,Poor Sleep,Urban,8-12 (Pre-teen),5.19,1
8,Male,4.26,Tablet,True,0.52,,Urban,8-12 (Pre-teen),4.26,0
8,Male,3.77,Smartphone,True,0.52,"Poor Sleep, Anxiety",Rural,8-12 (Pre-teen),3.77,1
16,Male,4.59,Smartphone,True,0.46,Poor Sleep,Urban,13-17 (Teen),4.59,1
12,Male,5.64,Smartphone,True,0.38,,Urban,8-12 (Pre-teen),5.64,0
8,Male,6.3,Tablet,True,0.41,Poor Sleep,Urban,8-12 (Pre-teen),6.3,1
14,Male,3.75,Smartphone,True,0.31,Poor Sleep,Urban,13-17 (Teen),3.75,1
16,Male,5.49,Tablet,True,0.49,,Rural,13-17 (Teen),5.49,0
18,Female,4.63,Smartphone,True,0.48,Obesity Risk,Urban,18-29 (Young Adult),4.63,0
8,Female,4.96,Smartphone,True,0.45,Poor Sleep,Urban,8-12 (Pre-teen),4.96,1
17,Female,4.43,Smartphone,True,0.35,"Poor Sleep, Eye Strain, Obesity Risk",Urban,13-17 (Teen),4.43,1
11,Female,3.34,Smartphone,True,0.4,"Poor Sleep, Eye Strain, Anxiety",Rural,8-12 (Pre-teen),3.34,1
10,Male,2.15,Tablet,True,0.48,,Rural,8-12 (Pre-teen),2.15,0
12,Female,0.32,Laptop,False,0.46,,Urban,8-12 (Pre-teen),0.32,0
14,Female,5.27,TV,True,0.38,Poor Sleep,Urban,13-17 (Teen),5.27,1
15,Male,2.5,Smartphone,False,0.44,,Urban,13-17 (Teen),2.5,0
9,Female,9.23,Smartphone,True,0.4,Anxiety,Urban,8-12 (Pre-teen),9.23,0
14,Female,4.93,Smartphone,True,0.3,Anxiety,Urban,13-17 (Teen),4.93,0
8,Male,0.0,Smartphone,False,0.42,,Rural,8-12 (Pre-teen),0.0,0
14,Female,4.66,Smartphone,True,0.31,,Urban,13-17 (Teen),4.66,0
15,Female,5.56,TV,True,0.42,Anxiety,Rural,13-17 (Teen),5.56,0
9,Male,1.56,Smartphone,False,0.43,,Urban,8-12 (Pre-teen),1.56,0
16,Female,3.43,Smartphone,True,0.31,Poor Sleep,Urban,13-17 (Teen),3.43,1
8,Male,8.35,Smartphone,True,0.58,Eye Strain,Urban,8-12 (Pre-teen),8.35,0
13,Female,4.56,Smartphone,True,0.41,Poor Sleep,Rural,13-17 (Teen),4.56,1
8,Male,2.1,Tablet,True,0.51,,Urban,8-12 (Pre-teen),2.1,0
10,Male,5.69,TV,True,0.54,Eye Strain,Urban,8-12 (Pre-teen),5.69,0
18,Male,5.54,TV,True,0.41,"Poor Sleep, Eye Strain",Urban,18-29 (Young Adult),5.54,1
13,Female,4.37,Smartphone,True,0.42,Poor Sleep,Urban,13-17 (Teen),4.37,1
10,Female,3.99,Tablet,True,0.43,Anxiety,Urban,8-12 (Pre-teen),3.99,0
15,Female,6.26,Smartphone,True,0.36,,Rural,13-17 (Teen),6.26,0
12,Male,7.49,Smartphone,True,0.39,,Urban,8-12 (Pre-teen),7.49,0
9,Male,4.96,TV,True,0.46,Obesity Risk,Rural,8-12 (Pre-teen),4.96,0
11,Female,5.53,Smartphone,True,0.44,Poor Sleep,Rural,8-12 (Pre-teen),5.53,1
16,Female,2.67,TV,False,0.31,,Urban,13-17 (Teen),2.67,0
11,Male,3.99,Laptop,True,0.39,"Poor Sleep, Eye Strain",Urban,8-12 (Pre-teen),3.99,1
17,Female,2.76,Tablet,False,0.44,,Urban,13-17 (Teen),2.76,0
17,Female,5.01,Laptop,True,0.34,,Urban,13-17 (Teen),5.01,0
15,Female,4.49,TV,True,0.37,Poor Sleep,Rural,13-17 (Teen),4.49,1
12,Male,5.9,Smartphone,True,0.37,Poor Sleep,Urban,8-12 (Pre-teen),5.9,1
18,Male,4.03,TV,True,0.39,,Rural,18-29 (Young Adult),4.03,0
18,Female,3.38,Smartphone,True,0.32,,Urban,18-29 (Young Adult),3.38,0
17,Female,4.33,Smartphone,True,0.46,"Poor Sleep, Obesity Risk",Rural,13-17 (Teen),4.33,1
8,Male,2.46,Smartphone,True,0.4,,Rural,8-12 (Pre-teen),2.46,0
14,Female,4.42,Smartphone,True,0.41,"Poor Sleep, Anxiety",Urban,13-17 (Teen),4.42,1
10,Male,3.4,Tablet,True,0.53,Poor Sleep,Urban,8-12 (Pre-teen),3.4,1
17,Female,5.69,Laptop,True,0.33,,Urban,13-17 (Teen),5.69,0
15,Male,2.36,Smartphone,False,0.45,,Urban,13-17 (Teen),2.36,0
10,Male,8.57,Smartphone,True,0.49,"Poor Sleep, Eye Strain",Urban,8-12 (Pre-teen),8.57,1
8,Female,6.23,Tablet,True,0.54,,Urban,8-12 (Pre-teen),6.23,0
12,Female,4.02,Smartphone,True,0.32,"Poor Sleep, Eye Strain",Urban,8-12 (Pre-teen),4.02,1
9,Female,1.54,TV,False,0.56,,Urban,8-12 (Pre-teen),1.54,0
18,Male,3.2,Smartphone,True,0.38,"Eye Strain, Obesity Risk",Urban,18-29 (Young Adult),3.2,0
11,Female,5.09,TV,True,0.37,Poor Sleep,Rural,8-12 (Pre-teen),5.09,1
8,Male,0.42,TV,False,0.54,,Rural,8-12 (Pre-teen),0.42,0
16,Female,3.56,Smartphone,True,0.45,Poor Sleep,Urban,13-17 (Teen),3.56,1
13,Male,4.24,Smartphone,True,0.4,,Rural,13-17 (Teen),4.24,0
15,Female,3.56,Tablet,True,0.5,Poor Sleep,Rural,13-17 (Teen),3.56,1
18,Male,3.22,Smartphone,True,0.3,,Urban,18-29 (Young Adult),3.22,0
11,Male,3.42,Smartphone,True,0.32,,Urban,8-12 (Pre-teen),3.42,0
16,Female,1.53,TV,False,0.42,,Urban,13-17 (Teen),1.53,0
9,Male,2.28,TV,True,0.45,,Urban,8-12 (Pre-teen),2.28,0
16,Female,2.47,Smartphone,False,0.39,,Urban,13-17 (Teen),2.47,0
12,Male,5.44,TV,True,0.33,Poor Sleep,Urban,8-12 (Pre-teen),5.44,1
13,Female,4.54,Tablet,True,0.41,Poor Sleep,Rural,13-17 (Teen),4.54,1
10,Male,3.32,Smartphone,True,0.44,Eye Strain,Urban,8-12 (Pre-teen),3.32,0
11,Male,2.57,Laptop,False,0.36,,Rural,8-12 (Pre-teen),2.57,0
13,Female,4.49,Laptop,True,0.36,Poor Sleep,Urban,13-17 (Teen),4.49,1
14,Male,6.49,Laptop,True,0.38,Poor Sleep,Rural,13-17 (Teen),6.49,1
8,Female,0.0,Tablet,False,0.42,,Urban,8-12 (Pre-teen),0.0,0
14,Female,3.39,Smartphone,True,0.48,,Rural,13-17 (Teen),3.39,0
8,Male,7.66,Tablet,True,0.55,Eye Strain,Rural,8-12 (Pre-teen),7.66,0
12,Male,3.51,Smartphone,True,0.45,"Eye Strain, Anxiety",Urban,8-12 (Pre-teen),3.51,0
13,Female,7.54,Smartphone,True,0.43,"Anxiety, Obesity Risk",Urban,13-17 (Teen),7.54,0
9,Female,5.35,Tablet,True,0.53,Eye Strain,Rural,8-12 (Pre-teen),5.35,0
17,Female,5.83,Laptop,True,0.41,Poor Sleep,Urban,13-17 (Teen),5.83,1
16,Male,3.71,Laptop,True,0.4,Poor Sleep,Urban,13-17 (Teen),3.71,1
17,Male,5.04,Laptop,True,0.4,Poor Sleep,Urban,13-17 (Teen),5.04,1
13,Male,2.52,Smartphone,False,0.45,,Urban,13-17 (Teen),2.52,0
14,Male,5.39,Laptop,True,0.38,Obesity Risk,Rural,13-17 (Teen),5.39,0
17,Male,2.71,Smartphone,False,0.34,,Urban,13-17 (Teen),2.71,0
15,Male,4.3,Tablet,True,0.35,"Poor Sleep, Eye Strain, Obesity Risk",Urban,13-17 (Teen),4.3,1
18,Female,4.86,Smartphone,True,0.41,,Rural,18-29 (Young Adult),4.86,0
17,Male,4.31,Smartphone,True,0.31,Obesity Risk,Rural,13-17 (Teen),4.31,0
8,Male,0.57,TV,False,0.48,,Urban,8-12 (Pre-teen),0.57,0
15,Male,4.21,TV,True,0.34,"Poor Sleep, Eye Strain, Anxiety",Rural,13-17 (Teen),4.21,1
11,Male,3.23,Laptop,True,0.31,"Poor Sleep, Eye Strain",Rural,8-12 (Pre-teen),3.23,1
17,Female,4.84,Smartphone,True,0.42,"Poor Sleep, Obesity Risk",Urban,13-17 (Teen),4.84,1
15,Female,4.04,Smartphone,True,0.33,,Urban,13-17 (Teen),4.04,0
13,Female,7.02,Smartphone,True,0.45,"Poor Sleep, Eye Strain",Urban,13-17 (Teen),7.02,1
18,Female,5.67,Smartphone,True,0.38,,Urban,18-29 (Young Adult),5.67,0
16,Female,5.38,TV,True,0.33,Poor Sleep,Urban,13-17 (Teen),5.38,1
18,Male,2.82,Smartphone,False,0.33,,Urban,18-29 (Young Adult),2.82,0
11,Female,3.8,Smartphone,True,0.34,"Poor Sleep, Eye Strain",Rural,8-12 (Pre-teen),3.8,1
9,Male,0.62,TV,False,0.51,,Urban,8-12 (Pre-teen),0.62,0
9,Female,4.43,Tablet,True,0.56,"Poor Sleep, Eye Strain",Urban,8-12 (Pre-teen),4.43,1
12,Female,5.89,Laptop,True,0.34,"Poor Sleep, Anxiety",Urban,8-12 (Pre-teen),5.89,1
17,Female,3.97,TV,True,0.41,Poor Sleep,Urban,13-17 (Teen),3.97,1
16,Male,5.04,Laptop,True,0.4,Poor Sleep,Urban,13-17 (Teen),5.04,1
10,Male,2.98,Smartphone,True,0.56,,Urban,8-12 (Pre-teen),2.98,0
15,Female,5.31,Smartphone,True,0.37,,Urban,13-17 (Teen),5.31,0
11,Female,5.47,TV,True,0.45,,Urban,8-12 (Pre-teen),5.47,0
13,Male,4.34,Laptop,True,0.38,Poor Sleep,Urban,13-17 (Teen),4.34,1
17,Male,4.83,Tablet,True,0.49,"Eye Strain, Obesity Risk",Rural,13-17 (Teen),4.83,0
13,Male,4.64,TV,True,0.35,"Poor Sleep, Eye Strain, Anxiety, Obesity Risk",Urban,13-17 (Teen),4.64,1
10,Male,1.52,TV,False,0.59,,Urban,8-12 (Pre-teen),1.52,0
12,Male,6.61,Smartphone,True,0.33,Anxiety,Rural,8-12 (Pre-teen),6.61,0
10,Female,5.52,Smartphone,True,0.45,"Poor Sleep, Eye Strain",Rural,8-12 (Pre-teen),5.52,1
18,Female,4.01,Smartphone,True,0.38,,Urban,18-29 (Young Adult),4.01,0
18,Female,2.49,TV,False,0.44,,Rural,18-29 (Young Adult),2.49,0
8,Female,3.27,Smartphone,True,0.44,,Rural,8-12 (Pre-teen),3.27,0
14,Female,5.56,Laptop,True,0.31,Poor Sleep,Urban,13-17 (Teen),5.56,1
11,Female,5.94,Smartphone,True,0.37,"Poor Sleep, Eye Strain, Anxiety",Urban,8-12 (Pre-teen),5.94,1
14,Female,3.21,TV,True,0.41,"Poor Sleep, Eye Strain, Anxiety",Rural,13-17 (Teen),3.21,1
10,Female,5.19,TV,True,0.52,,Rural,8-12 (Pre-teen),5.19,0
18,Female,5.34,Laptop,True,0.41,,Urban,18-29 (Young Adult),5.34,0
12,Female,4.37,Smartphone,True,0.49,"Poor Sleep, Eye Strain, Anxiety, Obesity Risk",Urban,8-12 (Pre-teen),4.37,1
12,Male,5.58,Smartphone,True,0.4,"Poor Sleep, Eye Strain",Urban,8-12 (Pre-teen),5.58,1
9,Male,4.11,Smartphone,True,0.46,Eye Strain,Urban,8-12 (Pre-teen),4.11,0
18,Male,2.89,Laptop,False,0.47,,Urban,18-29 (Young Adult),2.89,0
17,Male,3.47,Smartphone,True,0.49,Poor Sleep,Rural,13-17 (Teen),3.47,1
9,Female,5.33,Tablet,True,0.45,Poor Sleep,Urban,8-12 (Pre-teen),5.33,1
11,Male,4.14,Smartphone,True,0.39,Poor Sleep,Rural,8-12 (Pre-teen),4.14,1
11,Female,3.92,Tablet,True,0.5,Poor Sleep,Urban,8-12 (Pre-teen),3.92,1
11,Female,2.64,Tablet,False,0.47,,Urban,8-12 (Pre-teen),2.64,0
13,Male,4.07,Laptop,True,0.49,"Poor Sleep, Eye Strain, Obesity Risk",Rural,13-17 (Teen),4.07,1
9,Female,0.0,Smartphone,False,0.56,,Rural,8-12 (Pre-teen),0.0,0
13,Female,4.85,Smartphone,True,0.45,,Urban,13-17 (Teen),4.85,0
14,Male,6.94,Smartphone,True,0.33,Poor Sleep,Urban,13-17 (Teen),6.94,1
18,Female,3.28,Smartphone,True,0.33,"Anxiety, Obesity Risk",Rural,18-29 (Young Adult),3.28,0
17,Female,5.17,Tablet,True,0.37,"Poor Sleep, Obesity Risk",Urban,13-17 (Teen),5.17,1
10,Male,0.0,Smartphone,False,0.56,,Rural,8-12 (Pre-teen),0.0,0
18,Male,5.03,Laptop,True,0.39,Eye Strain,Urban,18-29 (Young Adult),5.03,0
15,Female,5.7,Smartphone,True,0.44,"Poor Sleep, Eye Strain, Obesity Risk",Rural,13-17 (Teen),5.7,1
9,Male,9.28,Smartphone,True,0.54,Obesity Risk,Rural,8-12 (Pre-teen),9.28,0
18,Male,3.57,Smartphone,True,0.48,"Poor Sleep, Eye Strain, Anxiety",Rural,18-29 (Young Adult),3.57,1
15,Female,7.89,Smartphone,True,0.36,,Urban,13-17 (Teen),7.89,0
18,Female,5.4,Laptop,True,0.41,Poor Sleep,Urban,18-29 (Young Adult),5.4,1
12,Female,3.74,Smartphone,True,0.4,"Poor Sleep, Eye Strain, Anxiety",Urban,8-12 (Pre-teen),3.74,1
9,Male,6.5,TV,True,0.5,Obesity Risk,Rural,8-12 (Pre-teen),6.5,0
14,Male,5.21,Smartphone,True,0.4,Anxiety,Urban,13-17 (Teen),5.21,0
9,Male,4.74,TV,True,0.56,Poor Sleep,Rural,8-12 (Pre-teen),4.74,1
13,Male,3.35,Smartphone,True,0.41,"Poor Sleep, Anxiety",Urban,13-17 (Teen),3.35,1
17,Male,4.32,TV,True,0.48,"Poor Sleep, Anxiety",Rural,13-17 (Teen),4.32,1
10,Female,3.4,TV,True,0.52,"Poor Sleep, Eye Strain",Urban,8-12 (Pre-teen),3.4,1
16,Female,7.36,TV,True,0.44,Anxiety,Rural,13-17 (Teen),7.36,0
10,Male,4.4,TV,True,0.57,Poor Sleep,Rural,8-12 (Pre-teen),4.4,1
18,Female,5.74,Tablet,True,0.47,,Urban,18-29 (Young Adult),5.74,0
10,Female,1.83,TV,False,0.58,,Urban,8-12 (Pre-teen),1.83,0
12,Male,3.88,Smartphone,True,0.33,,Urban,8-12 (Pre-teen),3.88,0
14,Female,3.39,TV,True,0.47,"Anxiety, Obesity Risk",Urban,13-17 (Teen),3.39,0
15,Female,4.87,Laptop,True,0.46,,Urban,13-17 (Teen),4.87,0
18,Female,3.7,Smartphone,True,0.31,Poor Sleep,Rural,18-29 (Young Adult),3.7,1
14,Female,3.78,TV,True,0.4,,Urban,13-17 (Teen),3.78,0
16,Female,3.94,Laptop,True,0.34,"Poor Sleep, Eye Strain, Anxiety",Rural,13-17 (Teen),3.94,1
12,Male,5.47,Laptop,True,0.45,"Poor Sleep, Eye Strain",Urban,8-12 (Pre-teen),5.47,1
17,Female,6.98,TV,True,0.4,Poor Sleep,Urban,13-17 (Teen),6.98,1
18,Female,5.55,Smartphone,True,0.42,Eye Strain,Urban,18-29 (Young Adult),5.55,0
10,Male,1.44,TV,False,0.49,,Urban,8-12 (Pre-teen),1.44,0
13,Female,5.24,Smartphone,True,0.38,"Poor Sleep, Anxiety, Obesity Risk",Urban,13-17 (Teen),5.24,1
12,Male,4.4,Smartphone,True,0.47,,Rural,8-12 (Pre-teen),4.4,0
11,Male,4.07,Smartphone,True,0.43,"Eye Strain, Obesity Risk",Rural,8-12 (Pre-teen),4.07,0
9,Female,6.69,TV,True,0.56,"Poor Sleep, Obesity Risk",Urban,8-12 (Pre-teen),6.69,1
14,Male,6.66,Smartphone,True,0.37,"Poor Sleep, Eye Strain",Urban,13-17 (Teen),6.66,1
12,Male,4.83,TV,True,0.48,,Rural,8-12 (Pre-teen),4.83,0
11,Male,4.75,Smartphone,True,0.35,"Eye Strain, Anxiety",Urban,8-12 (Pre-teen),4.75,0
15,Male,6.43,Smartphone,True,0.35,,Urban,13-17 (Teen),6.43,0
16,Male,3.18,TV,True,0.48,Poor Sleep,Rural,13-17 (Teen),3.18,1
16,Female,3.91,Smartphone,True,0.32,Obesity Risk,Urban,13-17 (Teen),3.91,0
10,Male,2.65,TV,True,0.41,,Urban,8-12 (Pre-teen),2.65,0
10,Female,4.56,TV,True,0.45,Poor Sleep,Urban,8-12 (Pre-teen),4.56,1
12,Male,4.69,Smartphone,True,0.33,"Poor Sleep, Anxiety",Urban,8-12 (Pre-teen),4.69,1
12,Male,2.43,TV,False,0.42,,Rural,8-12 (Pre-teen),2.43,0
17,Male,3.88,TV,True,0.31,"Poor Sleep, Obesity Risk",Urban,13-17 (Teen),3.88,1
9,Male,1.66,Smartphone,False,0.44,,Urban,8-12 (Pre-teen),1.66,0
8,Male,2.22,Tablet,True,0.43,,Urban,8-12 (Pre-teen),2.22,0
15,Female,8.04,TV,True,0.42,Poor Sleep,Urban,13-17 (Teen),8.04,1
10,Male,2.12,Tablet,True,0.46,,Urban,8-12 (Pre-teen),2.12,0
8,Female,1.92,Smartphone,False,0.41,,Urban,8-12 (Pre-teen),1.92,0
8,Male,5.37,Smartphone,True,0.43,"Poor Sleep, Obesity Risk",Urban,8-12 (Pre-teen),5.37,1
18,Female,2.65,Smartphone,False,0.3,,Rural,18-29 (Young Adult),2.65,0
9,Male,3.08,TV,True,0.57,"Poor Sleep, Anxiety",Urban,8-12 (Pre-teen),3.08,1
13,Female,3.58,Smartphone,True,0.35,Anxiety,Urban,13-17 (Teen),3.58,0
13,Female,4.3,Smartphone,True,0.33,"Poor Sleep, Anxiety",Rural,13-17 (Teen),4.3,1
10,Male,5.94,Tablet,True,0.43,"Poor Sleep, Eye Strain",Rural,8-12 (Pre-teen),5.94,1
11,Male,5.14,Smartphone,True,0.48,Eye Strain,Rural,8-12 (Pre-teen),5.14,0
9,Female,7.19,TV,True,0.54,"Poor Sleep, Anxiety, Obesity Risk",Urban,8-12 (Pre-teen),7.19,1
9,Male,4.03,TV,True,0.42,Poor Sleep,Urban,8-12 (Pre-teen),4.03,1
14,Male,3.63,TV,True,0.32,"Poor Sleep, Obesity Risk",Rural,13-17 (Teen),3.63,1
8,Male,3.74,TV,True,0.4,Eye Strain,Rural,8-12 (Pre-teen),3.74,0
14,Male,5.71,TV,True,0.38,Poor Sleep,Rural,13-17 (Teen),5.71,1
8,Female,3.86,TV,True,0.4,,Urban,8-12 (Pre-teen),3.86,0
13,Female,5.02,TV,True,0.32,Obesity Risk,Rural,13-17 (Teen),5.02,0
10,Male,5.76,Smartphone,True,0.43,Poor Sleep,Urban,8-12 (Pre-teen),5.76,1
15,Male,4.94,TV,True,0.49,,Rural,13-17 (Teen),4.94,0
13,Male,4.72,TV,True,0.3,Anxiety,Rural,13-17 (Teen),4.72,0
18,Female,4.0,Smartphone,True,0.44,"Poor Sleep, Anxiety",Rural,18-29 (Young Adult),4.0,1
9,Female,5.24,Smartphone,True,0.6,"Poor Sleep, Eye Strain, Obesity Risk",Urban,8-12 (Pre-teen),5.24,1
15,Male,4.68,TV,True,0.36,Poor Sleep,Urban,13-17 (Teen),4.68,1
12,Male,4.92,Smartphone,True,0.3,"Poor Sleep, Obesity Risk",Urban,8-12 (Pre-teen),4.92,1
15,Female,3.8,Laptop,True,0.3,Poor Sleep,Urban,13-17 (Teen),3.8,1
15,Female,4.34,Smartphone,True,0.35,"Anxiety, Obesity Risk",Urban,13-17 (Teen),4.34,0
13,Female,3.73,TV,True,0.43,"Eye Strain, Obesity Risk",Urban,13-17 (Teen),3.73,0
9,Female,4.5,Smartphone,True,0.55,,Rural,8-12 (Pre-teen),4.5,0
15,Male,3.01,Smartphone,True,0.39,,Rural,13-17 (Teen),3.01,0
18,Male,3.55,Laptop,True,0.43,"Eye Strain, Anxiety",Rural,18-29 (Young Adult),3.55,0
13,Female,4.62,Laptop,True,0.43,Poor Sleep,Urban,13-17 (Teen),4.62,1
13,Female,3.86,Smartphone,True,0.42,Poor Sleep,Urban,13-17 (Teen),3.86,1
15,Female,3.96,TV,True,0.41,Eye Strain,Rural,13-17 (Teen),3.96,0
8,Female,4.13,Tablet,True,0.42,Poor Sleep,Rural,8-12 (Pre-teen),4.13,1
9,Female,5.03,TV,True,0.53,"Poor Sleep, Eye Strain",Urban,8-12 (Pre-teen),5.03,1
16,Female,4.4,Tablet,True,0.39,"Poor Sleep, Eye Strain",Urban,13-17 (Teen),4.4,1
18,Female,6.08,Smartphone,True,0.4,Poor Sleep,Urban,18-29 (Young Adult),6.08,1
15,Male,3.92,Laptop,True,0.39,Poor Sleep,Urban,13-17 (Teen),3.92,1
14,Female,0.84,Laptop,False,0.35,,Urban,13-17 (Teen),0.84,0
14,Female,4.97,Smartphone,True,0.46,Poor Sleep,Rural,13-17 (Teen),4.97,1
12,Female,4.13,Laptop,True,0.49,"Poor Sleep, Anxiety",Urban,8-12 (Pre-teen),4.13,1
9,Male,2.01,TV,True,0.54,,Urban,8-12 (Pre-teen),2.01,0
18,Female,3.73,Smartphone,True,0.47,"Poor Sleep, Eye Strain",Urban,18-29 (Young Adult),3.73,1
13,Male,2.88,Smartphone,False,0.37,,Urban,13-17 (Teen),2.88,0
17,Male,4.86,Laptop,True,0.34,"Poor Sleep, Anxiety",Urban,13-17 (Teen),4.86,1
10,Female,2.6,Smartphone,True,0.57,,Urban,8-12 (Pre-teen),2.6,0
11,Female,4.73,TV,True,0.44,Poor Sleep,Urban,8-12 (Pre-teen),4.73,1
17,Female,5.66,Smartphone,True,0.37,,Rural,13-17 (Teen),5.66,0
18,Male,3.84,Smartphone,True,0.47,Obesity Risk,Rural,18-29 (Young Adult),3.84,0
9,Male,0.86,TV,False,0.4,,Urban,8-12 (Pre-teen),0.86,0
9,Female,3.91,Smartphone,True,0.51,,Urban,8-12 (Pre-teen),3.91,0
15,Female,4.37,Smartphone,True,0.44,Eye Strain,Urban,13-17 (Teen),4.37,0
15,Male,4.29,Smartphone,True,0.37,,Urban,13-17 (Teen),4.29,0
17,Male,5.19,Laptop,True,0.35,Poor Sleep,Urban,13-17 (Teen),5.19,1
13,Male,5.84,Smartphone,True,0.5,"Anxiety, Obesity Risk",Rural,13-17 (Teen),5.84,0
12,Female,4.74,Tablet,True,0.38,"Poor Sleep, Eye Strain",Rural,8-12 (Pre-teen),4.74,1
15,Female,5.96,Laptop,True,0.43,Poor Sleep,Urban,13-17 (Teen),5.96,1
11,Female,6.37,Laptop,True,0.42,,Rural,8-12 (Pre-teen),6.37,0
18,Male,4.98,Laptop,True,0.32,Anxiety,Urban,18-29 (Young Adult),4.98,0
11,Male,2.12,Laptop,False,0.38,,Rural,8-12 (Pre-teen),2.12,0
12,Male,4.62,TV,True,0.48,Poor Sleep,Urban,8-12 (Pre-teen),4.62,1
8,Female,4.48,Smartphone,True,0.46,,Rural,8-12 (Pre-teen),4.48,0
8,Female,7.69,Tablet,True,0.45,"Poor Sleep, Anxiety",Urban,8-12 (Pre-teen),7.69,1
9,Female,2.73,TV,True,0.47,,Rural,8-12 (Pre-teen),2.73,0
15,Male,5.12,TV,True,0.46,Anxiety,Urban,13-17 (Teen),5.12,0
14,Male,3.88,Laptop,True,0.41,"Poor Sleep, Eye Strain",Urban,13-17 (Teen),3.88,1
17,Female,6.99,Laptop,True,0.32,Eye Strain,Urban,13-17 (Teen),6.99,0
16,Male,5.91,TV,True,0.3,Poor Sleep,Urban,13-17 (Teen),5.91,1
12,Female,4.97,TV,True,0.33,"Poor Sleep, Anxiety",Urban,8-12 (Pre-teen),4.97,1
9,Male,4.27,Smartphone,True,0.54,Poor Sleep,Rural,8-12 (Pre-teen),4.27,1
14,Female,5.13,TV,True,0.32,"Poor Sleep, Anxiety",Rural,13-17 (Teen),5.13,1
15,Female,5.32,Tablet,True,0.31,,Urban,13-17 (Teen),5.32,0
14,Female,4.98,Laptop,True,0.36,,Urban,13-17 (Teen),4.98,0
14,Male,5.05,Smartphone,True,0.41,Poor Sleep,Urban,13-17 (Teen),5.05,1
12,Female,5.48,TV,True,0.36,"Poor Sleep, Eye Strain, Obesity Risk",Urban,8-12 (Pre-teen),5.48,1
9,Female,2.13,Smartphone,True,0.48,,Rural,8-12 (Pre-teen),2.13,0
13,Female,7.7,Laptop,True,0.42,Poor Sleep,Urban,13-17 (Teen),7.7,1
11,Female,3.8,Laptop,True,0.4,"Eye Strain, Obesity Risk",Urban,8-12 (Pre-teen),3.8,0
17,Female,3.9,Tablet,True,0.47,"Poor Sleep, Eye Strain",Urban,13-17 (Teen),3.9,1
9,Male,4.97,Smartphone,True,0.4,Poor Sleep,Rural,8-12 (Pre-teen),4.97,1
16,Female,3.56,TV,True,0.38,Eye Strain,Urban,13-17 (Teen),3.56,0
14,Male,1.98,Smartphone,False,0.42,,Urban,13-17 (Teen),1.98,0
13,Male,6.42,Smartphone,True,0.37,,Urban,13-17 (Teen),6.42,0
12,Female,3.85,TV,True,0.49,Poor Sleep,Rural,8-12 (Pre-teen),3.85,1
10,Female,4.59,TV,True,0.46,Poor Sleep,Urban,8-12 (Pre-teen),4.59,1
17,Male,5.4,TV,True,0.45,,Urban,13-17 (Teen),5.4,0
17,Female,4.82,TV,True,0.49,"Poor Sleep, Eye Strain",Urban,13-17 (Teen),4.82,1
11,Female,3.62,Smartphone,True,0.31,Poor Sleep,Urban,8-12 (Pre-teen),3.62,1
10,Male,1.92,Tablet,False,0.52,,Urban,8-12 (Pre-teen),1.92,0
18,Male,3.95,TV,True,0.43,"Poor Sleep, Eye Strain, Anxiety",Urban,18-29 (Young Adult),3.95,1
15,Female,4.93,Smartphone,True,0.36,,Urban,13-17 (Teen),4.93,0
10,Female,1.69,TV,False,0.43,,Rural,8-12 (Pre-teen),1.69,0
14,Male,3.64,Laptop,True,0.5,"Poor Sleep, Anxiety",Rural,13-17 (Teen),3.64,1
14,Female,5.89,TV,True,0.42,Poor Sleep,Rural,13-17 (Teen),5.89,1
14,Male,2.73,TV,False,0.47,,Urban,13-17 (Teen),2.73,0
14,Male,4.86,Smartphone,True,0.39,"Poor Sleep, Eye Strain, Obesity Risk",Rural,13-17 (Teen),4.86,1
9,Female,4.51,TV,True,0.53,"Poor Sleep, Obesity Risk",Urban,8-12 (Pre-teen),4.51,1
17,Male,3.66,Tablet,True,0.34,Poor Sleep,Urban,13-17 (Teen),3.66,1
10,Female,0.0,TV,False,0.46,,Urban,8-12 (Pre-teen),0.0,0
17,Female,4.86,Laptop,True,0.3,"Poor Sleep, Eye Strain",Urban,13-17 (Teen),4.86,1
16,Female,4.09,Laptop,True,0.42,"Poor Sleep, Anxiety",Rural,13-17 (Teen),4.09,1
10,Female,3.68,TV,True,0.5,Poor Sleep,Rural,8-12 (Pre-teen),3.68,1
9,Female,3.59,TV,True,0.52,"Poor Sleep, Eye Strain",Urban,8-12 (Pre-teen),3.59,1
16,Female,2.46,Smartphone,False,0.39,,Urban,13-17 (Teen),2.46,0
17,Male,4.39,Laptop,True,0.35,"Poor Sleep, Eye Strain",Urban,13-17 (Teen),4.39,1
16,Female,6.13,TV,True,0.48,"Poor Sleep, Eye Strain",Rural,13-17 (Teen),6.13,1
11,Female,4.66,Smartphone,True,0.41,"Poor Sleep, Anxiety",Urban,8-12 (Pre-teen),4.66,1
16,Female,5.27,Smartphone,True,0.43,,Urban,13-17 (Teen),5.27,0
10,Male,1.43,Smartphone,False,0.55,,Rural,8-12 (Pre-teen),1.43,0
14,Female,1.39,Smartphone,False,0.45,,Rural,13-17 (Teen),1.39,0
14,Male,2.11,Smartphone,False,0.4,,Urban,13-17 (Teen),2.11,0
18,Female,5.3,Smartphone,True,0.33,"Poor Sleep, Eye Strain",Urban,18-29 (Young Adult),5.3,1
15,Male,5.39,Laptop,True,0.36,Obesity Risk,Urban,13-17 (Teen),5.39,0
17,Male,4.12,TV,True,0.33,"Poor Sleep, Eye Strain",Urban,13-17 (Teen),4.12,1
11,Male,4.73,Smartphone,True,0.43,"Poor Sleep, Obesity Risk",Urban,8-12 (Pre-teen),4.73,1
10,Female,2.68,Tablet,True,0.59,,Urban,8-12 (Pre-teen),2.68,0
10,Female,1.78,TV,False,0.5,,Urban,8-12 (Pre-teen),1.78,0
12,Male,4.46,Smartphone,True,0.46,Obesity Risk,Rural,8-12 (Pre-teen),4.46,0
18,Male,4.78,Tablet,True,0.44,"Poor Sleep, Obesity Risk",Urban,18-29 (Young Adult),4.78,1
8,Male,9.58,Smartphone,True,0.53,Poor Sleep,Urban,8-12 (Pre-teen),9.58,1
17,Male,5.05,Smartphone,True,0.43,Poor Sleep,Urban,13-17 (Teen),5.05,1
10,Male,5.61,TV,True,0.52,Poor Sleep,Urban,8-12 (Pre-teen),5.61,1
13,Male,4.94,TV,True,0.39,"Poor Sleep, Eye Strain",Urban,13-17 (Teen),4.94,1
10,Male,1.37,Tablet,False,0.51,,Rural,8-12 (Pre-teen),1.37,0
12,Male,4.57,Laptop,True,0.42,"Poor Sleep, Eye Strain",Urban,8-12 (Pre-teen),4.57,1
16,Female,5.18,Smartphone,True,0.45,"Poor Sleep, Eye Strain",Urban,13-17 (Teen),5.18,1
9,Male,4.47,Smartphone,True,0.57,"Poor Sleep, Eye Strain",Urban,8-12 (Pre-teen),4.47,1
18,Male,3.04,TV,True,0.41,Poor Sleep,Urban,18-29 (Young Adult),3.04,1
9,Male,6.37,Tablet,True,0.59,"Poor Sleep, Eye Strain",Rural,8-12 (Pre-teen),6.37,1
13,Male,6.26,Laptop,True,0.41,"Poor Sleep, Anxiety",Urban,13-17 (Teen),6.26,1
13,Female,5.25,Smartphone,True,0.5,"Poor Sleep, Eye Strain, Obesity Risk",Rural,13-17 (Teen),5.25,1
18,Female,3.7,Smartphone,True,0.39,,Urban,18-29 (Young Adult),3.7,0
18,Female,3.86,Smartphone,True,0.41,Poor Sleep,Urban,18-29 (Young Adult),3.86,1
15,Male,5.0,Smartphone,True,0.4,"Poor Sleep, Anxiety",Rural,13-17 (Teen),5.0,1
18,Female,5.87,TV,True,0.48,,Urban,18-29 (Young Adult),5.87,0
9,Female,0.13,Smartphone,False,0.52,,Urban,8-12 (Pre-teen),0.13,0
16,Male,4.33,Smartphone,True,0.41,,Urban,13-17 (Teen),4.33,0
9,Female,4.66,TV,True,0.52,,Urban,8-12 (Pre-teen),4.66,0
8,Male,2.62,Tablet,True,0.5,,Urban,8-12 (Pre-teen),2.62,0
17,Male,5.23,Laptop,True,0.35,Poor Sleep,Rural,13-17 (Teen),5.23,1
9,Female,1.21,Smartphone,False,0.46,,Urban,8-12 (Pre-teen),1.21,0
14,Female,6.53,Smartphone,True,0.47,"Eye Strain, Anxiety, Obesity Risk",Rural,13-17 (Teen),6.53,0
15,Female,5.52,Smartphone,True,0.36,,Rural,13-17 (Teen),5.52,0
12,Male,5.57,Laptop,True,0.47,Obesity Risk,Urban,8-12 (Pre-teen),5.57,0
13,Male,4.74,Smartphone,True,0.38,"Poor Sleep, Anxiety",Urban,13-17 (Teen),4.74,1
8,Female,3.32,TV,True,0.55,Eye Strain,Urban,8-12 (Pre-teen),3.32,0
13,Male,6.12,Smartphone,True,0.35,Poor Sleep,Urban,13-17 (Teen),6.12,1
15,Female,3.34,Smartphone,True,0.3,,Urban,13-17 (Teen),3.34,0
10,Female,2.17,TV,True,0.49,,Urban,8-12 (Pre-teen),2.17,0
18,Female,2.08,Smartphone,False,0.48,,Urban,18-29 (Young Adult),2.08,0
8,Male,7.72,Tablet,True,0.43,Eye Strain,Urban,8-12 (Pre-teen),7.72,0
18,Male,3.97,Smartphone,True,0.43,Poor Sleep,Rural,18-29 (Young Adult),3.97,1
11,Female,3.57,Smartphone,True,0.45,Poor Sleep,Urban,8-12 (Pre-teen),3.57,1
8,Female,5.27,TV,True,0.47,"Poor Sleep, Eye Strain",Urban,8-12 (Pre-teen),5.27,1
15,Female,5.47,Tablet,True,0.43,"Poor Sleep, Anxiety",Rural,13-17 (Teen),5.47,1
12,Female,6.14,Smartphone,True,0.37,Poor Sleep,Rural,8-12 (Pre-teen),6.14,1
8,Male,0.48,TV,False,0.47,,Urban,8-12 (Pre-teen),0.48,0
15,Female,4.67,Tablet,True,0.34,Poor Sleep,Urban,13-17 (Teen),4.67,1
16,Female,3.53,Smartphone,True,0.45,"Poor Sleep, Anxiety",Urban,13-17 (Teen),3.53,1
17,Male,4.2,Tablet,True,0.39,Poor Sleep,Urban,13-17 (Teen),4.2,1
9,Female,3.43,TV,True,0.56,"Poor Sleep, Obesity Risk",Urban,8-12 (Pre-teen),3.43,1
16,Male,4.2,Smartphone,True,0.39,"Poor Sleep, Obesity Risk",Urban,13-17 (Teen),4.2,1
15,Female,4.27,Smartphone,True,0.46,Anxiety,Urban,13-17 (Teen),4.27,0
14,Male,4.64,TV,True,0.46,Poor Sleep,Rural,13-17 (Teen),4.64,1
10,Female,1.92,TV,False,0.54,,Rural,8-12 (Pre-teen),1.92,0
9,Female,1.94,TV,False,0.47,,Rural,8-12 (Pre-teen),1.94,0
14,Female,3.79,Tablet,True,0.42,Anxiety,Urban,13-17 (Teen),3.79,0
12,Male,3.42,Laptop,True,0.34,Eye Strain,Urban,8-12 (Pre-teen),3.42,0
13,Female,3.8,Tablet,True,0.48,Eye Strain,Rural,13-17 (Teen),3.8,0
11,Male,4.27,TV,True,0.4,,Rural,8-12 (Pre-teen),4.27,0
9,Male,2.57,TV,True,0.59,,Urban,8-12 (Pre-teen),2.57,0
16,Male,6.96,TV,True,0.47,"Poor Sleep, Obesity Risk",Urban,13-17 (Teen),6.96,1
10,Female,6.07,Tablet,True,0.44,Eye Strain,Rural,8-12 (Pre-teen),6.07,0
14,Female,2.95,Tablet,False,0.44,,Urban,13-17 (Teen),2.95,0
15,Male,4.61,Smartphone,True,0.31,,Urban,13-17 (Teen),4.61,0
9,Female,2.3,TV,True,0.58,,Urban,8-12 (Pre-teen),2.3,0
13,Male,4.36,Smartphone,True,0.3,Anxiety,Rural,13-17 (Teen),4.36,0
18,Female,5.51,Laptop,True,0.48,,Urban,18-29 (Young Adult),5.51,0
15,Female,4.99,Laptop,True,0.5,"Poor Sleep, Eye Strain",Urban,13-17 (Teen),4.99,1
14,Male,3.25,TV,True,0.46,"Eye Strain, Anxiety",Rural,13-17 (Teen),3.25,0
18,Female,5.77,Smartphone,True,0.48,"Eye Strain, Anxiety",Rural,18-29 (Young Adult),5.77,0
10,Male,0.97,TV,False,0.42,,Urban,8-12 (Pre-teen),0.97,0
8,Female,3.97,Tablet,True,0.4,"Poor Sleep, Eye Strain",Urban,8-12 (Pre-teen),3.97,1
13,Male,3.07,Tablet,True,0.49,Anxiety,Urban,13-17 (Teen),3.07,0
15,Male,5.87,Smartphone,True,0.4,Poor Sleep,Urban,13-17 (Teen),5.87,1
13,Female,3.96,Smartphone,True,0.33,Poor Sleep,Urban,13-17 (Teen),3.96,1
12,Male,4.07,Smartphone,True,0.37,,Urban,8-12 (Pre-teen),4.07,0
18,Male,4.03,Smartphone,True,0.5,Poor Sleep,Urban,18-29 (Young Adult),4.03,1
15,Male,3.54,Smartphone,True,0.46,,Rural,13-17 (Teen),3.54,0
9,Male,2.03,Tablet,True,0.54,,Urban,8-12 (Pre-teen),2.03,0
8,Male,5.78,Tablet,True,0.51,Poor Sleep,Urban,8-12 (Pre-teen),5.78,1
8,Male,7.68,Smartphone,True,0.43,,Urban,8-12 (Pre-teen),7.68,0
11,Female,5.19,Smartphone,True,0.47,"Poor Sleep, Eye Strain, Anxiety",Urban,8-12 (Pre-teen),5.19,1
13,Female,1.93,Smartphone,False,0.43,,Urban,13-17 (Teen),1.93,0
16,Male,5.31,Laptop,True,0.35,"Poor Sleep, Obesity Risk",Urban,13-17 (Teen),5.31,1
8,Female,6.36,Smartphone,True,0.58,Poor Sleep,Urban,8-12 (Pre-teen),6.36,1
8,Male,4.56,Smartphone,True,0.46,,Rural,8-12 (Pre-teen),4.56,0
12,Male,2.44,Smartphone,False,0.35,,Urban,8-12 (Pre-teen),2.44,0
17,Female,3.72,TV,True,0.43,Poor Sleep,Urban,13-17 (Teen),3.72,1
12,Female,3.34,Smartphone,True,0.36,Poor Sleep,Urban,8-12 (Pre-teen),3.34,1
12,Male,3.21,Smartphone,True,0.35,,Urban,8-12 (Pre-teen),3.21,0
17,Male,2.33,Smartphone,False,0.32,,Urban,13-17 (Teen),2.33,0
13,Female,5.85,Smartphone,True,0.39,"Eye Strain, Anxiety",Rural,13-17 (Teen),5.85,0
15,Male,5.81,Smartphone,True,0.34,,Rural,13-17 (Teen),5.81,0
10,Female,1.32,TV,False,0.58,,Urban,8-12 (Pre-teen),1.32,0
16,Female,5.96,TV,True,0.47,"Poor Sleep, Anxiety",Rural,13-17 (Teen),5.96,1
8,Female,3.14,Smartphone,True,0.59,Poor Sleep,Urban,8-12 (Pre-teen),3.14,1
11,Male,2.96,Smartphone,False,0.45,,Urban,8-12 (Pre-teen),2.96,0
16,Female,4.15,Smartphone,True,0.44,Poor Sleep,Urban,13-17 (Teen),4.15,1
15,Female,4.26,Laptop,True,0.43,"Poor Sleep, Anxiety, Obesity Risk",Urban,13-17 (Teen),4.26,1
17,Male,6.99,TV,True,0.31,"Poor Sleep, Obesity Risk",Rural,13-17 (Teen),6.99,1
16,Male,4.29,Smartphone,True,0.33,"Poor Sleep, Eye Strain, Obesity Risk",Rural,13-17 (Teen),4.29,1
8,Female,0.0,TV,False,0.5,,Urban,8-12 (Pre-teen),0.0,0
16,Male,5.04,Smartphone,True,0.39,"Poor Sleep, Eye Strain",Rural,13-17 (Teen),5.04,1
10,Male,6.56,Smartphone,True,0.47,Anxiety,Urban,8-12 (Pre-teen),6.56,0
18,Male,5.06,TV,True,0.33,,Urban,18-29 (Young Adult),5.06,0
17,Female,3.49,TV,True,0.32,Poor Sleep,Urban,13-17 (Teen),3.49,1
16,Male,6.22,TV,True,0.3,Obesity Risk,Urban,13-17 (Teen),6.22,0
8,Female,4.54,TV,True,0.55,"Poor Sleep, Eye Strain",Urban,8-12 (Pre-teen),4.54,1
8,Female,5.39,Smartphone,True,0.52,,Rural,8-12 (Pre-teen),5.39,0
16,Female,4.69,Smartphone,True,0.38,Eye Strain,Urban,13-17 (Teen),4.69,0
18,Female,4.04,Laptop,True,0.37,Poor Sleep,Urban,18-29 (Young Adult),4.04,1
13,Female,4.87,Smartphone,True,0.4,Poor Sleep,Urban,13-17 (Teen),4.87,1
11,Female,5.54,Tablet,True,0.45,Poor Sleep,Rural,8-12 (Pre-teen),5.54,1
14,Male,4.6,Laptop,True,0.3,Poor Sleep,Urban,13-17 (Teen),4.6,1
12,Female,5.18,Smartphone,True,0.3,Eye Strain,Rural,8-12 (Pre-teen),5.18,0
17,Female,4.93,Tablet,True,0.46,"Poor Sleep, Eye Strain",Rural,13-17 (Teen),4.93,1
14,Male,4.86,Smartphone,True,0.48,"Poor Sleep, Eye Strain",Urban,13-17 (Teen),4.86,1
15,Female,5.17,TV,True,0.44,Eye Strain,Rural,13-17 (Teen),5.17,0
15,Female,5.86,Smartphone,True,0.47,Poor Sleep,Rural,13-17 (Teen),5.86,1
8,Female,2.32,Tablet,True,0.54,,Rural,8-12 (Pre-teen),2.32,0
15,Female,5.51,Smartphone,True,0.37,"Poor Sleep, Eye Strain",Rural,13-17 (Teen),5.51,1
13,Female,3.67,Smartphone,True,0.5,"Poor Sleep, Eye Strain",Urban,13-17 (Teen),3.67,1
11,Male,4.08,Smartphone,True,0.5,Poor Sleep,Rural,8-12 (Pre-teen),4.08,1
15,Female,3.41,TV,True,0.5,Poor Sleep,Rural,13-17 (Teen),3.41,1
10,Male,6.12,TV,True,0.48,"Poor Sleep, Obesity Risk",Rural,8-12 (Pre-teen),6.12,1
11,Female,4.77,Laptop,True,0.49,"Poor Sleep, Eye Strain, Obesity Risk",Urban,8-12 (Pre-teen),4.77,1
13,Male,3.11,Laptop,True,0.41,Eye Strain,Urban,13-17 (Teen),3.11,0
18,Female,4.01,Smartphone,True,0.37,"Poor Sleep, Anxiety",Rural,18-29 (Young Adult),4.01,1
14,Female,3.24,TV,True,0.5,Anxiety,Urban,13-17 (Teen),3.24,0
11,Female,4.12,Laptop,True,0.35,,Rural,8-12 (Pre-teen),4.12,0
11,Male,2.95,Smartphone,False,0.38,,Rural,8-12 (Pre-teen),2.95,0
14,Male,2.42,Smartphone,False,0.5,,Urban,13-17 (Teen),2.42,0
13,Male,6.41,Smartphone,True,0.37,Poor Sleep,Urban,13-17 (Teen),6.41,1
18,Female,5.11,TV,True,0.48,Anxiety,Rural,18-29 (Young Adult),5.11,0
15,Female,2.54,Smartphone,False,0.49,,Urban,13-17 (Teen),2.54,0
8,Female,2.89,Tablet,True,0.55,,Urban,8-12 (Pre-teen),2.89,0
17,Male,6.03,TV,True,0.38,Poor Sleep,Urban,13-17 (Teen),6.03,1
18,Male,5.19,Smartphone,True,0.36,Poor Sleep,Rural,18-29 (Young Adult),5.19,1
14,Male,3.74,Smartphone,True,0.38,"Poor Sleep, Obesity Risk",Rural,13-17 (Teen),3.74,1
14,Female,3.8,TV,True,0.42,Anxiety,Urban,13-17 (Teen),3.8,0
18,Male,4.42,Smartphone,True,0.36,Anxiety,Rural,18-29 (Young Adult),4.42,0
14,Male,5.84,TV,True,0.43,"Poor Sleep, Eye Strain, Obesity Risk",Rural,13-17 (Teen),5.84,1
14,Female,4.43,Smartphone,True,0.34,Poor Sleep,Rural,13-17 (Teen),4.43,1
17,Male,5.26,Smartphone,True,0.32,"Poor Sleep, Anxiety",Urban,13-17 (Teen),5.26,1
17,Female,4.59,Tablet,True,0.33,Eye Strain,Urban,13-17 (Teen),4.59,0
15,Male,6.09,Smartphone,True,0.49,Poor Sleep,Rural,13-17 (Teen),6.09,1
16,Female,4.5,Laptop,True,0.37,"Poor Sleep, Anxiety",Urban,13-17 (Teen),4.5,1
16,Male,5.32,Tablet,True,0.35,Poor Sleep,Urban,13-17 (Teen),5.32,1
9,Female,0.25,TV,False,0.45,,Rural,8-12 (Pre-teen),0.25,0
14,Female,2.98,Smartphone,False,0.33,,Urban,13-17 (Teen),2.98,0
14,Male,4.09,TV,True,0.39,"Poor Sleep, Eye Strain, Obesity Risk",Urban,13-17 (Teen),4.09,1
11,Male,5.27,Smartphone,True,0.34,"Poor Sleep, Anxiety",Rural,8-12 (Pre-teen),5.27,1
16,Female,5.92,TV,True,0.45,Poor Sleep,Rural,13-17 (Teen),5.92,1
15,Male,3.68,Smartphone,True,0.4,Poor Sleep,Urban,13-17 (Teen),3.68,1
8,Female,0.1,TV,False,0.57,,Rural,8-12 (Pre-teen),0.1,0
9,Female,3.94,TV,True,0.48,"Poor Sleep, Eye Strain",Urban,8-12 (Pre-teen),3.94,1
9,Female,1.81,Tablet,False,0.44,,Rural,8-12 (Pre-teen),1.81,0
18,Female,3.98,TV,True,0.46,,Rural,18-29 (Young Adult),3.98,0
15,Female,3.87,Smartphone,True,0.35,"Poor Sleep, Anxiety",Urban,13-17 (Teen),3.87,1
8,Male,5.75,TV,True,0.53,Poor Sleep,Rural,8-12 (Pre-teen),5.75,1
11,Female,5.09,Laptop,True,0.45,Poor Sleep,Rural,8-12 (Pre-teen),5.09,1
17,Male,3.99,Smartphone,True,0.36,"Poor Sleep, Eye Strain",Urban,13-17 (Teen),3.99,1
12,Female,3.01,Smartphone,True,0.44,"Poor Sleep, Eye Strain",Urban,8-12 (Pre-teen),3.01,1
16,Female,2.37,Smartphone,False,0.49,,Urban,13-17 (Teen),2.37,0
14,Female,4.61,Smartphone,True,0.39,Poor Sleep,Urban,13-17 (Teen),4.61,1
15,Male,5.65,Smartphone,True,0.5,Poor Sleep,Urban,13-17 (Teen),5.65,1
18,Female,2.91,Smartphone,False,0.42,,Urban,18-29 (Young Adult),2.91,0
16,Male,5.64,Smartphone,True,0.39,"Poor Sleep, Obesity Risk",Urban,13-17 (Teen),5.64,1
14,Female,4.52,Laptop,True,0.3,,Urban,13-17 (Teen),4.52,0
12,Male,4.57,Laptop,True,0.38,"Poor Sleep, Eye Strain",Urban,8-12 (Pre-teen),4.57,1
12,Male,2.33,Tablet,False,0.34,,Urban,8-12 (Pre-teen),2.33,0
17,Male,3.76,Laptop,True,0.46,Poor Sleep,Urban,13-17 (Teen),3.76,1
18,Female,5.47,Smartphone,True,0.4,"Poor Sleep, Eye Strain",Urban,18-29 (Young Adult),5.47,1
13,Female,6.18,TV,True,0.45,"Poor Sleep, Eye Strain",Urban,13-17 (Teen),6.18,1
12,Female,3.62,Laptop,True,0.3,Poor Sleep,Rural,8-12 (Pre-teen),3.62,1
18,Female,4.69,Laptop,True,0.45,"Poor Sleep, Anxiety",Urban,18-29 (Young Adult),4.69,1
16,Female,5.65,Smartphone,True,0.45,Poor Sleep,Urban,13-17 (Teen),5.65,1
10,Male,7.72,TV,True,0.54,Poor Sleep,Rural,8-12 (Pre-teen),7.72,1
10,Male,0.0,TV,False,0.49,,Urban,8-12 (Pre-teen),0.0,0
14,Female,5.77,TV,True,0.4,"Poor Sleep, Obesity Risk",Urban,13-17 (Teen),5.77,1
14,Male,4.18,Smartphone,True,0.43,Poor Sleep,Rural,13-17 (Teen),4.18,1
13,Female,5.21,Laptop,True,0.4,"Poor Sleep, Eye Strain",Rural,13-17 (Teen),5.21,1
10,Female,4.7,TV,True,0.6,Poor Sleep,Urban,8-12 (Pre-teen),4.7,1
14,Female,5.05,Smartphone,True,0.5,"Poor Sleep, Eye Strain",Urban,13-17 (Teen),5.05,1
12,Female,3.86,Smartphone,True,0.38,"Poor Sleep, Eye Strain, Obesity Risk",Urban,8-12 (Pre-teen),3.86,1
14,Male,3.4,TV,True,0.46,,Rural,13-17 (Teen),3.4,0
9,Male,0.0,TV,False,0.52,,Urban,8-12 (Pre-teen),0.0,0
13,Female,3.2,Smartphone,True,0.46,Poor Sleep,Urban,13-17 (Teen),3.2,1
15,Male,6.94,Smartphone,True,0.44,Poor Sleep,Rural,13-17 (Teen),6.94,1
8,Female,1.13,TV,False,0.54,,Urban,8-12 (Pre-teen),1.13,0
11,Female,4.31,Smartphone,True,0.33,,Rural,8-12 (Pre-teen),4.31,0
18,Female,3.0,Laptop,False,0.49,,Rural,18-29 (Young Adult),3.0,0
8,Male,2.46,Tablet,True,0.5,,Urban,8-12 (Pre-teen),2.46,0
8,Female,4.02,Smartphone,True,0.48,Poor Sleep,Rural,8-12 (Pre-teen),4.02,1
17,Male,3.43,Smartphone,True,0.37,"Poor Sleep, Eye Strain",Urban,13-17 (Teen),3.43,1
18,Female,4.02,TV,True,0.48,"Poor Sleep, Eye Strain, Anxiety",Urban,18-29 (Young Adult),4.02,1
15,Female,3.24,Smartphone,True,0.49,"Poor Sleep, Anxiety",Urban,13-17 (Teen),3.24,1
14,Male,3.82,Smartphone,True,0.4,Poor Sleep,Urban,13-17 (Teen),3.82,1
17,Female,2.39,TV,False,0.46,,Rural,13-17 (Teen),2.39,0
8,Male,6.57,Smartphone,True,0.51,,Rural,8-12 (Pre-teen),6.57,0
18,Female,4.52,Smartphone,True,0.32,,Urban,18-29 (Young Adult),4.52,0
9,Female,4.76,Smartphone,True,0.52,"Poor Sleep, Obesity Risk",Urban,8-12 (Pre-teen),4.76,1
11,Female,4.29,Laptop,True,0.32,"Poor Sleep, Eye Strain",Rural,8-12 (Pre-teen),4.29,1
8,Male,5.44,Smartphone,True,0.54,,Urban,8-12 (Pre-teen),5.44,0
10,Male,0.0,Tablet,False,0.4,,Rural,8-12 (Pre-teen),0.0,0
15,Male,2.19,TV,False,0.44,,Urban,13-17 (Teen),2.19,0
15,Male,5.71,TV,True,0.39,"Poor Sleep, Anxiety",Urban,13-17 (Teen),5.71,1
15,Female,5.66,TV,True,0.39,"Poor Sleep, Eye Strain, Obesity Risk",Urban,13-17 (Teen),5.66,1
13,Male,3.95,Smartphone,True,0.35,Poor Sleep,Urban,13-17 (Teen),3.95,1
13,Female,4.93,Smartphone,True,0.31,Anxiety,Rural,13-17 (Teen),4.93,0
12,Male,3.21,Smartphone,True,0.42,"Anxiety, Obesity Risk",Urban,8-12 (Pre-teen),3.21,0
16,Male,2.35,TV,False,0.31,,Urban,13-17 (Teen),2.35,0
11,Female,5.2,Laptop,True,0.44,,Rural,8-12 (Pre-teen),5.2,0
17,Male,3.73,Tablet,True,0.35,Anxiety,Urban,13-17 (Teen),3.73,0
14,Female,5.56,Tablet,True,0.43,,Urban,13-17 (Teen),5.56,0
8,Male,7.65,TV,True,0.46,Poor Sleep,Urban,8-12 (Pre-teen),7.65,1
16,Male,4.13,Smartphone,True,0.4,,Rural,13-17 (Teen),4.13,0
14,Male,4.32,Smartphone,True,0.42,Obesity Risk,Urban,13-17 (Teen),4.32,0
17,Male,3.75,Smartphone,True,0.38,Eye Strain,Rural,13-17 (Teen),3.75,0
16,Male,5.05,Laptop,True,0.42,Poor Sleep,Urban,13-17 (Teen),5.05,1
14,Male,5.82,TV,True,0.4,Poor Sleep,Urban,13-17 (Teen),5.82,1
9,Male,5.53,TV,True,0.52,Poor Sleep,Rural,8-12 (Pre-teen),5.53,1
13,Female,3.88,TV,True,0.31,Poor Sleep,Urban,13-17 (Teen),3.88,1
17,Female,5.31,Smartphone,True,0.43,,Urban,13-17 (Teen),5.31,0
18,Male,4.67,TV,True,0.45,,Urban,18-29 (Young Adult),4.67,0
11,Male,4.91,Smartphone,True,0.37,Eye Strain,Urban,8-12 (Pre-teen),4.91,0
10,Male,2.1,TV,True,0.58,,Urban,8-12 (Pre-teen),2.1,0
13,Female,4.3,Smartphone,True,0.42,,Urban,13-17 (Teen),4.3,0
15,Female,2.32,Smartphone,False,0.4,,Urban,13-17 (Teen),2.32,0
13,Male,5.72,Smartphone,True,0.5,"Poor Sleep, Eye Strain",Urban,13-17 (Teen),5.72,1
16,Male,4.42,Smartphone,True,0.43,"Poor Sleep, Anxiety",Urban,13-17 (Teen),4.42,1
12,Male,5.86,Smartphone,True,0.47,Poor Sleep,Urban,8-12 (Pre-teen),5.86,1
9,Male,1.93,TV,False,0.49,,Urban,8-12 (Pre-teen),1.93,0
15,Male,5.58,TV,True,0.48,Eye Strain,Rural,13-17 (Teen),5.58,0
16,Female,4.93,Smartphone,True,0.34,,Rural,13-17 (Teen),4.93,0
17,Male,3.64,Smartphone,True,0.46,Anxiety,Rural,13-17 (Teen),3.64,0
11,Female,4.91,Laptop,True,0.47,Poor Sleep,Rural,8-12 (Pre-teen),4.91,1
13,Male,4.8,Smartphone,True,0.36,Poor Sleep,Urban,13-17 (Teen),4.8,1
18,Female,4.41,Laptop,True,0.49,Poor Sleep,Urban,18-29 (Young Adult),4.41,1
17,Female,1.67,TV,False,0.41,,Rural,13-17 (Teen),1.67,0
15,Male,4.63,Smartphone,True,0.49,Poor Sleep,Urban,13-17 (Teen),4.63,1
16,Male,6.28,TV,True,0.49,,Rural,13-17 (Teen),6.28,0
12,Male,5.53,Tablet,True,0.33,"Poor Sleep, Anxiety",Urban,8-12 (Pre-teen),5.53,1
13,Male,4.34,Smartphone,True,0.31,,Urban,13-17 (Teen),4.34,0
18,Female,4.44,Smartphone,True,0.34,Eye Strain,Rural,18-29 (Young Adult),4.44,0
11,Female,4.09,Laptop,True,0.45,"Poor Sleep, Eye Strain",Rural,8-12 (Pre-teen),4.09,1
12,Male,3.7,Smartphone,True,0.3,"Poor Sleep, Eye Strain",Rural,8-12 (Pre-teen),3.7,1
14,Male,6.14,Laptop,True,0.4,Poor Sleep,Urban,13-17 (Teen),6.14,1
16,Female,3.53,Smartphone,True,0.32,Poor Sleep,Urban,13-17 (Teen),3.53,1
17,Male,6.69,Smartphone,True,0.5,"Poor Sleep, Eye Strain",Urban,13-17 (Teen),6.69,1
18,Female,3.44,Smartphone,True,0.39,Poor Sleep,Urban,18-29 (Young Adult),3.44,1
13,Male,3.7,TV,True,0.43,"Poor Sleep, Anxiety",Urban,13-17 (Teen),3.7,1
13,Male,6.52,Smartphone,True,0.31,,Urban,13-17 (Teen),6.52,0
15,Male,3.81,TV,True,0.37,Poor Sleep,Urban,13-17 (Teen),3.81,1
18,Male,4.32,Laptop,True,0.34,"Poor Sleep, Eye Strain",Urban,18-29 (Young Adult),4.32,1
11,Male,6.03,TV,True,0.4,,Rural,8-12 (Pre-teen),6.03,0
10,Male,4.44,Tablet,True,0.46,"Anxiety, Obesity Risk",Rural,8-12 (Pre-teen),4.44,0
14,Female,5.64,Laptop,True,0.34,Poor Sleep,Urban,13-17 (Teen),5.64,1
12,Female,4.21,TV,True,0.41,Poor Sleep,Urban,8-12 (Pre-teen),4.21,1
9,Male,0.72,Smartphone,False,0.58,,Rural,8-12 (Pre-teen),0.72,0
9,Male,2.44,Smartphone,True,0.57,,Rural,8-12 (Pre-teen),2.44,0
18,Female,4.65,TV,True,0.49,,Urban,18-29 (Young Adult),4.65,0
13,Male,3.09,Tablet,True,0.39,Anxiety,Urban,13-17 (Teen),3.09,0
15,Male,4.53,Smartphone,True,0.45,"Poor Sleep, Anxiety",Urban,13-17 (Teen),4.53,1
8,Male,1.88,TV,False,0.57,,Urban,8-12 (Pre-teen),1.88,0
18,Male,4.43,TV,True,0.45,Anxiety,Rural,18-29 (Young Adult),4.43,0
13,Male,3.45,Smartphone,True,0.47,"Poor Sleep, Eye Strain, Anxiety",Rural,13-17 (Teen),3.45,1
9,Female,5.08,Smartphone,True,0.41,Eye Strain,Urban,8-12 (Pre-teen),5.08,0
9,Male,0.88,Smartphone,False,0.58,,Urban,8-12 (Pre-teen),0.88,0
14,Female,6.31,TV,True,0.33,"Poor Sleep, Eye Strain",Urban,13-17 (Teen),6.31,1
17,Female,4.63,Laptop,True,0.45,Poor Sleep,Rural,13-17 (Teen),4.63,1
8,Male,4.57,TV,True,0.45,Poor Sleep,Urban,8-12 (Pre-teen),4.57,1
13,Female,6.11,Smartphone,True,0.4,,Urban,13-17 (Teen),6.11,0
14,Female,2.96,Smartphone,False,0.37,,Urban,13-17 (Teen),2.96,0
15,Female,5.07,Smartphone,True,0.38,Poor Sleep,Urban,13-17 (Teen),5.07,1
14,Male,6.85,TV,True,0.4,"Poor Sleep, Eye Strain",Urban,13-17 (Teen),6.85,1
13,Female,3.5,Smartphone,True,0.45,"Poor Sleep, Anxiety",Urban,13-17 (Teen),3.5,1
16,Male,3.19,Smartphone,True,0.42,"Poor Sleep, Eye Strain",Urban,13-17 (Teen),3.19,1
10,Male,9.07,TV,True,0.53,,Rural,8-12 (Pre-teen),9.07,0
18,Male,5.75,Smartphone,True,0.43,Poor Sleep,Rural,18-29 (Young Adult),5.75,1
13,Female,5.31,TV,True,0.4,"Eye Strain, Obesity Risk",Urban,13-17 (Teen),5.31,0
11,Male,5.11,Laptop,True,0.38,Poor Sleep,Rural,8-12 (Pre-teen),5.11,1
9,Male,6.33,Smartphone,True,0.5,Poor Sleep,Urban,8-12 (Pre-teen),6.33,1
8,Male,0.36,TV,False,0.54,,Urban,8-12 (Pre-teen),0.36,0
8,Male,3.07,Smartphone,True,0.57,,Urban,8-12 (Pre-teen),3.07,0
18,Male,3.44,Laptop,True,0.46,Eye Strain,Urban,18-29 (Young Adult),3.44,0
17,Male,6.07,TV,True,0.48,Poor Sleep,Urban,13-17 (Teen),6.07,1
10,Female,7.67,Smartphone,True,0.46,"Poor Sleep, Anxiety",Rural,8-12 (Pre-teen),7.67,1
11,Female,2.45,Smartphone,False,0.4,,Urban,8-12 (Pre-teen),2.45,0
9,Male,7.14,TV,True,0.49,"Poor Sleep, Eye Strain, Anxiety",Urban,8-12 (Pre-teen),7.14,1
18,Male,3.22,Smartphone,True,0.33,"Poor Sleep, Eye Strain",Urban,18-29 (Young Adult),3.22,1
18,Female,3.97,Smartphone,True,0.47,"Poor Sleep, Eye Strain",Urban,18-29 (Young Adult),3.97,1
18,Female,5.3,Smartphone,True,0.34,Poor Sleep,Urban,18-29 (Young Adult),5.3,1
11,Female,4.18,Tablet,True,0.37,,Urban,8-12 (Pre-teen),4.18,0
14,Male,4.89,Tablet,True,0.46,Poor Sleep,Urban,13-17 (Teen),4.89,1
17,Male,2.76,Laptop,False,0.42,,Urban,13-17 (Teen),2.76,0
18,Male,3.39,Smartphone,True,0.33,Anxiety,Urban,18-29 (Young Adult),3.39,0
13,Female,4.67,Smartphone,True,0.36,Poor Sleep,Urban,13-17 (Teen),4.67,1
13,Male,6.19,Smartphone,True,0.32,Obesity Risk,Rural,13-17 (Teen),6.19,0
18,Male,4.96,Tablet,True,0.44,Eye Strain,Urban,18-29 (Young Adult),4.96,0
16,Female,5.93,TV,True,0.45,Poor Sleep,Urban,13-17 (Teen),5.93,1
9,Male,6.33,Smartphone,True,0.47,"Poor Sleep, Obesity Risk",Urban,8-12 (Pre-teen),6.33,1
11,Male,4.82,Smartphone,True,0.39,"Poor Sleep, Eye Strain",Rural,8-12 (Pre-teen),4.82,1
12,Male,1.44,Smartphone,False,0.32,,Urban,8-12 (Pre-teen),1.44,0
8,Male,7.25,Smartphone,True,0.5,Poor Sleep,Urban,8-12 (Pre-teen),7.25,1
15,Male,4.93,TV,True,0.44,,Rural,13-17 (Teen),4.93,0
15,Female,5.35,Smartphone,True,0.32,"Anxiety, Obesity Risk",Urban,13-17 (Teen),5.35,0
13,Female,4.94,Smartphone,True,0.47,Poor Sleep,Urban,13-17 (Teen),4.94,1
12,Female,5.3,Smartphone,True,0.48,,Rural,8-12 (Pre-teen),5.3,0
15,Male,2.74,Smartphone,False,0.31,,Urban,13-17 (Teen),2.74,0
10,Female,3.95,TV,True,0.47,,Rural,8-12 (Pre-teen),3.95,0
10,Male,2.84,Smartphone,True,0.46,,Rural,8-12 (Pre-teen),2.84,0
9,Male,7.55,Tablet,True,0.57,"Poor Sleep, Obesity Risk",Urban,8-12 (Pre-teen),7.55,1
12,Female,5.35,Tablet,True,0.34,"Poor Sleep, Eye Strain, Anxiety",Urban,8-12 (Pre-teen),5.35,1
10,Male,0.0,Tablet,False,0.48,,Urban,8-12 (Pre-teen),0.0,0
10,Male,0.0,Tablet,False,0.41,,Urban,8-12 (Pre-teen),0.0,0
13,Male,2.36,Tablet,False,0.47,,Urban,13-17 (Teen),2.36,0
15,Male,3.91,Smartphone,True,0.35,,Urban,13-17 (Teen),3.91,0
9,Male,2.37,Smartphone,True,0.47,,Urban,8-12 (Pre-teen),2.37,0
11,Female,7.69,Smartphone,True,0.35,"Poor Sleep, Anxiety",Urban,8-12 (Pre-teen),7.69,1
18,Male,4.87,Smartphone,True,0.31,Eye Strain,Rural,18-29 (Young Adult),4.87,0
14,Female,3.96,Laptop,True,0.34,Poor Sleep,Urban,13-17 (Teen),3.96,1
8,Male,7.75,Smartphone,True,0.59,"Poor Sleep, Anxiety",Rural,8-12 (Pre-teen),7.75,1
8,Male,9.28,Smartphone,True,0.45,"Poor Sleep, Eye Strain",Urban,8-12 (Pre-teen),9.28,1
17,Female,4.9,Smartphone,True,0.4,"Eye Strain, Anxiety",Rural,13-17 (Teen),4.9,0
14,Female,3.73,Laptop,True,0.45,"Poor Sleep, Eye Strain",Rural,13-17 (Teen),3.73,1
14,Male,4.96,Smartphone,True,0.44,,Rural,13-17 (Teen),4.96,0
8,Female,2.95,Smartphone,True,0.43,,Rural,8-12 (Pre-teen),2.95,0
11,Female,3.47,Smartphone,True,0.38,Poor Sleep,Rural,8-12 (Pre-teen),3.47,1
12,Male,3.31,Smartphone,True,0.43,,Urban,8-12 (Pre-teen),3.31,0
12,Female,4.35,Laptop,True,0.39,Eye Strain,Urban,8-12 (Pre-teen),4.35,0
11,Female,4.97,Smartphone,True,0.31,,Urban,8-12 (Pre-teen),4.97,0
15,Female,6.92,Laptop,True,0.43,Poor Sleep,Urban,13-17 (Teen),6.92,1
14,Male,4.35,Smartphone,True,0.33,"Poor Sleep, Anxiety",Urban,13-17 (Teen),4.35,1
16,Male,3.66,Smartphone,True,0.32,"Eye Strain, Anxiety",Urban,13-17 (Teen),3.66,0
14,Female,5.82,TV,True,0.45,,Rural,13-17 (Teen),5.82,0
17,Male,5.29,Tablet,True,0.33,"Poor Sleep, Anxiety",Rural,13-17 (Teen),5.29,1
8,Female,6.52,TV,True,0.5,"Poor Sleep, Eye Strain, Anxiety",Urban,8-12 (Pre-teen),6.52,1
14,Male,3.38,Laptop,True,0.4,Obesity Risk,Rural,13-17 (Teen),3.38,0
8,Male,3.67,Smartphone,True,0.45,Poor Sleep,Urban,8-12 (Pre-teen),3.67,1
14,Female,3.37,Laptop,True,0.49,,Urban,13-17 (Teen),3.37,0
17,Female,4.22,Laptop,True,0.4,Poor Sleep,Urban,13-17 (Teen),4.22,1
15,Female,3.9,Smartphone,True,0.49,Anxiety,Urban,13-17 (Teen),3.9,0
18,Male,5.01,Smartphone,True,0.31,Poor Sleep,Urban,18-29 (Young Adult),5.01,1
16,Female,3.64,TV,True,0.35,Anxiety,Urban,13-17 (Teen),3.64,0
10,Female,6.39,TV,True,0.47,"Poor Sleep, Eye Strain",Urban,8-12 (Pre-teen),6.39,1
11,Male,5.35,Smartphone,True,0.4,Poor Sleep,Urban,8-12 (Pre-teen),5.35,1
11,Female,3.76,Laptop,True,0.37,,Urban,8-12 (Pre-teen),3.76,0
16,Male,1.49,Laptop,False,0.34,,Rural,13-17 (Teen),1.49,0
14,Female,4.28,Laptop,True,0.41,"Poor Sleep, Eye Strain",Rural,13-17 (Teen),4.28,1
10,Female,9.88,TV,True,0.44,Poor Sleep,Rural,8-12 (Pre-teen),9.88,1
17,Female,5.39,Smartphone,True,0.42,"Poor Sleep, Eye Strain",Urban,13-17 (Teen),5.39,1
12,Male,5.0,TV,True,0.37,Anxiety,Rural,8-12 (Pre-teen),5.0,0
14,Female,3.85,Laptop,True,0.48,"Poor Sleep, Anxiety",Rural,13-17 (Teen),3.85,1
15,Female,2.45,TV,False,0.44,,Rural,13-17 (Teen),2.45,0
8,Female,4.1,TV,True,0.41,Eye Strain,Urban,8-12 (Pre-teen),4.1,0
9,Male,5.06,TV,True,0.56,,Urban,8-12 (Pre-teen),5.06,0
14,Male,4.51,Smartphone,True,0.35,"Poor Sleep, Eye Strain, Anxiety",Urban,13-17 (Teen),4.51,1
18,Female,5.41,Smartphone,True,0.32,,Urban,18-29 (Young Adult),5.41,0
9,Female,0.0,TV,False,0.48,,Urban,8-12 (Pre-teen),0.0,0
14,Male,4.43,Tablet,True,0.36,Eye Strain,Urban,13-17 (Teen),4.43,0
16,Male,4.32,TV,True,0.3,"Poor Sleep, Obesity Risk",Rural,13-17 (Teen),4.32,1
18,Male,3.39,Tablet,True,0.32,"Poor Sleep, Obesity Risk",Urban,18-29 (Young Adult),3.39,1
9,Male,0.0,Tablet,False,0.48,,Urban,8-12 (Pre-teen),0.0,0
14,Male,4.41,Smartphone,True,0.49,Poor Sleep,Urban,13-17 (Teen),4.41,1
11,Female,5.45,Smartphone,True,0.36,,Urban,8-12 (Pre-teen),5.45,0
18,Male,6.49,Laptop,True,0.4,"Poor Sleep, Anxiety",Urban,18-29 (Young Adult),6.49,1
9,Male,4.71,Tablet,True,0.55,Poor Sleep,Urban,8-12 (Pre-teen),4.71,1
14,Male,2.07,Smartphone,False,0.44,,Urban,13-17 (Teen),2.07,0
12,Female,2.07,Laptop,False,0.42,,Rural,8-12 (Pre-teen),2.07,0
8,Male,2.82,Smartphone,True,0.57,,Urban,8-12 (Pre-teen),2.82,0
12,Female,4.46,Smartphone,True,0.4,Poor Sleep,Urban,8-12 (Pre-teen),4.46,1
10,Female,2.21,TV,True,0.42,,Urban,8-12 (Pre-teen),2.21,0
14,Female,3.99,TV,True,0.35,Anxiety,Rural,13-17 (Teen),3.99,0
13,Male,4.26,Smartphone,True,0.4,"Poor Sleep, Eye Strain",Urban,13-17 (Teen),4.26,1
15,Male,4.9,TV,True,0.37,"Poor Sleep, Eye Strain, Obesity Risk",Urban,13-17 (Teen),4.9,1
12,Female,3.57,Tablet,True,0.45,,Urban,8-12 (Pre-teen),3.57,0
9,Female,1.62,Smartphone,False,0.58,,Urban,8-12 (Pre-teen),1.62,0
16,Male,2.28,TV,False,0.44,,Urban,13-17 (Teen),2.28,0
18,Female,3.57,Smartphone,True,0.31,Poor Sleep,Rural,18-29 (Young Adult),3.57,1
15,Female,2.72,Smartphone,False,0.31,,Urban,13-17 (Teen),2.72,0
13,Female,3.23,Laptop,True,0.42,Poor Sleep,Urban,13-17 (Teen),3.23,1
17,Male,2.9,TV,False,0.31,,Urban,13-17 (Teen),2.9,0
14,Male,3.77,Smartphone,True,0.41,Eye Strain,Urban,13-17 (Teen),3.77,0
16,Male,4.14,Smartphone,True,0.45,,Urban,13-17 (Teen),4.14,0
14,Female,3.39,Tablet,True,0.49,"Poor Sleep, Obesity Risk",Urban,13-17 (Teen),3.39,1
13,Male,4.81,Smartphone,True,0.5,,Urban,13-17 (Teen),4.81,0
18,Male,7.26,TV,True,0.39,Poor Sleep,Rural,18-29 (Young Adult),7.26,1
18,Female,5.35,Smartphone,True,0.39,Obesity Risk,Urban,18-29 (Young Adult),5.35,0
14,Male,4.97,Smartphone,True,0.42,Poor Sleep,Urban,13-17 (Teen),4.97,1
9,Male,1.37,TV,False,0.53,,Urban,8-12 (Pre-teen),1.37,0
10,Male,6.5,Tablet,True,0.45,"Eye Strain, Anxiety",Urban,8-12 (Pre-teen),6.5,0
11,Female,6.31,TV,True,0.46,Poor Sleep,Urban,8-12 (Pre-teen),6.31,1
17,Female,3.93,Laptop,True,0.47,Poor Sleep,Urban,13-17 (Teen),3.93,1
13,Female,6.88,Smartphone,True,0.33,"Poor Sleep, Eye Strain",Urban,13-17 (Teen),6.88,1
8,Female,4.88,Smartphone,True,0.49,,Urban,8-12 (Pre-teen),4.88,0
16,Male,2.37,TV,False,0.33,,Urban,13-17 (Teen),2.37,0
12,Male,3.69,Smartphone,True,0.34,,Urban,8-12 (Pre-teen),3.69,0
14,Male,3.02,Laptop,True,0.33,Poor Sleep,Urban,13-17 (Teen),3.02,1
16,Female,4.98,Tablet,True,0.41,Obesity Risk,Urban,13-17 (Teen),4.98,0
16,Male,5.14,Laptop,True,0.48,Anxiety,Urban,13-17 (Teen),5.14,0
8,Female,1.46,TV,False,0.49,,Urban,8-12 (Pre-teen),1.46,0
8,Male,0.5,TV,False,0.57,,Urban,8-12 (Pre-teen),0.5,0
10,Female,2.99,TV,True,0.46,,Urban,8-12 (Pre-teen),2.99,0
13,Male,4.71,Tablet,True,0.42,"Poor Sleep, Eye Strain, Anxiety",Rural,13-17 (Teen),4.71,1
9,Female,5.0,Tablet,True,0.44,Poor Sleep,Urban,8-12 (Pre-teen),5.0,1
17,Male,6.87,Smartphone,True,0.43,,Rural,13-17 (Teen),6.87,0
18,Male,4.87,TV,True,0.32,,Urban,18-29 (Young Adult),4.87,0
8,Female,3.73,Smartphone,True,0.58,"Anxiety, Obesity Risk",Urban,8-12 (Pre-teen),3.73,0
8,Female,4.15,TV,True,0.56,"Poor Sleep, Eye Strain",Urban,8-12 (Pre-teen),4.15,1
12,Male,3.17,Laptop,True,0.38,"Poor Sleep, Eye Strain",Urban,8-12 (Pre-teen),3.17,1
11,Male,2.03,TV,False,0.32,,Urban,8-12 (Pre-teen),2.03,0
11,Female,5.7,Laptop,True,0.32,"Poor Sleep, Eye Strain",Rural,8-12 (Pre-teen),5.7,1
10,Female,0.38,TV,False,0.55,,Urban,8-12 (Pre-teen),0.38,0
9,Female,4.4,Tablet,True,0.48,Poor Sleep,Urban,8-12 (Pre-teen),4.4,1
16,Female,3.75,Smartphone,True,0.47,Poor Sleep,Rural,13-17 (Teen),3.75,1
18,Male,4.04,Smartphone,True,0.39,"Poor Sleep, Anxiety",Urban,18-29 (Young Adult),4.04,1
8,Male,6.76,TV,True,0.52,"Poor Sleep, Eye Strain",Urban,8-12 (Pre-teen),6.76,1
14,Female,2.31,Smartphone,False,0.46,,Urban,13-17 (Teen),2.31,0
11,Female,5.36,TV,True,0.39,Poor Sleep,Urban,8-12 (Pre-teen),5.36,1
12,Male,4.55,Laptop,True,0.42,"Poor Sleep, Obesity Risk",Rural,8-12 (Pre-teen),4.55,1
17,Male,3.71,Smartphone,True,0.48,Anxiety,Urban,13-17 (Teen),3.71,0
12,Male,3.0,Smartphone,False,0.49,,Urban,8-12 (Pre-teen),3.0,0
8,Male,5.75,TV,True,0.59,"Poor Sleep, Eye Strain, Obesity Risk",Rural,8-12 (Pre-teen),5.75,1
13,Female,5.0,Smartphone,True,0.31,Anxiety,Urban,13-17 (Teen),5.0,0
16,Male,4.25,Smartphone,True,0.46,Poor Sleep,Rural,13-17 (Teen),4.25,1
9,Male,5.6,Smartphone,True,0.44,,Rural,8-12 (Pre-teen),5.6,0
14,Female,4.11,TV,True,0.43,,Rural,13-17 (Teen),4.11,0
13,Male,3.94,TV,True,0.49,,Urban,13-17 (Teen),3.94,0
12,Female,5.77,TV,True,0.35,"Poor Sleep, Eye Strain",Urban,8-12 (Pre-teen),5.77,1
11,Male,5.45,Smartphone,True,0.34,"Poor Sleep, Eye Strain",Urban,8-12 (Pre-teen),5.45,1
11,Male,5.77,Tablet,True,0.46,Poor Sleep,Urban,8-12 (Pre-teen),5.77,1
13,Female,4.57,Smartphone,True,0.44,Poor Sleep,Urban,13-17 (Teen),4.57,1
11,Male,4.12,Smartphone,True,0.43,,Urban,8-12 (Pre-teen),4.12,0
12,Male,5.02,TV,True,0.48,,Urban,8-12 (Pre-teen),5.02,0
13,Female,5.59,Smartphone,True,0.37,"Eye Strain, Anxiety",Urban,13-17 (Teen),5.59,0
12,Female,7.62,Laptop,True,0.44,Obesity Risk,Urban,8-12 (Pre-teen),7.62,0
14,Female,4.85,Tablet,True,0.42,Poor Sleep,Urban,13-17 (Teen),4.85,1
16,Female,2.91,Smartphone,False,0.48,,Rural,13-17 (Teen),2.91,0
17,Male,5.17,Smartphone,True,0.34,Eye Strain,Urban,13-17 (Teen),5.17,0
14,Male,1.95,Smartphone,False,0.47,,Rural,13-17 (Teen),1.95,0
14,Female,6.15,Smartphone,True,0.46,Anxiety,Urban,13-17 (Teen),6.15,0
11,Male,5.2,Smartphone,True,0.48,"Poor Sleep, Eye Strain",Urban,8-12 (Pre-teen),5.2,1
8,Female,9.73,TV,True,0.41,Poor Sleep,Urban,8-12 (Pre-teen),9.73,1
15,Female,4.33,Smartphone,True,0.38,"Poor Sleep, Eye Strain",Rural,13-17 (Teen),4.33,1
11,Female,3.35,Smartphone,True,0.33,"Poor Sleep, Anxiety",Urban,8-12 (Pre-teen),3.35,1
8,Male,0.31,Smartphone,False,0.52,,Urban,8-12 (Pre-teen),0.31,0
12,Female,2.43,Smartphone,False,0.31,,Rural,8-12 (Pre-teen),2.43,0
15,Female,2.05,Laptop,False,0.3,,Urban,13-17 (Teen),2.05,0
11,Male,3.94,TV,True,0.3,"Poor Sleep, Obesity Risk",Urban,8-12 (Pre-teen),3.94,1
15,Female,2.8,TV,False,0.41,,Urban,13-17 (Teen),2.8,0
15,Male,2.45,Smartphone,False,0.31,,Urban,13-17 (Teen),2.45,0
10,Female,1.18,TV,False,0.45,,Urban,8-12 (Pre-teen),1.18,0
16,Male,2.82,Smartphone,False,0.5,,Urban,13-17 (Teen),2.82,0
10,Female,5.11,TV,True,0.59,,Urban,8-12 (Pre-teen),5.11,0
8,Female,3.0,TV,True,0.42,,Rural,8-12 (Pre-teen),3.0,0
9,Female,4.07,Tablet,True,0.42,Anxiety,Urban,8-12 (Pre-teen),4.07,0
13,Female,4.38,TV,True,0.42,"Anxiety, Obesity Risk",Rural,13-17 (Teen),4.38,0
17,Female,2.98,Smartphone,False,0.5,,Urban,13-17 (Teen),2.98,0
9,Female,1.99,TV,False,0.56,,Urban,8-12 (Pre-teen),1.99,0
13,Male,3.94,Smartphone,True,0.37,Poor Sleep,Urban,13-17 (Teen),3.94,1
8,Male,5.59,Smartphone,True,0.57,,Urban,8-12 (Pre-teen),5.59,0
18,Male,5.69,Smartphone,True,0.43,"Poor Sleep, Anxiety",Rural,18-29 (Young Adult),5.69,1
8,Male,4.98,Smartphone,True,0.49,,Urban,8-12 (Pre-teen),4.98,0
12,Male,4.14,Smartphone,True,0.36,,Urban,8-12 (Pre-teen),4.14,0
17,Female,5.13,TV,True,0.42,Poor Sleep,Urban,13-17 (Teen),5.13,1
18,Female,3.87,TV,True,0.49,Poor Sleep,Urban,18-29 (Young Adult),3.87,1
16,Female,3.92,Laptop,True,0.48,Poor Sleep,Urban,13-17 (Teen),3.92,1
15,Male,8.03,Tablet,True,0.38,Poor Sleep,Urban,13-17 (Teen),8.03,1
10,Female,3.03,Smartphone,True,0.58,Obesity Risk,Rural,8-12 (Pre-teen),3.03,0
10,Male,3.82,Tablet,True,0.53,,Rural,8-12 (Pre-teen),3.82,0
8,Male,2.6,Smartphone,True,0.44,,Urban,8-12 (Pre-teen),2.6,0
10,Female,1.17,TV,False,0.42,,Urban,8-12 (Pre-teen),1.17,0
18,Female,4.85,Smartphone,True,0.33,"Poor Sleep, Eye Strain",Rural,18-29 (Young Adult),4.85,1
8,Female,2.22,Smartphone,True,0.44,,Urban,8-12 (Pre-teen),2.22,0
15,Male,3.95,Smartphone,True,0.36,Eye Strain,Urban,13-17 (Teen),3.95,0
8,Male,7.54,Smartphone,True,0.49,"Poor Sleep, Eye Strain",Urban,8-12 (Pre-teen),7.54,1
12,Female,5.52,Laptop,True,0.44,"Poor Sleep, Eye Strain, Anxiety",Urban,8-12 (Pre-teen),5.52,1
16,Female,4.16,Laptop,True,0.4,Eye Strain,Urban,13-17 (Teen),4.16,0
14,Male,3.36,Smartphone,True,0.38,Poor Sleep,Rural,13-17 (Teen),3.36,1
11,Female,3.96,TV,True,0.42,Anxiety,Urban,8-12 (Pre-teen),3.96,0
18,Female,4.32,TV,True,0.44,"Poor Sleep, Eye Strain",Rural,18-29 (Young Adult),4.32,1
16,Female,5.9,Smartphone,True,0.45,Poor Sleep,Rural,13-17 (Teen),5.9,1
16,Female,3.74,TV,True,0.41,"Poor Sleep, Eye Strain",Urban,13-17 (Teen),3.74,1
9,Male,2.76,Tablet,True,0.55,,Urban,8-12 (Pre-teen),2.76,0
17,Male,3.3,Smartphone,True,0.35,Poor Sleep,Rural,13-17 (Teen),3.3,1
17,Male,4.82,Smartphone,True,0.47,"Poor Sleep, Eye Strain",Urban,13-17 (Teen),4.82,1
18,Male,5.18,Smartphone,True,0.33,"Poor Sleep, Eye Strain",Urban,18-29 (Young Adult),5.18,1
13,Female,5.52,Smartphone,True,0.48,Obesity Risk,Rural,13-17 (Teen),5.52,0
11,Female,1.97,Smartphone,False,0.32,,Rural,8-12 (Pre-teen),1.97,0
15,Male,4.7,Smartphone,True,0.37,"Poor Sleep, Eye Strain",Rural,13-17 (Teen),4.7,1
18,Male,2.88,Tablet,False,0.38,,Rural,18-29 (Young Adult),2.88,0
14,Male,3.34,Smartphone,True,0.49,,Urban,13-17 (Teen),3.34,0
14,Male,3.74,Tablet,True,0.45,Eye Strain,Urban,13-17 (Teen),3.74,0
18,Male,6.02,Laptop,True,0.5,"Poor Sleep, Eye Strain",Rural,18-29 (Young Adult),6.02,1
17,Male,2.28,Smartphone,False,0.41,,Urban,13-17 (Teen),2.28,0
16,Male,3.69,Tablet,True,0.36,Poor Sleep,Rural,13-17 (Teen),3.69,1
12,Male,4.69,TV,True,0.36,"Poor Sleep, Eye Strain",Urban,8-12 (Pre-teen),4.69,1
13,Female,5.12,Smartphone,True,0.42,Eye Strain,Urban,13-17 (Teen),5.12,0
8,Female,0.99,Smartphone,False,0.44,,Urban,8-12 (Pre-teen),0.99,0
13,Male,4.68,Smartphone,True,0.36,"Poor Sleep, Eye Strain",Urban,13-17 (Teen),4.68,1
9,Female,8.63,TV,True,0.43,Poor Sleep,Urban,8-12 (Pre-teen),8.63,1
13,Male,7.21,Tablet,True,0.41,,Urban,13-17 (Teen),7.21,0
16,Female,7.36,TV,True,0.34,"Poor Sleep, Eye Strain, Anxiety",Rural,13-17 (Teen),7.36,1
15,Female,4.97,TV,True,0.44,,Urban,13-17 (Teen),4.97,0
16,Male,6.32,Laptop,True,0.3,Poor Sleep,Urban,13-17 (Teen),6.32,1
17,Female,4.94,TV,True,0.34,"Poor Sleep, Anxiety",Rural,13-17 (Teen),4.94,1
15,Female,4.16,TV,True,0.43,,Urban,13-17 (Teen),4.16,0
10,Female,3.61,Smartphone,True,0.58,Anxiety,Urban,8-12 (Pre-teen),3.61,0
15,Female,6.8,Smartphone,True,0.42,Poor Sleep,Rural,13-17 (Teen),6.8,1
13,Female,3.19,Tablet,True,0.37,"Eye Strain, Anxiety",Urban,13-17 (Teen),3.19,0
13,Female,5.09,TV,True,0.46,Anxiety,Urban,13-17 (Teen),5.09,0
13,Male,5.44,TV,True,0.38,"Poor Sleep, Obesity Risk",Urban,13-17 (Teen),5.44,1
10,Female,0.55,TV,False,0.45,,Urban,8-12 (Pre-teen),0.55,0
17,Female,5.14,Smartphone,True,0.42,Poor Sleep,Urban,13-17 (Teen),5.14,1
8,Female,6.19,Smartphone,True,0.44,Anxiety,Urban,8-12 (Pre-teen),6.19,0
11,Female,3.61,Laptop,True,0.34,Poor Sleep,Urban,8-12 (Pre-teen),3.61,1
17,Female,4.2,Smartphone,True,0.31,Eye Strain,Rural,13-17 (Teen),4.2,0
13,Male,5.83,Laptop,True,0.45,Eye Strain,Urban,13-17 (Teen),5.83,0
18,Male,6.12,Smartphone,True,0.45,Poor Sleep,Urban,18-29 (Young Adult),6.12,1
17,Male,4.7,Smartphone,True,0.44,Obesity Risk,Rural,13-17 (Teen),4.7,0
9,Male,1.6,Tablet,False,0.49,,Urban,8-12 (Pre-teen),1.6,0
14,Female,4.09,TV,True,0.39,,Urban,13-17 (Teen),4.09,0
14,Male,3.81,Laptop,True,0.49,Poor Sleep,Urban,13-17 (Teen),3.81,1
18,Male,4.7,TV,True,0.38,,Rural,18-29 (Young Adult),4.7,0
11,Male,6.57,Smartphone,True,0.34,Obesity Risk,Rural,8-12 (Pre-teen),6.57,0
11,Male,4.78,Smartphone,True,0.31,"Eye Strain, Anxiety",Rural,8-12 (Pre-teen),4.78,0
8,Male,4.18,Smartphone,True,0.52,"Poor Sleep, Obesity Risk",Urban,8-12 (Pre-teen),4.18,1
9,Female,4.18,Smartphone,True,0.44,,Urban,8-12 (Pre-teen),4.18,0
16,Female,4.61,Smartphone,True,0.35,,Rural,13-17 (Teen),4.61,0
17,Female,3.22,Laptop,True,0.37,,Urban,13-17 (Teen),3.22,0
15,Male,3.39,Laptop,True,0.36,Eye Strain,Urban,13-17 (Teen),3.39,0
15,Female,5.09,Smartphone,True,0.31,Obesity Risk,Urban,13-17 (Teen),5.09,0
16,Female,5.52,Smartphone,True,0.39,Poor Sleep,Urban,13-17 (Teen),5.52,1
14,Female,5.97,TV,True,0.37,Poor Sleep,Urban,13-17 (Teen),5.97,1
16,Female,3.77,Tablet,True,0.39,,Urban,13-17 (Teen),3.77,0
17,Female,3.22,Smartphone,True,0.31,"Poor Sleep, Anxiety",Urban,13-17 (Teen),3.22,1
9,Female,0.81,TV,False,0.5,,Rural,8-12 (Pre-teen),0.81,0
13,Male,4.92,TV,True,0.31,"Poor Sleep, Obesity Risk",Urban,13-17 (Teen),4.92,1
10,Male,4.65,TV,True,0.4,Poor Sleep,Urban,8-12 (Pre-teen),4.65,1
18,Male,3.2,Smartphone,True,0.39,"Poor Sleep, Eye Strain",Urban,18-29 (Young Adult),3.2,1
13,Female,2.39,TV,False,0.45,,Urban,13-17 (Teen),2.39,0
10,Male,3.06,TV,True,0.52,"Eye Strain, Anxiety, Obesity Risk",Urban,8-12 (Pre-teen),3.06,0
15,Male,4.35,Laptop,True,0.42,Anxiety,Urban,13-17 (Teen),4.35,0
18,Female,5.22,TV,True,0.42,"Poor Sleep, Eye Strain",Rural,18-29 (Young Adult),5.22,1
11,Female,3.62,Smartphone,True,0.46,Eye Strain,Urban,8-12 (Pre-teen),3.62,0
17,Male,3.11,TV,True,0.39,Eye Strain,Urban,13-17 (Teen),3.11,0
13,Male,6.83,Smartphone,True,0.41,Poor Sleep,Rural,13-17 (Teen),6.83,1
16,Male,4.35,Laptop,True,0.47,Eye Strain,Urban,13-17 (Teen),4.35,0
9,Female,2.88,Tablet,True,0.56,,Urban,8-12 (Pre-teen),2.88,0
9,Male,10.2,Smartphone,True,0.44,Poor Sleep,Urban,8-12 (Pre-teen),10.2,1
14,Male,4.96,Smartphone,True,0.49,Poor Sleep,Urban,13-17 (Teen),4.96,1
9,Male,4.92,Tablet,True,0.42,,Urban,8-12 (Pre-teen),4.92,0
9,Male,2.7,Smartphone,True,0.54,,Urban,8-12 (Pre-teen),2.7,0
11,Male,5.98,Smartphone,True,0.46,Poor Sleep,Urban,8-12 (Pre-teen),5.98,1
16,Male,5.36,Smartphone,True,0.35,"Poor Sleep, Eye Strain",Rural,13-17 (Teen),5.36,1
15,Female,4.07,Smartphone,True,0.49,Poor Sleep,Urban,13-17 (Teen),4.07,1
9,Male,6.63,TV,True,0.4,"Poor Sleep, Obesity Risk",Rural,8-12 (Pre-teen),6.63,1
15,Male,5.33,TV,True,0.34,Obesity Risk,Urban,13-17 (Teen),5.33,0
11,Male,4.84,Smartphone,True,0.45,Anxiety,Urban,8-12 (Pre-teen),4.84,0
9,Female,4.14,TV,True,0.58,"Poor Sleep, Eye Strain",Rural,8-12 (Pre-teen),4.14,1
18,Male,5.41,TV,True,0.36,"Poor Sleep, Anxiety",Urban,18-29 (Young Adult),5.41,1
17,Female,4.32,Smartphone,True,0.41,,Rural,13-17 (Teen),4.32,0
14,Female,4.18,TV,True,0.45,Poor Sleep,Urban,13-17 (Teen),4.18,1
13,Male,4.29,TV,True,0.4,"Poor Sleep, Eye Strain",Urban,13-17 (Teen),4.29,1
17,Male,6.95,TV,True,0.36,"Poor Sleep, Eye Strain",Urban,13-17 (Teen),6.95,1
12,Female,6.21,TV,True,0.43,,Rural,8-12 (Pre-teen),6.21,0
18,Male,3.24,TV,True,0.39,Anxiety,Urban,18-29 (Young Adult),3.24,0
8,Female,0.1,TV,False,0.54,,Rural,8-12 (Pre-teen),0.1,0
9,Female,4.72,Tablet,True,0.58,Poor Sleep,Urban,8-12 (Pre-teen),4.72,1
15,Female,7.34,Laptop,True,0.48,Obesity Risk,Urban,13-17 (Teen),7.34,0
8,Female,4.58,TV,True,0.41,Poor Sleep,Rural,8-12 (Pre-teen),4.58,1
10,Female,0.0,TV,False,0.53,,Urban,8-12 (Pre-teen),0.0,0
9,Male,3.53,Smartphone,True,0.6,Obesity Risk,Urban,8-12 (Pre-teen),3.53,0
12,Female,6.23,Smartphone,True,0.38,Anxiety,Urban,8-12 (Pre-teen),6.23,0
11,Male,5.71,Laptop,True,0.31,Eye Strain,Urban,8-12 (Pre-teen),5.71,0
14,Male,6.14,Smartphone,True,0.35,Obesity Risk,Urban,13-17 (Teen),6.14,0
12,Male,3.09,Laptop,True,0.38,Anxiety,Urban,8-12 (Pre-teen),3.09,0
15,Male,4.99,Smartphone,True,0.32,"Poor Sleep, Anxiety",Urban,13-17 (Teen),4.99,1
11,Female,4.99,Smartphone,True,0.5,,Urban,8-12 (Pre-teen),4.99,0
13,Female,2.73,TV,False,0.3,,Urban,13-17 (Teen),2.73,0
11,Female,6.09,Laptop,True,0.43,,Urban,8-12 (Pre-teen),6.09,0
9,Male,7.56,TV,True,0.58,"Poor Sleep, Eye Strain, Anxiety",Rural,8-12 (Pre-teen),7.56,1
8,Female,8.89,Smartphone,True,0.59,"Poor Sleep, Anxiety",Urban,8-12 (Pre-teen),8.89,1
8,Female,2.56,Tablet,True,0.58,,Rural,8-12 (Pre-teen),2.56,0
15,Female,4.3,Smartphone,True,0.44,,Urban,13-17 (Teen),4.3,0
11,Male,5.55,Smartphone,True,0.39,,Urban,8-12 (Pre-teen),5.55,0
12,Female,4.45,Smartphone,True,0.37,Poor Sleep,Rural,8-12 (Pre-teen),4.45,1
18,Male,2.35,Smartphone,False,0.37,,Urban,18-29 (Young Adult),2.35,0
15,Female,5.55,Laptop,True,0.39,Poor Sleep,Urban,13-17 (Teen),5.55,1
14,Female,5.7,Smartphone,True,0.43,"Poor Sleep, Anxiety",Rural,13-17 (Teen),5.7,1
15,Male,3.95,TV,True,0.43,Poor Sleep,Urban,13-17 (Teen),3.95,1
15,Female,4.23,Tablet,True,0.32,,Urban,13-17 (Teen),4.23,0
13,Male,3.58,Laptop,True,0.37,Poor Sleep,Urban,13-17 (Teen),3.58,1
17,Male,3.28,Smartphone,True,0.37,Eye Strain,Urban,13-17 (Teen),3.28,0
9,Male,2.73,Tablet,True,0.56,,Urban,8-12 (Pre-teen),2.73,0
13,Female,6.06,TV,True,0.41,,Urban,13-17 (Teen),6.06,0
8,Female,1.42,Tablet,False,0.41,,Urban,8-12 (Pre-teen),1.42,0
8,Female,1.2,TV,False,0.58,,Urban,8-12 (Pre-teen),1.2,0
18,Female,6.55,Laptop,True,0.41,"Poor Sleep, Eye Strain",Urban,18-29 (Young Adult),6.55,1
10,Male,4.64,Tablet,True,0.45,"Poor Sleep, Eye Strain",Urban,8-12 (Pre-teen),4.64,1
10,Male,8.78,Smartphone,True,0.57,,Urban,8-12 (Pre-teen),8.78,0
18,Female,3.72,Smartphone,True,0.32,Poor Sleep,Urban,18-29 (Young Adult),3.72,1
12,Male,5.68,Smartphone,True,0.39,Obesity Risk,Urban,8-12 (Pre-teen),5.68,0
8,Male,5.38,Tablet,True,0.49,Obesity Risk,Rural,8-12 (Pre-teen),5.38,0
17,Female,4.82,Smartphone,True,0.47,Poor Sleep,Rural,13-17 (Teen),4.82,1
13,Female,4.43,Laptop,True,0.44,Poor Sleep,Urban,13-17 (Teen),4.43,1
14,Female,4.92,TV,True,0.43,Poor Sleep,Urban,13-17 (Teen),4.92,1
17,Male,2.3,Smartphone,False,0.44,,Urban,13-17 (Teen),2.3,0
18,Female,7.03,Smartphone,True,0.45,Eye Strain,Urban,18-29 (Young Adult),7.03,0
10,Female,6.8,Smartphone,True,0.49,"Poor Sleep, Obesity Risk",Urban,8-12 (Pre-teen),6.8,1
11,Male,6.76,TV,True,0.38,Poor Sleep,Urban,8-12 (Pre-teen),6.76,1
17,Male,5.86,Smartphone,True,0.33,"Anxiety, Obesity Risk",Urban,13-17 (Teen),5.86,0
18,Male,3.91,TV,True,0.46,"Poor Sleep, Eye Strain",Urban,18-29 (Young Adult),3.91,1
17,Female,5.85,Smartphone,True,0.49,"Poor Sleep, Obesity Risk",Urban,13-17 (Teen),5.85,1
17,Male,2.12,Laptop,False,0.4,,Urban,13-17 (Teen),2.12,0
17,Female,4.44,Laptop,True,0.39,Eye Strain,Rural,13-17 (Teen),4.44,0
17,Female,3.59,Tablet,True,0.48,Poor Sleep,Urban,13-17 (Teen),3.59,1
10,Female,2.4,Smartphone,True,0.43,,Urban,8-12 (Pre-teen),2.4,0
8,Male,4.53,TV,True,0.46,Obesity Risk,Urban,8-12 (Pre-teen),4.53,0
15,Male,4.47,TV,True,0.34,Poor Sleep,Urban,13-17 (Teen),4.47,1
17,Male,5.71,Laptop,True,0.31,"Poor Sleep, Eye Strain, Anxiety",Urban,13-17 (Teen),5.71,1
17,Female,4.55,Smartphone,True,0.37,"Poor Sleep, Obesity Risk",Urban,13-17 (Teen),4.55,1
9,Female,3.05,Smartphone,True,0.46,Anxiety,Urban,8-12 (Pre-teen),3.05,0
8,Male,2.04,TV,True,0.41,,Rural,8-12 (Pre-teen),2.04,0
15,Female,5.76,Laptop,True,0.33,"Poor Sleep, Eye Strain, Anxiety",Rural,13-17 (Teen),5.76,1
14,Female,6.03,Smartphone,True,0.41,"Poor Sleep, Eye Strain",Urban,13-17 (Teen),6.03,1
14,Male,5.16,Smartphone,True,0.33,"Poor Sleep, Eye Strain",Rural,13-17 (Teen),5.16,1
11,Male,3.91,Laptop,True,0.37,Poor Sleep,Urban,8-12 (Pre-teen),3.91,1
18,Male,4.65,Smartphone,True,0.3,,Urban,18-29 (Young Adult),4.65,0
16,Male,1.92,Smartphone,False,0.47,,Rural,13-17 (Teen),1.92,0
13,Male,4.67,Smartphone,True,0.31,Eye Strain,Urban,13-17 (Teen),4.67,0
9,Female,1.65,Smartphone,False,0.49,,Urban,8-12 (Pre-teen),1.65,0
8,Male,6.13,Smartphone,True,0.57,Poor Sleep,Urban,8-12 (Pre-teen),6.13,1
8,Female,0.95,TV,False,0.4,,Rural,8-12 (Pre-teen),0.95,0
16,Male,6.85,Smartphone,True,0.33,"Poor Sleep, Eye Strain",Urban,13-17 (Teen),6.85,1
11,Female,3.95,Laptop,True,0.43,"Poor Sleep, Eye Strain",Urban,8-12 (Pre-teen),3.95,1
12,Female,6.21,Smartphone,True,0.47,Poor Sleep,Rural,8-12 (Pre-teen),6.21,1
10,Male,2.88,TV,True,0.58,,Urban,8-12 (Pre-teen),2.88,0
11,Female,5.8,Laptop,True,0.32,Poor Sleep,Urban,8-12 (Pre-teen),5.8,1
15,Female,4.24,Smartphone,True,0.34,,Urban,13-17 (Teen),4.24,0
11,Male,4.5,Tablet,True,0.37,Eye Strain,Urban,8-12 (Pre-teen),4.5,0
16,Male,4.84,Smartphone,True,0.46,"Poor Sleep, Eye Strain",Rural,13-17 (Teen),4.84,1
16,Male,4.82,TV,True,0.39,Obesity Risk,Rural,13-17 (Teen),4.82,0
13,Male,4.57,Smartphone,True,0.39,Poor Sleep,Urban,13-17 (Teen),4.57,1
9,Female,4.91,TV,True,0.41,Eye Strain,Urban,8-12 (Pre-teen),4.91,0
17,Female,5.34,TV,True,0.41,"Poor Sleep, Eye Strain",Urban,13-17 (Teen),5.34,1
18,Female,4.58,TV,True,0.45,Eye Strain,Urban,18-29 (Young Adult),4.58,0
14,Female,6.05,TV,True,0.34,"Poor Sleep, Eye Strain, Obesity Risk",Urban,13-17 (Teen),6.05,1
16,Male,6.34,TV,True,0.39,"Eye Strain, Obesity Risk",Urban,13-17 (Teen),6.34,0
13,Male,4.21,Laptop,True,0.36,"Poor Sleep, Eye Strain",Urban,13-17 (Teen),4.21,1
10,Female,0.26,TV,False,0.47,,Rural,8-12 (Pre-teen),0.26,0
14,Male,4.19,Smartphone,True,0.41,,Rural,13-17 (Teen),4.19,0
12,Female,5.17,TV,True,0.37,Poor Sleep,Urban,8-12 (Pre-teen),5.17,1
8,Female,7.59,TV,True,0.49,,Urban,8-12 (Pre-teen),7.59,0
10,Female,7.02,TV,True,0.56,,Rural,8-12 (Pre-teen),7.02,0
12,Female,4.77,TV,True,0.32,"Eye Strain, Obesity Risk",Urban,8-12 (Pre-teen),4.77,0
14,Female,5.42,TV,True,0.37,"Poor Sleep, Anxiety",Rural,13-17 (Teen),5.42,1
10,Female,6.7,Smartphone,True,0.53,"Poor Sleep, Eye Strain",Urban,8-12 (Pre-teen),6.7,1
13,Female,4.77,Laptop,True,0.47,Poor Sleep,Urban,13-17 (Teen),4.77,1
12,Male,4.53,Tablet,True,0.31,Poor Sleep,Urban,8-12 (Pre-teen),4.53,1
8,Male,1.88,Smartphone,False,0.57,,Urban,8-12 (Pre-teen),1.88,0
17,Female,4.93,Laptop,True,0.48,,Urban,13-17 (Teen),4.93,0
13,Male,4.19,Smartphone,True,0.35,"Poor Sleep, Eye Strain",Urban,13-17 (Teen),4.19,1
15,Male,4.9,Laptop,True,0.4,,Rural,13-17 (Teen),4.9,0
8,Female,6.26,TV,True,0.6,Eye Strain,Rural,8-12 (Pre-teen),6.26,0
9,Female,4.18,Tablet,True,0.59,Poor Sleep,Urban,8-12 (Pre-teen),4.18,1
11,Male,3.09,Smartphone,True,0.49,"Poor Sleep, Eye Strain",Rural,8-12 (Pre-teen),3.09,1
9,Female,3.49,TV,True,0.58,"Poor Sleep, Eye Strain, Anxiety",Rural,8-12 (Pre-teen),3.49,1
18,Female,5.07,Smartphone,True,0.45,"Poor Sleep, Eye Strain",Rural,18-29 (Young Adult),5.07,1
16,Male,5.67,Laptop,True,0.49,Eye Strain,Urban,13-17 (Teen),5.67,0
17,Female,4.67,TV,True,0.36,"Poor Sleep, Eye Strain",Urban,13-17 (Teen),4.67,1
15,Female,5.63,Smartphone,True,0.34,"Poor Sleep, Eye Strain",Urban,13-17 (Teen),5.63,1
15,Male,3.51,Laptop,True,0.33,"Eye Strain, Obesity Risk",Urban,13-17 (Teen),3.51,0
11,Male,3.23,Tablet,True,0.35,"Poor Sleep, Eye Strain",Urban,8-12 (Pre-teen),3.23,1
12,Male,4.29,Tablet,True,0.34,Poor Sleep,Rural,8-12 (Pre-teen),4.29,1
11,Male,5.17,Smartphone,True,0.37,"Poor Sleep, Anxiety",Urban,8-12 (Pre-teen),5.17,1
16,Female,7.46,Smartphone,True,0.43,,Urban,13-17 (Teen),7.46,0
9,Male,0.0,Smartphone,False,0.42,,Rural,8-12 (Pre-teen),0.0,0
18,Male,2.68,TV,False,0.4,,Urban,18-29 (Young Adult),2.68,0
15,Male,3.59,TV,True,0.37,Poor Sleep,Urban,13-17 (Teen),3.59,1
9,Female,0.66,TV,False,0.59,,Urban,8-12 (Pre-teen),0.66,0
8,Female,6.71,Smartphone,True,0.47,"Poor Sleep, Eye Strain",Rural,8-12 (Pre-teen),6.71,1
17,Male,5.52,Laptop,True,0.33,Poor Sleep,Urban,13-17 (Teen),5.52,1
10,Female,5.23,Smartphone,True,0.45,,Urban,8-12 (Pre-teen),5.23,0
16,Male,2.68,TV,False,0.45,,Urban,13-17 (Teen),2.68,0
10,Male,0.04,TV,False,0.57,,Urban,8-12 (Pre-teen),0.04,0
16,Female,1.39,Smartphone,False,0.5,,Rural,13-17 (Teen),1.39,0
14,Male,4.87,Tablet,True,0.39,"Poor Sleep, Eye Strain, Anxiety",Urban,13-17 (Teen),4.87,1
17,Male,5.11,Smartphone,True,0.39,Anxiety,Urban,13-17 (Teen),5.11,0
8,Female,1.94,Tablet,False,0.56,,Urban,8-12 (Pre-teen),1.94,0
17,Male,1.54,Smartphone,False,0.47,,Rural,13-17 (Teen),1.54,0
12,Female,2.69,Laptop,False,0.46,,Urban,8-12 (Pre-teen),2.69,0
16,Male,5.39,Laptop,True,0.34,Eye Strain,Urban,13-17 (Teen),5.39,0
10,Male,6.16,Smartphone,True,0.56,"Poor Sleep, Anxiety",Urban,8-12 (Pre-teen),6.16,1
16,Female,5.15,TV,True,0.41,"Poor Sleep, Eye Strain",Urban,13-17 (Teen),5.15,1
12,Male,4.06,TV,True,0.36,"Poor Sleep, Obesity Risk",Rural,8-12 (Pre-teen),4.06,1
16,Female,3.65,TV,True,0.34,Eye Strain,Urban,13-17 (Teen),3.65,0
17,Male,6.42,Laptop,True,0.32,"Poor Sleep, Eye Strain",Urban,13-17 (Teen),6.42,1
13,Female,3.69,Smartphone,True,0.47,,Urban,13-17 (Teen),3.69,0
16,Female,3.94,Tablet,True,0.32,"Poor Sleep, Anxiety",Rural,13-17 (Teen),3.94,1
14,Female,3.46,TV,True,0.33,"Poor Sleep, Anxiety",Urban,13-17 (Teen),3.46,1
14,Female,3.88,Laptop,True,0.42,Poor Sleep,Urban,13-17 (Teen),3.88,1
15,Male,4.61,Laptop,True,0.36,,Rural,13-17 (Teen),4.61,0
14,Female,4.62,Smartphone,True,0.39,Poor Sleep,Rural,13-17 (Teen),4.62,1
16,Male,5.31,Smartphone,True,0.5,"Poor Sleep, Anxiety",Urban,13-17 (Teen),5.31,1
18,Male,3.66,Tablet,True,0.4,Anxiety,Rural,18-29 (Young Adult),3.66,0
16,Male,3.38,Smartphone,True,0.35,Anxiety,Rural,13-17 (Teen),3.38,0
13,Male,5.85,Smartphone,True,0.31,Eye Strain,Urban,13-17 (Teen),5.85,0
14,Female,4.6,Smartphone,True,0.49,,Rural,13-17 (Teen),4.6,0
9,Female,4.93,Tablet,True,0.59,Poor Sleep,Urban,8-12 (Pre-teen),4.93,1
16,Female,4.8,Smartphone,True,0.34,Poor Sleep,Urban,13-17 (Teen),4.8,1
8,Male,4.79,TV,True,0.51,,Rural,8-12 (Pre-teen),4.79,0
8,Male,0.04,TV,False,0.41,,Rural,8-12 (Pre-teen),0.04,0
10,Male,2.31,TV,True,0.43,,Rural,8-12 (Pre-teen),2.31,0
13,Female,6.17,Smartphone,True,0.41,Eye Strain,Rural,13-17 (Teen),6.17,0
12,Male,5.88,TV,True,0.5,,Urban,8-12 (Pre-teen),5.88,0
9,Male,6.26,TV,True,0.41,,Urban,8-12 (Pre-teen),6.26,0
16,Female,3.82,Laptop,True,0.46,Poor Sleep,Rural,13-17 (Teen),3.82,1
17,Female,6.07,Laptop,True,0.34,Poor Sleep,Urban,13-17 (Teen),6.07,1
11,Male,4.57,TV,True,0.38,"Poor Sleep, Eye Strain",Rural,8-12 (Pre-teen),4.57,1
11,Male,3.71,Tablet,True,0.42,Poor Sleep,Urban,8-12 (Pre-teen),3.71,1
12,Female,3.25,Smartphone,True,0.39,,Rural,8-12 (Pre-teen),3.25,0
15,Male,4.08,TV,True,0.33,Poor Sleep,Urban,13-17 (Teen),4.08,1
17,Male,3.92,Smartphone,True,0.41,Eye Strain,Rural,13-17 (Teen),3.92,0
11,Male,3.77,Smartphone,True,0.46,Poor Sleep,Urban,8-12 (Pre-teen),3.77,1
12,Female,4.49,Laptop,True,0.41,Poor Sleep,Urban,8-12 (Pre-teen),4.49,1
11,Male,3.95,TV,True,0.38,Poor Sleep,Rural,8-12 (Pre-teen),3.95,1
13,Male,5.29,TV,True,0.38,,Urban,13-17 (Teen),5.29,0
10,Female,7.81,TV,True,0.5,Poor Sleep,Urban,8-12 (Pre-teen),7.81,1
15,Male,1.8,Smartphone,False,0.44,,Urban,13-17 (Teen),1.8,0
13,Female,5.56,Smartphone,True,0.33,,Rural,13-17 (Teen),5.56,0
17,Female,4.13,Tablet,True,0.5,"Poor Sleep, Eye Strain",Urban,13-17 (Teen),4.13,1
12,Female,5.64,Tablet,True,0.48,Poor Sleep,Urban,8-12 (Pre-teen),5.64,1
9,Female,9.65,Tablet,True,0.51,Poor Sleep,Rural,8-12 (Pre-teen),9.65,1
17,Female,5.59,Smartphone,True,0.5,,Urban,13-17 (Teen),5.59,0
17,Male,4.01,Laptop,True,0.35,"Poor Sleep, Obesity Risk",Rural,13-17 (Teen),4.01,1
14,Female,4.12,Smartphone,True,0.41,,Urban,13-17 (Teen),4.12,0
9,Female,5.1,TV,True,0.51,"Poor Sleep, Eye Strain",Rural,8-12 (Pre-teen),5.1,1
8,Male,0.0,Smartphone,False,0.55,,Urban,8-12 (Pre-teen),0.0,0
14,Female,5.75,Tablet,True,0.34,"Poor Sleep, Obesity Risk",Rural,13-17 (Teen),5.75,1
12,Male,4.39,Smartphone,True,0.47,"Poor Sleep, Obesity Risk",Urban,8-12 (Pre-teen),4.39,1
8,Female,3.8,Smartphone,True,0.51,"Poor Sleep, Obesity Risk",Urban,8-12 (Pre-teen),3.8,1
11,Male,4.82,TV,True,0.39,Eye Strain,Urban,8-12 (Pre-teen),4.82,0
11,Male,2.83,Smartphone,False,0.34,,Urban,8-12 (Pre-teen),2.83,0
17,Female,5.17,Laptop,True,0.49,"Poor Sleep, Anxiety",Urban,13-17 (Teen),5.17,1
14,Female,3.58,Tablet,True,0.33,,Urban,13-17 (Teen),3.58,0
16,Female,4.71,Laptop,True,0.45,Obesity Risk,Urban,13-17 (Teen),4.71,0
9,Male,1.95,TV,False,0.57,,Rural,8-12 (Pre-teen),1.95,0
8,Male,4.56,TV,True,0.45,Poor Sleep,Urban,8-12 (Pre-teen),4.56,1
9,Male,7.28,Smartphone,True,0.44,Obesity Risk,Rural,8-12 (Pre-teen),7.28,0
14,Female,2.81,Smartphone,False,0.35,,Urban,13-17 (Teen),2.81,0
17,Male,4.11,Smartphone,True,0.49,Eye Strain,Urban,13-17 (Teen),4.11,0
13,Female,4.88,Laptop,True,0.5,Obesity Risk,Urban,13-17 (Teen),4.88,0
11,Female,8.0,Smartphone,True,0.31,,Rural,8-12 (Pre-teen),8.0,0
8,Female,5.84,TV,True,0.57,"Poor Sleep, Anxiety",Urban,8-12 (Pre-teen),5.84,1
8,Female,3.61,TV,True,0.55,Poor Sleep,Urban,8-12 (Pre-teen),3.61,1
12,Male,4.7,Smartphone,True,0.3,"Poor Sleep, Anxiety",Urban,8-12 (Pre-teen),4.7,1
8,Female,5.57,Smartphone,True,0.48,Poor Sleep,Urban,8-12 (Pre-teen),5.57,1
14,Female,6.51,Smartphone,True,0.46,Poor Sleep,Rural,13-17 (Teen),6.51,1
18,Male,3.99,Smartphone,True,0.34,,Urban,18-29 (Young Adult),3.99,0
8,Male,0.0,TV,False,0.56,,Urban,8-12 (Pre-teen),0.0,0
8,Male,5.74,Tablet,True,0.52,Eye Strain,Urban,8-12 (Pre-teen),5.74,0
9,Male,5.24,Tablet,True,0.53,Poor Sleep,Urban,8-12 (Pre-teen),5.24,1
18,Female,4.25,Laptop,True,0.32,"Poor Sleep, Eye Strain, Obesity Risk",Urban,18-29 (Young Adult),4.25,1
17,Male,6.19,TV,True,0.44,"Poor Sleep, Eye Strain",Urban,13-17 (Teen),6.19,1
10,Female,3.81,Tablet,True,0.53,Anxiety,Rural,8-12 (Pre-teen),3.81,0
18,Female,4.81,Smartphone,True,0.4,,Urban,18-29 (Young Adult),4.81,0
8,Male,0.0,Tablet,False,0.43,,Rural,8-12 (Pre-teen),0.0,0
16,Male,5.0,Laptop,True,0.36,"Poor Sleep, Eye Strain",Urban,13-17 (Teen),5.0,1
17,Male,5.86,TV,True,0.37,"Anxiety, Obesity Risk",Rural,13-17 (Teen),5.86,0
15,Female,2.72,Smartphone,False,0.31,,Rural,13-17 (Teen),2.72,0
12,Male,4.51,TV,True,0.38,,Urban,8-12 (Pre-teen),4.51,0
18,Female,4.65,TV,True,0.49,"Poor Sleep, Obesity Risk",Rural,18-29 (Young Adult),4.65,1
9,Female,9.29,TV,True,0.45,Poor Sleep,Rural,8-12 (Pre-teen),9.29,1
12,Male,3.62,TV,True,0.47,Eye Strain,Rural,8-12 (Pre-teen),3.62,0
13,Male,4.6,Smartphone,True,0.35,"Poor Sleep, Eye Strain",Rural,13-17 (Teen),4.6,1
8,Female,4.7,Smartphone,True,0.59,"Poor Sleep, Obesity Risk",Urban,8-12 (Pre-teen),4.7,1
18,Female,4.36,Smartphone,True,0.47,"Poor Sleep, Obesity Risk",Urban,18-29 (Young Adult),4.36,1
11,Male,4.03,Smartphone,True,0.49,Poor Sleep,Urban,8-12 (Pre-teen),4.03,1
16,Female,4.84,TV,True,0.31,,Urban,13-17 (Teen),4.84,0
9,Male,3.72,Smartphone,True,0.54,"Poor Sleep, Eye Strain, Obesity Risk",Urban,8-12 (Pre-teen),3.72,1
12,Male,4.79,Smartphone,True,0.43,Eye Strain,Urban,8-12 (Pre-teen),4.79,0
8,Female,7.35,Smartphone,True,0.41,,Urban,8-12 (Pre-teen),7.35,0
11,Female,6.24,Smartphone,True,0.49,"Eye Strain, Obesity Risk",Urban,8-12 (Pre-teen),6.24,0
11,Female,5.69,Smartphone,True,0.37,Poor Sleep,Urban,8-12 (Pre-teen),5.69,1
13,Male,4.82,Laptop,True,0.4,Poor Sleep,Urban,13-17 (Teen),4.82,1
17,Female,4.29,Laptop,True,0.47,"Poor Sleep, Obesity Risk",Urban,13-17 (Teen),4.29,1
16,Male,4.73,TV,True,0.48,"Poor Sleep, Anxiety",Urban,13-17 (Teen),4.73,1
10,Female,1.82,Tablet,False,0.4,,Rural,8-12 (Pre-teen),1.82,0
16,Female,3.31,Smartphone,True,0.33,Poor Sleep,Urban,13-17 (Teen),3.31,1
13,Male,1.61,Smartphone,False,0.4,,Urban,13-17 (Teen),1.61,0
14,Female,4.81,Smartphone,True,0.36,Poor Sleep,Rural,13-17 (Teen),4.81,1
17,Male,2.72,TV,False,0.34,,Rural,13-17 (Teen),2.72,0
9,Male,0.48,Smartphone,False,0.6,,Urban,8-12 (Pre-teen),0.48,0
18,Male,5.09,Smartphone,True,0.42,"Poor Sleep, Obesity Risk",Rural,18-29 (Young Adult),5.09,1
17,Male,3.71,Smartphone,True,0.45,,Urban,13-17 (Teen),3.71,0
13,Female,1.73,TV,False,0.47,,Urban,13-17 (Teen),1.73,0
13,Male,4.69,Tablet,True,0.49,"Poor Sleep, Obesity Risk",Rural,13-17 (Teen),4.69,1
9,Female,3.13,Smartphone,True,0.52,"Poor Sleep, Anxiety",Urban,8-12 (Pre-teen),3.13,1
9,Male,5.99,Smartphone,True,0.51,Poor Sleep,Rural,8-12 (Pre-teen),5.99,1
9,Male,0.15,Tablet,False,0.49,,Rural,8-12 (Pre-teen),0.15,0
17,Female,3.46,Laptop,True,0.37,,Urban,13-17 (Teen),3.46,0
8,Female,6.29,Tablet,True,0.52,Eye Strain,Urban,8-12 (Pre-teen),6.29,0
12,Male,3.25,Smartphone,True,0.43,"Poor Sleep, Eye Strain",Urban,8-12 (Pre-teen),3.25,1
15,Female,3.37,Smartphone,True,0.38,Poor Sleep,Urban,13-17 (Teen),3.37,1
9,Male,3.97,TV,True,0.54,,Urban,8-12 (Pre-teen),3.97,0
12,Male,4.02,Smartphone,True,0.43,,Urban,8-12 (Pre-teen),4.02,0
15,Male,3.32,Smartphone,True,0.48,Eye Strain,Urban,13-17 (Teen),3.32,0
17,Female,3.25,Tablet,True,0.35,Eye Strain,Urban,13-17 (Teen),3.25,0
12,Female,5.25,Laptop,True,0.31,,Urban,8-12 (Pre-teen),5.25,0
9,Male,5.11,Smartphone,True,0.44,Anxiety,Urban,8-12 (Pre-teen),5.11,0
10,Female,1.11,Smartphone,False,0.55,,Urban,8-12 (Pre-teen),1.11,0
13,Female,5.93,Laptop,True,0.41,Eye Strain,Urban,13-17 (Teen),5.93,0
18,Female,5.7,TV,True,0.37,,Urban,18-29 (Young Adult),5.7,0
18,Female,4.99,Tablet,True,0.45,"Poor Sleep, Eye Strain, Anxiety",Rural,18-29 (Young Adult),4.99,1
12,Female,1.94,Laptop,False,0.37,,Rural,8-12 (Pre-teen),1.94,0
18,Female,3.12,Laptop,True,0.36,"Poor Sleep, Anxiety",Urban,18-29 (Young Adult),3.12,1
11,Female,3.43,Laptop,True,0.44,Eye Strain,Urban,8-12 (Pre-teen),3.43,0
11,Female,3.87,Laptop,True,0.36,Poor Sleep,Rural,8-12 (Pre-teen),3.87,1
12,Female,5.72,Smartphone,True,0.34,Obesity Risk,Urban,8-12 (Pre-teen),5.72,0
9,Female,0.72,Smartphone,False,0.41,,Urban,8-12 (Pre-teen),0.72,0
16,Female,4.3,Laptop,True,0.35,Poor Sleep,Urban,13-17 (Teen),4.3,1
9,Male,0.78,Smartphone,False,0.53,,Rural,8-12 (Pre-teen),0.78,0
17,Female,3.55,Smartphone,True,0.37,,Urban,13-17 (Teen),3.55,0
9,Male,2.98,Smartphone,True,0.55,,Rural,8-12 (Pre-teen),2.98,0
17,Male,1.63,Smartphone,False,0.41,,Rural,13-17 (Teen),1.63,0
16,Male,6.33,Smartphone,True,0.42,"Poor Sleep, Eye Strain",Urban,13-17 (Teen),6.33,1
10,Male,6.51,TV,True,0.58,"Eye Strain, Obesity Risk",Urban,8-12 (Pre-teen),6.51,0
17,Male,4.21,TV,True,0.36,Obesity Risk,Urban,13-17 (Teen),4.21,0
14,Male,3.03,TV,True,0.4,Poor Sleep,Urban,13-17 (Teen),3.03,1
11,Male,3.09,TV,True,0.36,"Poor Sleep, Eye Strain",Rural,8-12 (Pre-teen),3.09,1
13,Male,4.84,Smartphone,True,0.37,"Poor Sleep, Eye Strain, Anxiety",Urban,13-17 (Teen),4.84,1
11,Male,4.18,Smartphone,True,0.33,,Urban,8-12 (Pre-teen),4.18,0
17,Male,7.78,Smartphone,True,0.44,Poor Sleep,Urban,13-17 (Teen),7.78,1
14,Male,4.0,Tablet,True,0.37,Poor Sleep,Rural,13-17 (Teen),4.0,1
8,Male,6.3,TV,True,0.56,Poor Sleep,Urban,8-12 (Pre-teen),6.3,1
10,Female,4.19,Smartphone,True,0.55,"Poor Sleep, Eye Strain, Obesity Risk",Rural,8-12 (Pre-teen),4.19,1
10,Male,2.08,TV,True,0.42,,Urban,8-12 (Pre-teen),2.08,0
8,Female,6.94,Tablet,True,0.41,,Urban,8-12 (Pre-teen),6.94,0
13,Female,5.17,Smartphone,True,0.45,Anxiety,Urban,13-17 (Teen),5.17,0
18,Male,5.36,Tablet,True,0.45,Anxiety,Urban,18-29 (Young Adult),5.36,0
16,Male,4.64,Smartphone,True,0.41,"Anxiety, Obesity Risk",Urban,13-17 (Teen),4.64,0
15,Male,3.74,Smartphone,True,0.31,,Urban,13-17 (Teen),3.74,0
18,Male,4.88,Smartphone,True,0.38,Anxiety,Urban,18-29 (Young Adult),4.88,0
14,Male,3.65,Smartphone,True,0.42,"Poor Sleep, Eye Strain, Obesity Risk",Urban,13-17 (Teen),3.65,1
17,Male,4.92,Smartphone,True,0.49,Poor Sleep,Urban,13-17 (Teen),4.92,1
15,Male,4.75,Smartphone,True,0.34,"Poor Sleep, Eye Strain, Anxiety",Urban,13-17 (Teen),4.75,1
13,Male,4.88,TV,True,0.5,Poor Sleep,Rural,13-17 (Teen),4.88,1
16,Male,3.85,TV,True,0.47,"Eye Strain, Obesity Risk",Urban,13-17 (Teen),3.85,0
17,Female,4.29,Smartphone,True,0.39,"Poor Sleep, Anxiety, Obesity Risk",Rural,13-17 (Teen),4.29,1
17,Female,5.26,Laptop,True,0.39,Anxiety,Rural,13-17 (Teen),5.26,0
16,Male,5.0,Smartphone,True,0.36,"Poor Sleep, Eye Strain",Urban,13-17 (Teen),5.0,1
11,Male,4.43,TV,True,0.41,"Eye Strain, Anxiety",Urban,8-12 (Pre-teen),4.43,0
14,Male,4.69,Smartphone,True,0.33,Poor Sleep,Rural,13-17 (Teen),4.69,1
16,Female,6.37,Laptop,True,0.39,Poor Sleep,Urban,13-17 (Teen),6.37,1
9,Male,4.43,TV,True,0.46,,Urban,8-12 (Pre-teen),4.43,0
9,Male,6.34,Smartphone,True,0.55,"Poor Sleep, Obesity Risk",Urban,8-12 (Pre-teen),6.34,1
16,Male,5.44,Smartphone,True,0.32,"Poor Sleep, Obesity Risk",Rural,13-17 (Teen),5.44,1
10,Male,6.79,Smartphone,True,0.59,Eye Strain,Urban,8-12 (Pre-teen),6.79,0
16,Female,3.57,Smartphone,True,0.34,"Poor Sleep, Eye Strain",Urban,13-17 (Teen),3.57,1
12,Female,3.17,Smartphone,True,0.36,"Poor Sleep, Eye Strain",Urban,8-12 (Pre-teen),3.17,1
13,Female,6.13,Laptop,True,0.37,Poor Sleep,Rural,13-17 (Teen),6.13,1
15,Female,2.29,Laptop,False,0.41,,Urban,13-17 (Teen),2.29,0
18,Female,4.04,Smartphone,True,0.47,Obesity Risk,Rural,18-29 (Young Adult),4.04,0
16,Female,4.35,Laptop,True,0.45,Poor Sleep,Urban,13-17 (Teen),4.35,1
9,Male,4.38,Tablet,True,0.53,"Poor Sleep, Eye Strain",Rural,8-12 (Pre-teen),4.38,1
13,Female,4.81,Smartphone,True,0.47,"Poor Sleep, Eye Strain",Rural,13-17 (Teen),4.81,1
13,Female,4.53,TV,True,0.31,Obesity Risk,Urban,13-17 (Teen),4.53,0
15,Female,6.13,TV,True,0.41,Eye Strain,Rural,13-17 (Teen),6.13,0
17,Female,5.69,Smartphone,True,0.36,Eye Strain,Urban,13-17 (Teen),5.69,0
12,Female,6.23,Smartphone,True,0.39,Poor Sleep,Rural,8-12 (Pre-teen),6.23,1
16,Female,3.25,TV,True,0.5,Eye Strain,Urban,13-17 (Teen),3.25,0
8,Male,0.0,Tablet,False,0.41,,Rural,8-12 (Pre-teen),0.0,0
16,Female,4.95,Tablet,True,0.31,Poor Sleep,Urban,13-17 (Teen),4.95,1
17,Male,5.75,TV,True,0.41,"Poor Sleep, Obesity Risk",Urban,13-17 (Teen),5.75,1
14,Female,3.84,Tablet,True,0.32,Eye Strain,Rural,13-17 (Teen),3.84,0
11,Male,6.28,Smartphone,True,0.47,"Poor Sleep, Anxiety, Obesity Risk",Rural,8-12 (Pre-teen),6.28,1
10,Male,4.51,TV,True,0.46,Eye Strain,Rural,8-12 (Pre-teen),4.51,0
17,Male,3.19,Laptop,True,0.44,Poor Sleep,Urban,13-17 (Teen),3.19,1
18,Male,5.75,Tablet,True,0.34,"Anxiety, Obesity Risk",Rural,18-29 (Young Adult),5.75,0
13,Male,5.17,Smartphone,True,0.35,"Eye Strain, Anxiety",Urban,13-17 (Teen),5.17,0
8,Female,0.0,Smartphone,False,0.6,,Urban,8-12 (Pre-teen),0.0,0
10,Female,6.34,Tablet,True,0.41,Poor Sleep,Urban,8-12 (Pre-teen),6.34,1
9,Male,0.63,Smartphone,False,0.41,,Urban,8-12 (Pre-teen),0.63,0
18,Male,5.55,Smartphone,True,0.37,"Eye Strain, Obesity Risk",Urban,18-29 (Young Adult),5.55,0
16,Male,4.79,TV,True,0.44,"Poor Sleep, Obesity Risk",Rural,13-17 (Teen),4.79,1
10,Male,4.29,TV,True,0.5,"Poor Sleep, Obesity Risk",Urban,8-12 (Pre-teen),4.29,1
9,Female,2.95,TV,True,0.49,,Urban,8-12 (Pre-teen),2.95,0
11,Male,4.6,Laptop,True,0.47,"Poor Sleep, Anxiety",Urban,8-12 (Pre-teen),4.6,1
9,Female,6.21,TV,True,0.54,"Poor Sleep, Eye Strain",Urban,8-12 (Pre-teen),6.21,1
8,Male,2.26,Smartphone,True,0.59,,Urban,8-12 (Pre-teen),2.26,0
13,Female,5.4,Smartphone,True,0.35,Poor Sleep,Rural,13-17 (Teen),5.4,1
17,Male,5.85,TV,True,0.33,"Poor Sleep, Eye Strain, Anxiety",Urban,13-17 (Teen),5.85,1
15,Female,4.88,Smartphone,True,0.42,"Poor Sleep, Eye Strain",Urban,13-17 (Teen),4.88,1
17,Female,3.29,TV,True,0.35,Poor Sleep,Rural,13-17 (Teen),3.29,1
17,Female,5.95,Laptop,True,0.43,,Urban,13-17 (Teen),5.95,0
9,Male,3.2,TV,True,0.56,Obesity Risk,Rural,8-12 (Pre-teen),3.2,0
16,Male,4.39,Smartphone,True,0.43,Anxiety,Rural,13-17 (Teen),4.39,0
10,Male,2.09,Tablet,True,0.48,,Urban,8-12 (Pre-teen),2.09,0
15,Female,5.51,Smartphone,True,0.37,Eye Strain,Urban,13-17 (Teen),5.51,0
15,Male,6.65,Smartphone,True,0.38,,Urban,13-17 (Teen),6.65,0
10,Male,2.78,Tablet,True,0.54,,Urban,8-12 (Pre-teen),2.78,0
10,Male,3.86,TV,True,0.59,,Urban,8-12 (Pre-teen),3.86,0
13,Female,4.79,TV,True,0.43,Poor Sleep,Urban,13-17 (Teen),4.79,1
8,Male,5.78,Tablet,True,0.51,Eye Strain,Rural,8-12 (Pre-teen),5.78,0
11,Male,5.71,Tablet,True,0.36,"Poor Sleep, Eye Strain",Urban,8-12 (Pre-teen),5.71,1
8,Female,3.73,TV,True,0.52,"Poor Sleep, Eye Strain",Urban,8-12 (Pre-teen),3.73,1
16,Male,3.36,Smartphone,True,0.33,,Urban,13-17 (Teen),3.36,0
12,Female,5.09,TV,True,0.36,,Urban,8-12 (Pre-teen),5.09,0
12,Female,3.84,TV,True,0.44,"Poor Sleep, Eye Strain",Urban,8-12 (Pre-teen),3.84,1
18,Male,3.89,Smartphone,True,0.49,Anxiety,Urban,18-29 (Young Adult),3.89,0
11,Male,1.99,Tablet,False,0.48,,Urban,8-12 (Pre-teen),1.99,0
10,Female,6.87,Smartphone,True,0.59,"Poor Sleep, Anxiety",Urban,8-12 (Pre-teen),6.87,1
12,Female,5.16,Smartphone,True,0.44,Eye Strain,Rural,8-12 (Pre-teen),5.16,0
18,Male,5.22,Smartphone,True,0.47,"Poor Sleep, Anxiety",Rural,18-29 (Young Adult),5.22,1
11,Female,4.54,Smartphone,True,0.44,Eye Strain,Rural,8-12 (Pre-teen),4.54,0
15,Male,2.59,Smartphone,False,0.32,,Urban,13-17 (Teen),2.59,0
11,Female,2.83,Laptop,False,0.46,,Urban,8-12 (Pre-teen),2.83,0
18,Female,5.43,Smartphone,True,0.37,,Urban,18-29 (Young Adult),5.43,0
15,Female,4.32,Laptop,True,0.36,Eye Strain,Rural,13-17 (Teen),4.32,0
13,Male,5.45,Laptop,True,0.31,,Rural,13-17 (Teen),5.45,0
12,Male,6.24,TV,True,0.37,Poor Sleep,Urban,8-12 (Pre-teen),6.24,1
11,Female,5.05,Smartphone,True,0.35,Obesity Risk,Rural,8-12 (Pre-teen),5.05,0
11,Female,4.5,TV,True,0.41,Eye Strain,Urban,8-12 (Pre-teen),4.5,0
11,Female,4.7,Laptop,True,0.39,"Poor Sleep, Eye Strain",Urban,8-12 (Pre-teen),4.7,1
18,Female,3.58,Smartphone,True,0.35,"Poor Sleep, Obesity Risk",Urban,18-29 (Young Adult),3.58,1
16,Male,4.86,Laptop,True,0.34,Poor Sleep,Urban,13-17 (Teen),4.86,1
11,Female,1.29,Laptop,False,0.44,,Urban,8-12 (Pre-teen),1.29,0
16,Female,3.53,Smartphone,True,0.47,,Urban,13-17 (Teen),3.53,0
17,Male,3.11,Laptop,True,0.42,"Poor Sleep, Eye Strain",Urban,13-17 (Teen),3.11,1
13,Male,4.44,TV,True,0.36,,Urban,13-17 (Teen),4.44,0
17,Female,4.84,Laptop,True,0.37,Poor Sleep,Urban,13-17 (Teen),4.84,1
14,Male,5.76,TV,True,0.31,,Rural,13-17 (Teen),5.76,0
17,Female,4.75,TV,True,0.41,,Urban,13-17 (Teen),4.75,0
10,Male,5.73,Smartphone,True,0.41,Poor Sleep,Urban,8-12 (Pre-teen),5.73,1
15,Male,4.96,Tablet,True,0.4,Eye Strain,Urban,13-17 (Teen),4.96,0
10,Female,2.44,TV,True,0.4,,Rural,8-12 (Pre-teen),2.44,0
8,Female,6.17,Smartphone,True,0.45,"Poor Sleep, Anxiety",Rural,8-12 (Pre-teen),6.17,1
17,Female,3.51,Smartphone,True,0.45,Poor Sleep,Urban,13-17 (Teen),3.51,1
12,Female,2.66,TV,False,0.47,,Urban,8-12 (Pre-teen),2.66,0
9,Female,3.67,Smartphone,True,0.49,,Urban,8-12 (Pre-teen),3.67,0
17,Female,5.72,Smartphone,True,0.44,"Poor Sleep, Eye Strain",Rural,13-17 (Teen),5.72,1
13,Female,2.21,Laptop,False,0.46,,Urban,13-17 (Teen),2.21,0
17,Male,4.45,Smartphone,True,0.38,,Urban,13-17 (Teen),4.45,0
16,Male,4.76,Laptop,True,0.33,"Poor Sleep, Eye Strain",Urban,13-17 (Teen),4.76,1
8,Male,0.21,Smartphone,False,0.46,,Urban,8-12 (Pre-teen),0.21,0
11,Female,4.24,Smartphone,True,0.32,,Urban,8-12 (Pre-teen),4.24,0
8,Female,7.24,Smartphone,True,0.58,"Poor Sleep, Anxiety",Urban,8-12 (Pre-teen),7.24,1
8,Female,1.73,Smartphone,False,0.5,,Urban,8-12 (Pre-teen),1.73,0
15,Male,4.85,Smartphone,True,0.39,Poor Sleep,Urban,13-17 (Teen),4.85,1
18,Male,3.63,TV,True,0.4,"Poor Sleep, Eye Strain, Obesity Risk",Rural,18-29 (Young Adult),3.63,1
9,Male,3.63,Tablet,True,0.48,,Urban,8-12 (Pre-teen),3.63,0
8,Male,6.71,TV,True,0.6,,Urban,8-12 (Pre-teen),6.71,0
18,Male,5.45,Laptop,True,0.44,Poor Sleep,Urban,18-29 (Young Adult),5.45,1
15,Female,4.78,Smartphone,True,0.39,,Urban,13-17 (Teen),4.78,0
11,Male,5.72,Laptop,True,0.36,Eye Strain,Urban,8-12 (Pre-teen),5.72,0
10,Male,3.51,Smartphone,True,0.44,"Poor Sleep, Anxiety",Urban,8-12 (Pre-teen),3.51,1
11,Female,4.52,Smartphone,True,0.35,Eye Strain,Urban,8-12 (Pre-teen),4.52,0
18,Male,4.14,Smartphone,True,0.37,Anxiety,Urban,18-29 (Young Adult),4.14,0
12,Female,3.64,Smartphone,True,0.35,"Poor Sleep, Eye Strain, Anxiety, Obesity Risk",Rural,8-12 (Pre-teen),3.64,1
8,Female,7.21,Tablet,True,0.59,"Poor Sleep, Obesity Risk",Rural,8-12 (Pre-teen),7.21,1
18,Male,4.73,Smartphone,True,0.39,Eye Strain,Urban,18-29 (Young Adult),4.73,0
8,Female,7.46,TV,True,0.56,,Rural,8-12 (Pre-teen),7.46,0
10,Male,4.77,Smartphone,True,0.52,,Urban,8-12 (Pre-teen),4.77,0
13,Female,3.63,Tablet,True,0.34,Obesity Risk,Rural,13-17 (Teen),3.63,0
8,Female,2.83,Tablet,True,0.43,,Urban,8-12 (Pre-teen),2.83,0
18,Female,3.85,Smartphone,True,0.38,"Poor Sleep, Obesity Risk",Urban,18-29 (Young Adult),3.85,1
9,Male,8.91,Smartphone,True,0.54,Poor Sleep,Urban,8-12 (Pre-teen),8.91,1
14,Male,5.88,Smartphone,True,0.37,"Poor Sleep, Eye Strain, Anxiety",Urban,13-17 (Teen),5.88,1
8,Male,10.18,Smartphone,True,0.43,Obesity Risk,Urban,8-12 (Pre-teen),10.18,0
14,Male,2.63,Laptop,False,0.33,,Urban,13-17 (Teen),2.63,0
11,Female,4.83,TV,True,0.46,Poor Sleep,Rural,8-12 (Pre-teen),4.83,1
17,Female,5.64,Laptop,True,0.43,,Rural,13-17 (Teen),5.64,0
13,Male,4.03,Smartphone,True,0.45,"Poor Sleep, Obesity Risk",Urban,13-17 (Teen),4.03,1
15,Female,5.28,Laptop,True,0.43,"Poor Sleep, Obesity Risk",Urban,13-17 (Teen),5.28,1
16,Male,4.33,Laptop,True,0.4,,Rural,13-17 (Teen),4.33,0
13,Male,2.04,Laptop,False,0.32,,Urban,13-17 (Teen),2.04,0
18,Male,4.48,Smartphone,True,0.37,Poor Sleep,Rural,18-29 (Young Adult),4.48,1
16,Male,3.38,Laptop,True,0.34,Poor Sleep,Urban,13-17 (Teen),3.38,1
11,Female,3.26,TV,True,0.31,"Poor Sleep, Anxiety",Urban,8-12 (Pre-teen),3.26,1
13,Female,4.44,Tablet,True,0.37,"Anxiety, Obesity Risk",Urban,13-17 (Teen),4.44,0
15,Female,3.55,Smartphone,True,0.32,Poor Sleep,Urban,13-17 (Teen),3.55,1
16,Female,6.52,Laptop,True,0.39,,Urban,13-17 (Teen),6.52,0
10,Female,1.67,TV,False,0.56,,Urban,8-12 (Pre-teen),1.67,0
9,Male,8.61,TV,True,0.44,"Poor Sleep, Anxiety, Obesity Risk",Urban,8-12 (Pre-teen),8.61,1
13,Female,3.47,TV,True,0.5,Obesity Risk,Urban,13-17 (Teen),3.47,0
11,Female,4.63,Laptop,True,0.41,"Poor Sleep, Anxiety, Obesity Risk",Urban,8-12 (Pre-teen),4.63,1
8,Female,4.85,TV,True,0.54,Anxiety,Urban,8-12 (Pre-teen),4.85,0
15,Female,6.99,Smartphone,True,0.41,Anxiety,Urban,13-17 (Teen),6.99,0
16,Female,2.5,Laptop,False,0.37,,Urban,13-17 (Teen),2.5,0
16,Male,4.91,Smartphone,True,0.42,,Rural,13-17 (Teen),4.91,0
9,Female,6.66,Tablet,True,0.43,"Poor Sleep, Obesity Risk",Urban,8-12 (Pre-teen),6.66,1
16,Female,3.89,Smartphone,True,0.3,,Urban,13-17 (Teen),3.89,0
14,Female,4.6,Smartphone,True,0.47,"Poor Sleep, Eye Strain, Anxiety",Urban,13-17 (Teen),4.6,1
12,Male,6.8,Laptop,True,0.5,Poor Sleep,Rural,8-12 (Pre-teen),6.8,1
14,Female,3.5,Smartphone,True,0.31,"Poor Sleep, Eye Strain, Obesity Risk",Urban,13-17 (Teen),3.5,1
16,Male,5.27,TV,True,0.47,"Poor Sleep, Anxiety",Urban,13-17 (Teen),5.27,1
15,Male,3.88,TV,True,0.33,,Urban,13-17 (Teen),3.88,0
13,Male,3.16,Smartphone,True,0.38,,Urban,13-17 (Teen),3.16,0
11,Male,4.23,Smartphone,True,0.37,Poor Sleep,Urban,8-12 (Pre-teen),4.23,1
8,Female,1.72,Smartphone,False,0.49,,Urban,8-12 (Pre-teen),1.72,0
13,Female,3.51,Laptop,True,0.48,"Poor Sleep, Eye Strain",Rural,13-17 (Teen),3.51,1
10,Female,0.42,Smartphone,False,0.45,,Urban,8-12 (Pre-teen),0.42,0
13,Male,3.36,Laptop,True,0.49,Poor Sleep,Urban,13-17 (Teen),3.36,1
13,Male,4.51,Smartphone,True,0.39,Anxiety,Urban,13-17 (Teen),4.51,0
11,Female,4.79,Smartphone,True,0.44,"Poor Sleep, Anxiety",Urban,8-12 (Pre-teen),4.79,1
9,Male,7.47,Smartphone,True,0.4,,Urban,8-12 (Pre-teen),7.47,0
16,Male,4.9,Smartphone,True,0.39,"Eye Strain, Anxiety, Obesity Risk",Urban,13-17 (Teen),4.9,0
9,Female,6.41,TV,True,0.58,"Poor Sleep, Eye Strain",Urban,8-12 (Pre-teen),6.41,1
10,Male,3.52,Smartphone,True,0.45,Obesity Risk,Urban,8-12 (Pre-teen),3.52,0
17,Female,4.93,Smartphone,True,0.39,Poor Sleep,Urban,13-17 (Teen),4.93,1
8,Female,0.33,TV,False,0.45,,Urban,8-12 (Pre-teen),0.33,0
14,Female,4.22,Smartphone,True,0.3,Poor Sleep,Urban,13-17 (Teen),4.22,1
8,Male,4.94,Smartphone,True,0.46,,Rural,8-12 (Pre-teen),4.94,0
18,Female,4.06,Laptop,True,0.46,Poor Sleep,Urban,18-29 (Young Adult),4.06,1
16,Male,3.22,Smartphone,True,0.37,"Eye Strain, Anxiety, Obesity Risk",Rural,13-17 (Teen),3.22,0
18,Male,3.67,Laptop,True,0.33,,Rural,18-29 (Young Adult),3.67,0
18,Female,4.62,Laptop,True,0.42,Poor Sleep,Rural,18-29 (Young Adult),4.62,1
8,Male,9.7,Tablet,True,0.52,"Poor Sleep, Obesity Risk",Rural,8-12 (Pre-teen),9.7,1
12,Male,5.22,Laptop,True,0.32,"Poor Sleep, Anxiety",Urban,8-12 (Pre-teen),5.22,1
14,Male,3.8,Smartphone,True,0.49,Poor Sleep,Urban,13-17 (Teen),3.8,1
16,Male,4.79,TV,True,0.41,Anxiety,Urban,13-17 (Teen),4.79,0
15,Male,4.05,Smartphone,True,0.33,"Poor Sleep, Anxiety",Rural,13-17 (Teen),4.05,1
10,Male,4.02,Tablet,True,0.49,Poor Sleep,Rural,8-12 (Pre-teen),4.02,1
12,Female,2.08,Smartphone,False,0.49,,Urban,8-12 (Pre-teen),2.08,0
14,Female,2.51,Laptop,False,0.35,,Urban,13-17 (Teen),2.51,0
11,Female,4.46,Smartphone,True,0.31,Eye Strain,Rural,8-12 (Pre-teen),4.46,0
12,Female,4.03,Smartphone,True,0.42,Poor Sleep,Urban,8-12 (Pre-teen),4.03,1
16,Male,5.3,Smartphone,True,0.44,Poor Sleep,Urban,13-17 (Teen),5.3,1
17,Female,4.66,TV,True,0.36,"Poor Sleep, Anxiety",Urban,13-17 (Teen),4.66,1
16,Male,5.26,TV,True,0.38,,Rural,13-17 (Teen),5.26,0
14,Male,4.73,Smartphone,True,0.37,,Urban,13-17 (Teen),4.73,0
17,Female,5.8,Smartphone,True,0.36,Poor Sleep,Rural,13-17 (Teen),5.8,1
9,Male,4.34,Smartphone,True,0.43,"Eye Strain, Anxiety",Rural,8-12 (Pre-teen),4.34,0
14,Female,3.96,Laptop,True,0.32,"Poor Sleep, Eye Strain",Urban,13-17 (Teen),3.96,1
14,Male,3.85,Smartphone,True,0.38,"Poor Sleep, Anxiety",Urban,13-17 (Teen),3.85,1
18,Male,2.84,Laptop,False,0.36,,Urban,18-29 (Young Adult),2.84,0
12,Female,3.83,TV,True,0.36,Poor Sleep,Urban,8-12 (Pre-teen),3.83,1
16,Male,4.2,Smartphone,True,0.43,"Poor Sleep, Obesity Risk",Urban,13-17 (Teen),4.2,1
18,Male,3.75,TV,True,0.4,Poor Sleep,Urban,18-29 (Young Adult),3.75,1
10,Female,4.22,Smartphone,True,0.56,Poor Sleep,Urban,8-12 (Pre-teen),4.22,1
11,Female,5.27,Smartphone,True,0.34,Poor Sleep,Urban,8-12 (Pre-teen),5.27,1
8,Female,0.73,TV,False,0.47,,Urban,8-12 (Pre-teen),0.73,0
13,Male,4.56,Smartphone,True,0.48,"Poor Sleep, Eye Strain",Rural,13-17 (Teen),4.56,1
11,Male,5.62,Smartphone,True,0.44,Poor Sleep,Urban,8-12 (Pre-teen),5.62,1
8,Male,0.0,TV,False,0.4,,Urban,8-12 (Pre-teen),0.0,0
9,Female,0.0,TV,False,0.53,,Urban,8-12 (Pre-teen),0.0,0
10,Male,4.11,TV,True,0.4,"Poor Sleep, Eye Strain, Obesity Risk",Urban,8-12 (Pre-teen),4.11,1
16,Female,5.66,Smartphone,True,0.37,Eye Strain,Urban,13-17 (Teen),5.66,0
15,Male,4.29,TV,True,0.45,Anxiety,Rural,13-17 (Teen),4.29,0
14,Male,4.4,Laptop,True,0.47,,Urban,13-17 (Teen),4.4,0
18,Female,5.94,Smartphone,True,0.38,"Poor Sleep, Eye Strain",Urban,18-29 (Young Adult),5.94,1
11,Male,4.6,Smartphone,True,0.34,"Poor Sleep, Obesity Risk",Urban,8-12 (Pre-teen),4.6,1
8,Female,0.89,Tablet,False,0.52,,Urban,8-12 (Pre-teen),0.89,0
15,Female,5.02,Laptop,True,0.31,,Rural,13-17 (Teen),5.02,0
11,Male,2.5,Smartphone,False,0.31,,Rural,8-12 (Pre-teen),2.5,0
10,Male,6.84,Smartphone,True,0.54,Anxiety,Urban,8-12 (Pre-teen),6.84,0
16,Female,3.43,Laptop,True,0.33,,Urban,13-17 (Teen),3.43,0
17,Male,6.6,TV,True,0.41,"Poor Sleep, Eye Strain, Anxiety",Urban,13-17 (Teen),6.6,1
11,Male,6.98,TV,True,0.4,,Rural,8-12 (Pre-teen),6.98,0
11,Male,5.22,Smartphone,True,0.39,Poor Sleep,Urban,8-12 (Pre-teen),5.22,1
16,Male,4.5,Smartphone,True,0.37,"Poor Sleep, Eye Strain, Anxiety",Rural,13-17 (Teen),4.5,1
18,Male,0.86,Smartphone,False,0.32,,Urban,18-29 (Young Adult),0.86,0
9,Male,5.18,Smartphone,True,0.55,"Anxiety, Obesity Risk",Urban,8-12 (Pre-teen),5.18,0
12,Male,5.32,Tablet,True,0.43,Poor Sleep,Rural,8-12 (Pre-teen),5.32,1
11,Female,6.02,Smartphone,True,0.46,,Urban,8-12 (Pre-teen),6.02,0
16,Male,5.85,Smartphone,True,0.42,,Urban,13-17 (Teen),5.85,0
12,Male,4.97,Laptop,True,0.47,"Poor Sleep, Anxiety",Urban,8-12 (Pre-teen),4.97,1
16,Female,6.69,Laptop,True,0.46,"Poor Sleep, Eye Strain, Anxiety",Urban,13-17 (Teen),6.69,1
18,Male,5.11,Smartphone,True,0.39,Obesity Risk,Rural,18-29 (Young Adult),5.11,0
16,Female,3.71,Smartphone,True,0.4,Obesity Risk,Urban,13-17 (Teen),3.71,0
9,Male,5.58,Tablet,True,0.46,,Urban,8-12 (Pre-teen),5.58,0
16,Female,5.69,TV,True,0.5,Poor Sleep,Urban,13-17 (Teen),5.69,1
10,Male,2.33,Smartphone,True,0.53,,Rural,8-12 (Pre-teen),2.33,0
11,Female,3.17,Laptop,True,0.31,Eye Strain,Rural,8-12 (Pre-teen),3.17,0
8,Male,1.9,Tablet,False,0.57,,Urban,8-12 (Pre-teen),1.9,0
8,Female,5.57,Smartphone,True,0.44,Eye Strain,Rural,8-12 (Pre-teen),5.57,0
8,Female,2.26,TV,True,0.59,,Urban,8-12 (Pre-teen),2.26,0
16,Female,4.59,Smartphone,True,0.39,"Poor Sleep, Anxiety",Rural,13-17 (Teen),4.59,1
18,Female,7.54,Smartphone,True,0.36,Poor Sleep,Urban,18-29 (Young Adult),7.54,1
15,Female,7.09,Laptop,True,0.44,Poor Sleep,Urban,13-17 (Teen),7.09,1
12,Female,2.69,Smartphone,False,0.48,,Urban,8-12 (Pre-teen),2.69,0
12,Female,5.05,Smartphone,True,0.41,"Poor Sleep, Eye Strain",Urban,8-12 (Pre-teen),5.05,1
16,Female,4.74,Smartphone,True,0.41,,Rural,13-17 (Teen),4.74,0
10,Male,3.66,TV,True,0.47,Poor Sleep,Urban,8-12 (Pre-teen),3.66,1
10,Female,2.85,TV,True,0.49,,Urban,8-12 (Pre-teen),2.85,0
14,Female,5.3,Smartphone,True,0.35,"Poor Sleep, Anxiety",Urban,13-17 (Teen),5.3,1
16,Male,6.08,Smartphone,True,0.38,,Urban,13-17 (Teen),6.08,0
13,Male,6.17,Smartphone,True,0.47,"Poor Sleep, Anxiety",Urban,13-17 (Teen),6.17,1
9,Male,6.62,Smartphone,True,0.48,Poor Sleep,Rural,8-12 (Pre-teen),6.62,1
8,Female,4.23,TV,True,0.51,Eye Strain,Urban,8-12 (Pre-teen),4.23,0
9,Female,8.07,TV,True,0.53,"Poor Sleep, Anxiety, Obesity Risk",Urban,8-12 (Pre-teen),8.07,1
8,Male,4.84,Smartphone,True,0.55,,Rural,8-12 (Pre-teen),4.84,0
17,Male,3.26,Smartphone,True,0.44,Poor Sleep,Urban,13-17 (Teen),3.26,1
17,Female,4.43,Smartphone,True,0.4,Poor Sleep,Rural,13-17 (Teen),4.43,1
16,Male,5.62,Smartphone,True,0.39,"Poor Sleep, Eye Strain, Anxiety",Rural,13-17 (Teen),5.62,1
17,Male,5.6,TV,True,0.43,Poor Sleep,Urban,13-17 (Teen),5.6,1
15,Female,6.12,TV,True,0.33,Anxiety,Urban,13-17 (Teen),6.12,0
