age_group,gender,screen_time_hours,sleep_affected,source
18-29 (Young Adult),F,8.7,1,Adult
30-45 (Adult),M,9.6,1,Adult
30-45 (Adult),F,4.0,1,Adult
30-45 (Adult),F,7.6,0,Adult
30-45 (Adult),F,3.5,0,Adult
30-45 (Adult),F,2.6,1,Adult
18-29 (Young Adult),M,5.4,1,Adult
30-45 (Adult),M,4.5,1,Adult
30-45 (Adult),M,3.9,1,Adult
30-45 (Adult),M,5.7,0,Adult
18-29 (Young Adult),F,7.9,0,Adult
18-29 (Young Adult),M,10.0,1,Adult
30-45 (Adult),M,6.3,1,Adult
18-29 (Young Adult),F,6.5,1,Adult
30-45 (Adult),M,7.0,1,Adult
30-45 (Adult),F,6.2,1,Adult
30-45 (Adult),M,6.3,1,Adult
18-29 (Young Adult),F,6.1,1,Adult
30-45 (Adult),F,4.5,1,Adult
18-29 (Young Adult),F,3.1,0,Adult
18-29 (Young Adult),F,6.3,1,Adult
30-45 (Adult),M,6.7,1,Adult
30-45 (Adult),M,2.7,1,Adult
18-29 (Young Adult),F,7.7,0,Adult
18-29 (Young Adult),M,4.6,1,Adult
18-29 (Young Adult),F,8.2,0,Adult
30-45 (Adult),F,6.3,0,Adult
30-45 (Adult),M,1.2,1,Adult
30-45 (Adult),F,3.1,1,Adult
18-29 (Young Adult),F,3.9,1,Adult
30-45 (Adult),F,2.2,1,Adult
18-29 (Young Adult),F,2.6,0,Adult
30-45 (Adult),M,8.3,1,Adult
30-45 (Adult),F,9.7,1,Adult
18-29 (Young Adult),F,4.7,1,Adult
30-45 (Adult),F,10.0,1,Adult
30-45 (Adult),F,1.3,1,Adult
30-45 (Adult),M,3.7,1,Adult
18-29 (Young Adult),F,7.1,1,Adult
18-29 (Young Adult),F,8.4,0,Adult
18-29 (Young Adult),M,8.3,1,Adult
18-29 (Young Adult),M,9.6,1,Adult
18-29 (Young Adult),M,8.8,1,Adult
18-29 (Young Adult),F,6.7,1,Adult
18-29 (Young Adult),M,6.1,0,Adult
30-45 (Adult),M,2.3,1,Adult
18-29 (Young Adult),F,1.3,1,Adult
18-29 (Young Adult),F,2.4,0,Adult
18-29 (Young Adult),M,6.6,1,Adult
18-29 (Young Adult),M,5.9,1,Adult
30-45 (Adult),F,2.0,0,Adult
30-45 (Adult),M,7.8,1,Adult
18-29 (Young Adult),M,6.5,1,Adult
18-29 (Young Adult),M,7.3,0,Adult
30-45 (Adult),F,9.8,1,Adult
18-29 (Young Adult),M,6.8,1,Adult
18-29 (Young Adult),F,5.5,0,Adult
30-45 (Adult),M,4.4,0,Adult
30-45 (Adult),M,9.3,1,Adult
18-29 (Young Adult),F,5.6,1,Adult
18-29 (Young Adult),M,7.4,1,Adult
18-29 (Young Adult),M,6.0,1,Adult
30-45 (Adult),M,4.8,1,Adult
18-29 (Young Adult),F,10.0,1,Adult
30-45 (Adult),F,5.4,0,Adult
30-45 (Adult),M,4.3,1,Adult
30-45 (Adult),M,4.3,0,Adult
18-29 (Young Adult),M,2.4,1,Adult
18-29 (Young Adult),M,1.2,0,Adult
30-45 (Adult),F,2.3,0,Adult
30-45 (Adult),F,5.6,1,Adult
30-45 (Adult),M,4.0,1,Adult
30-45 (Adult),F,9.3,1,Adult
30-45 (Adult),F,2.3,0,Adult
30-45 (Adult),F,7.6,1,Adult
30-45 (Adult),M,9.1,0,Adult
18-29 (Young Adult),F,6.6,1,Adult
30-45 (Adult),F,9.0,1,Adult
30-45 (Adult),F,5.3,1,Adult
18-29 (Young Adult),M,4.5,0,Adult
30-45 (Adult),M,8.7,0,Adult
18-29 (Young Adult),M,5.6,0,Adult
30-45 (Adult),F,2.4,0,Adult
18-29 (Young Adult),M,4.0,1,Adult
18-29 (Young Adult),F,7.3,0,Adult
30-45 (Adult),F,4.8,0,Adult
30-45 (Adult),F,6.0,0,Adult
30-45 (Adult),M,1.3,1,Adult
30-45 (Adult),F,6.7,1,Adult
30-45 (Adult),M,2.8,0,Adult
30-45 (Adult),F,5.1,0,Adult
30-45 (Adult),F,8.8,1,Adult
30-45 (Adult),M,5.6,1,Adult
30-45 (Adult),F,3.7,1,Adult
30-45 (Adult),M,3.0,1,Adult
30-45 (Adult),M,3.0,1,Adult
30-45 (Adult),F,5.0,1,Adult
30-45 (Adult),M,5.4,0,Adult
18-29 (Young Adult),M,1.4,1,Adult
30-45 (Adult),M,6.0,1,Adult
30-45 (Adult),F,8.3,1,Adult
18-29 (Young Adult),F,5.5,1,Adult
30-45 (Adult),M,2.1,0,Adult
30-45 (Adult),F,5.0,1,Adult
18-29 (Young Adult),F,7.3,1,Adult
18-29 (Young Adult),F,5.1,1,Adult
30-45 (Adult),F,4.1,0,Adult
30-45 (Adult),F,5.5,1,Adult
30-45 (Adult),F,4.5,1,Adult
30-45 (Adult),M,9.5,1,Adult
18-29 (Young Adult),F,3.6,1,Adult
30-45 (Adult),F,1.2,1,Adult
30-45 (Adult),M,4.7,1,Adult
18-29 (Young Adult),M,2.1,0,Adult
18-29 (Young Adult),M,1.8,0,Adult
30-45 (Adult),M,2.0,0,Adult
18-29 (Young Adult),M,9.4,1,Adult
30-45 (Adult),F,3.9,1,Adult
18-29 (Young Adult),M,3.1,0,Adult
18-29 (Young Adult),F,10.0,1,Adult
18-29 (Young Adult),M,8.2,1,Adult
30-45 (Adult),M,5.7,1,Adult
18-29 (Young Adult),M,5.7,1,Adult
30-45 (Adult),F,4.6,1,Adult
18-29 (Young Adult),M,2.5,1,Adult
18-29 (Young Adult),F,1.7,0,Adult
18-29 (Young Adult),F,8.0,1,Adult
18-29 (Young Adult),F,8.3,0,Adult
18-29 (Young Adult),M,7.7,1,Adult
30-45 (Adult),F,4.3,1,Adult
18-29 (Young Adult),M,7.4,0,Adult
18-29 (Young Adult),M,2.1,1,Adult
18-29 (Young Adult),M,2.2,0,Adult
18-29 (Young Adult),M,3.8,1,Adult
30-45 (Adult),F,1.9,0,Adult
18-29 (Young Adult),M,5.3,1,Adult
18-29 (Young Adult),M,3.5,1,Adult
30-45 (Adult),F,1.9,0,Adult
30-45 (Adult),M,2.9,0,Adult
18-29 (Young Adult),M,4.1,1,Adult
18-29 (Young Adult),F,2.6,0,Adult
30-45 (Adult),F,5.5,1,Adult
30-45 (Adult),F,3.3,1,Adult
18-29 (Young Adult),M,9.0,1,Adult
30-45 (Adult),F,9.1,1,Adult
18-29 (Young Adult),F,6.0,1,Adult
18-29 (Young Adult),M,8.6,1,Adult
30-45 (Adult),F,8.2,1,Adult
30-45 (Adult),F,3.7,1,Adult
30-45 (Adult),M,1.2,0,Adult
30-45 (Adult),M,1.3,1,Adult
30-45 (Adult),M,4.5,0,Adult
30-45 (Adult),M,4.0,0,Adult
30-45 (Adult),M,4.7,1,Adult
18-29 (Young Adult),M,3.6,1,Adult
18-29 (Young Adult),F,8.1,0,Adult
30-45 (Adult),M,4.6,1,Adult
30-45 (Adult),F,5.1,1,Adult
18-29 (Young Adult),M,9.3,0,Adult
30-45 (Adult),M,9.3,1,Adult
30-45 (Adult),M,6.4,1,Adult
18-29 (Young Adult),F,3.4,1,Adult
18-29 (Young Adult),M,6.6,1,Adult
30-45 (Adult),M,7.5,1,Adult
18-29 (Young Adult),F,3.6,0,Adult
18-29 (Young Adult),F,6.5,1,Adult
30-45 (Adult),M,1.1,0,Adult
30-45 (Adult),M,8.3,1,Adult
18-29 (Young Adult),M,8.4,1,Adult
18-29 (Young Adult),F,1.5,1,Adult
18-29 (Young Adult),F,6.1,0,Adult
18-29 (Young Adult),F,3.8,1,Adult
30-45 (Adult),M,2.2,0,Adult
30-45 (Adult),F,9.6,1,Adult
30-45 (Adult),F,5.0,0,Adult
30-45 (Adult),M,1.2,0,Adult
30-45 (Adult),F,1.9,1,Adult
30-45 (Adult),F,9.6,1,Adult
18-29 (Young Adult),M,9.3,0,Adult
30-45 (Adult),F,1.1,1,Adult
18-29 (Young Adult),F,1.1,1,Adult
30-45 (Adult),M,6.7,1,Adult
18-29 (Young Adult),M,3.1,1,Adult
18-29 (Young Adult),M,9.3,0,Adult
18-29 (Young Adult),F,3.0,1,Adult
18-29 (Young Adult),F,7.5,1,Adult
18-29 (Young Adult),M,3.5,0,Adult
30-45 (Adult),F,6.8,0,Adult
18-29 (Young Adult),M,2.4,1,Adult
18-29 (Young Adult),F,2.4,0,Adult
18-29 (Young Adult),M,4.1,1,Adult
30-45 (Adult),F,6.8,0,Adult
18-29 (Young Adult),M,9.9,1,Adult
30-45 (Adult),F,7.8,1,Adult
30-45 (Adult),F,8.2,0,Adult
30-45 (Adult),F,6.5,1,Adult
30-45 (Adult),F,1.5,1,Adult
30-45 (Adult),F,2.8,1,Adult
30-45 (Adult),M,6.2,1,Adult
18-29 (Young Adult),F,7.4,1,Adult
18-29 (Young Adult),F,9.1,0,Adult
18-29 (Young Adult),F,7.0,0,Adult
18-29 (Young Adult),M,6.8,0,Adult
30-45 (Adult),F,5.9,0,Adult
18-29 (Young Adult),M,6.2,1,Adult
30-45 (Adult),M,2.7,0,Adult
18-29 (Young Adult),M,6.4,0,Adult
30-45 (Adult),M,1.0,0,Adult
18-29 (Young Adult),M,4.4,0,Adult
30-45 (Adult),F,4.5,1,Adult
18-29 (Young Adult),F,5.2,1,Adult
18-29 (Young Adult),M,1.2,1,Adult
30-45 (Adult),F,5.7,1,Adult
30-45 (Adult),M,9.7,0,Adult
30-45 (Adult),F,4.6,1,Adult
18-29 (Young Adult),M,8.3,0,Adult
30-45 (Adult),F,9.9,1,Adult
18-29 (Young Adult),F,9.2,1,Adult
18-29 (Young Adult),F,6.0,1,Adult
18-29 (Young Adult),F,7.5,1,Adult
18-29 (Young Adult),F,2.5,1,Adult
30-45 (Adult),F,7.1,1,Adult
18-29 (Young Adult),F,5.2,0,Adult
30-45 (Adult),F,2.0,1,Adult
18-29 (Young Adult),F,3.3,0,Adult
18-29 (Young Adult),F,6.8,1,Adult
30-45 (Adult),F,6.1,1,Adult
18-29 (Young Adult),M,9.0,1,Adult
18-29 (Young Adult),F,2.3,1,Adult
18-29 (Young Adult),F,7.5,1,Adult
18-29 (Young Adult),M,2.3,1,Adult
18-29 (Young Adult),M,3.3,1,Adult
30-45 (Adult),F,8.3,1,Adult
30-45 (Adult),F,5.9,0,Adult
30-45 (Adult),M,4.0,0,Adult
18-29 (Young Adult),F,2.2,0,Adult
18-29 (Young Adult),F,2.9,1,Adult
30-45 (Adult),M,9.5,1,Adult
30-45 (Adult),F,8.5,1,Adult
18-29 (Young Adult),F,4.1,1,Adult
30-45 (Adult),F,1.1,1,Adult
30-45 (Adult),F,1.0,0,Adult
18-29 (Young Adult),M,2.3,0,Adult
30-45 (Adult),M,3.6,0,Adult
18-29 (Young Adult),F,8.4,1,Adult
30-45 (Adult),F,1.1,1,Adult
30-45 (Adult),M,6.0,1,Adult
30-45 (Adult),M,4.9,1,Adult
30-45 (Adult),F,5.0,1,Adult
18-29 (Young Adult),F,4.1,1,Adult
30-45 (Adult),F,9.7,1,Adult
18-29 (Young Adult),F,1.4,1,Adult
18-29 (Young Adult),M,4.8,0,Adult
30-45 (Adult),F,3.9,1,Adult
30-45 (Adult),M,4.8,1,Adult
30-45 (Adult),M,9.2,0,Adult
18-29 (Young Adult),F,4.7,1,Adult
30-45 (Adult),F,5.0,1,Adult
18-29 (Young Adult),M,8.9,0,Adult
30-45 (Adult),M,7.8,1,Adult
30-45 (Adult),M,7.1,0,Adult
18-29 (Young Adult),F,9.2,0,Adult
18-29 (Young Adult),F,5.0,1,Adult
18-29 (Young Adult),M,9.5,0,Adult
18-29 (Young Adult),F,7.0,0,Adult
18-29 (Young Adult),F,1.2,0,Adult
30-45 (Adult),F,3.6,1,Adult
18-29 (Young Adult),M,4.1,1,Adult
30-45 (Adult),M,1.8,1,Adult
30-45 (Adult),M,9.4,0,Adult
18-29 (Young Adult),F,5.4,1,Adult
18-29 (Young Adult),M,2.9,0,Adult
30-45 (Adult),M,2.0,1,Adult
30-45 (Adult),F,3.7,1,Adult
30-45 (Adult),M,7.4,1,Adult
18-29 (Young Adult),F,8.6,0,Adult
18-29 (Young Adult),F,3.6,1,Adult
18-29 (Young Adult),F,2.9,1,Adult
18-29 (Young Adult),F,6.5,0,Adult
30-45 (Adult),M,8.0,1,Adult
30-45 (Adult),F,3.3,1,Adult
18-29 (Young Adult),F,7.3,1,Adult
30-45 (Adult),F,7.8,1,Adult
18-29 (Young Adult),M,3.9,1,Adult
30-45 (Adult),F,8.7,1,Adult
18-29 (Young Adult),M,2.7,1,Adult
18-29 (Young Adult),F,2.9,1,Adult
30-45 (Adult),M,3.3,0,Adult
18-29 (Young Adult),M,4.8,0,Adult
18-29 (Young Adult),F,6.8,0,Adult
18-29 (Young Adult),M,3.3,1,Adult
18-29 (Young Adult),F,4.8,0,Adult
30-45 (Adult),F,2.9,0,Adult
30-45 (Adult),F,3.2,1,Adult
18-29 (Young Adult),F,4.5,1,Adult
30-45 (Adult),F,6.5,1,Adult
30-45 (Adult),F,5.9,0,Adult
30-45 (Adult),F,10.0,1,Adult
18-29 (Young Adult),F,3.8,1,Adult
30-45 (Adult),F,4.7,1,Adult
18-29 (Young Adult),M,6.3,0,Adult
18-29 (Young Adult),F,1.5,0,Adult
30-45 (Adult),F,8.6,0,Adult
30-45 (Adult),M,7.7,1,Adult
30-45 (Adult),F,4.5,1,Adult
30-45 (Adult),M,9.7,1,Adult
30-45 (Adult),M,4.9,0,Adult
18-29 (Young Adult),F,9.7,1,Adult
30-45 (Adult),F,1.8,0,Adult
30-45 (Adult),F,9.5,1,Adult
30-45 (Adult),F,6.3,1,Adult
30-45 (Adult),M,7.8,0,Adult
30-45 (Adult),M,9.7,0,Adult
18-29 (Young Adult),M,6.5,1,Adult
30-45 (Adult),M,8.1,0,Adult
18-29 (Young Adult),F,9.8,1,Adult
30-45 (Adult),M,6.0,1,Adult
30-45 (Adult),M,4.0,1,Adult
18-29 (Young Adult),F,1.1,1,Adult
18-29 (Young Adult),M,4.6,0,Adult
30-45 (Adult),M,2.8,1,Adult
18-29 (Young Adult),M,4.2,1,Adult
30-45 (Adult),F,9.1,0,Adult
18-29 (Young Adult),M,4.6,1,Adult
18-29 (Young Adult),F,1.7,1,Adult
18-29 (Young Adult),F,1.7,0,Adult
30-45 (Adult),F,4.2,0,Adult
30-45 (Adult),M,4.1,1,Adult
18-29 (Young Adult),M,9.3,1,Adult
18-29 (Young Adult),M,5.6,1,Adult
18-29 (Young Adult),M,6.3,1,Adult
30-45 (Adult),M,8.2,1,Adult
18-29 (Young Adult),F,6.6,1,Adult
30-45 (Adult),F,5.8,1,Adult
30-45 (Adult),M,8.5,1,Adult
30-45 (Adult),F,7.8,1,Adult
30-45 (Adult),M,9.9,1,Adult
30-45 (Adult),M,9.5,0,Adult
18-29 (Young Adult),M,2.1,1,Adult
18-29 (Young Adult),F,9.4,0,Adult
30-45 (Adult),M,5.8,1,Adult
30-45 (Adult),M,9.3,1,Adult
18-29 (Young Adult),F,6.0,1,Adult
30-45 (Adult),M,2.0,1,Adult
30-45 (Adult),M,9.1,1,Adult
30-45 (Adult),F,1.3,1,Adult
30-45 (Adult),F,7.2,0,Adult
30-45 (Adult),F,9.7,0,Adult
30-45 (Adult),M,7.3,1,Adult
30-45 (Adult),F,1.7,1,Adult
18-29 (Young Adult),F,6.7,1,Adult
18-29 (Young Adult),F,8.2,0,Adult
30-45 (Adult),M,1.7,1,Adult
18-29 (Young Adult),M,8.3,1,Adult
30-45 (Adult),M,9.6,1,Adult
18-29 (Young Adult),M,8.5,0,Adult
18-29 (Young Adult),F,4.7,0,Adult
30-45 (Adult),M,8.4,1,Adult
30-45 (Adult),M,2.4,0,Adult
30-45 (Adult),M,6.9,1,Adult
30-45 (Adult),F,2.3,0,Adult
30-45 (Adult),M,3.1,1,Adult
18-29 (Young Adult),F,8.0,0,Adult
30-45 (Adult),M,5.0,1,Adult
30-45 (Adult),M,3.8,1,Adult
30-45 (Adult),F,7.4,1,Adult
18-29 (Young Adult),M,5.2,1,Adult
30-45 (Adult),M,4.7,1,Adult
18-29 (Young Adult),M,4.1,1,Adult
18-29 (Young Adult),F,3.1,1,Adult
30-45 (Adult),M,8.1,0,Adult
18-29 (Young Adult),M,6.5,0,Adult
30-45 (Adult),F,5.3,1,Adult
18-29 (Young Adult),F,8.8,0,Adult
30-45 (Adult),F,4.5,0,Adult
30-45 (Adult),M,1.6,1,Adult
30-45 (Adult),M,6.4,1,Adult
30-45 (Adult),M,6.7,1,Adult
30-45 (Adult),M,9.1,0,Adult
30-45 (Adult),F,4.9,1,Adult
30-45 (Adult),M,5.4,1,Adult
30-45 (Adult),F,4.2,0,Adult
30-45 (Adult),M,5.0,0,Adult
18-29 (Young Adult),F,10.0,0,Adult
18-29 (Young Adult),F,2.5,1,Adult
30-45 (Adult),M,5.0,1,Adult
18-29 (Young Adult),M,8.8,1,Adult
18-29 (Young Adult),M,9.6,1,Adult
18-29 (Young Adult),M,6.2,1,Adult
30-45 (Adult),F,7.9,1,Adult
18-29 (Young Adult),F,7.2,1,Adult
18-29 (Young Adult),M,6.2,1,Adult
18-29 (Young Adult),F,7.5,0,Adult
30-45 (Adult),F,9.3,1,Adult
18-29 (Young Adult),M,4.4,1,Adult
30-45 (Adult),M,2.3,0,Adult
30-45 (Adult),F,4.2,0,Adult
30-45 (Adult),M,2.7,1,Adult
30-45 (Adult),M,3.9,0,Adult
18-29 (Young Adult),F,1.5,1,Adult
30-45 (Adult),M,9.5,0,Adult
18-29 (Young Adult),F,8.0,0,Adult
18-29 (Young Adult),F,2.4,1,Adult
30-45 (Adult),M,6.1,0,Adult
30-45 (Adult),F,5.3,0,Adult
18-29 (Young Adult),F,5.9,0,Adult
30-45 (Adult),M,3.7,1,Adult
30-45 (Adult),F,9.8,1,Adult
30-45 (Adult),M,6.0,1,Adult
30-45 (Adult),M,5.4,1,Adult
30-45 (Adult),M,9.8,1,Adult
18-29 (Young Adult),F,9.8,1,Adult
18-29 (Young Adult),F,8.1,1,Adult
30-45 (Adult),M,9.2,1,Adult
30-45 (Adult),F,6.7,1,Adult
30-45 (Adult),M,1.9,1,Adult
30-45 (Adult),M,2.5,0,Adult
30-45 (Adult),F,1.7,0,Adult
30-45 (Adult),F,6.3,0,Adult
30-45 (Adult),M,9.8,1,Adult
18-29 (Young Adult),F,8.5,0,Adult
18-29 (Young Adult),M,3.6,1,Adult
18-29 (Young Adult),F,3.4,0,Adult
18-29 (Young Adult),M,9.6,1,Adult
18-29 (Young Adult),M,3.0,1,Adult
18-29 (Young Adult),M,1.0,1,Adult
18-29 (Young Adult),F,7.9,0,Adult
18-29 (Young Adult),F,9.2,1,Adult
30-45 (Adult),M,9.2,1,Adult
30-45 (Adult),M,7.0,1,Adult
30-45 (Adult),M,5.1,1,Adult
30-45 (Adult),M,7.7,1,Adult
18-29 (Young Adult),M,1.0,1,Adult
30-45 (Adult),F,3.2,1,Adult
30-45 (Adult),F,8.8,1,Adult
30-45 (Adult),M,7.5,1,Adult
30-45 (Adult),M,5.0,1,Adult
30-45 (Adult),F,4.1,0,Adult
30-45 (Adult),F,8.6,1,Adult
30-45 (Adult),F,6.3,1,Adult
30-45 (Adult),F,8.2,1,Adult
30-45 (Adult),F,9.8,1,Adult
30-45 (Adult),F,2.2,1,Adult
18-29 (Young Adult),F,6.3,1,Adult
18-29 (Young Adult),M,2.9,1,Adult
30-45 (Adult),M,4.9,1,Adult
30-45 (Adult),M,8.1,0,Adult
18-29 (Young Adult),F,4.6,1,Adult
18-29 (Young Adult),M,4.2,0,Adult
30-45 (Adult),F,9.3,1,Adult
18-29 (Young Adult),F,3.8,1,Adult
30-45 (Adult),F,4.4,0,Adult
30-45 (Adult),F,2.2,1,Adult
30-45 (Adult),M,3.0,1,Adult
30-45 (Adult),M,2.1,1,Adult
30-45 (Adult),M,7.8,1,Adult
18-29 (Young Adult),F,1.6,0,Adult
18-29 (Young Adult),F,7.0,1,Adult
18-29 (Young Adult),M,9.7,1,Adult
18-29 (Young Adult),F,6.4,1,Adult
18-29 (Young Adult),F,5.2,1,Adult
18-29 (Young Adult),F,6.9,1,Adult
30-45 (Adult),F,1.6,0,Adult
18-29 (Young Adult),F,3.7,0,Adult
18-29 (Young Adult),F,5.4,0,Adult
18-29 (Young Adult),F,9.3,1,Adult
18-29 (Young Adult),M,7.2,1,Adult
30-45 (Adult),F,2.5,1,Adult
30-45 (Adult),F,6.1,1,Adult
18-29 (Young Adult),M,6.7,1,Adult
30-45 (Adult),F,4.6,1,Adult
18-29 (Young Adult),M,9.7,1,Adult
18-29 (Young Adult),M,6.5,1,Adult
18-29 (Young Adult),M,6.3,1,Adult
18-29 (Young Adult),F,9.9,1,Adult
30-45 (Adult),F,1.3,1,Adult
30-45 (Adult),F,3.5,1,Adult
30-45 (Adult),M,1.7,1,Adult
18-29 (Young Adult),F,9.7,1,Adult
30-45 (Adult),M,1.1,0,Adult
18-29 (Young Adult),F,8.6,1,Adult
30-45 (Adult),F,4.0,0,Adult
30-45 (Adult),M,8.2,0,Adult
30-45 (Adult),M,7.5,1,Adult
30-45 (Adult),M,5.8,1,Adult
30-45 (Adult),F,2.0,1,Adult
30-45 (Adult),M,4.8,0,Adult
18-29 (Young Adult),M,3.8,0,Adult
18-29 (Young Adult),M,7.2,1,Adult
30-45 (Adult),F,6.4,0,Adult
30-45 (Adult),M,1.4,1,Adult
30-45 (Adult),F,5.5,1,Adult
30-45 (Adult),F,2.6,1,Adult
30-45 (Adult),F,6.6,1,Adult
18-29 (Young Adult),M,8.0,1,Adult
18-29 (Young Adult),M,6.1,0,Adult
18-29 (Young Adult),M,8.1,1,Adult
18-29 (Young Adult),F,1.3,0,Adult
18-29 (Young Adult),M,8.4,1,Adult
30-45 (Adult),M,1.2,1,Adult
30-45 (Adult),F,4.4,1,Adult
30-45 (Adult),F,5.0,0,Adult
30-45 (Adult),M,2.6,1,Adult
18-29 (Young Adult),F,1.7,1,Adult
30-45 (Adult),M,7.0,1,Adult
18-29 (Young Adult),F,6.2,1,Adult
18-29 (Young Adult),M,2.4,1,Adult
30-45 (Adult),M,2.4,1,Adult
30-45 (Adult),F,9.1,0,Adult
30-45 (Adult),M,1.3,0,Adult
18-29 (Young Adult),F,6.8,1,Adult
30-45 (Adult),F,7.1,1,Adult
30-45 (Adult),M,6.2,1,Adult
30-45 (Adult),F,7.5,1,Adult
30-45 (Adult),M,9.7,1,Adult
30-45 (Adult),M,3.9,1,Adult
18-29 (Young Adult),F,3.3,1,Adult
30-45 (Adult),F,2.9,0,Adult
30-45 (Adult),F,7.7,0,Adult
18-29 (Young Adult),F,9.0,1,Adult
18-29 (Young Adult),F,7.8,1,Adult
30-45 (Adult),F,5.1,0,Adult
30-45 (Adult),F,9.7,0,Adult
18-29 (Young Adult),M,7.7,1,Adult
18-29 (Young Adult),F,4.2,1,Adult
18-29 (Young Adult),M,2.7,1,Adult
18-29 (Young Adult),F,4.8,1,Adult
30-45 (Adult),F,7.8,1,Adult
30-45 (Adult),F,3.4,1,Adult
30-45 (Adult),F,2.7,1,Adult
18-29 (Young Adult),M,4.6,1,Adult
18-29 (Young Adult),M,2.8,0,Adult
30-45 (Adult),M,1.1,0,Adult
18-29 (Young Adult),F,8.6,1,Adult
30-45 (Adult),F,9.7,1,Adult
18-29 (Young Adult),M,8.6,1,Adult
30-45 (Adult),M,1.2,1,Adult
30-45 (Adult),F,1.6,1,Adult
30-45 (Adult),M,6.2,1,Adult
30-45 (Adult),M,6.3,1,Adult
30-45 (Adult),F,7.2,0,Adult
30-45 (Adult),M,1.7,1,Adult
18-29 (Young Adult),M,5.6,1,Adult
18-29 (Young Adult),F,5.7,1,Adult
30-45 (Adult),M,8.1,1,Adult
18-29 (Young Adult),M,8.9,0,Adult
30-45 (Adult),M,7.2,1,Adult
18-29 (Young Adult),F,5.6,1,Adult
30-45 (Adult),M,3.6,1,Adult
18-29 (Young Adult),M,1.5,1,Adult
30-45 (Adult),F,6.4,0,Adult
30-45 (Adult),M,4.1,1,Adult
30-45 (Adult),M,7.3,0,Adult
30-45 (Adult),F,8.4,0,Adult
30-45 (Adult),F,7.3,1,Adult
30-45 (Adult),M,5.4,1,Adult
30-45 (Adult),M,1.7,1,Adult
30-45 (Adult),F,7.2,1,Adult
30-45 (Adult),M,8.4,0,Adult
18-29 (Young Adult),F,9.2,1,Adult
30-45 (Adult),M,3.4,1,Adult
18-29 (Young Adult),F,7.8,1,Adult
18-29 (Young Adult),M,9.8,1,Adult
30-45 (Adult),M,5.7,1,Adult
18-29 (Young Adult),F,4.3,1,Adult
18-29 (Young Adult),M,4.7,1,Adult
18-29 (Young Adult),M,7.9,1,Adult
30-45 (Adult),F,2.0,1,Adult
18-29 (Young Adult),M,6.8,0,Adult
30-45 (Adult),F,7.9,0,Adult
30-45 (Adult),M,1.4,0,Adult
30-45 (Adult),M,4.6,1,Adult
18-29 (Young Adult),M,5.5,1,Adult
18-29 (Young Adult),F,9.1,1,Adult
30-45 (Adult),F,8.3,1,Adult
30-45 (Adult),M,6.1,1,Adult
18-29 (Young Adult),F,4.2,1,Adult
30-45 (Adult),M,8.0,1,Adult
30-45 (Adult),M,3.8,1,Adult
18-29 (Young Adult),M,2.1,1,Adult
30-45 (Adult),F,9.6,0,Adult
30-45 (Adult),F,2.8,1,Adult
30-45 (Adult),F,9.1,0,Adult
30-45 (Adult),F,2.0,1,Adult
30-45 (Adult),F,9.8,1,Adult
30-45 (Adult),M,6.0,0,Adult
30-45 (Adult),F,4.6,1,Adult
18-29 (Young Adult),F,9.0,1,Adult
30-45 (Adult),F,1.9,1,Adult
30-45 (Adult),M,9.0,0,Adult
18-29 (Young Adult),F,1.8,0,Adult
18-29 (Young Adult),M,2.7,0,Adult
18-29 (Young Adult),M,6.4,1,Adult
18-29 (Young Adult),M,3.6,0,Adult
18-29 (Young Adult),F,9.4,0,Adult
30-45 (Adult),M,9.4,1,Adult
30-45 (Adult),F,5.1,1,Adult
18-29 (Young Adult),M,7.3,1,Adult
18-29 (Young Adult),M,1.6,0,Adult
30-45 (Adult),M,9.8,1,Adult
18-29 (Young Adult),M,6.3,0,Adult
30-45 (Adult),M,5.4,1,Adult
30-45 (Adult),F,6.6,1,Adult
30-45 (Adult),F,5.9,1,Adult
30-45 (Adult),F,7.1,1,Adult
18-29 (Young Adult),F,6.6,0,Adult
18-29 (Young Adult),M,9.6,1,Adult
30-45 (Adult),F,5.0,1,Adult
30-45 (Adult),F,8.9,1,Adult
30-45 (Adult),F,6.0,0,Adult
18-29 (Young Adult),M,2.3,1,Adult
18-29 (Young Adult),F,9.8,1,Adult
30-45 (Adult),F,8.0,1,Adult
30-45 (Adult),M,5.0,1,Adult
18-29 (Young Adult),M,8.4,0,Adult
30-45 (Adult),F,2.2,0,Adult
30-45 (Adult),F,8.6,1,Adult
18-29 (Young Adult),M,9.5,1,Adult
30-45 (Adult),F,5.5,1,Adult
18-29 (Young Adult),F,1.7,1,Adult
18-29 (Young Adult),F,1.2,1,Adult
30-45 (Adult),M,4.2,1,Adult
18-29 (Young Adult),M,1.9,1,Adult
30-45 (Adult),F,1.0,0,Adult
30-45 (Adult),M,6.7,1,Adult
18-29 (Young Adult),M,6.5,0,Adult
18-29 (Young Adult),F,3.2,1,Adult
18-29 (Young Adult),F,6.1,1,Adult
30-45 (Adult),M,4.7,0,Adult
18-29 (Young Adult),F,6.7,1,Adult
30-45 (Adult),F,3.1,1,Adult
30-45 (Adult),F,2.2,0,Adult
30-45 (Adult),M,1.6,0,Adult
18-29 (Young Adult),M,5.2,1,Adult
18-29 (Young Adult),F,1.2,1,Adult
30-45 (Adult),M,4.1,1,Adult
18-29 (Young Adult),F,3.6,1,Adult
18-29 (Young Adult),M,1.5,0,Adult
30-45 (Adult),F,3.5,1,Adult
18-29 (Young Adult),M,9.6,1,Adult
30-45 (Adult),M,3.0,1,Adult
30-45 (Adult),F,2.0,1,Adult
30-45 (Adult),M,1.5,1,Adult
30-45 (Adult),F,5.1,1,Adult
18-29 (Young Adult),M,2.6,1,Adult
18-29 (Young Adult),M,2.7,1,Adult
18-29 (Young Adult),F,5.7,1,Adult
18-29 (Young Adult),F,1.1,1,Adult
30-45 (Adult),F,2.7,1,Adult
30-45 (Adult),F,6.7,0,Adult
30-45 (Adult),F,7.6,1,Adult
30-45 (Adult),F,1.2,1,Adult
18-29 (Young Adult),M,6.4,1,Adult
30-45 (Adult),F,3.3,1,Adult
18-29 (Young Adult),F,4.5,1,Adult
18-29 (Young Adult),M,10.0,1,Adult
30-45 (Adult),F,1.7,0,Adult
30-45 (Adult),M,2.6,1,Adult
30-45 (Adult),M,8.0,0,Adult
18-29 (Young Adult),M,5.8,0,Adult
30-45 (Adult),F,9.1,0,Adult
18-29 (Young Adult),M,8.9,1,Adult
18-29 (Young Adult),F,1.2,1,Adult
18-29 (Young Adult),M,7.1,1,Adult
18-29 (Young Adult),M,4.4,1,Adult
18-29 (Young Adult),F,6.4,1,Adult
18-29 (Young Adult),M,6.7,1,Adult
30-45 (Adult),M,7.5,1,Adult
18-29 (Young Adult),F,8.4,0,Adult
30-45 (Adult),M,4.9,1,Adult
30-45 (Adult),F,5.3,1,Adult
30-45 (Adult),M,9.2,0,Adult
30-45 (Adult),F,6.3,1,Adult
18-29 (Young Adult),F,2.3,0,Adult
18-29 (Young Adult),F,7.7,1,Adult
30-45 (Adult),M,9.5,1,Adult
30-45 (Adult),F,2.6,0,Adult
30-45 (Adult),M,8.9,1,Adult
18-29 (Young Adult),F,3.3,1,Adult
18-29 (Young Adult),F,9.4,1,Adult
18-29 (Young Adult),F,8.3,1,Adult
18-29 (Young Adult),M,4.0,0,Adult
30-45 (Adult),M,6.4,0,Adult
30-45 (Adult),F,6.0,0,Adult
30-45 (Adult),M,8.5,1,Adult
18-29 (Young Adult),F,8.1,1,Adult
30-45 (Adult),M,3.3,1,Adult
30-45 (Adult),M,1.9,1,Adult
18-29 (Young Adult),M,6.7,1,Adult
18-29 (Young Adult),M,1.3,1,Adult
30-45 (Adult),F,5.5,1,Adult
30-45 (Adult),M,7.9,0,Adult
18-29 (Young Adult),F,7.2,1,Adult
30-45 (Adult),F,4.0,1,Adult
18-29 (Young Adult),F,2.2,1,Adult
18-29 (Young Adult),M,7.1,0,Adult
30-45 (Adult),F,2.5,0,Adult
18-29 (Young Adult),F,3.0,1,Adult
30-45 (Adult),M,7.1,0,Adult
18-29 (Young Adult),M,5.8,0,Adult
30-45 (Adult),F,6.3,0,Adult
30-45 (Adult),M,8.8,1,Adult
30-45 (Adult),F,8.1,1,Adult
30-45 (Adult),M,1.8,1,Adult
30-45 (Adult),F,8.1,1,Adult
30-45 (Adult),F,3.9,1,Adult
30-45 (Adult),M,5.4,1,Adult
30-45 (Adult),M,6.0,1,Adult
30-45 (Adult),M,9.2,0,Adult
18-29 (Young Adult),M,3.4,1,Adult
18-29 (Young Adult),M,3.3,1,Adult
18-29 (Young Adult),F,5.2,1,Adult
18-29 (Young Adult),M,4.7,1,Adult
18-29 (Young Adult),F,1.2,1,Adult
30-45 (Adult),F,9.5,1,Adult
18-29 (Young Adult),M,4.1,1,Adult
18-29 (Young Adult),F,7.3,0,Adult
30-45 (Adult),F,7.0,1,Adult
30-45 (Adult),F,6.1,1,Adult
18-29 (Young Adult),M,5.9,1,Adult
30-45 (Adult),M,8.7,1,Adult
30-45 (Adult),M,1.1,1,Adult
30-45 (Adult),M,7.6,0,Adult
30-45 (Adult),M,2.0,0,Adult
30-45 (Adult),F,7.2,1,Adult
18-29 (Young Adult),M,5.8,1,Adult
18-29 (Young Adult),F,8.6,0,Adult
18-29 (Young Adult),M,4.4,1,Adult
18-29 (Young Adult),M,3.0,0,Adult
30-45 (Adult),M,8.8,1,Adult
30-45 (Adult),M,8.5,0,Adult
30-45 (Adult),M,9.0,0,Adult
30-45 (Adult),F,2.2,1,Adult
18-29 (Young Adult),F,4.2,0,Adult
30-45 (Adult),M,7.9,1,Adult
18-29 (Young Adult),F,7.7,1,Adult
18-29 (Young Adult),F,2.9,1,Adult
18-29 (Young Adult),M,7.7,1,Adult
30-45 (Adult),M,1.7,1,Adult
18-29 (Young Adult),F,3.5,0,Adult
18-29 (Young Adult),M,2.6,1,Adult
30-45 (Adult),F,6.2,1,Adult
18-29 (Young Adult),F,1.7,1,Adult
18-29 (Young Adult),F,9.0,0,Adult
18-29 (Young Adult),F,3.2,1,Adult
30-45 (Adult),M,7.3,0,Adult
30-45 (Adult),M,9.9,0,Adult
18-29 (Young Adult),M,1.6,0,Adult
30-45 (Adult),M,8.9,1,Adult
18-29 (Young Adult),M,1.9,1,Adult
30-45 (Adult),F,9.6,1,Adult
30-45 (Adult),M,5.3,1,Adult
30-45 (Adult),F,6.0,1,Adult
18-29 (Young Adult),F,1.2,0,Adult
18-29 (Young Adult),M,5.2,1,Adult
30-45 (Adult),M,2.2,1,Adult
30-45 (Adult),F,5.5,1,Adult
18-29 (Young Adult),M,6.3,0,Adult
30-45 (Adult),M,5.3,1,Adult
18-29 (Young Adult),M,7.5,0,Adult
30-45 (Adult),F,6.6,1,Adult
30-45 (Adult),M,6.4,0,Adult
30-45 (Adult),M,3.4,1,Adult
18-29 (Young Adult),M,7.2,1,Adult
30-45 (Adult),M,2.4,1,Adult
30-45 (Adult),F,8.8,1,Adult
30-45 (Adult),F,3.9,1,Adult
30-45 (Adult),M,7.3,1,Adult
30-45 (Adult),M,6.8,1,Adult
30-45 (Adult),M,2.2,1,Adult
30-45 (Adult),F,8.5,0,Adult
30-45 (Adult),M,3.7,1,Adult
18-29 (Young Adult),M,6.4,1,Adult
18-29 (Young Adult),M,5.6,1,Adult
30-45 (Adult),M,6.3,1,Adult
30-45 (Adult),F,2.6,1,Adult
30-45 (Adult),M,3.6,0,Adult
30-45 (Adult),M,8.6,0,Adult
30-45 (Adult),M,7.0,1,Adult
18-29 (Young Adult),F,2.0,1,Adult
30-45 (Adult),M,5.1,1,Adult
30-45 (Adult),F,1.1,1,Adult
18-29 (Young Adult),M,7.0,1,Adult
30-45 (Adult),M,4.9,1,Adult
18-29 (Young Adult),F,9.9,1,Adult
30-45 (Adult),F,3.5,1,Adult
30-45 (Adult),F,6.7,0,Adult
18-29 (Young Adult),M,4.9,1,Adult
18-29 (Young Adult),F,4.7,1,Adult
30-45 (Adult),F,1.8,1,Adult
18-29 (Young Adult),F,3.2,1,Adult
18-29 (Young Adult),F,3.3,1,Adult
30-45 (Adult),F,1.9,1,Adult
30-45 (Adult),M,2.7,1,Adult
30-45 (Adult),M,1.2,1,Adult
30-45 (Adult),F,5.6,1,Adult
18-29 (Young Adult),M,1.7,0,Adult
18-29 (Young Adult),M,4.7,0,Adult
30-45 (Adult),F,4.1,0,Adult
18-29 (Young Adult),F,7.7,1,Adult
18-29 (Young Adult),M,8.1,0,Adult
30-45 (Adult),F,8.1,0,Adult
18-29 (Young Adult),M,3.1,1,Adult
18-29 (Young Adult),M,4.6,1,Adult
30-45 (Adult),M,4.7,1,Adult
18-29 (Young Adult),F,8.6,1,Adult
18-29 (Young Adult),M,1.7,1,Adult
18-29 (Young Adult),M,2.2,1,Adult
30-45 (Adult),F,1.2,0,Adult
18-29 (Young Adult),F,6.0,1,Adult
30-45 (Adult),F,3.6,0,Adult
30-45 (Adult),F,6.4,1,Adult
18-29 (Young Adult),M,6.0,1,Adult
18-29 (Young Adult),F,5.1,1,Adult
30-45 (Adult),M,6.3,0,Adult
18-29 (Young Adult),M,4.5,1,Adult
30-45 (Adult),F,1.8,1,Adult
18-29 (Young Adult),F,2.3,1,Adult
30-45 (Adult),M,8.6,1,Adult
30-45 (Adult),M,6.7,1,Adult
30-45 (Adult),M,2.2,0,Adult
30-45 (Adult),M,8.5,1,Adult
18-29 (Young Adult),M,4.2,0,Adult
18-29 (Young Adult),F,3.8,1,Adult
18-29 (Young Adult),F,8.3,1,Adult
18-29 (Young Adult),M,2.8,1,Adult
18-29 (Young Adult),M,6.8,0,Adult
30-45 (Adult),M,6.3,1,Adult
30-45 (Adult),M,7.3,0,Adult
18-29 (Young Adult),F,2.2,0,Adult
30-45 (Adult),M,3.3,0,Adult
18-29 (Young Adult),M,4.9,0,Adult
30-45 (Adult),M,2.5,1,Adult
30-45 (Adult),M,8.8,1,Adult
30-45 (Adult),F,2.5,0,Adult
18-29 (Young Adult),F,2.9,1,Adult
30-45 (Adult),F,7.8,1,Adult
30-45 (Adult),M,9.4,1,Adult
18-29 (Young Adult),F,6.1,0,Adult
18-29 (Young Adult),F,5.2,0,Adult
18-29 (Young Adult),F,4.9,1,Adult
18-29 (Young Adult),M,2.3,1,Adult
30-45 (Adult),M,3.3,0,Adult
30-45 (Adult),F,3.3,1,Adult
18-29 (Young Adult),F,7.3,1,Adult
18-29 (Young Adult),F,9.1,0,Adult
18-29 (Young Adult),F,4.6,1,Adult
30-45 (Adult),M,6.0,1,Adult
18-29 (Young Adult),F,7.4,0,Adult
18-29 (Young Adult),F,1.7,1,Adult
18-29 (Young Adult),M,5.1,1,Adult
30-45 (Adult),F,4.4,0,Adult
18-29 (Young Adult),F,3.8,1,Adult
18-29 (Young Adult),F,6.3,0,Adult
30-45 (Adult),F,8.8,0,Adult
18-29 (Young Adult),M,9.5,1,Adult
30-45 (Adult),M,7.0,1,Adult
30-45 (Adult),M,8.1,0,Adult
18-29 (Young Adult),M,4.6,0,Adult
18-29 (Young Adult),M,6.0,0,Adult
18-29 (Young Adult),F,7.1,1,Adult
30-45 (Adult),F,2.2,1,Adult
18-29 (Young Adult),M,4.7,1,Adult
30-45 (Adult),F,2.1,1,Adult
30-45 (Adult),M,8.4,1,Adult
30-45 (Adult),F,1.3,1,Adult
30-45 (Adult),M,2.6,0,Adult
18-29 (Young Adult),F,6.7,1,Adult
18-29 (Young Adult),M,9.0,1,Adult
18-29 (Young Adult),F,6.1,1,Adult
30-45 (Adult),M,8.6,0,Adult
18-29 (Young Adult),F,5.6,0,Adult
18-29 (Young Adult),M,6.6,1,Adult
18-29 (Young Adult),M,4.9,0,Adult
18-29 (Young Adult),M,9.1,1,Adult
30-45 (Adult),M,6.7,0,Adult
18-29 (Young Adult),M,4.0,1,Adult
18-29 (Young Adult),F,4.8,1,Adult
18-29 (Young Adult),F,3.4,1,Adult
30-45 (Adult),F,4.1,0,Adult
30-45 (Adult),M,6.1,0,Adult
30-45 (Adult),M,8.3,0,Adult
18-29 (Young Adult),M,5.9,1,Adult
30-45 (Adult),M,6.8,1,Adult
30-45 (Adult),F,2.5,0,Adult
18-29 (Young Adult),M,9.0,1,Adult
18-29 (Young Adult),F,6.9,1,Adult
30-45 (Adult),M,2.7,1,Adult
30-45 (Adult),M,6.3,0,Adult
30-45 (Adult),F,5.2,1,Adult
30-45 (Adult),M,7.2,1,Adult
30-45 (Adult),F,2.3,0,Adult
30-45 (Adult),M,5.4,1,Adult
30-45 (Adult),M,2.8,1,Adult
30-45 (Adult),F,6.8,1,Adult
30-45 (Adult),F,9.4,1,Adult
30-45 (Adult),F,3.4,1,Adult
18-29 (Young Adult),M,2.1,1,Adult
18-29 (Young Adult),F,5.8,0,Adult
30-45 (Adult),F,7.7,0,Adult
18-29 (Young Adult),F,8.8,1,Adult
30-45 (Adult),M,7.3,0,Adult
30-45 (Adult),M,8.9,0,Adult
18-29 (Young Adult),M,6.1,1,Adult
18-29 (Young Adult),F,7.0,1,Adult
18-29 (Young Adult),M,7.9,1,Adult
30-45 (Adult),M,2.1,1,Adult
30-45 (Adult),M,5.5,0,Adult
30-45 (Adult),F,2.4,1,Adult
18-29 (Young Adult),M,1.8,0,Adult
18-29 (Young Adult),M,6.7,1,Adult
18-29 (Young Adult),M,2.3,1,Adult
30-45 (Adult),F,7.3,0,Adult
30-45 (Adult),F,3.4,1,Adult
18-29 (Young Adult),F,6.3,0,Adult
18-29 (Young Adult),F,9.8,1,Adult
30-45 (Adult),M,3.7,0,Adult
30-45 (Adult),M,7.0,0,Adult
18-29 (Young Adult),M,5.0,1,Adult
18-29 (Young Adult),F,9.6,1,Adult
30-45 (Adult),F,6.7,1,Adult
18-29 (Young Adult),M,6.8,1,Adult
18-29 (Young Adult),M,1.6,0,Adult
30-45 (Adult),F,1.9,1,Adult
18-29 (Young Adult),M,9.6,0,Adult
18-29 (Young Adult),M,2.8,1,Adult
30-45 (Adult),F,2.1,0,Adult
30-45 (Adult),M,7.3,1,Adult
30-45 (Adult),M,6.8,1,Adult
30-45 (Adult),M,4.6,0,Adult
18-29 (Young Adult),M,9.0,0,Adult
18-29 (Young Adult),M,6.5,0,Adult
18-29 (Young Adult),F,7.2,1,Adult
30-45 (Adult),M,2.1,1,Adult
30-45 (Adult),F,8.1,0,Adult
18-29 (Young Adult),F,4.7,1,Adult
30-45 (Adult),F,3.4,0,Adult
18-29 (Young Adult),M,4.4,1,Adult
30-45 (Adult),F,4.3,0,Adult
18-29 (Young Adult),M,3.8,1,Adult
18-29 (Young Adult),M,9.2,1,Adult
30-45 (Adult),M,7.0,1,Adult
18-29 (Young Adult),M,2.8,1,Adult
30-45 (Adult),M,8.0,1,Adult
18-29 (Young Adult),F,8.8,1,Adult
18-29 (Young Adult),F,8.8,1,Adult
30-45 (Adult),F,4.9,0,Adult
30-45 (Adult),M,4.5,1,Adult
18-29 (Young Adult),F,8.5,1,Adult
30-45 (Adult),M,3.3,1,Adult
30-45 (Adult),F,6.4,1,Adult
30-45 (Adult),F,7.8,1,Adult
18-29 (Young Adult),M,1.5,1,Adult
18-29 (Young Adult),M,8.5,0,Adult
18-29 (Young Adult),M,9.1,1,Adult
18-29 (Young Adult),F,3.8,1,Adult
18-29 (Young Adult),M,8.5,0,Adult
30-45 (Adult),M,9.9,1,Adult
18-29 (Young Adult),M,3.8,1,Adult
18-29 (Young Adult),M,3.2,0,Adult
18-29 (Young Adult),M,3.3,1,Adult
30-45 (Adult),F,7.8,0,Adult
30-45 (Adult),M,5.3,1,Adult
18-29 (Young Adult),M,4.2,0,Adult
30-45 (Adult),M,8.0,1,Adult
30-45 (Adult),F,7.0,0,Adult
18-29 (Young Adult),M,6.7,1,Adult
30-45 (Adult),M,7.8,1,Adult
30-45 (Adult),F,1.7,1,Adult
30-45 (Adult),M,3.5,1,Adult
18-29 (Young Adult),M,7.8,0,Adult
18-29 (Young Adult),F,1.6,1,Adult
18-29 (Young Adult),F,8.0,0,Adult
30-45 (Adult),F,5.2,0,Adult
30-45 (Adult),M,8.6,1,Adult
30-45 (Adult),M,4.7,1,Adult
18-29 (Young Adult),F,3.2,1,Adult
30-45 (Adult),M,2.3,1,Adult
30-45 (Adult),M,1.5,1,Adult
30-45 (Adult),M,8.7,1,Adult
30-45 (Adult),F,4.6,1,Adult
18-29 (Young Adult),M,6.4,0,Adult
18-29 (Young Adult),F,4.0,1,Adult
18-29 (Young Adult),F,5.6,1,Adult
18-29 (Young Adult),M,5.2,1,Adult
30-45 (Adult),M,2.0,1,Adult
30-45 (Adult),F,1.9,0,Adult
30-45 (Adult),F,4.9,1,Adult
18-29 (Young Adult),F,2.7,1,Adult
18-29 (Young Adult),F,2.2,1,Adult
30-45 (Adult),M,6.8,1,Adult
30-45 (Adult),F,2.9,1,Adult
18-29 (Young Adult),F,8.1,0,Adult
18-29 (Young Adult),M,1.5,0,Adult
30-45 (Adult),M,1.2,1,Adult
30-45 (Adult),F,6.9,1,Adult
30-45 (Adult),M,8.6,1,Adult
18-29 (Young Adult),M,2.4,1,Adult
30-45 (Adult),F,5.8,0,Adult
30-45 (Adult),M,3.0,0,Adult
18-29 (Young Adult),M,2.4,0,Adult
30-45 (Adult),F,9.9,1,Adult
30-45 (Adult),M,9.2,1,Adult
30-45 (Adult),F,8.0,1,Adult
30-45 (Adult),M,3.4,1,Adult
30-45 (Adult),M,8.5,1,Adult
18-29 (Young Adult),M,8.1,0,Adult
18-29 (Young Adult),F,6.1,0,Adult
30-45 (Adult),M,2.5,0,Adult
18-29 (Young Adult),F,7.9,1,Adult
30-45 (Adult),F,1.8,1,Adult
30-45 (Adult),F,9.9,1,Adult
30-45 (Adult),F,7.2,1,Adult
30-45 (Adult),M,2.1,1,Adult
30-45 (Adult),F,8.0,1,Adult
18-29 (Young Adult),M,4.4,0,Adult
18-29 (Young Adult),F,4.5,1,Adult
30-45 (Adult),M,7.1,1,Adult
30-45 (Adult),M,8.7,1,Adult
30-45 (Adult),F,6.9,0,Adult
30-45 (Adult),F,1.5,0,Adult
30-45 (Adult),M,2.6,1,Adult
30-45 (Adult),M,3.1,0,Adult
18-29 (Young Adult),M,4.3,0,Adult
18-29 (Young Adult),M,3.2,0,Adult
30-45 (Adult),F,3.7,1,Adult
30-45 (Adult),M,7.2,0,Adult
18-29 (Young Adult),F,4.1,1,Adult
18-29 (Young Adult),F,6.8,0,Adult
30-45 (Adult),F,2.2,1,Adult
30-45 (Adult),F,3.8,1,Adult
18-29 (Young Adult),M,4.6,1,Adult
30-45 (Adult),M,8.0,0,Adult
18-29 (Young Adult),F,2.6,0,Adult
30-45 (Adult),F,3.2,1,Adult
18-29 (Young Adult),M,1.4,1,Adult
30-45 (Adult),M,3.3,1,Adult
30-45 (Adult),M,2.6,1,Adult
30-45 (Adult),F,7.8,1,Adult
30-45 (Adult),M,8.7,0,Adult
30-45 (Adult),M,3.9,1,Adult
18-29 (Young Adult),M,6.0,0,Adult
30-45 (Adult),M,6.7,1,Adult
18-29 (Young Adult),M,6.9,1,Adult
30-45 (Adult),F,2.7,1,Adult
30-45 (Adult),F,3.3,1,Adult
30-45 (Adult),M,7.8,0,Adult
30-45 (Adult),F,2.2,0,Adult
30-45 (Adult),F,5.3,0,Adult
30-45 (Adult),M,2.9,1,Adult
18-29 (Young Adult),M,7.8,1,Adult
30-45 (Adult),F,4.4,0,Adult
30-45 (Adult),M,9.8,0,Adult
18-29 (Young Adult),M,1.6,1,Adult
18-29 (Young Adult),F,6.6,1,Adult
30-45 (Adult),F,9.9,0,Adult
30-45 (Adult),F,6.2,0,Adult
18-29 (Young Adult),F,9.9,1,Adult
30-45 (Adult),F,7.0,1,Adult
18-29 (Young Adult),M,1.8,1,Adult
18-29 (Young Adult),F,1.8,1,Adult
30-45 (Adult),F,5.5,1,Adult
18-29 (Young Adult),F,6.9,0,Adult
18-29 (Young Adult),M,2.8,1,Adult
30-45 (Adult),M,1.3,0,Adult
18-29 (Young Adult),M,3.7,1,Adult
18-29 (Young Adult),M,9.2,1,Adult
30-45 (Adult),M,5.9,1,Adult
18-29 (Young Adult),M,3.7,0,Adult
30-45 (Adult),M,9.1,0,Adult
30-45 (Adult),F,6.4,1,Adult
18-29 (Young Adult),F,3.2,1,Adult
30-45 (Adult),F,9.5,0,Adult
18-29 (Young Adult),M,4.8,1,Adult
18-29 (Young Adult),M,2.3,1,Adult
30-45 (Adult),F,5.2,1,Adult
18-29 (Young Adult),F,6.1,1,Adult
18-29 (Young Adult),M,1.2,1,Adult
30-45 (Adult),M,6.0,0,Adult
18-29 (Young Adult),M,4.0,0,Adult
30-45 (Adult),M,5.8,0,Adult
30-45 (Adult),M,6.6,1,Adult
30-45 (Adult),M,3.5,1,Adult
18-29 (Young Adult),M,2.5,1,Adult
18-29 (Young Adult),M,6.3,0,Adult
18-29 (Young Adult),F,5.6,1,Adult
18-29 (Young Adult),F,8.3,1,Adult
18-29 (Young Adult),M,4.7,1,Adult
30-45 (Adult),F,4.9,1,Adult
30-45 (Adult),M,1.5,1,Adult
30-45 (Adult),M,2.5,0,Adult
30-45 (Adult),M,2.2,1,Adult
30-45 (Adult),F,8.5,1,Adult
18-29 (Young Adult),F,10.0,0,Adult
18-29 (Young Adult),F,6.2,1,Adult
30-45 (Adult),M,6.0,0,Adult
18-29 (Young Adult),F,2.8,1,Adult
30-45 (Adult),M,8.6,0,Adult
18-29 (Young Adult),F,4.4,0,Adult
18-29 (Young Adult),F,8.4,1,Adult
30-45 (Adult),M,3.7,1,Adult
18-29 (Young Adult),M,3.7,1,Adult
30-45 (Adult),M,4.1,0,Adult
30-45 (Adult),F,3.7,1,Adult
18-29 (Young Adult),F,8.2,0,Adult
18-29 (Young Adult),F,8.3,1,Adult
30-45 (Adult),F,8.3,1,Adult
18-29 (Young Adult),M,3.3,1,Adult
18-29 (Young Adult),M,7.2,0,Adult
18-29 (Young Adult),M,3.4,1,Adult
18-29 (Young Adult),F,1.1,1,Adult
18-29 (Young Adult),F,8.5,1,Adult
30-45 (Adult),F,7.8,1,Adult
30-45 (Adult),M,2.6,1,Adult
30-45 (Adult),F,6.1,1,Adult
18-29 (Young Adult),M,8.4,0,Adult
18-29 (Young Adult),F,5.7,0,Adult
30-45 (Adult),M,6.4,0,Adult
30-45 (Adult),F,7.8,1,Adult
30-45 (Adult),F,5.6,0,Adult
18-29 (Young Adult),M,9.9,1,Adult
18-29 (Young Adult),F,5.0,1,Adult
30-45 (Adult),F,1.8,1,Adult
18-29 (Young Adult),F,7.8,1,Adult
30-45 (Adult),M,8.2,1,Adult
18-29 (Young Adult),F,7.1,0,Adult
18-29 (Young Adult),F,8.3,0,Adult
18-29 (Young Adult),F,6.7,1,Adult
30-45 (Adult),F,3.4,0,Adult
30-45 (Adult),M,2.0,1,Adult
30-45 (Adult),M,9.1,1,Adult
18-29 (Young Adult),M,2.9,0,Adult
18-29 (Young Adult),F,3.2,0,Adult
18-29 (Young Adult),F,3.6,1,Adult
18-29 (Young Adult),F,4.4,1,Adult
30-45 (Adult),F,9.8,1,Adult
18-29 (Young Adult),F,3.9,1,Adult
30-45 (Adult),F,9.2,1,Adult
18-29 (Young Adult),F,1.2,1,Adult
30-45 (Adult),F,5.5,0,Adult
18-29 (Young Adult),M,8.3,0,Adult
30-45 (Adult),M,6.1,0,Adult
18-29 (Young Adult),M,4.7,1,Adult
30-45 (Adult),F,4.9,1,Adult
30-45 (Adult),F,8.9,1,Adult
30-45 (Adult),M,9.4,1,Adult
30-45 (Adult),M,8.1,1,Adult
18-29 (Young Adult),M,5.2,1,Adult
18-29 (Young Adult),M,8.7,1,Adult
30-45 (Adult),M,1.1,1,Adult
30-45 (Adult),F,2.6,1,Adult
30-45 (Adult),M,5.1,1,Adult
18-29 (Young Adult),M,5.9,1,Adult
30-45 (Adult),M,2.0,1,Adult
30-45 (Adult),F,7.5,1,Adult
30-45 (Adult),F,4.8,1,Adult
30-45 (Adult),M,3.7,1,Adult
18-29 (Young Adult),F,6.3,1,Adult
30-45 (Adult),M,2.3,0,Adult
18-29 (Young Adult),M,4.8,0,Adult
30-45 (Adult),F,8.4,1,Adult
30-45 (Adult),M,6.8,1,Adult
18-29 (Young Adult),F,3.1,1,Adult
18-29 (Young Adult),F,5.4,0,Adult
30-45 (Adult),M,5.9,1,Adult
18-29 (Young Adult),M,3.4,1,Adult
30-45 (Adult),F,9.6,0,Adult
30-45 (Adult),M,5.9,1,Adult
30-45 (Adult),M,8.9,1,Adult
30-45 (Adult),M,4.1,1,Adult
30-45 (Adult),M,8.7,1,Adult
30-45 (Adult),M,2.1,1,Adult
18-29 (Young Adult),F,6.4,1,Adult
18-29 (Young Adult),M,8.7,0,Adult
30-45 (Adult),F,9.0,0,Adult
30-45 (Adult),F,3.7,1,Adult
30-45 (Adult),M,8.0,1,Adult
30-45 (Adult),M,1.4,0,Adult
30-45 (Adult),M,3.1,1,Adult
30-45 (Adult),M,2.0,0,Adult
18-29 (Young Adult),F,4.6,0,Adult
30-45 (Adult),F,6.1,1,Adult
18-29 (Young Adult),M,7.7,0,Adult
18-29 (Young Adult),F,5.7,0,Adult
30-45 (Adult),F,3.3,1,Adult
18-29 (Young Adult),F,6.9,1,Adult
30-45 (Adult),M,2.6,1,Adult
18-29 (Young Adult),F,1.1,1,Adult
30-45 (Adult),F,3.8,0,Adult
30-45 (Adult),M,6.6,1,Adult
30-45 (Adult),F,3.1,1,Adult
18-29 (Young Adult),F,6.0,0,Adult
18-29 (Young Adult),M,5.2,1,Adult
30-45 (Adult),F,7.4,1,Adult
18-29 (Young Adult),F,8.5,1,Adult
18-29 (Young Adult),F,9.9,1,Adult
18-29 (Young Adult),F,3.9,1,Adult
18-29 (Young Adult),M,9.6,0,Adult
30-45 (Adult),M,2.5,0,Adult
30-45 (Adult),M,2.6,1,Adult
30-45 (Adult),M,3.0,1,Adult
30-45 (Adult),F,8.1,1,Adult
18-29 (Young Adult),M,1.7,1,Adult
30-45 (Adult),F,6.5,1,Adult
30-45 (Adult),M,6.4,0,Adult
18-29 (Young Adult),M,1.2,1,Adult
18-29 (Young Adult),F,6.2,0,Adult
18-29 (Young Adult),F,4.2,0,Adult
30-45 (Adult),F,4.6,1,Adult
18-29 (Young Adult),F,7.7,1,Adult
18-29 (Young Adult),F,4.9,1,Adult
18-29 (Young Adult),M,4.8,0,Adult
30-45 (Adult),M,5.6,0,Adult
18-29 (Young Adult),M,4.4,0,Adult
30-45 (Adult),F,8.0,0,Adult
30-45 (Adult),F,3.1,0,Adult
18-29 (Young Adult),F,4.4,0,Adult
30-45 (Adult),F,6.7,1,Adult
30-45 (Adult),F,4.8,0,Adult
18-29 (Young Adult),M,9.2,1,Adult
18-29 (Young Adult),F,4.7,0,Adult
30-45 (Adult),M,2.0,1,Adult
18-29 (Young Adult),F,3.2,0,Adult
30-45 (Adult),F,5.5,0,Adult
30-45 (Adult),F,9.9,1,Adult
30-45 (Adult),F,8.5,0,Adult
30-45 (Adult),M,1.3,1,Adult
18-29 (Young Adult),F,2.8,0,Adult
18-29 (Young Adult),M,8.0,1,Adult
30-45 (Adult),F,4.6,1,Adult
18-29 (Young Adult),M,3.8,1,Adult
18-29 (Young Adult),M,1.4,1,Adult
18-29 (Young Adult),M,4.7,1,Adult
30-45 (Adult),F,2.9,1,Adult
18-29 (Young Adult),M,5.2,1,Adult
30-45 (Adult),F,9.6,0,Adult
18-29 (Young Adult),F,2.6,1,Adult
30-45 (Adult),F,2.6,1,Adult
30-45 (Adult),F,3.8,1,Adult
18-29 (Young Adult),M,3.5,1,Adult
30-45 (Adult),M,6.3,1,Adult
30-45 (Adult),M,5.6,1,Adult
30-45 (Adult),M,3.9,1,Adult
18-29 (Young Adult),F,5.3,1,Adult
30-45 (Adult),M,5.5,0,Adult
18-29 (Young Adult),F,8.5,1,Adult
30-45 (Adult),F,6.0,1,Adult
18-29 (Young Adult),M,2.9,1,Adult
18-29 (Young Adult),F,1.2,1,Adult
30-45 (Adult),F,2.3,1,Adult
30-45 (Adult),F,3.0,1,Adult
18-29 (Young Adult),M,7.9,0,Adult
18-29 (Young Adult),M,4.3,1,Adult
30-45 (Adult),F,4.4,1,Adult
30-45 (Adult),M,2.3,1,Adult
30-45 (Adult),F,6.4,1,Adult
30-45 (Adult),M,2.5,1,Adult
30-45 (Adult),M,8.6,1,Adult
18-29 (Young Adult),F,4.7,0,Adult
18-29 (Young Adult),F,3.5,1,Adult
30-45 (Adult),F,3.0,1,Adult
30-45 (Adult),F,1.7,1,Adult
30-45 (Adult),M,5.9,1,Adult
30-45 (Adult),M,2.4,1,Adult
30-45 (Adult),M,8.1,0,Adult
18-29 (Young Adult),M,6.3,1,Adult
30-45 (Adult),M,3.6,1,Adult
30-45 (Adult),M,9.4,0,Adult
18-29 (Young Adult),F,5.9,0,Adult
30-45 (Adult),F,6.4,0,Adult
30-45 (Adult),F,7.5,1,Adult
30-45 (Adult),M,3.5,1,Adult
30-45 (Adult),F,5.8,1,Adult
30-45 (Adult),M,9.0,1,Adult
30-45 (Adult),F,7.0,1,Adult
30-45 (Adult),M,4.0,1,Adult
18-29 (Young Adult),M,4.2,1,Adult
18-29 (Young Adult),F,4.2,1,Adult
30-45 (Adult),F,2.0,1,Adult
18-29 (Young Adult),M,9.0,0,Adult
18-29 (Young Adult),M,4.5,0,Adult
18-29 (Young Adult),F,4.6,1,Adult
18-29 (Young Adult),M,7.3,1,Adult
30-45 (Adult),F,1.1,1,Adult
30-45 (Adult),M,9.8,1,Adult
18-29 (Young Adult),F,9.7,1,Adult
30-45 (Adult),M,9.4,1,Adult
30-45 (Adult),F,5.9,1,Adult
30-45 (Adult),M,6.1,1,Adult
30-45 (Adult),F,4.8,0,Adult
30-45 (Adult),M,2.0,1,Adult
30-45 (Adult),F,8.7,0,Adult
30-45 (Adult),F,2.2,1,Adult
30-45 (Adult),F,1.2,0,Adult
30-45 (Adult),M,8.4,1,Adult
30-45 (Adult),M,5.3,1,Adult
18-29 (Young Adult),M,6.9,1,Adult
30-45 (Adult),F,7.0,1,Adult
30-45 (Adult),M,2.8,0,Adult
30-45 (Adult),F,4.2,1,Adult
30-45 (Adult),M,3.9,1,Adult
30-45 (Adult),M,8.1,1,Adult
30-45 (Adult),F,7.4,1,Adult
30-45 (Adult),M,8.2,1,Adult
18-29 (Young Adult),F,7.0,1,Adult
18-29 (Young Adult),M,5.9,1,Adult
18-29 (Young Adult),M,8.3,0,Adult
18-29 (Young Adult),F,9.9,1,Adult
18-29 (Young Adult),M,7.8,1,Adult
30-45 (Adult),F,2.8,1,Adult
30-45 (Adult),M,6.1,1,Adult
18-29 (Young Adult),M,9.3,1,Adult
18-29 (Young Adult),M,9.8,1,Adult
30-45 (Adult),F,2.5,1,Adult
18-29 (Young Adult),F,6.0,0,Adult
30-45 (Adult),F,3.1,0,Adult
30-45 (Adult),F,6.0,0,Adult
18-29 (Young Adult),M,7.8,0,Adult
30-45 (Adult),M,2.7,0,Adult
18-29 (Young Adult),F,9.7,0,Adult
18-29 (Young Adult),M,8.0,1,Adult
18-29 (Young Adult),M,2.9,1,Adult
30-45 (Adult),F,6.3,1,Adult
18-29 (Young Adult),F,2.0,0,Adult
30-45 (Adult),M,5.8,1,Adult
30-45 (Adult),M,6.4,1,Adult
18-29 (Young Adult),M,3.0,1,Adult
30-45 (Adult),F,9.7,0,Adult
30-45 (Adult),F,6.6,1,Adult
30-45 (Adult),F,9.1,1,Adult
30-45 (Adult),M,5.3,1,Adult
30-45 (Adult),F,8.2,1,Adult
18-29 (Young Adult),F,2.8,1,Adult
30-45 (Adult),F,9.9,1,Adult
30-45 (Adult),M,5.8,1,Adult
18-29 (Young Adult),F,3.0,0,Adult
30-45 (Adult),M,7.9,1,Adult
30-45 (Adult),M,5.0,1,Adult
30-45 (Adult),F,2.0,0,Adult
30-45 (Adult),M,8.0,1,Adult
30-45 (Adult),F,1.8,0,Adult
18-29 (Young Adult),F,2.3,0,Adult
18-29 (Young Adult),F,1.0,1,Adult
30-45 (Adult),F,8.5,1,Adult
30-45 (Adult),M,5.6,1,Adult
30-45 (Adult),M,9.2,0,Adult
30-45 (Adult),F,4.6,1,Adult
30-45 (Adult),F,9.8,0,Adult
18-29 (Young Adult),M,5.6,0,Adult
18-29 (Young Adult),F,4.0,1,Adult
30-45 (Adult),M,3.9,1,Adult
30-45 (Adult),F,2.8,0,Adult
18-29 (Young Adult),F,2.7,1,Adult
18-29 (Young Adult),M,4.3,1,Adult
30-45 (Adult),F,9.3,0,Adult
30-45 (Adult),F,7.7,0,Adult
18-29 (Young Adult),M,1.4,1,Adult
30-45 (Adult),M,3.5,1,Adult
18-29 (Young Adult),F,2.7,1,Adult
18-29 (Young Adult),F,9.0,1,Adult
30-45 (Adult),M,4.5,1,Adult
18-29 (Young Adult),F,1.9,0,Adult
30-45 (Adult),F,7.7,1,Adult
18-29 (Young Adult),F,10.0,1,Adult
18-29 (Young Adult),F,5.7,1,Adult
30-45 (Adult),M,9.0,1,Adult
30-45 (Adult),M,8.1,1,Adult
30-45 (Adult),M,1.4,1,Adult
30-45 (Adult),F,5.1,1,Adult
18-29 (Young Adult),F,1.1,1,Adult
30-45 (Adult),F,8.0,1,Adult
30-45 (Adult),M,7.5,1,Adult
30-45 (Adult),F,4.3,0,Adult
18-29 (Young Adult),F,4.9,1,Adult
18-29 (Young Adult),F,9.5,0,Adult
30-45 (Adult),F,4.9,1,Adult
18-29 (Young Adult),M,4.0,1,Adult
18-29 (Young Adult),F,6.6,1,Adult
30-45 (Adult),M,8.8,0,Adult
18-29 (Young Adult),F,2.0,1,Adult
18-29 (Young Adult),M,8.4,1,Adult
18-29 (Young Adult),F,6.0,1,Adult
18-29 (Young Adult),M,3.0,0,Adult
18-29 (Young Adult),M,5.6,1,Adult
30-45 (Adult),F,8.9,1,Adult
30-45 (Adult),M,3.6,1,Adult
30-45 (Adult),M,5.6,1,Adult
18-29 (Young Adult),F,2.7,1,Adult
30-45 (Adult),F,3.2,0,Adult
18-29 (Young Adult),M,3.6,1,Adult
30-45 (Adult),F,3.6,1,Adult
18-29 (Young Adult),M,3.2,1,Adult
30-45 (Adult),F,2.4,0,Adult
30-45 (Adult),M,2.5,1,Adult
30-45 (Adult),M,7.7,1,Adult
30-45 (Adult),F,6.7,1,Adult
30-45 (Adult),M,7.2,1,Adult
30-45 (Adult),M,4.4,1,Adult
18-29 (Young Adult),M,2.0,1,Adult
18-29 (Young Adult),M,9.2,0,Adult
30-45 (Adult),F,1.5,1,Adult
30-45 (Adult),F,7.7,1,Adult
18-29 (Young Adult),F,2.3,1,Adult
30-45 (Adult),M,5.8,0,Adult
18-29 (Young Adult),M,6.7,1,Adult
18-29 (Young Adult),M,5.5,0,Adult
30-45 (Adult),M,3.9,1,Adult
18-29 (Young Adult),F,8.0,0,Adult
18-29 (Young Adult),M,5.5,1,Adult
30-45 (Adult),M,7.2,1,Adult
30-45 (Adult),M,8.1,0,Adult
18-29 (Young Adult),M,3.8,1,Adult
30-45 (Adult),M,9.7,1,Adult
30-45 (Adult),F,8.5,1,Adult
30-45 (Adult),M,6.5,0,Adult
30-45 (Adult),M,2.5,1,Adult
30-45 (Adult),M,6.5,1,Adult
18-29 (Young Adult),M,2.6,0,Adult
30-45 (Adult),M,2.8,1,Adult
30-45 (Adult),F,8.1,0,Adult
30-45 (Adult),M,8.8,1,Adult
18-29 (Young Adult),F,2.5,1,Adult
30-45 (Adult),F,2.7,1,Adult
18-29 (Young Adult),F,7.2,1,Adult
30-45 (Adult),M,3.6,0,Adult
18-29 (Young Adult),M,6.2,0,Adult
18-29 (Young Adult),F,2.5,0,Adult
30-45 (Adult),M,6.7,1,Adult
30-45 (Adult),M,3.9,0,Adult
18-29 (Young Adult),F,3.9,1,Adult
18-29 (Young Adult),M,5.0,0,Adult
30-45 (Adult),M,2.2,0,Adult
30-45 (Adult),M,5.3,1,Adult
30-45 (Adult),F,5.2,1,Adult
30-45 (Adult),F,7.1,1,Adult
18-29 (Young Adult),M,3.8,0,Adult
18-29 (Young Adult),F,6.8,0,Adult
30-45 (Adult),F,8.2,1,Adult
30-45 (Adult),F,5.4,1,Adult
18-29 (Young Adult),M,2.7,1,Adult
18-29 (Young Adult),M,8.7,1,Adult
30-45 (Adult),M,6.1,0,Adult
18-29 (Young Adult),M,8.7,1,Adult
18-29 (Young Adult),F,5.6,0,Adult
18-29 (Young Adult),F,9.4,1,Adult
30-45 (Adult),M,2.6,1,Adult
30-45 (Adult),F,4.7,1,Adult
18-29 (Young Adult),M,5.0,1,Adult
30-45 (Adult),F,6.1,1,Adult
30-45 (Adult),F,8.8,1,Adult
18-29 (Young Adult),F,9.9,1,Adult
30-45 (Adult),M,5.2,0,Adult
18-29 (Young Adult),F,7.8,1,Adult
30-45 (Adult),F,3.1,1,Adult
18-29 (Young Adult),F,4.3,0,Adult
18-29 (Young Adult),M,9.5,1,Adult
18-29 (Young Adult),M,3.0,1,Adult
30-45 (Adult),F,9.7,1,Adult
18-29 (Young Adult),F,6.6,1,Adult
30-45 (Adult),M,8.0,0,Adult
30-45 (Adult),M,7.6,1,Adult
18-29 (Young Adult),M,5.5,1,Adult
18-29 (Young Adult),M,1.5,0,Adult
30-45 (Adult),F,2.8,1,Adult
18-29 (Young Adult),F,7.3,0,Adult
30-45 (Adult),F,4.1,0,Adult
18-29 (Young Adult),M,9.1,0,Adult
18-29 (Young Adult),F,4.2,1,Adult
30-45 (Adult),F,9.5,1,Adult
18-29 (Young Adult),M,8.9,0,Adult
18-29 (Young Adult),M,2.3,0,Adult
18-29 (Young Adult),M,7.3,1,Adult
30-45 (Adult),M,5.4,0,Adult
18-29 (Young Adult),F,1.3,0,Adult
30-45 (Adult),M,6.3,1,Adult
30-45 (Adult),F,3.2,0,Adult
18-29 (Young Adult),F,2.7,1,Adult
30-45 (Adult),M,8.8,1,Adult
30-45 (Adult),M,8.6,0,Adult
18-29 (Young Adult),F,9.8,1,Adult
30-45 (Adult),F,8.5,1,Adult
18-29 (Young Adult),M,7.6,0,Adult
30-45 (Adult),M,1.1,0,Adult
30-45 (Adult),F,5.9,0,Adult
30-45 (Adult),F,5.2,1,Adult
30-45 (Adult),F,1.5,1,Adult
30-45 (Adult),M,9.2,1,Adult
30-45 (Adult),F,4.4,0,Adult
30-45 (Adult),F,7.8,1,Adult
30-45 (Adult),F,7.1,1,Adult
30-45 (Adult),M,8.5,1,Adult
30-45 (Adult),F,9.7,1,Adult
18-29 (Young Adult),F,6.8,0,Adult
30-45 (Adult),F,3.7,1,Adult
18-29 (Young Adult),F,7.7,1,Adult
18-29 (Young Adult),F,8.5,0,Adult
30-45 (Adult),F,4.0,1,Adult
30-45 (Adult),M,8.5,1,Adult
30-45 (Adult),F,8.2,0,Adult
30-45 (Adult),M,1.4,0,Adult
18-29 (Young Adult),M,1.6,1,Adult
30-45 (Adult),M,7.1,0,Adult
18-29 (Young Adult),F,3.2,1,Adult
30-45 (Adult),F,6.1,1,Adult
30-45 (Adult),F,7.9,0,Adult
30-45 (Adult),F,6.6,1,Adult
30-45 (Adult),F,4.7,1,Adult
18-29 (Young Adult),F,1.6,1,Adult
18-29 (Young Adult),F,9.0,1,Adult
30-45 (Adult),M,7.8,1,Adult
30-45 (Adult),F,4.4,1,Adult
30-45 (Adult),M,5.4,0,Adult
30-45 (Adult),M,4.7,1,Adult
18-29 (Young Adult),F,4.9,1,Adult
30-45 (Adult),M,5.7,1,Adult
30-45 (Adult),F,2.2,1,Adult
18-29 (Young Adult),F,6.4,1,Adult
30-45 (Adult),F,9.3,1,Adult
30-45 (Adult),M,3.8,1,Adult
18-29 (Young Adult),M,3.3,0,Adult
30-45 (Adult),F,3.8,0,Adult
18-29 (Young Adult),M,4.7,1,Adult
30-45 (Adult),F,8.7,1,Adult
30-45 (Adult),F,8.1,1,Adult
18-29 (Young Adult),F,3.1,1,Adult
18-29 (Young Adult),M,6.9,1,Adult
18-29 (Young Adult),F,7.4,1,Adult
30-45 (Adult),F,8.6,1,Adult
30-45 (Adult),M,1.6,1,Adult
30-45 (Adult),F,6.6,1,Adult
30-45 (Adult),M,2.7,0,Adult
30-45 (Adult),F,2.8,1,Adult
30-45 (Adult),F,1.4,1,Adult
18-29 (Young Adult),F,1.2,1,Adult
30-45 (Adult),M,9.8,1,Adult
30-45 (Adult),F,3.7,1,Adult
30-45 (Adult),F,6.5,0,Adult
18-29 (Young Adult),F,3.9,0,Adult
30-45 (Adult),M,5.5,1,Adult
30-45 (Adult),F,2.8,1,Adult
18-29 (Young Adult),M,7.8,1,Adult
30-45 (Adult),F,7.1,0,Adult
18-29 (Young Adult),M,2.7,1,Adult
30-45 (Adult),F,5.5,0,Adult
18-29 (Young Adult),M,1.1,1,Adult
30-45 (Adult),F,6.6,1,Adult
18-29 (Young Adult),F,3.1,1,Adult
30-45 (Adult),F,5.4,1,Adult
30-45 (Adult),M,1.9,1,Adult
30-45 (Adult),F,9.0,0,Adult
18-29 (Young Adult),M,4.4,0,Adult
18-29 (Young Adult),F,8.9,0,Adult
30-45 (Adult),M,1.1,0,Adult
18-29 (Young Adult),F,5.3,1,Adult
18-29 (Young Adult),F,1.3,1,Adult
18-29 (Young Adult),M,1.8,0,Adult
18-29 (Young Adult),M,2.6,1,Adult
30-45 (Adult),F,5.4,1,Adult
30-45 (Adult),M,9.3,1,Adult
18-29 (Young Adult),F,7.7,0,Adult
18-29 (Young Adult),F,7.9,1,Adult
18-29 (Young Adult),M,6.5,1,Adult
30-45 (Adult),F,1.1,1,Adult
30-45 (Adult),F,10.0,1,Adult
30-45 (Adult),M,3.2,0,Adult
18-29 (Young Adult),F,7.6,1,Adult
30-45 (Adult),F,6.5,1,Adult
18-29 (Young Adult),M,5.9,1,Adult
30-45 (Adult),M,4.5,1,Adult
18-29 (Young Adult),M,2.8,1,Adult
18-29 (Young Adult),M,8.6,0,Adult
30-45 (Adult),M,6.6,1,Adult
30-45 (Adult),F,9.9,0,Adult
18-29 (Young Adult),F,9.1,1,Adult
30-45 (Adult),F,8.4,1,Adult
18-29 (Young Adult),F,2.8,1,Adult
30-45 (Adult),M,1.0,1,Adult
18-29 (Young Adult),M,3.8,1,Adult
18-29 (Young Adult),F,3.0,1,Adult
18-29 (Young Adult),M,5.8,0,Adult
30-45 (Adult),F,4.9,0,Adult
30-45 (Adult),M,6.0,1,Adult
30-45 (Adult),F,9.2,1,Adult
18-29 (Young Adult),F,7.8,0,Adult
30-45 (Adult),M,1.8,1,Adult
18-29 (Young Adult),F,8.7,1,Adult
30-45 (Adult),F,1.3,1,Adult
18-29 (Young Adult),M,6.4,0,Adult
18-29 (Young Adult),M,1.8,0,Adult
18-29 (Young Adult),M,8.9,1,Adult
30-45 (Adult),M,1.2,1,Adult
30-45 (Adult),M,6.7,1,Adult
18-29 (Young Adult),M,3.8,1,Adult
18-29 (Young Adult),F,9.0,0,Adult
30-45 (Adult),F,9.3,1,Adult
18-29 (Young Adult),M,3.3,1,Adult
30-45 (Adult),M,1.6,1,Adult
30-45 (Adult),F,1.8,1,Adult
18-29 (Young Adult),F,2.1,1,Adult
18-29 (Young Adult),M,4.6,1,Adult
30-45 (Adult),M,7.1,1,Adult
30-45 (Adult),F,8.6,1,Adult
30-45 (Adult),F,2.0,1,Adult
30-45 (Adult),F,4.6,0,Adult
30-45 (Adult),F,1.2,1,Adult
30-45 (Adult),M,5.1,1,Adult
18-29 (Young Adult),F,3.1,1,Adult
18-29 (Young Adult),M,4.2,0,Adult
18-29 (Young Adult),M,5.8,1,Adult
18-29 (Young Adult),M,8.7,0,Adult
18-29 (Young Adult),M,5.6,1,Adult
30-45 (Adult),M,7.6,0,Adult
30-45 (Adult),M,4.7,1,Adult
30-45 (Adult),F,1.5,1,Adult
30-45 (Adult),F,7.9,0,Adult
30-45 (Adult),M,7.7,1,Adult
30-45 (Adult),F,3.8,1,Adult
18-29 (Young Adult),M,5.7,0,Adult
18-29 (Young Adult),F,7.1,1,Adult
18-29 (Young Adult),M,3.3,1,Adult
18-29 (Young Adult),F,8.7,1,Adult
18-29 (Young Adult),F,2.4,1,Adult
30-45 (Adult),F,1.3,1,Adult
30-45 (Adult),F,5.2,0,Adult
18-29 (Young Adult),M,6.2,1,Adult
30-45 (Adult),M,2.7,1,Adult
18-29 (Young Adult),M,2.3,1,Adult
30-45 (Adult),M,3.7,1,Adult
18-29 (Young Adult),F,9.0,1,Adult
18-29 (Young Adult),F,5.1,1,Adult
30-45 (Adult),M,5.1,1,Adult
18-29 (Young Adult),M,5.2,0,Adult
30-45 (Adult),F,5.0,1,Adult
30-45 (Adult),M,5.4,1,Adult
30-45 (Adult),M,4.7,1,Adult
18-29 (Young Adult),F,6.9,0,Adult
18-29 (Young Adult),M,5.1,0,Adult
18-29 (Young Adult),F,8.0,1,Adult
18-29 (Young Adult),F,4.2,1,Adult
18-29 (Young Adult),M,5.0,1,Adult
18-29 (Young Adult),F,3.0,0,Adult
30-45 (Adult),M,6.9,1,Adult
18-29 (Young Adult),M,4.8,1,Adult
18-29 (Young Adult),F,2.4,1,Adult
18-29 (Young Adult),F,1.7,0,Adult
30-45 (Adult),F,4.7,0,Adult
18-29 (Young Adult),F,9.2,1,Adult
18-29 (Young Adult),M,1.7,1,Adult
30-45 (Adult),M,2.8,1,Adult
18-29 (Young Adult),M,5.9,1,Adult
30-45 (Adult),F,5.4,1,Adult
18-29 (Young Adult),M,1.2,1,Adult
18-29 (Young Adult),F,6.1,1,Adult
30-45 (Adult),F,3.9,1,Adult
18-29 (Young Adult),F,9.9,0,Adult
30-45 (Adult),M,7.5,0,Adult
18-29 (Young Adult),M,9.0,1,Adult
30-45 (Adult),M,8.4,1,Adult
18-29 (Young Adult),F,9.1,1,Adult
30-45 (Adult),F,3.0,1,Adult
30-45 (Adult),F,3.1,1,Adult
18-29 (Young Adult),M,8.2,1,Adult
30-45 (Adult),F,1.1,1,Adult
30-45 (Adult),M,9.5,0,Adult
30-45 (Adult),M,3.9,1,Adult
30-45 (Adult),F,4.8,1,Adult
30-45 (Adult),M,4.3,1,Adult
18-29 (Young Adult),F,2.0,0,Adult
18-29 (Young Adult),M,1.0,0,Adult
18-29 (Young Adult),M,2.7,1,Adult
30-45 (Adult),F,9.8,1,Adult
30-45 (Adult),M,5.5,1,Adult
18-29 (Young Adult),F,6.2,0,Adult
18-29 (Young Adult),F,8.1,1,Adult
30-45 (Adult),M,2.8,1,Adult
18-29 (Young Adult),F,5.1,0,Adult
18-29 (Young Adult),M,8.7,1,Adult
30-45 (Adult),F,6.5,1,Adult
30-45 (Adult),M,7.7,1,Adult
18-29 (Young Adult),M,9.4,1,Adult
30-45 (Adult),F,8.0,1,Adult
30-45 (Adult),F,9.9,1,Adult
18-29 (Young Adult),M,1.8,1,Adult
30-45 (Adult),M,5.4,1,Adult
30-45 (Adult),F,2.6,0,Adult
18-29 (Young Adult),M,3.7,0,Adult
18-29 (Young Adult),M,9.2,1,Adult
30-45 (Adult),M,6.7,1,Adult
30-45 (Adult),F,5.5,1,Adult
30-45 (Adult),F,9.0,0,Adult
30-45 (Adult),F,9.5,1,Adult
30-45 (Adult),M,2.8,0,Adult
18-29 (Young Adult),F,3.8,0,Adult
30-45 (Adult),F,8.6,0,Adult
30-45 (Adult),M,8.5,0,Adult
18-29 (Young Adult),M,7.9,1,Adult
30-45 (Adult),M,6.7,0,Adult
30-45 (Adult),F,9.4,1,Adult
18-29 (Young Adult),M,1.9,1,Adult
18-29 (Young Adult),M,10.0,0,Adult
18-29 (Young Adult),F,7.2,0,Adult
18-29 (Young Adult),F,7.0,0,Adult
30-45 (Adult),F,1.1,1,Adult
30-45 (Adult),F,4.5,1,Adult
30-45 (Adult),M,7.9,1,Adult
18-29 (Young Adult),F,8.3,1,Adult
30-45 (Adult),M,8.8,1,Adult
30-45 (Adult),M,2.7,0,Adult
30-45 (Adult),F,4.1,0,Adult
18-29 (Young Adult),M,7.0,1,Adult
30-45 (Adult),F,9.8,1,Adult
18-29 (Young Adult),M,1.2,1,Adult
18-29 (Young Adult),F,2.0,0,Adult
18-29 (Young Adult),M,8.3,0,Adult
18-29 (Young Adult),F,3.0,1,Adult
30-45 (Adult),M,8.0,1,Adult
30-45 (Adult),F,2.7,0,Adult
30-45 (Adult),M,2.0,1,Adult
30-45 (Adult),F,1.9,1,Adult
30-45 (Adult),F,9.4,1,Adult
18-29 (Young Adult),F,4.1,1,Adult
30-45 (Adult),F,8.0,1,Adult
18-29 (Young Adult),M,1.4,0,Adult
18-29 (Young Adult),M,8.0,1,Adult
30-45 (Adult),F,1.3,1,Adult
18-29 (Young Adult),M,4.5,1,Adult
30-45 (Adult),F,7.9,0,Adult
30-45 (Adult),M,2.3,1,Adult
30-45 (Adult),M,5.7,0,Adult
30-45 (Adult),F,2.8,1,Adult
18-29 (Young Adult),M,5.5,0,Adult
18-29 (Young Adult),F,8.1,1,Adult
18-29 (Young Adult),F,2.0,0,Adult
18-29 (Young Adult),M,4.6,1,Adult
18-29 (Young Adult),F,5.3,0,Adult
30-45 (Adult),M,7.1,1,Adult
30-45 (Adult),M,3.5,0,Adult
30-45 (Adult),M,3.9,1,Adult
30-45 (Adult),M,5.0,1,Adult
30-45 (Adult),M,5.9,0,Adult
30-45 (Adult),M,3.0,1,Adult
30-45 (Adult),F,2.5,1,Adult
18-29 (Young Adult),F,4.6,0,Adult
30-45 (Adult),M,1.6,1,Adult
30-45 (Adult),M,5.4,0,Adult
18-29 (Young Adult),F,5.3,1,Adult
30-45 (Adult),M,7.2,0,Adult
18-29 (Young Adult),M,4.2,1,Adult
30-45 (Adult),M,2.0,1,Adult
18-29 (Young Adult),F,1.3,0,Adult
30-45 (Adult),M,7.6,1,Adult
30-45 (Adult),M,4.7,1,Adult
30-45 (Adult),M,3.6,1,Adult
30-45 (Adult),F,7.4,0,Adult
18-29 (Young Adult),M,4.6,1,Adult
30-45 (Adult),F,7.6,1,Adult
18-29 (Young Adult),M,2.8,0,Adult
18-29 (Young Adult),F,5.6,1,Adult
30-45 (Adult),M,1.5,1,Adult
18-29 (Young Adult),F,6.4,0,Adult
18-29 (Young Adult),M,8.7,0,Adult
30-45 (Adult),F,6.2,1,Adult
30-45 (Adult),M,6.8,1,Adult
30-45 (Adult),F,2.7,1,Adult
30-45 (Adult),F,5.6,0,Adult
30-45 (Adult),F,6.0,0,Adult
18-29 (Young Adult),F,8.4,1,Adult
18-29 (Young Adult),M,5.0,1,Adult
30-45 (Adult),F,7.4,0,Adult
18-29 (Young Adult),M,7.9,1,Adult
30-45 (Adult),M,4.1,1,Adult
30-45 (Adult),M,8.1,0,Adult
30-45 (Adult),F,8.5,1,Adult
30-45 (Adult),M,4.8,0,Adult
30-45 (Adult),M,6.3,1,Adult
18-29 (Young Adult),F,9.8,1,Adult
30-45 (Adult),F,5.0,1,Adult
18-29 (Young Adult),M,1.3,1,Adult
18-29 (Young Adult),M,7.5,0,Adult
30-45 (Adult),M,4.6,1,Adult
18-29 (Young Adult),M,5.6,0,Adult
30-45 (Adult),M,3.7,1,Adult
18-29 (Young Adult),F,6.4,1,Adult
18-29 (Young Adult),M,3.9,1,Adult
30-45 (Adult),F,3.9,1,Adult
30-45 (Adult),M,2.9,1,Adult
18-29 (Young Adult),M,4.6,0,Adult
30-45 (Adult),M,4.9,0,Adult
18-29 (Young Adult),M,6.1,1,Adult
18-29 (Young Adult),M,4.2,1,Adult
18-29 (Young Adult),M,6.1,0,Adult
30-45 (Adult),F,6.5,1,Adult
18-29 (Young Adult),M,7.4,0,Adult
30-45 (Adult),F,3.9,1,Adult
30-45 (Adult),M,9.2,1,Adult
30-45 (Adult),M,7.1,0,Adult
18-29 (Young Adult),M,6.0,1,Adult
18-29 (Young Adult),M,5.7,1,Adult
30-45 (Adult),M,6.2,0,Adult
30-45 (Adult),M,9.5,1,Adult
30-45 (Adult),F,4.7,1,Adult
30-45 (Adult),M,4.2,0,Adult
30-45 (Adult),M,3.6,1,Adult
30-45 (Adult),F,2.5,1,Adult
30-45 (Adult),M,9.9,0,Adult
18-29 (Young Adult),F,8.0,1,Adult
18-29 (Young Adult),F,2.9,1,Adult
18-29 (Young Adult),F,4.6,1,Adult
30-45 (Adult),M,2.1,0,Adult
30-45 (Adult),M,3.5,1,Adult
18-29 (Young Adult),F,1.3,0,Adult
18-29 (Young Adult),F,7.1,0,Adult
30-45 (Adult),M,1.6,1,Adult
30-45 (Adult),M,7.1,1,Adult
18-29 (Young Adult),M,5.7,0,Adult
30-45 (Adult),F,8.1,1,Adult
18-29 (Young Adult),M,2.9,1,Adult
30-45 (Adult),F,7.0,1,Adult
30-45 (Adult),F,3.4,1,Adult
18-29 (Young Adult),F,7.0,0,Adult
30-45 (Adult),F,1.5,1,Adult
30-45 (Adult),F,1.8,1,Adult
30-45 (Adult),F,7.0,1,Adult
30-45 (Adult),F,5.9,1,Adult
18-29 (Young Adult),M,2.8,0,Adult
30-45 (Adult),M,1.0,1,Adult
30-45 (Adult),M,2.1,0,Adult
18-29 (Young Adult),F,5.3,1,Adult
18-29 (Young Adult),M,2.7,1,Adult
30-45 (Adult),M,8.6,1,Adult
18-29 (Young Adult),M,6.5,1,Adult
18-29 (Young Adult),M,7.5,1,Adult
30-45 (Adult),M,9.5,1,Adult
30-45 (Adult),M,9.6,1,Adult
30-45 (Adult),M,6.2,0,Adult
30-45 (Adult),F,9.0,1,Adult
18-29 (Young Adult),F,3.6,0,Adult
30-45 (Adult),M,3.6,1,Adult
30-45 (Adult),M,9.8,1,Adult
30-45 (Adult),M,7.7,0,Adult
18-29 (Young Adult),F,1.2,1,Adult
30-45 (Adult),F,5.8,0,Adult
18-29 (Young Adult),M,8.8,1,Adult
30-45 (Adult),F,1.5,1,Adult
30-45 (Adult),M,8.5,1,Adult
18-29 (Young Adult),F,2.8,1,Adult
18-29 (Young Adult),M,5.5,0,Adult
30-45 (Adult),M,4.0,1,Adult
30-45 (Adult),M,8.9,1,Adult
30-45 (Adult),M,3.4,1,Adult
18-29 (Young Adult),F,5.1,1,Adult
18-29 (Young Adult),M,2.4,1,Adult
18-29 (Young Adult),F,1.7,1,Adult
30-45 (Adult),F,2.9,1,Adult
30-45 (Adult),F,8.3,1,Adult
30-45 (Adult),F,6.2,0,Adult
30-45 (Adult),F,7.4,0,Adult
18-29 (Young Adult),M,3.0,1,Adult
30-45 (Adult),F,9.3,1,Adult
30-45 (Adult),F,7.2,0,Adult
18-29 (Young Adult),F,5.5,1,Adult
18-29 (Young Adult),F,4.7,0,Adult
18-29 (Young Adult),M,6.6,1,Adult
30-45 (Adult),M,6.1,0,Adult
30-45 (Adult),M,8.7,1,Adult
30-45 (Adult),F,5.0,1,Adult
30-45 (Adult),M,6.7,1,Adult
30-45 (Adult),F,2.3,1,Adult
30-45 (Adult),F,5.8,1,Adult
30-45 (Adult),F,1.8,0,Adult
30-45 (Adult),M,7.0,0,Adult
30-45 (Adult),F,8.7,1,Adult
18-29 (Young Adult),F,5.7,1,Adult
30-45 (Adult),F,7.1,1,Adult
18-29 (Young Adult),M,8.3,1,Adult
18-29 (Young Adult),M,7.5,0,Adult
30-45 (Adult),M,6.8,0,Adult
18-29 (Young Adult),F,5.6,1,Adult
30-45 (Adult),M,4.8,1,Adult
30-45 (Adult),M,5.9,1,Adult
18-29 (Young Adult),F,6.4,1,Adult
30-45 (Adult),M,8.9,0,Adult
18-29 (Young Adult),M,3.9,0,Adult
30-45 (Adult),F,8.0,1,Adult
18-29 (Young Adult),F,4.5,1,Adult
30-45 (Adult),F,4.3,1,Adult
30-45 (Adult),M,6.5,1,Adult
30-45 (Adult),F,3.3,1,Adult
18-29 (Young Adult),M,1.9,0,Adult
30-45 (Adult),M,1.8,0,Adult
18-29 (Young Adult),F,6.0,1,Adult
18-29 (Young Adult),M,7.4,1,Adult
30-45 (Adult),M,8.2,1,Adult
18-29 (Young Adult),F,5.2,1,Adult
30-45 (Adult),M,9.4,0,Adult
18-29 (Young Adult),M,1.1,1,Adult
30-45 (Adult),M,3.8,0,Adult
18-29 (Young Adult),F,9.2,0,Adult
30-45 (Adult),F,5.4,1,Adult
30-45 (Adult),M,3.4,1,Adult
18-29 (Young Adult),M,8.3,1,Adult
18-29 (Young Adult),M,8.1,1,Adult
30-45 (Adult),F,8.2,1,Adult
18-29 (Young Adult),M,7.9,0,Adult
18-29 (Young Adult),M,2.1,0,Adult
30-45 (Adult),M,8.8,1,Adult
18-29 (Young Adult),M,8.3,1,Adult
30-45 (Adult),F,9.3,1,Adult
30-45 (Adult),F,9.3,1,Adult
18-29 (Young Adult),F,6.6,0,Adult
18-29 (Young Adult),M,5.2,0,Adult
30-45 (Adult),F,3.2,1,Adult
30-45 (Adult),M,8.2,1,Adult
18-29 (Young Adult),M,5.3,0,Adult
30-45 (Adult),F,1.4,1,Adult
30-45 (Adult),F,8.6,1,Adult
18-29 (Young Adult),M,9.8,0,Adult
18-29 (Young Adult),F,5.4,1,Adult
18-29 (Young Adult),F,6.1,1,Adult
30-45 (Adult),F,8.2,1,Adult
30-45 (Adult),M,4.4,1,Adult
18-29 (Young Adult),F,2.0,0,Adult
30-45 (Adult),F,5.4,1,Adult
30-45 (Adult),F,8.2,1,Adult
18-29 (Young Adult),F,7.2,1,Adult
18-29 (Young Adult),F,2.5,1,Adult
30-45 (Adult),M,6.2,0,Adult
18-29 (Young Adult),F,2.2,1,Adult
18-29 (Young Adult),M,9.0,1,Adult
18-29 (Young Adult),F,2.1,1,Adult
30-45 (Adult),F,5.0,1,Adult
30-45 (Adult),M,1.7,0,Adult
18-29 (Young Adult),F,5.2,1,Adult
18-29 (Young Adult),M,7.2,1,Adult
30-45 (Adult),M,7.8,1,Adult
30-45 (Adult),M,8.4,0,Adult
18-29 (Young Adult),M,6.4,1,Adult
18-29 (Young Adult),M,3.6,0,Adult
30-45 (Adult),F,9.2,0,Adult
18-29 (Young Adult),F,4.8,0,Adult
18-29 (Young Adult),M,6.1,1,Adult
30-45 (Adult),F,6.2,0,Adult
18-29 (Young Adult),M,1.2,1,Adult
18-29 (Young Adult),F,7.1,0,Adult
30-45 (Adult),F,7.8,1,Adult
30-45 (Adult),M,3.8,0,Adult
18-29 (Young Adult),F,8.7,1,Adult
30-45 (Adult),M,7.3,1,Adult
30-45 (Adult),M,3.9,1,Adult
18-29 (Young Adult),M,9.7,0,Adult
18-29 (Young Adult),F,9.7,1,Adult
18-29 (Young Adult),M,9.8,1,Adult
30-45 (Adult),F,6.8,1,Adult
30-45 (Adult),M,6.6,0,Adult
30-45 (Adult),F,4.3,1,Adult
18-29 (Young Adult),M,2.1,1,Adult
18-29 (Young Adult),F,9.8,1,Adult
18-29 (Young Adult),M,4.5,0,Adult
18-29 (Young Adult),F,2.4,1,Adult
30-45 (Adult),F,2.0,0,Adult
18-29 (Young Adult),F,3.6,1,Adult
30-45 (Adult),M,9.6,0,Adult
18-29 (Young Adult),M,2.3,1,Adult
30-45 (Adult),M,1.1,1,Adult
30-45 (Adult),F,4.9,1,Adult
30-45 (Adult),F,8.1,0,Adult
30-45 (Adult),F,4.0,1,Adult
18-29 (Young Adult),M,8.7,1,Adult
30-45 (Adult),F,9.9,1,Adult
18-29 (Young Adult),F,7.0,0,Adult
30-45 (Adult),F,1.4,0,Adult
30-45 (Adult),M,9.1,0,Adult
30-45 (Adult),M,6.0,0,Adult
30-45 (Adult),F,7.8,1,Adult
30-45 (Adult),M,6.9,0,Adult
30-45 (Adult),M,4.2,1,Adult
30-45 (Adult),F,7.3,1,Adult
30-45 (Adult),F,7.0,1,Adult
30-45 (Adult),M,7.4,0,Adult
30-45 (Adult),M,4.1,1,Adult
30-45 (Adult),M,2.3,1,Adult
18-29 (Young Adult),M,8.5,1,Adult
18-29 (Young Adult),M,3.8,1,Adult
30-45 (Adult),F,9.4,1,Adult
30-45 (Adult),F,9.5,1,Adult
30-45 (Adult),M,2.8,1,Adult
30-45 (Adult),M,9.0,1,Adult
30-45 (Adult),F,1.7,1,Adult
30-45 (Adult),M,2.7,1,Adult
30-45 (Adult),F,5.8,1,Adult
30-45 (Adult),F,2.6,1,Adult
18-29 (Young Adult),F,6.4,1,Adult
18-29 (Young Adult),F,6.7,1,Adult
30-45 (Adult),M,2.8,1,Adult
18-29 (Young Adult),F,2.3,1,Adult
30-45 (Adult),F,3.8,1,Adult
30-45 (Adult),M,7.5,1,Adult
30-45 (Adult),F,5.8,1,Adult
30-45 (Adult),M,9.2,1,Adult
30-45 (Adult),M,2.2,1,Adult
30-45 (Adult),F,6.1,1,Adult
18-29 (Young Adult),M,7.0,1,Adult
30-45 (Adult),M,2.2,1,Adult
18-29 (Young Adult),M,7.1,1,Adult
18-29 (Young Adult),M,5.2,1,Adult
18-29 (Young Adult),F,6.9,1,Adult
18-29 (Young Adult),M,4.0,0,Adult
30-45 (Adult),F,3.2,1,Adult
30-45 (Adult),F,4.7,1,Adult
30-45 (Adult),M,4.2,0,Adult
30-45 (Adult),M,8.6,1,Adult
18-29 (Young Adult),F,3.9,1,Adult
18-29 (Young Adult),F,6.8,1,Adult
18-29 (Young Adult),F,8.0,1,Adult
30-45 (Adult),M,4.5,1,Adult
30-45 (Adult),M,9.6,1,Adult
18-29 (Young Adult),M,1.2,1,Adult
30-45 (Adult),M,9.0,0,Adult
30-45 (Adult),F,7.6,1,Adult
30-45 (Adult),F,4.2,1,Adult
30-45 (Adult),F,9.5,1,Adult
30-45 (Adult),F,8.0,0,Adult
30-45 (Adult),M,2.8,1,Adult
30-45 (Adult),M,5.5,1,Adult
18-29 (Young Adult),M,2.6,1,Adult
30-45 (Adult),M,3.9,1,Adult
30-45 (Adult),F,6.6,0,Adult
18-29 (Young Adult),F,6.9,0,Adult
30-45 (Adult),M,5.2,1,Adult
30-45 (Adult),F,1.8,1,Adult
18-29 (Young Adult),M,4.6,0,Adult
30-45 (Adult),M,6.3,0,Adult
30-45 (Adult),F,4.2,1,Adult
30-45 (Adult),F,2.8,0,Adult
18-29 (Young Adult),M,2.1,1,Adult
18-29 (Young Adult),M,1.9,1,Adult
30-45 (Adult),M,5.2,1,Adult
18-29 (Young Adult),F,9.6,1,Adult
30-45 (Adult),F,6.3,1,Adult
18-29 (Young Adult),M,2.6,1,Adult
30-45 (Adult),M,1.9,1,Adult
18-29 (Young Adult),F,8.8,0,Adult
30-45 (Adult),F,1.0,1,Adult
18-29 (Young Adult),M,3.8,1,Adult
18-29 (Young Adult),M,3.0,0,Adult
18-29 (Young Adult),F,9.4,0,Adult
30-45 (Adult),F,3.2,1,Adult
30-45 (Adult),F,7.5,1,Adult
30-45 (Adult),F,9.1,1,Adult
30-45 (Adult),F,9.1,0,Adult
18-29 (Young Adult),F,8.0,1,Adult
30-45 (Adult),M,4.0,1,Adult
30-45 (Adult),F,9.1,1,Adult
30-45 (Adult),F,6.6,0,Adult
30-45 (Adult),M,5.5,1,Adult
30-45 (Adult),M,3.3,1,Adult
30-45 (Adult),F,4.6,0,Adult
18-29 (Young Adult),M,6.2,1,Adult
18-29 (Young Adult),M,5.6,1,Adult
30-45 (Adult),F,4.5,1,Adult
30-45 (Adult),M,9.5,0,Adult
30-45 (Adult),M,9.6,1,Adult
18-29 (Young Adult),M,2.6,1,Adult
18-29 (Young Adult),M,9.6,1,Adult
30-45 (Adult),M,2.0,1,Adult
30-45 (Adult),F,9.0,0,Adult
18-29 (Young Adult),M,6.9,1,Adult
18-29 (Young Adult),M,5.6,1,Adult
30-45 (Adult),M,6.4,1,Adult
30-45 (Adult),F,7.6,1,Adult
30-45 (Adult),M,7.4,1,Adult
18-29 (Young Adult),F,8.1,1,Adult
30-45 (Adult),M,5.2,0,Adult
30-45 (Adult),F,6.4,1,Adult
30-45 (Adult),M,9.4,1,Adult
30-45 (Adult),F,8.0,0,Adult
18-29 (Young Adult),F,8.0,1,Adult
30-45 (Adult),F,8.6,1,Adult
18-29 (Young Adult),F,3.1,1,Adult
18-29 (Young Adult),M,1.9,0,Adult
18-29 (Young Adult),F,6.4,1,Adult
30-45 (Adult),F,4.9,1,Adult
18-29 (Young Adult),F,8.2,1,Adult
30-45 (Adult),M,3.7,0,Adult
30-45 (Adult),M,2.2,1,Adult
18-29 (Young Adult),M,9.8,1,Adult
18-29 (Young Adult),M,5.3,1,Adult
18-29 (Young Adult),F,1.9,1,Adult
30-45 (Adult),M,5.7,1,Adult
18-29 (Young Adult),M,3.8,0,Adult
30-45 (Adult),M,8.8,1,Adult
30-45 (Adult),M,10.0,1,Adult
18-29 (Young Adult),M,9.0,1,Adult
30-45 (Adult),M,4.5,0,Adult
30-45 (Adult),M,4.5,0,Adult
18-29 (Young Adult),M,5.1,1,Adult
30-45 (Adult),M,8.2,1,Adult
30-45 (Adult),F,9.4,1,Adult
18-29 (Young Adult),F,3.5,1,Adult
30-45 (Adult),F,9.0,0,Adult
18-29 (Young Adult),M,4.1,0,Adult
18-29 (Young Adult),M,6.5,0,Adult
30-45 (Adult),M,4.5,1,Adult
18-29 (Young Adult),M,7.4,1,Adult
30-45 (Adult),F,3.9,0,Adult
18-29 (Young Adult),M,8.4,0,Adult
18-29 (Young Adult),F,3.7,0,Adult
30-45 (Adult),F,5.1,1,Adult
30-45 (Adult),F,8.0,1,Adult
18-29 (Young Adult),F,4.8,0,Adult
18-29 (Young Adult),M,7.0,1,Adult
30-45 (Adult),M,7.3,1,Adult
30-45 (Adult),F,2.2,1,Adult
30-45 (Adult),F,9.8,0,Adult
18-29 (Young Adult),M,9.5,0,Adult
30-45 (Adult),M,9.5,1,Adult
18-29 (Young Adult),M,8.9,1,Adult
18-29 (Young Adult),F,2.6,1,Adult
18-29 (Young Adult),M,8.7,1,Adult
30-45 (Adult),M,7.4,1,Adult
30-45 (Adult),M,1.9,1,Adult
18-29 (Young Adult),M,8.3,1,Adult
30-45 (Adult),F,1.5,1,Adult
30-45 (Adult),F,7.0,0,Adult
30-45 (Adult),F,2.4,0,Adult
18-29 (Young Adult),M,5.7,0,Adult
30-45 (Adult),M,5.8,1,Adult
18-29 (Young Adult),M,4.8,1,Adult
30-45 (Adult),F,9.2,1,Adult
30-45 (Adult),M,1.9,1,Adult
18-29 (Young Adult),F,9.1,0,Adult
30-45 (Adult),F,9.2,1,Adult
18-29 (Young Adult),M,8.2,0,Adult
30-45 (Adult),M,8.6,1,Adult
30-45 (Adult),F,1.7,0,Adult
18-29 (Young Adult),M,2.1,0,Adult
30-45 (Adult),M,1.4,1,Adult
18-29 (Young Adult),M,9.4,1,Adult
18-29 (Young Adult),F,7.4,1,Adult
18-29 (Young Adult),F,1.9,1,Adult
18-29 (Young Adult),M,4.9,1,Adult
30-45 (Adult),M,4.5,0,Adult
30-45 (Adult),F,6.6,1,Adult
30-45 (Adult),M,3.0,0,Adult
30-45 (Adult),M,4.2,0,Adult
18-29 (Young Adult),M,10.0,0,Adult
30-45 (Adult),F,5.2,1,Adult
18-29 (Young Adult),F,5.2,1,Adult
18-29 (Young Adult),F,2.2,1,Adult
30-45 (Adult),M,5.0,1,Adult
30-45 (Adult),M,1.3,0,Adult
30-45 (Adult),M,5.5,0,Adult
30-45 (Adult),F,4.7,1,Adult
18-29 (Young Adult),F,9.4,1,Adult
18-29 (Young Adult),M,1.4,1,Adult
30-45 (Adult),M,8.9,1,Adult
18-29 (Young Adult),F,4.0,1,Adult
30-45 (Adult),M,4.1,1,Adult
18-29 (Young Adult),F,6.8,1,Adult
30-45 (Adult),F,1.2,1,Adult
18-29 (Young Adult),F,7.3,1,Adult
30-45 (Adult),F,1.9,1,Adult
18-29 (Young Adult),F,5.4,0,Adult
30-45 (Adult),F,6.5,0,Adult
30-45 (Adult),M,6.1,1,Adult
30-45 (Adult),M,7.6,1,Adult
18-29 (Young Adult),F,2.4,1,Adult
18-29 (Young Adult),M,2.0,1,Adult
18-29 (Young Adult),M,3.3,1,Adult
18-29 (Young Adult),M,8.0,1,Adult
18-29 (Young Adult),F,4.2,0,Adult
18-29 (Young Adult),F,8.0,1,Adult
30-45 (Adult),F,2.3,0,Adult
30-45 (Adult),M,2.3,1,Adult
30-45 (Adult),M,3.2,1,Adult
30-45 (Adult),F,6.7,1,Adult
30-45 (Adult),M,1.8,1,Adult
18-29 (Young Adult),M,9.5,1,Adult
18-29 (Young Adult),M,3.3,1,Adult
30-45 (Adult),F,8.7,0,Adult
18-29 (Young Adult),M,3.5,1,Adult
30-45 (Adult),M,2.1,0,Adult
18-29 (Young Adult),M,7.0,1,Adult
30-45 (Adult),M,3.9,1,Adult
30-45 (Adult),M,1.4,1,Adult
30-45 (Adult),M,2.9,1,Adult
18-29 (Young Adult),F,8.3,1,Adult
18-29 (Young Adult),F,9.2,0,Adult
18-29 (Young Adult),F,8.1,0,Adult
30-45 (Adult),M,6.7,1,Adult
30-45 (Adult),F,5.4,1,Adult
30-45 (Adult),M,5.0,0,Adult
18-29 (Young Adult),M,8.7,1,Adult
18-29 (Young Adult),M,9.2,1,Adult
18-29 (Young Adult),F,4.9,1,Adult
30-45 (Adult),F,5.4,0,Adult
18-29 (Young Adult),M,6.2,1,Adult
18-29 (Young Adult),F,7.7,0,Adult
18-29 (Young Adult),M,8.3,0,Adult
18-29 (Young Adult),M,3.3,0,Adult
30-45 (Adult),F,9.0,1,Adult
18-29 (Young Adult),M,8.3,1,Adult
18-29 (Young Adult),F,5.9,1,Adult
30-45 (Adult),F,7.2,1,Adult
30-45 (Adult),F,5.3,0,Adult
30-45 (Adult),M,5.3,0,Adult
18-29 (Young Adult),F,9.4,0,Adult
18-29 (Young Adult),M,5.5,1,Adult
30-45 (Adult),F,1.7,1,Adult
18-29 (Young Adult),M,5.4,1,Adult
30-45 (Adult),M,1.9,0,Adult
18-29 (Young Adult),F,6.1,0,Adult
18-29 (Young Adult),M,9.4,1,Adult
18-29 (Young Adult),M,5.3,1,Adult
18-29 (Young Adult),M,6.4,0,Adult
30-45 (Adult),M,3.2,1,Adult
30-45 (Adult),M,9.6,0,Adult
30-45 (Adult),F,6.0,1,Adult
30-45 (Adult),M,6.1,1,Adult
30-45 (Adult),M,3.1,1,Adult
30-45 (Adult),F,5.2,1,Adult
30-45 (Adult),M,5.9,0,Adult
30-45 (Adult),M,8.6,1,Adult
30-45 (Adult),M,1.6,1,Adult
18-29 (Young Adult),M,8.7,1,Adult
30-45 (Adult),M,9.9,1,Adult
18-29 (Young Adult),F,9.8,1,Adult
30-45 (Adult),M,9.6,0,Adult
30-45 (Adult),M,5.0,1,Adult
30-45 (Adult),F,6.1,1,Adult
30-45 (Adult),F,7.3,0,Adult
18-29 (Young Adult),F,6.0,1,Adult
30-45 (Adult),F,5.2,1,Adult
30-45 (Adult),F,2.5,1,Adult
30-45 (Adult),F,8.7,0,Adult
18-29 (Young Adult),M,7.4,1,Adult
18-29 (Young Adult),F,4.1,1,Adult
30-45 (Adult),F,6.4,0,Adult
18-29 (Young Adult),F,4.8,0,Adult
30-45 (Adult),F,3.5,0,Adult
18-29 (Young Adult),M,3.8,0,Adult
30-45 (Adult),F,8.7,1,Adult
30-45 (Adult),F,1.2,1,Adult
30-45 (Adult),F,6.5,1,Adult
30-45 (Adult),M,9.9,0,Adult
18-29 (Young Adult),F,1.6,1,Adult
30-45 (Adult),F,6.2,1,Adult
18-29 (Young Adult),F,4.9,1,Adult
18-29 (Young Adult),F,2.1,0,Adult
18-29 (Young Adult),M,8.3,1,Adult
18-29 (Young Adult),M,6.6,1,Adult
30-45 (Adult),F,5.4,0,Adult
30-45 (Adult),F,9.4,1,Adult
30-45 (Adult),F,9.9,0,Adult
30-45 (Adult),M,9.0,0,Adult
30-45 (Adult),F,8.0,1,Adult
30-45 (Adult),F,8.2,1,Adult
18-29 (Young Adult),M,4.6,1,Adult
30-45 (Adult),M,8.5,1,Adult
18-29 (Young Adult),M,7.3,1,Adult
18-29 (Young Adult),M,8.5,1,Adult
30-45 (Adult),F,5.5,1,Adult
30-45 (Adult),F,8.7,1,Adult
30-45 (Adult),F,5.9,1,Adult
30-45 (Adult),F,3.7,1,Adult
30-45 (Adult),F,6.7,1,Adult
18-29 (Young Adult),M,7.3,1,Adult
18-29 (Young Adult),F,2.7,1,Adult
18-29 (Young Adult),M,9.1,0,Adult
30-45 (Adult),M,2.9,1,Adult
30-45 (Adult),M,1.5,1,Adult
30-45 (Adult),F,2.7,1,Adult
18-29 (Young Adult),F,6.9,1,Adult
30-45 (Adult),M,4.6,1,Adult
18-29 (Young Adult),M,4.3,1,Adult
18-29 (Young Adult),F,9.6,1,Adult
18-29 (Young Adult),M,4.9,0,Adult
30-45 (Adult),F,2.6,0,Adult
18-29 (Young Adult),F,8.5,0,Adult
30-45 (Adult),F,1.3,1,Adult
18-29 (Young Adult),M,3.4,1,Adult
30-45 (Adult),F,6.6,0,Adult
30-45 (Adult),M,6.2,1,Adult
30-45 (Adult),F,7.2,1,Adult
30-45 (Adult),F,6.1,1,Adult
30-45 (Adult),F,1.7,0,Adult
18-29 (Young Adult),M,7.2,1,Adult
18-29 (Young Adult),M,4.6,1,Adult
18-29 (Young Adult),F,4.7,0,Adult
30-45 (Adult),M,3.2,1,Adult
18-29 (Young Adult),F,1.7,0,Adult
30-45 (Adult),F,2.6,0,Adult
30-45 (Adult),M,4.6,1,Adult
18-29 (Young Adult),M,2.8,0,Adult
30-45 (Adult),M,8.3,1,Adult
18-29 (Young Adult),M,7.7,0,Adult
30-45 (Adult),M,7.4,1,Adult
30-45 (Adult),M,6.8,0,Adult
18-29 (Young Adult),M,5.5,1,Adult
30-45 (Adult),M,4.1,1,Adult
30-45 (Adult),M,4.2,1,Adult
18-29 (Young Adult),F,3.0,1,Adult
30-45 (Adult),M,6.1,0,Adult
18-29 (Young Adult),F,5.3,1,Adult
18-29 (Young Adult),M,4.4,1,Adult
18-29 (Young Adult),M,3.3,1,Adult
30-45 (Adult),M,4.5,1,Adult
30-45 (Adult),F,1.1,1,Adult
18-29 (Young Adult),M,1.6,1,Adult
18-29 (Young Adult),F,3.5,1,Adult
30-45 (Adult),M,4.6,1,Adult
18-29 (Young Adult),F,1.8,1,Adult
18-29 (Young Adult),M,5.5,1,Adult
18-29 (Young Adult),M,4.7,1,Adult
18-29 (Young Adult),F,5.1,1,Adult
30-45 (Adult),F,4.3,0,Adult
30-45 (Adult),M,5.5,0,Adult
30-45 (Adult),M,6.2,1,Adult
18-29 (Young Adult),F,4.9,0,Adult
30-45 (Adult),F,2.2,1,Adult
18-29 (Young Adult),M,7.1,1,Adult
18-29 (Young Adult),F,1.9,1,Adult
30-45 (Adult),F,1.7,1,Adult
30-45 (Adult),F,1.6,1,Adult
18-29 (Young Adult),M,2.7,1,Adult
30-45 (Adult),M,4.3,0,Adult
18-29 (Young Adult),F,2.7,1,Adult
30-45 (Adult),F,7.9,1,Adult
30-45 (Adult),M,6.7,1,Adult
30-45 (Adult),M,5.3,1,Adult
18-29 (Young Adult),M,7.5,1,Adult
30-45 (Adult),M,8.0,1,Adult
30-45 (Adult),F,6.3,1,Adult
30-45 (Adult),F,7.1,0,Adult
18-29 (Young Adult),M,5.2,0,Adult
18-29 (Young Adult),F,7.8,1,Adult
30-45 (Adult),F,9.9,0,Adult
18-29 (Young Adult),M,4.9,0,Adult
30-45 (Adult),F,7.5,1,Adult
18-29 (Young Adult),M,1.3,1,Adult
30-45 (Adult),F,9.5,1,Adult
30-45 (Adult),F,9.9,0,Adult
18-29 (Young Adult),M,6.5,0,Adult
18-29 (Young Adult),F,5.6,1,Adult
18-29 (Young Adult),M,1.8,1,Adult
30-45 (Adult),F,1.1,1,Adult
30-45 (Adult),F,1.5,1,Adult
30-45 (Adult),M,1.2,0,Adult
18-29 (Young Adult),F,2.1,0,Adult
30-45 (Adult),M,9.6,1,Adult
30-45 (Adult),M,1.8,1,Adult
18-29 (Young Adult),M,3.6,1,Adult
30-45 (Adult),M,1.3,1,Adult
30-45 (Adult),F,7.2,1,Adult
18-29 (Young Adult),F,9.1,0,Adult
30-45 (Adult),F,2.8,0,Adult
18-29 (Young Adult),M,9.6,1,Adult
30-45 (Adult),F,1.8,1,Adult
30-45 (Adult),F,8.1,1,Adult
18-29 (Young Adult),M,1.6,1,Adult
30-45 (Adult),F,5.2,0,Adult
30-45 (Adult),F,2.7,1,Adult
18-29 (Young Adult),M,3.2,0,Adult
30-45 (Adult),F,1.5,1,Adult
30-45 (Adult),F,6.9,1,Adult
30-45 (Adult),F,2.6,1,Adult
30-45 (Adult),M,3.8,1,Adult
30-45 (Adult),M,2.3,0,Adult
30-45 (Adult),F,8.6,0,Adult
30-45 (Adult),F,6.6,1,Adult
18-29 (Young Adult),M,1.6,1,Adult
18-29 (Young Adult),F,9.5,1,Adult
30-45 (Adult),F,5.2,1,Adult
18-29 (Young Adult),M,2.0,1,Adult
30-45 (Adult),F,3.4,0,Adult
18-29 (Young Adult),F,1.5,1,Adult
30-45 (Adult),F,1.5,1,Adult
30-45 (Adult),F,9.0,0,Adult
30-45 (Adult),F,7.1,0,Adult
30-45 (Adult),M,1.5,0,Adult
30-45 (Adult),M,4.4,1,Adult
30-45 (Adult),F,8.8,0,Adult
30-45 (Adult),F,4.5,1,Adult
18-29 (Young Adult),F,9.6,1,Adult
18-29 (Young Adult),M,3.5,1,Adult
30-45 (Adult),F,7.0,1,Adult
18-29 (Young Adult),M,1.7,1,Adult
30-45 (Adult),M,7.0,1,Adult
30-45 (Adult),M,4.5,1,Adult
30-45 (Adult),F,1.3,1,Adult
30-45 (Adult),M,7.3,1,Adult
18-29 (Young Adult),F,9.1,1,Adult
18-29 (Young Adult),M,6.9,1,Adult
30-45 (Adult),F,7.8,0,Adult
30-45 (Adult),M,8.7,1,Adult
18-29 (Young Adult),F,3.1,0,Adult
30-45 (Adult),M,3.3,0,Adult
30-45 (Adult),M,1.3,0,Adult
30-45 (Adult),F,5.7,1,Adult
30-45 (Adult),F,7.8,1,Adult
30-45 (Adult),F,2.4,0,Adult
30-45 (Adult),M,9.8,1,Adult
30-45 (Adult),F,6.4,1,Adult
18-29 (Young Adult),F,5.4,1,Adult
30-45 (Adult),M,7.6,1,Adult
18-29 (Young Adult),M,6.2,0,Adult
30-45 (Adult),M,9.3,1,Adult
30-45 (Adult),F,3.4,1,Adult
30-45 (Adult),M,7.7,0,Adult
30-45 (Adult),F,2.3,0,Adult
18-29 (Young Adult),F,3.0,1,Adult
30-45 (Adult),M,9.3,1,Adult
18-29 (Young Adult),F,8.1,1,Adult
18-29 (Young Adult),F,4.0,0,Adult
30-45 (Adult),M,3.3,1,Adult
30-45 (Adult),F,8.7,1,Adult
30-45 (Adult),F,1.1,1,Adult
30-45 (Adult),M,1.1,1,Adult
18-29 (Young Adult),M,8.7,1,Adult
18-29 (Young Adult),F,3.2,1,Adult
18-29 (Young Adult),M,5.9,1,Adult
30-45 (Adult),M,3.5,0,Adult
30-45 (Adult),F,6.0,0,Adult
30-45 (Adult),M,7.9,0,Adult
18-29 (Young Adult),M,3.0,1,Adult
18-29 (Young Adult),M,7.3,1,Adult
18-29 (Young Adult),M,9.3,1,Adult
18-29 (Young Adult),M,8.9,1,Adult
30-45 (Adult),F,9.2,1,Adult
18-29 (Young Adult),M,4.7,1,Adult
18-29 (Young Adult),M,2.1,0,Adult
18-29 (Young Adult),F,2.9,0,Adult
18-29 (Young Adult),M,5.6,0,Adult
30-45 (Adult),M,7.3,1,Adult
30-45 (Adult),M,6.1,0,Adult
30-45 (Adult),F,8.0,0,Adult
30-45 (Adult),M,1.6,1,Adult
18-29 (Young Adult),M,6.5,1,Adult
30-45 (Adult),F,8.3,1,Adult
30-45 (Adult),F,1.1,0,Adult
30-45 (Adult),M,7.6,1,Adult
30-45 (Adult),F,3.9,1,Adult
18-29 (Young Adult),F,7.0,1,Adult
30-45 (Adult),F,1.7,1,Adult
30-45 (Adult),M,7.2,1,Adult
30-45 (Adult),M,9.9,1,Adult
30-45 (Adult),F,9.2,1,Adult
18-29 (Young Adult),F,8.8,1,Adult
30-45 (Adult),M,8.4,1,Adult
18-29 (Young Adult),F,2.2,1,Adult
30-45 (Adult),F,7.2,0,Adult
18-29 (Young Adult),M,2.5,1,Adult
30-45 (Adult),M,3.2,1,Adult
18-29 (Young Adult),M,1.2,1,Adult
30-45 (Adult),F,6.9,0,Adult
30-45 (Adult),M,5.1,1,Adult
18-29 (Young Adult),F,8.4,0,Adult
30-45 (Adult),F,4.9,1,Adult
18-29 (Young Adult),F,9.9,1,Adult
30-45 (Adult),M,9.8,0,Adult
18-29 (Young Adult),M,8.9,1,Adult
30-45 (Adult),M,1.1,0,Adult
18-29 (Young Adult),F,1.5,1,Adult
18-29 (Young Adult),M,9.4,1,Adult
30-45 (Adult),M,2.2,1,Adult
30-45 (Adult),F,9.6,0,Adult
30-45 (Adult),F,8.8,0,Adult
18-29 (Young Adult),F,5.0,1,Adult
18-29 (Young Adult),F,4.9,1,Adult
30-45 (Adult),F,6.4,0,Adult
18-29 (Young Adult),M,8.2,1,Adult
30-45 (Adult),M,4.9,1,Adult
30-45 (Adult),F,3.2,1,Adult
30-45 (Adult),M,2.8,1,Adult
18-29 (Young Adult),F,9.1,1,Adult
30-45 (Adult),M,5.3,1,Adult
30-45 (Adult),M,2.1,1,Adult
30-45 (Adult),M,7.8,1,Adult
18-29 (Young Adult),F,1.8,0,Adult
18-29 (Young Adult),F,4.8,0,Adult
18-29 (Young Adult),M,4.9,1,Adult
18-29 (Young Adult),F,3.3,0,Adult
18-29 (Young Adult),M,7.3,0,Adult
18-29 (Young Adult),M,9.0,1,Adult
30-45 (Adult),M,1.3,0,Adult
30-45 (Adult),F,7.8,0,Adult
30-45 (Adult),M,5.9,1,Adult
30-45 (Adult),M,4.0,0,Adult
30-45 (Adult),F,9.3,0,Adult
18-29 (Young Adult),M,9.2,1,Adult
18-29 (Young Adult),M,3.0,1,Adult
30-45 (Adult),F,7.6,1,Adult
18-29 (Young Adult),M,2.7,1,Adult
30-45 (Adult),M,7.7,1,Adult
18-29 (Young Adult),M,5.5,0,Adult
18-29 (Young Adult),M,3.2,0,Adult
18-29 (Young Adult),F,6.7,1,Adult
18-29 (Young Adult),M,8.7,1,Adult
18-29 (Young Adult),F,8.8,1,Adult
30-45 (Adult),M,6.3,1,Adult
30-45 (Adult),F,3.8,0,Adult
30-45 (Adult),M,5.7,0,Adult
30-45 (Adult),M,7.0,1,Adult
30-45 (Adult),F,2.0,1,Adult
18-29 (Young Adult),M,8.2,1,Adult
30-45 (Adult),F,7.3,1,Adult
18-29 (Young Adult),F,7.1,0,Adult
18-29 (Young Adult),M,5.9,1,Adult
18-29 (Young Adult),M,4.2,0,Adult
30-45 (Adult),F,5.1,1,Adult
30-45 (Adult),M,5.1,0,Adult
18-29 (Young Adult),F,3.2,1,Adult
30-45 (Adult),M,7.3,1,Adult
30-45 (Adult),F,5.3,1,Adult
30-45 (Adult),F,3.0,1,Adult
18-29 (Young Adult),M,9.4,1,Adult
18-29 (Young Adult),F,7.4,0,Adult
30-45 (Adult),M,1.2,1,Adult
30-45 (Adult),F,9.0,1,Adult
30-45 (Adult),F,9.0,1,Adult
30-45 (Adult),M,1.0,1,Adult
30-45 (Adult),M,1.8,0,Adult
18-29 (Young Adult),F,7.4,1,Adult
18-29 (Young Adult),F,8.4,1,Adult
18-29 (Young Adult),M,10.0,1,Adult
30-45 (Adult),M,2.8,0,Adult
30-45 (Adult),F,3.0,1,Adult
30-45 (Adult),F,9.0,0,Adult
18-29 (Young Adult),F,7.3,1,Adult
18-29 (Young Adult),M,3.5,1,Adult
30-45 (Adult),F,2.3,1,Adult
30-45 (Adult),M,8.5,0,Adult
30-45 (Adult),M,7.1,1,Adult
18-29 (Young Adult),F,7.1,1,Adult
30-45 (Adult),F,3.1,1,Adult
30-45 (Adult),F,6.1,0,Adult
30-45 (Adult),F,2.2,0,Adult
30-45 (Adult),M,9.0,1,Adult
30-45 (Adult),M,1.2,1,Adult
18-29 (Young Adult),M,4.5,1,Adult
30-45 (Adult),M,6.2,1,Adult
18-29 (Young Adult),F,5.1,0,Adult
18-29 (Young Adult),M,5.9,0,Adult
30-45 (Adult),M,1.0,1,Adult
30-45 (Adult),M,1.8,1,Adult
30-45 (Adult),F,8.8,1,Adult
30-45 (Adult),F,1.4,1,Adult
30-45 (Adult),F,1.3,1,Adult
18-29 (Young Adult),F,8.6,1,Adult
18-29 (Young Adult),M,7.2,1,Adult
30-45 (Adult),M,5.2,1,Adult
30-45 (Adult),M,7.6,1,Adult
30-45 (Adult),F,7.7,1,Adult
18-29 (Young Adult),F,4.8,1,Adult
30-45 (Adult),M,4.5,0,Adult
30-45 (Adult),F,1.3,1,Adult
18-29 (Young Adult),M,1.9,1,Adult
30-45 (Adult),F,3.9,1,Adult
18-29 (Young Adult),F,9.2,0,Adult
30-45 (Adult),F,7.7,1,Adult
18-29 (Young Adult),M,4.8,1,Adult
30-45 (Adult),F,6.5,1,Adult
30-45 (Adult),M,8.2,1,Adult
30-45 (Adult),F,6.5,1,Adult
30-45 (Adult),F,8.0,1,Adult
18-29 (Young Adult),F,7.8,1,Adult
18-29 (Young Adult),M,9.8,1,Adult
18-29 (Young Adult),M,3.1,1,Adult
18-29 (Young Adult),F,6.6,0,Adult
18-29 (Young Adult),F,8.5,1,Adult
18-29 (Young Adult),M,6.5,1,Adult
30-45 (Adult),M,8.1,1,Adult
30-45 (Adult),F,9.9,0,Adult
18-29 (Young Adult),F,9.5,1,Adult
18-29 (Young Adult),F,7.5,1,Adult
30-45 (Adult),M,2.4,0,Adult
30-45 (Adult),F,1.4,0,Adult
30-45 (Adult),M,2.9,0,Adult
18-29 (Young Adult),M,8.9,1,Adult
30-45 (Adult),F,2.2,0,Adult
30-45 (Adult),F,6.4,1,Adult
30-45 (Adult),M,8.0,0,Adult
18-29 (Young Adult),F,5.3,1,Adult
18-29 (Young Adult),M,6.2,0,Adult
18-29 (Young Adult),F,3.1,1,Adult
18-29 (Young Adult),F,4.0,0,Adult
18-29 (Young Adult),M,3.1,0,Adult
30-45 (Adult),M,6.9,1,Adult
18-29 (Young Adult),M,5.9,1,Adult
18-29 (Young Adult),F,6.1,0,Adult
18-29 (Young Adult),M,1.6,1,Adult
18-29 (Young Adult),F,7.9,1,Adult
18-29 (Young Adult),F,3.8,1,Adult
30-45 (Adult),F,1.2,1,Adult
18-29 (Young Adult),M,2.4,1,Adult
30-45 (Adult),M,2.8,1,Adult
18-29 (Young Adult),M,1.7,0,Adult
30-45 (Adult),F,4.9,0,Adult
18-29 (Young Adult),M,1.2,1,Adult
18-29 (Young Adult),F,1.9,0,Adult
18-29 (Young Adult),F,5.8,1,Adult
30-45 (Adult),M,8.3,1,Adult
18-29 (Young Adult),M,9.5,1,Adult
18-29 (Young Adult),M,7.6,1,Adult
30-45 (Adult),M,3.8,0,Adult
30-45 (Adult),M,7.9,1,Adult
18-29 (Young Adult),F,4.5,0,Adult
30-45 (Adult),F,2.0,1,Adult
18-29 (Young Adult),M,5.1,1,Adult
18-29 (Young Adult),M,7.2,0,Adult
18-29 (Young Adult),F,1.5,1,Adult
30-45 (Adult),F,9.1,0,Adult
18-29 (Young Adult),M,9.8,1,Adult
30-45 (Adult),M,4.3,1,Adult
30-45 (Adult),F,6.1,1,Adult
18-29 (Young Adult),M,3.9,1,Adult
18-29 (Young Adult),F,2.9,1,Adult
18-29 (Young Adult),M,8.6,0,Adult
18-29 (Young Adult),F,2.7,1,Adult
18-29 (Young Adult),M,9.0,1,Adult
30-45 (Adult),M,3.3,1,Adult
30-45 (Adult),F,4.3,1,Adult
18-29 (Young Adult),M,1.7,1,Adult
18-29 (Young Adult),F,8.2,1,Adult
30-45 (Adult),M,9.4,1,Adult
30-45 (Adult),M,8.7,1,Adult
30-45 (Adult),F,3.3,1,Adult
18-29 (Young Adult),F,7.7,1,Adult
30-45 (Adult),F,2.3,1,Adult
18-29 (Young Adult),F,3.3,1,Adult
30-45 (Adult),M,4.2,1,Adult
30-45 (Adult),M,9.5,0,Adult
30-45 (Adult),M,2.4,0,Adult
30-45 (Adult),F,2.0,0,Adult
30-45 (Adult),F,5.2,0,Adult
18-29 (Young Adult),F,7.8,1,Adult
30-45 (Adult),F,7.9,1,Adult
30-45 (Adult),F,9.0,0,Adult
30-45 (Adult),F,7.1,1,Adult
18-29 (Young Adult),M,9.3,1,Adult
18-29 (Young Adult),F,7.1,0,Adult
30-45 (Adult),F,3.0,1,Adult
30-45 (Adult),M,2.0,1,Adult
18-29 (Young Adult),M,8.7,1,Adult
30-45 (Adult),F,5.7,1,Adult
30-45 (Adult),F,7.9,0,Adult
30-45 (Adult),M,5.7,0,Adult
30-45 (Adult),M,8.1,0,Adult
30-45 (Adult),M,6.3,1,Adult
30-45 (Adult),F,8.7,1,Adult
18-29 (Young Adult),F,7.8,1,Adult
18-29 (Young Adult),F,2.0,0,Adult
30-45 (Adult),F,5.2,0,Adult
18-29 (Young Adult),F,9.0,1,Adult
30-45 (Adult),F,6.3,1,Adult
30-45 (Adult),M,7.0,0,Adult
30-45 (Adult),M,1.8,0,Adult
18-29 (Young Adult),F,3.3,1,Adult
30-45 (Adult),F,6.5,1,Adult
18-29 (Young Adult),F,9.2,0,Adult
18-29 (Young Adult),F,4.5,1,Adult
18-29 (Young Adult),F,3.0,1,Adult
30-45 (Adult),M,5.3,1,Adult
30-45 (Adult),M,6.5,0,Adult
30-45 (Adult),M,9.0,1,Adult
30-45 (Adult),M,6.3,1,Adult
18-29 (Young Adult),M,7.3,1,Adult
30-45 (Adult),F,6.9,1,Adult
18-29 (Young Adult),M,3.6,1,Adult
30-45 (Adult),M,2.3,1,Adult
18-29 (Young Adult),F,5.8,1,Adult
18-29 (Young Adult),F,5.7,0,Adult
30-45 (Adult),F,9.1,0,Adult
30-45 (Adult),F,9.0,1,Adult
30-45 (Adult),M,1.9,0,Adult
18-29 (Young Adult),F,8.5,1,Adult
18-29 (Young Adult),M,1.6,0,Adult
30-45 (Adult),M,7.2,1,Adult
30-45 (Adult),M,9.5,0,Adult
30-45 (Adult),F,5.6,1,Adult
18-29 (Young Adult),M,9.0,1,Adult
30-45 (Adult),M,7.1,0,Adult
18-29 (Young Adult),F,7.8,1,Adult
30-45 (Adult),F,5.9,0,Adult
18-29 (Young Adult),F,3.8,1,Adult
18-29 (Young Adult),M,9.5,0,Adult
30-45 (Adult),F,2.6,0,Adult
18-29 (Young Adult),M,6.5,1,Adult
30-45 (Adult),M,9.6,1,Adult
30-45 (Adult),M,1.9,0,Adult
30-45 (Adult),M,7.4,1,Adult
18-29 (Young Adult),F,7.6,1,Adult
30-45 (Adult),F,4.6,1,Adult
30-45 (Adult),M,8.5,1,Adult
30-45 (Adult),F,6.3,0,Adult
18-29 (Young Adult),F,4.8,1,Adult
18-29 (Young Adult),M,9.9,1,Adult
30-45 (Adult),F,1.9,1,Adult
30-45 (Adult),M,3.7,1,Adult
18-29 (Young Adult),M,9.3,1,Adult
18-29 (Young Adult),F,1.4,1,Adult
18-29 (Young Adult),M,8.0,1,Adult
30-45 (Adult),F,2.1,1,Adult
30-45 (Adult),M,3.2,0,Adult
30-45 (Adult),F,5.9,1,Adult
18-29 (Young Adult),F,2.3,1,Adult
18-29 (Young Adult),F,3.5,1,Adult
30-45 (Adult),F,3.9,0,Adult
18-29 (Young Adult),M,4.9,1,Adult
18-29 (Young Adult),M,9.8,1,Adult
30-45 (Adult),M,2.5,1,Adult
30-45 (Adult),M,4.3,1,Adult
18-29 (Young Adult),M,5.7,0,Adult
18-29 (Young Adult),M,6.1,0,Adult
30-45 (Adult),F,1.9,1,Adult
18-29 (Young Adult),F,6.4,0,Adult
30-45 (Adult),M,1.1,1,Adult
18-29 (Young Adult),F,2.0,0,Adult
30-45 (Adult),M,9.5,1,Adult
30-45 (Adult),M,8.1,1,Adult
18-29 (Young Adult),F,6.9,0,Adult
18-29 (Young Adult),F,2.5,1,Adult
30-45 (Adult),M,3.9,0,Adult
30-45 (Adult),F,8.5,1,Adult
18-29 (Young Adult),M,7.7,1,Adult
18-29 (Young Adult),F,2.7,1,Adult
18-29 (Young Adult),M,3.2,0,Adult
30-45 (Adult),F,1.5,1,Adult
30-45 (Adult),M,8.3,0,Adult
18-29 (Young Adult),F,6.4,1,Adult
30-45 (Adult),M,1.8,0,Adult
30-45 (Adult),M,9.8,1,Adult
18-29 (Young Adult),M,3.4,1,Adult
30-45 (Adult),M,7.2,0,Adult
30-45 (Adult),F,4.0,0,Adult
30-45 (Adult),M,3.5,0,Adult
30-45 (Adult),F,8.0,0,Adult
18-29 (Young Adult),M,3.6,1,Adult
18-29 (Young Adult),F,4.9,0,Adult
30-45 (Adult),M,6.8,0,Adult
18-29 (Young Adult),M,6.1,1,Adult
30-45 (Adult),F,4.7,1,Adult
30-45 (Adult),M,1.4,0,Adult
30-45 (Adult),M,2.1,1,Adult
30-45 (Adult),M,4.3,1,Adult
30-45 (Adult),M,9.0,1,Adult
30-45 (Adult),M,9.5,1,Adult
30-45 (Adult),M,9.3,1,Adult
18-29 (Young Adult),F,9.4,1,Adult
18-29 (Young Adult),M,8.4,0,Adult
30-45 (Adult),F,4.9,1,Adult
18-29 (Young Adult),F,8.3,1,Adult
18-29 (Young Adult),M,1.9,1,Adult
18-29 (Young Adult),F,7.5,0,Adult
30-45 (Adult),M,5.7,1,Adult
30-45 (Adult),M,9.2,1,Adult
30-45 (Adult),F,8.1,1,Adult
30-45 (Adult),M,5.3,1,Adult
18-29 (Young Adult),F,8.9,1,Adult
18-29 (Young Adult),F,3.9,0,Adult
18-29 (Young Adult),M,5.5,1,Adult
18-29 (Young Adult),F,1.7,0,Adult
30-45 (Adult),M,1.9,1,Adult
30-45 (Adult),F,9.9,1,Adult
30-45 (Adult),F,6.7,1,Adult
30-45 (Adult),F,8.8,1,Adult
30-45 (Adult),M,5.3,1,Adult
18-29 (Young Adult),M,5.2,0,Adult
30-45 (Adult),M,1.3,0,Adult
18-29 (Young Adult),F,7.4,1,Adult
18-29 (Young Adult),M,7.9,1,Adult
18-29 (Young Adult),M,5.0,1,Adult
30-45 (Adult),F,4.9,0,Adult
30-45 (Adult),F,7.0,1,Adult
30-45 (Adult),M,9.4,1,Adult
18-29 (Young Adult),F,9.3,1,Adult
18-29 (Young Adult),F,3.3,1,Adult
30-45 (Adult),F,2.6,1,Adult
18-29 (Young Adult),F,8.8,1,Adult
30-45 (Adult),M,4.5,1,Adult
18-29 (Young Adult),M,2.7,1,Adult
30-45 (Adult),F,9.9,1,Adult
30-45 (Adult),F,6.0,1,Adult
30-45 (Adult),F,1.3,1,Adult
18-29 (Young Adult),M,4.1,1,Adult
30-45 (Adult),M,6.2,1,Adult
30-45 (Adult),M,4.6,1,Adult
18-29 (Young Adult),M,3.4,0,Adult
30-45 (Adult),M,2.7,1,Adult
18-29 (Young Adult),F,6.2,0,Adult
30-45 (Adult),M,4.3,1,Adult
18-29 (Young Adult),F,5.0,1,Adult
18-29 (Young Adult),M,3.9,1,Adult
30-45 (Adult),F,3.2,0,Adult
30-45 (Adult),F,4.4,0,Adult
30-45 (Adult),M,4.1,1,Adult
18-29 (Young Adult),M,6.3,1,Adult
18-29 (Young Adult),F,7.4,0,Adult
18-29 (Young Adult),F,5.9,0,Adult
18-29 (Young Adult),F,1.9,1,Adult
30-45 (Adult),M,7.5,1,Adult
30-45 (Adult),M,6.2,1,Adult
30-45 (Adult),F,6.5,0,Adult
30-45 (Adult),F,1.6,1,Adult
18-29 (Young Adult),F,9.7,1,Adult
30-45 (Adult),M,6.2,0,Adult
18-29 (Young Adult),M,9.9,0,Adult
30-45 (Adult),F,2.3,1,Adult
30-45 (Adult),F,4.7,0,Adult
30-45 (Adult),M,7.4,1,Adult
18-29 (Young Adult),M,5.7,0,Adult
18-29 (Young Adult),M,3.2,1,Adult
30-45 (Adult),F,8.6,0,Adult
18-29 (Young Adult),M,5.5,1,Adult
30-45 (Adult),F,9.8,1,Adult
18-29 (Young Adult),M,8.7,1,Adult
18-29 (Young Adult),F,6.7,1,Adult
18-29 (Young Adult),F,5.2,0,Adult
18-29 (Young Adult),M,7.8,1,Adult
30-45 (Adult),F,4.8,1,Adult
18-29 (Young Adult),F,2.6,1,Adult
30-45 (Adult),M,9.8,1,Adult
30-45 (Adult),F,3.4,0,Adult
30-45 (Adult),M,3.4,0,Adult
18-29 (Young Adult),F,9.9,1,Adult
30-45 (Adult),M,1.2,1,Adult
30-45 (Adult),M,1.4,1,Adult
18-29 (Young Adult),M,9.8,0,Adult
30-45 (Adult),F,6.2,1,Adult
30-45 (Adult),F,6.3,1,Adult
30-45 (Adult),F,3.5,1,Adult
30-45 (Adult),F,8.6,1,Adult
30-45 (Adult),F,10.0,1,Adult
30-45 (Adult),M,7.6,0,Adult
18-29 (Young Adult),F,9.3,1,Adult
30-45 (Adult),F,4.3,1,Adult
30-45 (Adult),M,8.7,1,Adult
18-29 (Young Adult),M,2.8,1,Adult
18-29 (Young Adult),F,6.7,1,Adult
18-29 (Young Adult),F,8.4,1,Adult
30-45 (Adult),F,5.5,1,Adult
18-29 (Young Adult),F,1.4,1,Adult
18-29 (Young Adult),F,1.2,1,Adult
18-29 (Young Adult),F,7.3,1,Adult
30-45 (Adult),M,3.8,1,Adult
30-45 (Adult),F,3.7,1,Adult
30-45 (Adult),M,6.1,1,Adult
30-45 (Adult),M,7.2,1,Adult
18-29 (Young Adult),F,4.9,0,Adult
18-29 (Young Adult),M,6.9,1,Adult
30-45 (Adult),F,5.9,1,Adult
18-29 (Young Adult),F,8.9,1,Adult
18-29 (Young Adult),M,1.1,1,Adult
18-29 (Young Adult),F,5.8,1,Adult
18-29 (Young Adult),F,3.7,1,Adult
18-29 (Young Adult),M,5.0,0,Adult
30-45 (Adult),M,8.0,0,Adult
18-29 (Young Adult),F,4.3,1,Adult
18-29 (Young Adult),F,3.6,1,Adult
30-45 (Adult),M,5.3,0,Adult
30-45 (Adult),M,3.8,0,Adult
30-45 (Adult),F,7.5,1,Adult
30-45 (Adult),F,6.4,1,Adult
18-29 (Young Adult),F,9.3,1,Adult
30-45 (Adult),M,4.5,1,Adult
30-45 (Adult),M,3.9,1,Adult
30-45 (Adult),M,4.3,1,Adult
30-45 (Adult),F,1.7,1,Adult
18-29 (Young Adult),F,3.9,1,Adult
30-45 (Adult),M,9.6,1,Adult
18-29 (Young Adult),M,6.4,0,Adult
30-45 (Adult),F,3.6,1,Adult
30-45 (Adult),M,2.2,1,Adult
18-29 (Young Adult),M,7.4,1,Adult
30-45 (Adult),M,9.9,1,Adult
30-45 (Adult),F,9.9,1,Adult
30-45 (Adult),F,2.8,0,Adult
18-29 (Young Adult),M,6.5,1,Adult
30-45 (Adult),M,5.4,0,Adult
30-45 (Adult),M,1.3,1,Adult
30-45 (Adult),F,4.3,1,Adult
30-45 (Adult),M,4.0,1,Adult
18-29 (Young Adult),F,6.1,1,Adult
18-29 (Young Adult),M,9.2,1,Adult
18-29 (Young Adult),F,8.3,1,Adult
18-29 (Young Adult),M,2.0,1,Adult
18-29 (Young Adult),F,9.7,0,Adult
18-29 (Young Adult),M,9.8,1,Adult
30-45 (Adult),F,1.6,0,Adult
18-29 (Young Adult),M,5.3,1,Adult
18-29 (Young Adult),F,4.6,0,Adult
30-45 (Adult),F,1.4,0,Adult
18-29 (Young Adult),F,4.5,0,Adult
18-29 (Young Adult),M,10.0,1,Adult
30-45 (Adult),M,1.2,1,Adult
18-29 (Young Adult),M,9.8,1,Adult
18-29 (Young Adult),M,8.3,0,Adult
18-29 (Young Adult),M,3.4,0,Adult
18-29 (Young Adult),M,7.0,1,Adult
18-29 (Young Adult),M,1.7,0,Adult
30-45 (Adult),F,4.6,1,Adult
18-29 (Young Adult),M,2.5,1,Adult
30-45 (Adult),F,4.3,1,Adult
18-29 (Young Adult),F,1.1,1,Adult
18-29 (Young Adult),M,1.5,0,Adult
30-45 (Adult),M,8.6,0,Adult
18-29 (Young Adult),M,6.7,1,Adult
30-45 (Adult),F,4.0,1,Adult
30-45 (Adult),F,9.0,0,Adult
30-45 (Adult),F,6.4,1,Adult
30-45 (Adult),M,9.9,0,Adult
18-29 (Young Adult),M,3.5,1,Adult
18-29 (Young Adult),M,2.0,0,Adult
18-29 (Young Adult),M,6.3,1,Adult
30-45 (Adult),F,6.2,1,Adult
30-45 (Adult),M,6.3,1,Adult
18-29 (Young Adult),M,2.2,1,Adult
30-45 (Adult),M,2.0,0,Adult
18-29 (Young Adult),M,3.3,1,Adult
18-29 (Young Adult),M,4.2,0,Adult
30-45 (Adult),F,5.0,0,Adult
30-45 (Adult),M,8.9,1,Adult
30-45 (Adult),F,5.9,1,Adult
18-29 (Young Adult),M,8.2,1,Adult
18-29 (Young Adult),M,6.6,0,Adult
30-45 (Adult),F,6.5,1,Adult
30-45 (Adult),M,3.6,1,Adult
30-45 (Adult),M,1.4,1,Adult
18-29 (Young Adult),F,7.4,1,Adult
30-45 (Adult),M,5.5,1,Adult
30-45 (Adult),M,8.7,0,Adult
18-29 (Young Adult),M,8.1,0,Adult
30-45 (Adult),F,7.2,0,Adult
18-29 (Young Adult),M,4.6,0,Adult
18-29 (Young Adult),M,1.9,1,Adult
30-45 (Adult),M,7.2,0,Adult
30-45 (Adult),M,8.8,1,Adult
18-29 (Young Adult),F,5.2,0,Adult
18-29 (Young Adult),M,5.3,1,Adult
18-29 (Young Adult),F,7.9,1,Adult
18-29 (Young Adult),M,8.1,1,Adult
18-29 (Young Adult),F,9.0,1,Adult
18-29 (Young Adult),F,10.0,0,Adult
30-45 (Adult),F,6.0,0,Adult
30-45 (Adult),F,8.6,1,Adult
30-45 (Adult),M,6.0,1,Adult
30-45 (Adult),F,1.1,1,Adult
18-29 (Young Adult),F,3.2,1,Adult
18-29 (Young Adult),F,5.6,1,Adult
18-29 (Young Adult),M,3.2,0,Adult
30-45 (Adult),M,9.1,1,Adult
30-45 (Adult),F,6.4,1,Adult
30-45 (Adult),M,4.4,1,Adult
18-29 (Young Adult),M,4.0,1,Adult
18-29 (Young Adult),F,7.9,1,Adult
18-29 (Young Adult),M,3.4,1,Adult
30-45 (Adult),M,6.3,1,Adult
18-29 (Young Adult),M,6.1,0,Adult
30-45 (Adult),M,6.1,1,Adult
18-29 (Young Adult),M,6.4,1,Adult
18-29 (Young Adult),F,9.5,1,Adult
18-29 (Young Adult),M,7.5,1,Adult
18-29 (Young Adult),F,5.4,1,Adult
18-29 (Young Adult),F,8.1,1,Adult
30-45 (Adult),F,1.1,0,Adult
30-45 (Adult),F,5.7,1,Adult
18-29 (Young Adult),M,6.6,1,Adult
30-45 (Adult),F,3.9,1,Adult
30-45 (Adult),F,9.2,0,Adult
18-29 (Young Adult),F,4.5,1,Adult
18-29 (Young Adult),M,2.2,1,Adult
30-45 (Adult),F,8.2,1,Adult
30-45 (Adult),M,6.4,1,Adult
18-29 (Young Adult),M,3.5,0,Adult
30-45 (Adult),F,4.6,1,Adult
30-45 (Adult),M,5.3,1,Adult
30-45 (Adult),F,6.4,1,Adult
18-29 (Young Adult),F,7.7,1,Adult
18-29 (Young Adult),F,7.2,1,Adult
30-45 (Adult),M,5.7,1,Adult
30-45 (Adult),F,2.6,1,Adult
30-45 (Adult),F,7.2,1,Adult
30-45 (Adult),F,7.3,1,Adult
30-45 (Adult),F,4.6,1,Adult
30-45 (Adult),F,5.4,1,Adult
18-29 (Young Adult),M,7.6,1,Adult
18-29 (Young Adult),M,8.3,1,Adult
30-45 (Adult),M,1.6,0,Adult
18-29 (Young Adult),F,3.1,0,Adult
18-29 (Young Adult),F,8.3,0,Adult
18-29 (Young Adult),M,6.6,1,Adult
18-29 (Young Adult),F,10.0,1,Adult
30-45 (Adult),F,4.2,1,Adult
18-29 (Young Adult),M,8.8,1,Adult
30-45 (Adult),F,8.5,0,Adult
30-45 (Adult),F,1.1,0,Adult
30-45 (Adult),M,2.6,0,Adult
30-45 (Adult),M,6.9,1,Adult
30-45 (Adult),F,7.7,1,Adult
30-45 (Adult),M,5.7,1,Adult
30-45 (Adult),M,2.0,1,Adult
18-29 (Young Adult),M,2.0,0,Adult
30-45 (Adult),F,2.9,1,Adult
30-45 (Adult),M,7.1,1,Adult
30-45 (Adult),M,9.7,1,Adult
18-29 (Young Adult),M,2.5,1,Adult
18-29 (Young Adult),F,4.7,1,Adult
18-29 (Young Adult),F,5.8,0,Adult
30-45 (Adult),M,2.4,1,Adult
18-29 (Young Adult),M,9.6,0,Adult
30-45 (Adult),F,1.2,1,Adult
30-45 (Adult),M,6.8,1,Adult
30-45 (Adult),M,9.9,1,Adult
30-45 (Adult),F,9.4,1,Adult
30-45 (Adult),M,7.8,0,Adult
18-29 (Young Adult),F,6.2,1,Adult
30-45 (Adult),F,6.5,0,Adult
30-45 (Adult),M,9.4,0,Adult
18-29 (Young Adult),F,5.0,1,Adult
30-45 (Adult),M,2.9,1,Adult
30-45 (Adult),F,6.3,0,Adult
30-45 (Adult),M,1.5,1,Adult
30-45 (Adult),M,7.2,1,Adult
18-29 (Young Adult),M,3.4,1,Adult
30-45 (Adult),M,5.0,1,Adult
18-29 (Young Adult),M,2.8,1,Adult
18-29 (Young Adult),M,2.0,1,Adult
30-45 (Adult),F,4.5,0,Adult
18-29 (Young Adult),M,4.9,0,Adult
30-45 (Adult),M,1.2,0,Adult
18-29 (Young Adult),F,5.7,1,Adult
30-45 (Adult),F,5.0,0,Adult
18-29 (Young Adult),F,5.7,1,Adult
18-29 (Young Adult),M,6.4,1,Adult
30-45 (Adult),M,8.7,1,Adult
18-29 (Young Adult),F,2.8,0,Adult
30-45 (Adult),M,1.2,0,Adult
18-29 (Young Adult),F,9.0,1,Adult
30-45 (Adult),F,3.8,1,Adult
18-29 (Young Adult),F,8.9,1,Adult
18-29 (Young Adult),F,9.8,1,Adult
18-29 (Young Adult),M,9.2,0,Adult
30-45 (Adult),M,7.1,1,Adult
30-45 (Adult),F,3.0,1,Adult
30-45 (Adult),F,8.1,0,Adult
18-29 (Young Adult),F,3.4,1,Adult
30-45 (Adult),M,9.1,1,Adult
18-29 (Young Adult),F,7.1,0,Adult
18-29 (Young Adult),F,1.5,1,Adult
30-45 (Adult),F,8.7,1,Adult
30-45 (Adult),F,6.1,1,Adult
18-29 (Young Adult),M,5.1,1,Adult
18-29 (Young Adult),F,4.0,1,Adult
18-29 (Young Adult),M,5.7,1,Adult
18-29 (Young Adult),F,1.3,1,Adult
18-29 (Young Adult),F,9.2,1,Adult
18-29 (Young Adult),M,4.8,1,Adult
30-45 (Adult),F,6.5,1,Adult
18-29 (Young Adult),F,9.7,1,Adult
18-29 (Young Adult),F,7.3,1,Adult
30-45 (Adult),M,3.2,0,Adult
30-45 (Adult),F,5.4,0,Adult
18-29 (Young Adult),F,4.2,1,Adult
30-45 (Adult),M,9.4,1,Adult
18-29 (Young Adult),F,4.4,1,Adult
30-45 (Adult),M,9.1,0,Adult
30-45 (Adult),F,2.1,0,Adult
30-45 (Adult),F,8.4,0,Adult
18-29 (Young Adult),F,8.8,1,Adult
30-45 (Adult),F,7.0,0,Adult
18-29 (Young Adult),M,2.0,1,Adult
18-29 (Young Adult),M,4.7,1,Adult
18-29 (Young Adult),F,4.4,0,Adult
30-45 (Adult),F,4.1,0,Adult
18-29 (Young Adult),M,2.3,0,Adult
30-45 (Adult),F,3.2,0,Adult
30-45 (Adult),F,2.5,0,Adult
18-29 (Young Adult),F,7.4,1,Adult
30-45 (Adult),M,6.3,1,Adult
18-29 (Young Adult),F,3.2,1,Adult
18-29 (Young Adult),M,3.6,1,Adult
30-45 (Adult),F,6.6,0,Adult
18-29 (Young Adult),F,1.5,1,Adult
30-45 (Adult),M,9.2,0,Adult
18-29 (Young Adult),F,9.2,1,Adult
18-29 (Young Adult),F,4.6,1,Adult
30-45 (Adult),M,9.3,1,Adult
30-45 (Adult),M,9.2,0,Adult
18-29 (Young Adult),F,7.6,1,Adult
30-45 (Adult),M,9.8,1,Adult
30-45 (Adult),F,4.3,1,Adult
18-29 (Young Adult),F,1.7,0,Adult
18-29 (Young Adult),F,5.2,0,Adult
18-29 (Young Adult),M,2.8,1,Adult
18-29 (Young Adult),M,7.1,1,Adult
18-29 (Young Adult),M,5.8,1,Adult
30-45 (Adult),F,3.6,1,Adult
30-45 (Adult),F,6.2,0,Adult
30-45 (Adult),F,5.6,1,Adult
30-45 (Adult),F,8.9,0,Adult
18-29 (Young Adult),M,1.7,1,Adult
18-29 (Young Adult),F,9.4,1,Adult
30-45 (Adult),F,7.1,0,Adult
18-29 (Young Adult),F,9.7,0,Adult
30-45 (Adult),M,2.0,0,Adult
30-45 (Adult),M,9.1,1,Adult
30-45 (Adult),F,4.7,1,Adult
30-45 (Adult),M,3.4,1,Adult
30-45 (Adult),F,7.7,1,Adult
30-45 (Adult),M,1.6,1,Adult
18-29 (Young Adult),F,7.2,1,Adult
30-45 (Adult),F,9.6,1,Adult
30-45 (Adult),F,8.1,1,Adult
18-29 (Young Adult),M,8.7,1,Adult
18-29 (Young Adult),F,5.9,1,Adult
30-45 (Adult),F,6.1,1,Adult
30-45 (Adult),F,9.2,0,Adult
30-45 (Adult),F,1.8,1,Adult
30-45 (Adult),F,4.8,1,Adult
18-29 (Young Adult),M,5.3,0,Adult
30-45 (Adult),M,3.7,1,Adult
30-45 (Adult),F,6.7,0,Adult
18-29 (Young Adult),M,6.7,1,Adult
30-45 (Adult),M,2.4,1,Adult
30-45 (Adult),M,1.4,0,Adult
18-29 (Young Adult),M,1.8,1,Adult
30-45 (Adult),M,6.0,1,Adult
18-29 (Young Adult),F,1.8,1,Adult
18-29 (Young Adult),F,3.3,0,Adult
30-45 (Adult),F,2.2,1,Adult
18-29 (Young Adult),M,7.4,1,Adult
30-45 (Adult),M,9.0,1,Adult
18-29 (Young Adult),F,3.3,1,Adult
30-45 (Adult),M,7.3,1,Adult
18-29 (Young Adult),F,2.3,1,Adult
30-45 (Adult),M,5.6,1,Adult
18-29 (Young Adult),M,1.5,1,Adult
30-45 (Adult),F,6.3,0,Adult
30-45 (Adult),M,8.0,1,Adult
30-45 (Adult),M,4.9,0,Adult
18-29 (Young Adult),F,4.9,1,Adult
18-29 (Young Adult),M,4.6,0,Adult
30-45 (Adult),F,9.0,1,Adult
30-45 (Adult),F,4.2,1,Adult
18-29 (Young Adult),M,8.6,0,Adult
30-45 (Adult),F,7.9,0,Adult
18-29 (Young Adult),M,2.2,1,Adult
18-29 (Young Adult),F,2.8,1,Adult
30-45 (Adult),F,8.6,1,Adult
30-45 (Adult),F,3.7,1,Adult
18-29 (Young Adult),M,5.4,0,Adult
30-45 (Adult),M,4.3,1,Adult
18-29 (Young Adult),F,3.9,0,Adult
30-45 (Adult),M,2.2,0,Adult
30-45 (Adult),F,2.3,1,Adult
18-29 (Young Adult),M,5.9,1,Adult
30-45 (Adult),M,8.5,0,Adult
30-45 (Adult),F,3.6,1,Adult
18-29 (Young Adult),F,5.1,1,Adult
30-45 (Adult),F,8.2,0,Adult
30-45 (Adult),M,4.2,0,Adult
30-45 (Adult),F,4.0,1,Adult
18-29 (Young Adult),F,6.6,1,Adult
30-45 (Adult),M,4.0,0,Adult
18-29 (Young Adult),M,6.6,1,Adult
30-45 (Adult),F,7.0,0,Adult
18-29 (Young Adult),M,5.1,1,Adult
30-45 (Adult),M,2.8,1,Adult
30-45 (Adult),F,7.6,1,Adult
18-29 (Young Adult),M,9.5,1,Adult
30-45 (Adult),M,8.8,1,Adult
30-45 (Adult),F,9.0,0,Adult
30-45 (Adult),F,3.3,1,Adult
18-29 (Young Adult),M,7.0,1,Adult
30-45 (Adult),M,9.1,1,Adult
30-45 (Adult),F,8.5,1,Adult
30-45 (Adult),M,7.2,0,Adult
18-29 (Young Adult),F,3.5,0,Adult
30-45 (Adult),M,1.5,1,Adult
18-29 (Young Adult),F,3.8,1,Adult
18-29 (Young Adult),F,4.8,0,Adult
30-45 (Adult),M,6.6,1,Adult
18-29 (Young Adult),F,9.4,1,Adult
18-29 (Young Adult),M,5.1,0,Adult
30-45 (Adult),M,9.5,1,Adult
18-29 (Young Adult),M,6.9,1,Adult
18-29 (Young Adult),F,7.6,1,Adult
18-29 (Young Adult),M,5.1,1,Adult
30-45 (Adult),F,2.5,1,Adult
30-45 (Adult),F,5.1,0,Adult
30-45 (Adult),F,7.4,1,Adult
18-29 (Young Adult),F,4.9,0,Adult
30-45 (Adult),M,6.8,1,Adult
18-29 (Young Adult),M,9.3,0,Adult
30-45 (Adult),M,9.3,0,Adult
18-29 (Young Adult),M,5.1,1,Adult
18-29 (Young Adult),F,4.5,1,Adult
30-45 (Adult),F,7.6,1,Adult
30-45 (Adult),M,7.5,1,Adult
18-29 (Young Adult),M,1.7,1,Adult
30-45 (Adult),M,7.0,0,Adult
18-29 (Young Adult),F,2.7,0,Adult
30-45 (Adult),F,5.1,1,Adult
30-45 (Adult),F,9.3,1,Adult
18-29 (Young Adult),F,4.1,1,Adult
18-29 (Young Adult),F,5.4,0,Adult
18-29 (Young Adult),F,9.9,1,Adult
30-45 (Adult),F,8.9,1,Adult
30-45 (Adult),F,3.8,1,Adult
30-45 (Adult),F,9.2,1,Adult
18-29 (Young Adult),M,10.0,1,Adult
30-45 (Adult),F,2.6,0,Adult
30-45 (Adult),M,4.4,1,Adult
18-29 (Young Adult),M,4.8,1,Adult
30-45 (Adult),M,9.9,0,Adult
30-45 (Adult),F,7.7,1,Adult
18-29 (Young Adult),F,3.8,1,Adult
18-29 (Young Adult),M,5.8,1,Adult
18-29 (Young Adult),M,7.0,1,Adult
18-29 (Young Adult),M,1.5,0,Adult
30-45 (Adult),F,5.4,1,Adult
18-29 (Young Adult),M,2.0,0,Adult
18-29 (Young Adult),M,2.2,1,Adult
18-29 (Young Adult),F,6.2,1,Adult
30-45 (Adult),M,2.3,1,Adult
30-45 (Adult),F,3.6,0,Adult
30-45 (Adult),F,1.2,1,Adult
30-45 (Adult),F,9.0,1,Adult
30-45 (Adult),F,9.9,0,Adult
30-45 (Adult),M,3.9,1,Adult
18-29 (Young Adult),M,7.8,1,Adult
30-45 (Adult),F,3.9,1,Adult
30-45 (Adult),F,1.3,0,Adult
30-45 (Adult),M,9.5,1,Adult
30-45 (Adult),M,5.8,1,Adult
30-45 (Adult),M,7.5,1,Adult
30-45 (Adult),M,9.4,0,Adult
18-29 (Young Adult),M,2.7,1,Adult
30-45 (Adult),F,3.6,1,Adult
18-29 (Young Adult),F,3.3,1,Adult
18-29 (Young Adult),F,5.2,0,Adult
18-29 (Young Adult),F,6.1,1,Adult
18-29 (Young Adult),F,4.6,0,Adult
30-45 (Adult),M,4.5,1,Adult
30-45 (Adult),F,6.7,0,Adult
30-45 (Adult),M,9.9,1,Adult
18-29 (Young Adult),F,2.3,1,Adult
30-45 (Adult),M,4.9,0,Adult
30-45 (Adult),M,3.2,1,Adult
30-45 (Adult),F,1.2,1,Adult
18-29 (Young Adult),M,4.0,1,Adult
30-45 (Adult),F,1.1,0,Adult
18-29 (Young Adult),M,3.8,1,Adult
18-29 (Young Adult),F,7.6,1,Adult
18-29 (Young Adult),F,8.9,0,Adult
30-45 (Adult),F,8.5,1,Adult
18-29 (Young Adult),F,9.2,0,Adult
18-29 (Young Adult),M,7.4,1,Adult
18-29 (Young Adult),F,9.9,0,Adult
18-29 (Young Adult),F,3.0,1,Adult
30-45 (Adult),F,6.1,1,Adult
18-29 (Young Adult),F,9.3,1,Adult
30-45 (Adult),M,3.2,1,Adult
30-45 (Adult),M,4.4,1,Adult
30-45 (Adult),F,3.1,1,Adult
18-29 (Young Adult),M,8.8,0,Adult
18-29 (Young Adult),F,1.1,1,Adult
18-29 (Young Adult),F,2.3,1,Adult
30-45 (Adult),M,4.7,1,Adult
18-29 (Young Adult),M,6.6,1,Adult
18-29 (Young Adult),F,3.8,1,Adult
30-45 (Adult),F,1.8,1,Adult
18-29 (Young Adult),F,3.6,1,Adult
18-29 (Young Adult),M,6.4,1,Adult
18-29 (Young Adult),F,2.3,1,Adult
30-45 (Adult),M,1.6,1,Adult
30-45 (Adult),M,8.7,0,Adult
30-45 (Adult),F,6.2,1,Adult
18-29 (Young Adult),F,7.4,0,Adult
30-45 (Adult),F,4.6,0,Adult
18-29 (Young Adult),F,9.1,1,Adult
30-45 (Adult),F,8.0,1,Adult
18-29 (Young Adult),F,5.3,1,Adult
30-45 (Adult),M,6.0,1,Adult
18-29 (Young Adult),M,5.1,1,Adult
30-45 (Adult),M,2.5,1,Adult
18-29 (Young Adult),F,6.1,1,Adult
30-45 (Adult),M,6.3,1,Adult
30-45 (Adult),M,5.9,1,Adult
18-29 (Young Adult),M,8.4,1,Adult
18-29 (Young Adult),M,1.3,1,Adult
18-29 (Young Adult),M,8.4,1,Adult
18-29 (Young Adult),M,4.8,1,Adult
30-45 (Adult),M,5.1,1,Adult
30-45 (Adult),M,2.8,1,Adult
30-45 (Adult),M,4.0,0,Adult
30-45 (Adult),F,7.5,1,Adult
30-45 (Adult),F,2.7,1,Adult
18-29 (Young Adult),M,2.0,1,Adult
30-45 (Adult),M,6.7,0,Adult
18-29 (Young Adult),M,2.9,1,Adult
30-45 (Adult),F,5.1,1,Adult
18-29 (Young Adult),M,3.3,1,Adult
30-45 (Adult),M,4.0,0,Adult
30-45 (Adult),M,1.7,0,Adult
30-45 (Adult),F,6.4,1,Adult
30-45 (Adult),F,8.5,1,Adult
18-29 (Young Adult),F,1.2,0,Adult
30-45 (Adult),M,4.9,0,Adult
18-29 (Young Adult),M,1.5,1,Adult
30-45 (Adult),F,4.1,1,Adult
18-29 (Young Adult),F,8.1,0,Adult
18-29 (Young Adult),F,8.5,1,Adult
18-29 (Young Adult),M,2.9,1,Adult
30-45 (Adult),M,2.5,0,Adult
18-29 (Young Adult),M,6.7,1,Adult
30-45 (Adult),M,5.6,1,Adult
30-45 (Adult),M,4.5,1,Adult
18-29 (Young Adult),F,5.7,1,Adult
30-45 (Adult),M,3.1,1,Adult
30-45 (Adult),M,1.0,1,Adult
30-45 (Adult),F,6.9,1,Adult
18-29 (Young Adult),M,4.8,0,Adult
30-45 (Adult),M,9.6,0,Adult
30-45 (Adult),M,8.6,0,Adult
30-45 (Adult),F,7.1,1,Adult
18-29 (Young Adult),M,9.4,1,Adult
30-45 (Adult),F,1.9,1,Adult
30-45 (Adult),M,5.8,1,Adult
18-29 (Young Adult),M,4.7,0,Adult
30-45 (Adult),F,2.9,1,Adult
18-29 (Young Adult),M,4.5,1,Adult
18-29 (Young Adult),M,8.5,1,Adult
30-45 (Adult),F,4.1,1,Adult
30-45 (Adult),M,5.5,0,Adult
30-45 (Adult),M,9.5,1,Adult
30-45 (Adult),M,7.2,1,Adult
30-45 (Adult),F,8.6,1,Adult
18-29 (Young Adult),F,4.1,1,Adult
18-29 (Young Adult),M,1.5,0,Adult
30-45 (Adult),M,6.7,1,Adult
30-45 (Adult),F,6.8,1,Adult
30-45 (Adult),M,4.2,1,Adult
18-29 (Young Adult),F,4.3,1,Adult
30-45 (Adult),M,8.5,1,Adult
30-45 (Adult),F,7.3,1,Adult
30-45 (Adult),M,6.0,0,Adult
30-45 (Adult),F,2.4,0,Adult
30-45 (Adult),F,5.8,1,Adult
30-45 (Adult),M,6.1,1,Adult
18-29 (Young Adult),F,5.5,1,Adult
30-45 (Adult),M,1.5,0,Adult
18-29 (Young Adult),M,2.6,1,Adult
30-45 (Adult),M,5.8,1,Adult
30-45 (Adult),F,9.1,0,Adult
30-45 (Adult),M,8.4,1,Adult
30-45 (Adult),M,9.3,1,Adult
30-45 (Adult),F,2.9,1,Adult
18-29 (Young Adult),F,5.2,1,Adult
30-45 (Adult),F,7.9,0,Adult
18-29 (Young Adult),M,9.4,1,Adult
18-29 (Young Adult),F,2.6,1,Adult
18-29 (Young Adult),F,3.0,1,Adult
30-45 (Adult),F,5.3,1,Adult
30-45 (Adult),M,5.4,1,Adult
30-45 (Adult),M,3.1,1,Adult
18-29 (Young Adult),M,5.2,1,Adult
30-45 (Adult),M,8.6,1,Adult
18-29 (Young Adult),F,4.7,1,Adult
18-29 (Young Adult),M,5.6,1,Adult
18-29 (Young Adult),M,3.4,0,Adult
30-45 (Adult),F,2.5,1,Adult
30-45 (Adult),F,2.0,0,Adult
30-45 (Adult),F,9.0,1,Adult
30-45 (Adult),F,9.7,0,Adult
30-45 (Adult),M,2.2,1,Adult
18-29 (Young Adult),M,6.2,1,Adult
30-45 (Adult),M,7.9,1,Adult
18-29 (Young Adult),M,5.8,1,Adult
30-45 (Adult),F,8.5,1,Adult
30-45 (Adult),M,8.6,0,Adult
30-45 (Adult),F,5.1,0,Adult
30-45 (Adult),M,6.3,1,Adult
30-45 (Adult),M,1.3,1,Adult
30-45 (Adult),F,6.6,1,Adult
30-45 (Adult),F,4.2,0,Adult
18-29 (Young Adult),F,7.3,1,Adult
18-29 (Young Adult),F,4.7,1,Adult
30-45 (Adult),M,3.8,1,Adult
18-29 (Young Adult),F,7.7,0,Adult
30-45 (Adult),F,2.7,1,Adult
30-45 (Adult),F,8.3,1,Adult
18-29 (Young Adult),F,2.6,1,Adult
30-45 (Adult),M,8.1,1,Adult
30-45 (Adult),M,3.7,1,Adult
18-29 (Young Adult),F,8.5,1,Adult
18-29 (Young Adult),M,1.4,1,Adult
18-29 (Young Adult),F,5.3,0,Adult
18-29 (Young Adult),F,7.3,0,Adult
18-29 (Young Adult),M,7.2,0,Adult
30-45 (Adult),M,2.0,1,Adult
18-29 (Young Adult),M,1.0,0,Adult
18-29 (Young Adult),F,9.3,1,Adult
30-45 (Adult),F,3.4,1,Adult
18-29 (Young Adult),F,7.4,1,Adult
18-29 (Young Adult),M,8.5,1,Adult
30-45 (Adult),M,7.4,1,Adult
30-45 (Adult),F,1.3,1,Adult
30-45 (Adult),F,7.6,1,Adult
18-29 (Young Adult),M,4.1,1,Adult
30-45 (Adult),M,2.2,1,Adult
18-29 (Young Adult),M,8.9,1,Adult
30-45 (Adult),F,5.5,1,Adult
18-29 (Young Adult),F,8.2,0,Adult
30-45 (Adult),F,3.9,0,Adult
18-29 (Young Adult),F,2.6,1,Adult
30-45 (Adult),M,3.5,0,Adult
30-45 (Adult),M,1.1,1,Adult
30-45 (Adult),M,7.6,0,Adult
18-29 (Young Adult),M,5.7,0,Adult
18-29 (Young Adult),F,6.5,1,Adult
18-29 (Young Adult),M,9.7,1,Adult
30-45 (Adult),M,4.9,1,Adult
18-29 (Young Adult),F,5.7,1,Adult
18-29 (Young Adult),F,6.5,1,Adult
18-29 (Young Adult),F,8.3,0,Adult
30-45 (Adult),M,1.7,1,Adult
18-29 (Young Adult),F,9.5,1,Adult
30-45 (Adult),F,1.8,1,Adult
30-45 (Adult),M,1.8,1,Adult
18-29 (Young Adult),F,7.4,1,Adult
18-29 (Young Adult),M,8.6,1,Adult
30-45 (Adult),M,9.4,1,Adult
18-29 (Young Adult),M,8.9,1,Adult
30-45 (Adult),F,7.5,0,Adult
18-29 (Young Adult),M,3.7,1,Adult
30-45 (Adult),M,4.6,1,Adult
30-45 (Adult),F,6.4,1,Adult
18-29 (Young Adult),M,9.8,1,Adult
30-45 (Adult),F,4.1,1,Adult
18-29 (Young Adult),M,4.3,0,Adult
18-29 (Young Adult),F,5.3,1,Adult
30-45 (Adult),F,2.5,1,Adult
30-45 (Adult),F,2.3,0,Adult
30-45 (Adult),F,3.9,1,Adult
30-45 (Adult),M,6.2,1,Adult
18-29 (Young Adult),M,1.2,1,Adult
30-45 (Adult),F,8.5,1,Adult
30-45 (Adult),F,6.1,1,Adult
30-45 (Adult),M,7.5,1,Adult
30-45 (Adult),F,4.5,1,Adult
18-29 (Young Adult),M,8.7,0,Adult
18-29 (Young Adult),M,3.6,0,Adult
30-45 (Adult),F,6.7,1,Adult
30-45 (Adult),F,8.8,0,Adult
30-45 (Adult),F,8.9,0,Adult
30-45 (Adult),M,1.6,1,Adult
18-29 (Young Adult),F,4.0,1,Adult
18-29 (Young Adult),F,8.2,0,Adult
30-45 (Adult),F,2.8,1,Adult
30-45 (Adult),F,3.6,0,Adult
18-29 (Young Adult),F,7.4,1,Adult
18-29 (Young Adult),F,7.4,1,Adult
18-29 (Young Adult),F,3.3,1,Adult
30-45 (Adult),F,5.1,1,Adult
30-45 (Adult),M,1.1,1,Adult
18-29 (Young Adult),F,7.7,1,Adult
30-45 (Adult),F,1.6,0,Adult
18-29 (Young Adult),M,9.9,0,Adult
30-45 (Adult),F,4.8,1,Adult
18-29 (Young Adult),M,2.9,1,Adult
18-29 (Young Adult),F,9.3,1,Adult
18-29 (Young Adult),M,7.5,0,Adult
18-29 (Young Adult),M,1.0,0,Adult
30-45 (Adult),M,2.2,1,Adult
30-45 (Adult),M,8.6,0,Adult
30-45 (Adult),M,4.6,1,Adult
18-29 (Young Adult),M,8.9,1,Adult
18-29 (Young Adult),M,1.7,0,Adult
18-29 (Young Adult),M,2.9,0,Adult
30-45 (Adult),M,3.7,1,Adult
30-45 (Adult),F,6.8,1,Adult
30-45 (Adult),F,8.5,1,Adult
18-29 (Young Adult),M,3.7,1,Adult
30-45 (Adult),M,7.3,1,Adult
18-29 (Young Adult),F,6.6,1,Adult
30-45 (Adult),F,1.1,1,Adult
30-45 (Adult),M,6.6,1,Adult
30-45 (Adult),F,9.9,1,Adult
30-45 (Adult),M,7.5,1,Adult
18-29 (Young Adult),M,5.1,0,Adult
30-45 (Adult),M,8.3,1,Adult
18-29 (Young Adult),F,6.6,0,Adult
18-29 (Young Adult),F,7.5,1,Adult
18-29 (Young Adult),M,8.3,1,Adult
18-29 (Young Adult),F,5.4,0,Adult
30-45 (Adult),M,3.3,1,Adult
30-45 (Adult),F,9.2,1,Adult
18-29 (Young Adult),M,3.6,1,Adult
18-29 (Young Adult),F,3.5,0,Adult
30-45 (Adult),F,5.9,1,Adult
18-29 (Young Adult),F,1.9,1,Adult
30-45 (Adult),M,1.5,1,Adult
30-45 (Adult),F,1.6,1,Adult
18-29 (Young Adult),F,7.5,1,Adult
30-45 (Adult),M,4.9,1,Adult
18-29 (Young Adult),M,7.1,0,Adult
30-45 (Adult),F,2.5,0,Adult
30-45 (Adult),M,9.3,1,Adult
30-45 (Adult),F,2.5,0,Adult
30-45 (Adult),M,8.2,0,Adult
30-45 (Adult),F,6.3,0,Adult
30-45 (Adult),M,1.1,1,Adult
30-45 (Adult),F,8.9,0,Adult
30-45 (Adult),M,5.1,1,Adult
18-29 (Young Adult),F,7.6,1,Adult
18-29 (Young Adult),F,5.6,1,Adult
18-29 (Young Adult),F,2.2,1,Adult
18-29 (Young Adult),M,2.2,1,Adult
30-45 (Adult),F,2.7,1,Adult
30-45 (Adult),F,6.8,1,Adult
18-29 (Young Adult),M,9.7,1,Adult
30-45 (Adult),M,7.2,1,Adult
30-45 (Adult),F,8.6,1,Adult
30-45 (Adult),F,6.8,0,Adult
18-29 (Young Adult),F,6.1,0,Adult
30-45 (Adult),F,7.0,1,Adult
30-45 (Adult),M,3.9,1,Adult
18-29 (Young Adult),M,1.4,1,Adult
30-45 (Adult),M,7.2,1,Adult
18-29 (Young Adult),M,1.2,1,Adult
30-45 (Adult),F,9.6,0,Adult
18-29 (Young Adult),M,9.4,1,Adult
30-45 (Adult),F,2.2,0,Adult
30-45 (Adult),M,6.8,0,Adult
30-45 (Adult),M,1.6,1,Adult
18-29 (Young Adult),F,8.4,0,Adult
30-45 (Adult),M,7.2,0,Adult
30-45 (Adult),F,3.6,0,Adult
30-45 (Adult),M,1.7,0,Adult
30-45 (Adult),M,2.2,1,Adult
18-29 (Young Adult),M,8.1,1,Adult
30-45 (Adult),M,4.7,0,Adult
18-29 (Young Adult),F,3.0,1,Adult
30-45 (Adult),M,2.5,1,Adult
30-45 (Adult),M,4.5,1,Adult
30-45 (Adult),F,6.1,0,Adult
18-29 (Young Adult),M,4.7,1,Adult
30-45 (Adult),F,2.1,1,Adult
18-29 (Young Adult),F,9.9,1,Adult
18-29 (Young Adult),M,4.9,1,Adult
18-29 (Young Adult),M,7.7,1,Adult
18-29 (Young Adult),F,4.0,1,Adult
30-45 (Adult),F,1.3,1,Adult
18-29 (Young Adult),M,3.6,0,Adult
30-45 (Adult),M,2.1,1,Adult
30-45 (Adult),F,4.6,0,Adult
30-45 (Adult),F,7.6,1,Adult
30-45 (Adult),F,6.2,1,Adult
30-45 (Adult),M,3.5,0,Adult
18-29 (Young Adult),F,8.9,1,Adult
30-45 (Adult),M,9.3,0,Adult
18-29 (Young Adult),M,5.6,1,Adult
30-45 (Adult),F,4.1,1,Adult
18-29 (Young Adult),F,8.6,1,Adult
30-45 (Adult),F,7.1,0,Adult
30-45 (Adult),F,6.7,0,Adult
18-29 (Young Adult),M,4.0,1,Adult
30-45 (Adult),M,1.4,1,Adult
18-29 (Young Adult),F,5.1,1,Adult
30-45 (Adult),M,2.5,1,Adult
30-45 (Adult),M,7.7,1,Adult
30-45 (Adult),F,3.2,1,Adult
30-45 (Adult),F,3.8,1,Adult
18-29 (Young Adult),M,5.6,1,Adult
18-29 (Young Adult),M,6.5,1,Adult
30-45 (Adult),F,3.4,1,Adult
18-29 (Young Adult),M,9.1,1,Adult
30-45 (Adult),M,8.9,0,Adult
18-29 (Young Adult),F,7.7,0,Adult
18-29 (Young Adult),F,2.1,1,Adult
30-45 (Adult),M,5.4,0,Adult
30-45 (Adult),M,3.4,1,Adult
30-45 (Adult),F,3.7,0,Adult
18-29 (Young Adult),M,1.2,1,Adult
30-45 (Adult),M,4.0,0,Adult
30-45 (Adult),F,2.7,1,Adult
30-45 (Adult),M,7.8,0,Adult
18-29 (Young Adult),F,7.0,1,Adult
18-29 (Young Adult),F,9.6,0,Adult
30-45 (Adult),F,8.7,0,Adult
30-45 (Adult),F,1.2,1,Adult
30-45 (Adult),F,9.3,1,Adult
30-45 (Adult),F,7.9,0,Adult
30-45 (Adult),M,7.4,1,Adult
30-45 (Adult),M,9.5,1,Adult
30-45 (Adult),M,1.7,1,Adult
18-29 (Young Adult),F,4.7,0,Adult
30-45 (Adult),M,1.9,1,Adult
18-29 (Young Adult),M,2.2,1,Adult
18-29 (Young Adult),F,6.5,1,Adult
18-29 (Young Adult),M,8.4,1,Adult
30-45 (Adult),M,4.4,1,Adult
18-29 (Young Adult),F,8.4,0,Adult
18-29 (Young Adult),F,4.9,0,Adult
30-45 (Adult),M,1.3,0,Adult
18-29 (Young Adult),M,3.1,0,Adult
18-29 (Young Adult),M,6.7,0,Adult
30-45 (Adult),F,9.8,0,Adult
30-45 (Adult),F,8.7,1,Adult
18-29 (Young Adult),M,2.7,0,Adult
18-29 (Young Adult),M,1.6,1,Adult
18-29 (Young Adult),F,9.3,1,Adult
30-45 (Adult),M,6.8,1,Adult
30-45 (Adult),M,1.9,1,Adult
30-45 (Adult),M,2.6,1,Adult
30-45 (Adult),M,2.1,1,Adult
18-29 (Young Adult),M,6.6,1,Adult
30-45 (Adult),M,5.1,1,Adult
30-45 (Adult),F,9.7,0,Adult
30-45 (Adult),M,2.9,1,Adult
18-29 (Young Adult),M,5.0,0,Adult
30-45 (Adult),M,6.9,1,Adult
30-45 (Adult),M,7.9,1,Adult
18-29 (Young Adult),M,1.4,1,Adult
18-29 (Young Adult),M,3.1,0,Adult
18-29 (Young Adult),M,6.0,0,Adult
30-45 (Adult),F,6.1,1,Adult
30-45 (Adult),F,3.7,0,Adult
30-45 (Adult),F,3.8,1,Adult
18-29 (Young Adult),M,4.0,1,Adult
18-29 (Young Adult),F,8.3,1,Adult
18-29 (Young Adult),F,6.6,1,Adult
30-45 (Adult),M,8.9,1,Adult
30-45 (Adult),M,2.9,0,Adult
30-45 (Adult),M,6.1,1,Adult
18-29 (Young Adult),M,8.3,1,Adult
18-29 (Young Adult),F,7.1,1,Adult
18-29 (Young Adult),M,6.4,1,Adult
18-29 (Young Adult),F,2.3,1,Adult
18-29 (Young Adult),F,9.5,1,Adult
30-45 (Adult),M,4.4,0,Adult
18-29 (Young Adult),M,3.3,0,Adult
30-45 (Adult),M,9.3,1,Adult
30-45 (Adult),M,3.1,1,Adult
18-29 (Young Adult),M,6.9,1,Adult
18-29 (Young Adult),M,4.3,1,Adult
18-29 (Young Adult),M,1.7,1,Adult
30-45 (Adult),F,7.6,1,Adult
30-45 (Adult),F,6.7,0,Adult
30-45 (Adult),M,3.8,1,Adult
30-45 (Adult),M,8.4,0,Adult
30-45 (Adult),M,8.5,1,Adult
30-45 (Adult),M,8.9,1,Adult
18-29 (Young Adult),M,3.9,1,Adult
18-29 (Young Adult),M,8.2,0,Adult
18-29 (Young Adult),M,6.1,1,Adult
30-45 (Adult),F,4.7,1,Adult
18-29 (Young Adult),M,1.7,1,Adult
18-29 (Young Adult),M,5.8,1,Adult
30-45 (Adult),M,4.2,1,Adult
18-29 (Young Adult),M,7.3,1,Adult
18-29 (Young Adult),F,4.4,1,Adult
18-29 (Young Adult),F,6.9,0,Adult
18-29 (Young Adult),M,6.7,1,Adult
30-45 (Adult),M,1.9,1,Adult
18-29 (Young Adult),F,7.4,1,Adult
18-29 (Young Adult),M,6.1,1,Adult
30-45 (Adult),F,3.6,1,Adult
30-45 (Adult),M,2.8,1,Adult
18-29 (Young Adult),F,7.9,1,Adult
18-29 (Young Adult),F,7.4,1,Adult
18-29 (Young Adult),M,5.6,0,Adult
30-45 (Adult),M,7.5,1,Adult
18-29 (Young Adult),F,6.9,1,Adult
30-45 (Adult),F,5.1,0,Adult
30-45 (Adult),F,7.6,1,Adult
30-45 (Adult),F,3.2,0,Adult
30-45 (Adult),M,2.1,0,Adult
30-45 (Adult),M,9.7,1,Adult
18-29 (Young Adult),M,9.6,1,Adult
18-29 (Young Adult),F,7.2,1,Adult
18-29 (Young Adult),M,2.3,1,Adult
18-29 (Young Adult),F,2.4,1,Adult
30-45 (Adult),M,4.8,1,Adult
30-45 (Adult),M,6.9,0,Adult
18-29 (Young Adult),M,6.2,1,Adult
18-29 (Young Adult),F,8.5,1,Adult
30-45 (Adult),M,7.9,1,Adult
18-29 (Young Adult),F,5.4,1,Adult
30-45 (Adult),F,5.5,0,Adult
30-45 (Adult),M,10.0,1,Adult
30-45 (Adult),F,8.4,1,Adult
30-45 (Adult),M,2.2,1,Adult
30-45 (Adult),F,5.9,1,Adult
30-45 (Adult),M,9.3,1,Adult
18-29 (Young Adult),M,8.1,1,Adult
18-29 (Young Adult),F,8.9,0,Adult
30-45 (Adult),M,4.4,1,Adult
30-45 (Adult),M,6.8,0,Adult
30-45 (Adult),M,5.6,1,Adult
30-45 (Adult),F,8.0,0,Adult
30-45 (Adult),M,9.6,1,Adult
30-45 (Adult),F,2.4,1,Adult
30-45 (Adult),F,3.9,1,Adult
30-45 (Adult),M,5.1,1,Adult
30-45 (Adult),M,6.0,1,Adult
18-29 (Young Adult),F,2.9,0,Adult
30-45 (Adult),F,5.1,1,Adult
18-29 (Young Adult),F,2.0,1,Adult
30-45 (Adult),M,8.2,0,Adult
18-29 (Young Adult),M,8.2,1,Adult
30-45 (Adult),M,7.5,0,Adult
30-45 (Adult),F,3.4,0,Adult
30-45 (Adult),M,9.4,0,Adult
18-29 (Young Adult),F,4.2,1,Adult
30-45 (Adult),F,6.9,0,Adult
18-29 (Young Adult),M,5.1,1,Adult
30-45 (Adult),M,2.0,1,Adult
30-45 (Adult),F,5.1,1,Adult
30-45 (Adult),M,3.6,1,Adult
30-45 (Adult),F,9.2,1,Adult
30-45 (Adult),M,3.0,1,Adult
30-45 (Adult),F,4.1,1,Adult
18-29 (Young Adult),F,6.7,1,Adult
18-29 (Young Adult),F,6.2,1,Adult
18-29 (Young Adult),F,3.4,1,Adult
30-45 (Adult),M,2.3,1,Adult
30-45 (Adult),F,9.3,0,Adult
30-45 (Adult),F,5.6,1,Adult
18-29 (Young Adult),F,2.4,0,Adult
18-29 (Young Adult),F,2.1,1,Adult
30-45 (Adult),M,7.7,1,Adult
30-45 (Adult),F,8.4,1,Adult
18-29 (Young Adult),F,2.8,0,Adult
30-45 (Adult),F,3.0,1,Adult
18-29 (Young Adult),M,3.6,1,Adult
30-45 (Adult),F,8.4,1,Adult
30-45 (Adult),F,5.9,1,Adult
30-45 (Adult),M,4.6,1,Adult
18-29 (Young Adult),M,5.9,1,Adult
30-45 (Adult),M,2.4,1,Adult
18-29 (Young Adult),M,9.5,1,Adult
30-45 (Adult),F,6.4,1,Adult
18-29 (Young Adult),M,6.0,0,Adult
30-45 (Adult),M,8.3,0,Adult
18-29 (Young Adult),F,4.1,1,Adult
30-45 (Adult),F,2.4,0,Adult
18-29 (Young Adult),M,1.6,0,Adult
30-45 (Adult),F,2.2,1,Adult
18-29 (Young Adult),F,2.8,1,Adult
30-45 (Adult),F,1.7,0,Adult
18-29 (Young Adult),F,9.6,1,Adult
30-45 (Adult),M,3.2,1,Adult
18-29 (Young Adult),F,7.6,0,Adult
18-29 (Young Adult),M,5.0,1,Adult
30-45 (Adult),F,4.6,1,Adult
30-45 (Adult),M,6.3,1,Adult
30-45 (Adult),F,7.0,1,Adult
30-45 (Adult),F,9.3,0,Adult
18-29 (Young Adult),F,7.8,1,Adult
18-29 (Young Adult),M,6.5,0,Adult
18-29 (Young Adult),F,5.9,1,Adult
30-45 (Adult),M,4.1,1,Adult
18-29 (Young Adult),F,1.5,1,Adult
18-29 (Young Adult),F,8.6,0,Adult
18-29 (Young Adult),F,7.8,1,Adult
18-29 (Young Adult),F,7.8,1,Adult
30-45 (Adult),F,6.0,1,Adult
18-29 (Young Adult),M,2.1,1,Adult
18-29 (Young Adult),M,5.3,1,Adult
18-29 (Young Adult),M,1.1,1,Adult
18-29 (Young Adult),M,5.2,1,Adult
30-45 (Adult),F,6.9,1,Adult
30-45 (Adult),M,3.9,0,Adult
18-29 (Young Adult),M,2.6,1,Adult
30-45 (Adult),F,9.2,1,Adult
30-45 (Adult),F,2.8,0,Adult
30-45 (Adult),M,7.3,1,Adult
30-45 (Adult),M,2.8,1,Adult
30-45 (Adult),F,9.0,0,Adult
30-45 (Adult),F,8.0,0,Adult
30-45 (Adult),F,5.3,0,Adult
18-29 (Young Adult),F,7.1,0,Adult
30-45 (Adult),F,1.3,0,Adult
30-45 (Adult),F,4.6,0,Adult
30-45 (Adult),M,3.2,0,Adult
18-29 (Young Adult),F,3.5,1,Adult
30-45 (Adult),M,1.7,0,Adult
18-29 (Young Adult),M,7.0,1,Adult
30-45 (Adult),F,8.9,1,Adult
18-29 (Young Adult),M,3.6,1,Adult
30-45 (Adult),F,3.7,1,Adult
18-29 (Young Adult),M,4.8,1,Adult
18-29 (Young Adult),M,5.7,1,Adult
18-29 (Young Adult),F,4.9,1,Adult
30-45 (Adult),F,5.9,1,Adult
30-45 (Adult),F,4.6,0,Adult
30-45 (Adult),M,2.8,1,Adult
30-45 (Adult),F,2.4,0,Adult
18-29 (Young Adult),M,6.5,1,Adult
30-45 (Adult),M,4.9,0,Adult
30-45 (Adult),M,7.5,1,Adult
18-29 (Young Adult),F,9.6,1,Adult
30-45 (Adult),F,4.9,0,Adult
30-45 (Adult),F,6.6,1,Adult
30-45 (Adult),F,1.6,0,Adult
18-29 (Young Adult),F,3.1,0,Adult
18-29 (Young Adult),F,3.5,0,Adult
18-29 (Young Adult),F,4.8,1,Adult
30-45 (Adult),M,5.8,1,Adult
18-29 (Young Adult),M,1.7,0,Adult
18-29 (Young Adult),M,3.5,1,Adult
30-45 (Adult),F,3.6,1,Adult
30-45 (Adult),F,1.6,0,Adult
30-45 (Adult),F,5.6,0,Adult
18-29 (Young Adult),F,3.0,1,Adult
30-45 (Adult),F,1.9,1,Adult
18-29 (Young Adult),F,3.9,1,Adult
18-29 (Young Adult),M,5.4,0,Adult
30-45 (Adult),F,9.1,0,Adult
30-45 (Adult),F,3.6,1,Adult
18-29 (Young Adult),M,1.8,1,Adult
18-29 (Young Adult),M,8.7,1,Adult
30-45 (Adult),M,9.3,1,Adult
18-29 (Young Adult),F,4.6,0,Adult
18-29 (Young Adult),F,7.7,1,Adult
30-45 (Adult),F,1.2,1,Adult
30-45 (Adult),M,8.0,1,Adult
18-29 (Young Adult),F,9.6,1,Adult
18-29 (Young Adult),M,6.2,1,Adult
18-29 (Young Adult),M,7.2,0,Adult
30-45 (Adult),F,1.1,0,Adult
18-29 (Young Adult),M,1.2,1,Adult
30-45 (Adult),M,7.7,1,Adult
30-45 (Adult),M,9.9,1,Adult
30-45 (Adult),M,3.0,1,Adult
30-45 (Adult),F,2.4,1,Adult
30-45 (Adult),F,6.5,1,Adult
30-45 (Adult),M,4.2,1,Adult
30-45 (Adult),M,1.0,1,Adult
18-29 (Young Adult),M,5.5,1,Adult
30-45 (Adult),M,1.8,0,Adult
30-45 (Adult),F,6.0,0,Adult
30-45 (Adult),F,3.4,1,Adult
18-29 (Young Adult),F,2.7,1,Adult
30-45 (Adult),M,3.0,1,Adult
18-29 (Young Adult),F,10.0,1,Adult
30-45 (Adult),M,7.0,1,Adult
18-29 (Young Adult),F,6.8,1,Adult
30-45 (Adult),M,1.7,0,Adult
30-45 (Adult),F,7.8,0,Adult
30-45 (Adult),M,3.7,1,Adult
30-45 (Adult),F,4.6,0,Adult
30-45 (Adult),F,5.9,1,Adult
30-45 (Adult),F,2.2,0,Adult
30-45 (Adult),M,6.3,1,Adult
30-45 (Adult),M,5.4,0,Adult
30-45 (Adult),F,8.4,0,Adult
18-29 (Young Adult),M,1.9,1,Adult
30-45 (Adult),F,9.4,1,Adult
18-29 (Young Adult),M,7.9,1,Adult
18-29 (Young Adult),M,4.8,0,Adult
18-29 (Young Adult),F,6.5,1,Adult
30-45 (Adult),F,6.3,1,Adult
30-45 (Adult),M,9.3,1,Adult
30-45 (Adult),M,6.3,0,Adult
18-29 (Young Adult),F,8.6,1,Adult
30-45 (Adult),M,9.0,1,Adult
18-29 (Young Adult),F,3.3,0,Adult
30-45 (Adult),F,1.3,0,Adult
30-45 (Adult),M,8.9,0,Adult
18-29 (Young Adult),F,3.2,0,Adult
30-45 (Adult),F,2.4,1,Adult
30-45 (Adult),F,7.5,0,Adult
18-29 (Young Adult),F,8.2,1,Adult
30-45 (Adult),F,6.6,0,Adult
30-45 (Adult),F,1.9,1,Adult
18-29 (Young Adult),M,7.0,1,Adult
30-45 (Adult),M,5.8,1,Adult
30-45 (Adult),F,2.5,1,Adult
18-29 (Young Adult),F,5.4,1,Adult
30-45 (Adult),M,2.6,1,Adult
18-29 (Young Adult),F,6.5,1,Adult
18-29 (Young Adult),F,8.8,0,Adult
30-45 (Adult),F,7.8,0,Adult
30-45 (Adult),M,3.3,0,Adult
18-29 (Young Adult),F,5.0,1,Adult
30-45 (Adult),F,8.3,0,Adult
18-29 (Young Adult),M,6.7,0,Adult
18-29 (Young Adult),F,4.8,1,Adult
18-29 (Young Adult),F,8.1,1,Adult
18-29 (Young Adult),M,1.9,1,Adult
30-45 (Adult),F,3.7,1,Adult
30-45 (Adult),M,5.7,1,Adult
30-45 (Adult),F,5.6,0,Adult
30-45 (Adult),M,7.0,0,Adult
18-29 (Young Adult),F,5.2,1,Adult
30-45 (Adult),F,7.6,0,Adult
18-29 (Young Adult),M,4.8,0,Adult
18-29 (Young Adult),F,9.6,1,Adult
30-45 (Adult),F,2.2,1,Adult
18-29 (Young Adult),M,1.6,1,Adult
18-29 (Young Adult),F,9.2,1,Adult
30-45 (Adult),F,7.3,1,Adult
30-45 (Adult),F,3.0,1,Adult
30-45 (Adult),F,3.5,1,Adult
18-29 (Young Adult),F,9.9,0,Adult
30-45 (Adult),F,6.3,1,Adult
30-45 (Adult),M,5.2,1,Adult
30-45 (Adult),F,7.5,1,Adult
30-45 (Adult),F,4.9,0,Adult
30-45 (Adult),M,2.7,0,Adult
18-29 (Young Adult),M,2.3,1,Adult
18-29 (Young Adult),F,5.4,0,Adult
30-45 (Adult),F,6.4,1,Adult
18-29 (Young Adult),M,6.9,0,Adult
30-45 (Adult),M,6.0,1,Adult
30-45 (Adult),F,9.9,1,Adult
18-29 (Young Adult),M,6.5,1,Adult
30-45 (Adult),M,4.4,1,Adult
18-29 (Young Adult),M,2.3,0,Adult
30-45 (Adult),F,7.2,1,Adult
18-29 (Young Adult),F,10.0,0,Adult
18-29 (Young Adult),F,2.4,0,Adult
18-29 (Young Adult),M,4.2,0,Adult
30-45 (Adult),F,9.9,0,Adult
30-45 (Adult),F,9.3,1,Adult
18-29 (Young Adult),M,8.9,1,Adult
18-29 (Young Adult),M,2.4,1,Adult
30-45 (Adult),F,3.2,1,Adult
30-45 (Adult),M,4.5,0,Adult
30-45 (Adult),M,3.2,1,Adult
18-29 (Young Adult),M,4.5,0,Adult
18-29 (Young Adult),F,3.7,0,Adult
30-45 (Adult),M,1.9,0,Adult
18-29 (Young Adult),M,8.1,1,Adult
30-45 (Adult),M,7.0,1,Adult
30-45 (Adult),F,6.2,1,Adult
30-45 (Adult),F,5.6,1,Adult
18-29 (Young Adult),M,9.0,1,Adult
30-45 (Adult),F,7.4,1,Adult
30-45 (Adult),F,1.9,0,Adult
18-29 (Young Adult),M,6.9,1,Adult
18-29 (Young Adult),M,1.7,1,Adult
18-29 (Young Adult),F,1.7,1,Adult
18-29 (Young Adult),M,5.6,1,Adult
30-45 (Adult),F,8.1,0,Adult
30-45 (Adult),F,7.8,1,Adult
30-45 (Adult),F,1.8,1,Adult
30-45 (Adult),F,7.9,1,Adult
30-45 (Adult),M,10.0,1,Adult
30-45 (Adult),F,5.4,1,Adult
30-45 (Adult),F,4.0,1,Adult
30-45 (Adult),M,7.3,1,Adult
30-45 (Adult),F,6.2,0,Adult
30-45 (Adult),F,7.6,0,Adult
30-45 (Adult),M,2.4,1,Adult
30-45 (Adult),M,1.3,1,Adult
30-45 (Adult),M,9.2,0,Adult
30-45 (Adult),F,4.0,1,Adult
18-29 (Young Adult),F,6.1,0,Adult
30-45 (Adult),F,1.6,0,Adult
18-29 (Young Adult),M,2.3,1,Adult
30-45 (Adult),M,3.7,0,Adult
18-29 (Young Adult),M,9.2,0,Adult
30-45 (Adult),M,3.3,1,Adult
18-29 (Young Adult),M,5.6,0,Adult
30-45 (Adult),M,9.1,1,Adult
18-29 (Young Adult),F,6.4,1,Adult
18-29 (Young Adult),F,1.0,1,Adult
30-45 (Adult),F,3.8,0,Adult
30-45 (Adult),M,2.6,0,Adult
18-29 (Young Adult),M,6.7,1,Adult
30-45 (Adult),F,5.9,1,Adult
18-29 (Young Adult),M,2.8,1,Adult
30-45 (Adult),M,7.5,1,Adult
18-29 (Young Adult),M,2.8,1,Adult
18-29 (Young Adult),M,7.1,0,Adult
30-45 (Adult),M,9.5,1,Adult
30-45 (Adult),M,4.4,1,Adult
30-45 (Adult),M,5.6,1,Adult
30-45 (Adult),F,7.8,1,Adult
30-45 (Adult),F,4.4,1,Adult
30-45 (Adult),F,9.1,1,Adult
18-29 (Young Adult),M,9.2,1,Adult
18-29 (Young Adult),F,5.2,1,Adult
18-29 (Young Adult),F,6.4,1,Adult
18-29 (Young Adult),F,6.1,0,Adult
30-45 (Adult),M,5.2,1,Adult
18-29 (Young Adult),F,9.4,1,Adult
30-45 (Adult),M,4.0,0,Adult
18-29 (Young Adult),F,5.7,1,Adult
30-45 (Adult),F,4.8,0,Adult
18-29 (Young Adult),M,2.9,1,Adult
30-45 (Adult),M,9.8,1,Adult
30-45 (Adult),M,8.5,0,Adult
18-29 (Young Adult),F,3.4,1,Adult
30-45 (Adult),F,6.1,0,Adult
18-29 (Young Adult),F,6.2,1,Adult
30-45 (Adult),M,2.5,1,Adult
30-45 (Adult),M,2.8,0,Adult
30-45 (Adult),F,9.9,0,Adult
18-29 (Young Adult),F,9.4,1,Adult
18-29 (Young Adult),F,5.3,1,Adult
18-29 (Young Adult),F,9.9,1,Adult
18-29 (Young Adult),M,7.6,1,Adult
18-29 (Young Adult),M,5.8,1,Adult
30-45 (Adult),F,4.9,0,Adult
30-45 (Adult),M,3.9,1,Adult
18-29 (Young Adult),M,3.9,1,Adult
18-29 (Young Adult),M,3.0,0,Adult
30-45 (Adult),F,2.5,0,Adult
18-29 (Young Adult),M,2.6,0,Adult
30-45 (Adult),F,7.6,1,Adult
18-29 (Young Adult),F,6.2,1,Adult
30-45 (Adult),F,9.5,1,Adult
18-29 (Young Adult),M,8.6,1,Adult
30-45 (Adult),M,2.4,1,Adult
30-45 (Adult),M,3.2,0,Adult
18-29 (Young Adult),M,1.6,1,Adult
30-45 (Adult),M,3.2,0,Adult
18-29 (Young Adult),M,8.0,1,Adult
18-29 (Young Adult),F,3.4,1,Adult
18-29 (Young Adult),F,7.0,0,Adult
30-45 (Adult),F,4.9,0,Adult
18-29 (Young Adult),M,5.9,1,Adult
30-45 (Adult),F,3.5,0,Adult
30-45 (Adult),M,2.1,1,Adult
18-29 (Young Adult),F,3.1,1,Adult
18-29 (Young Adult),F,9.4,1,Adult
30-45 (Adult),F,9.8,1,Adult
30-45 (Adult),F,7.8,1,Adult
30-45 (Adult),M,2.5,1,Adult
30-45 (Adult),F,2.8,0,Adult
30-45 (Adult),M,7.9,0,Adult
30-45 (Adult),M,2.1,0,Adult
30-45 (Adult),M,8.8,1,Adult
30-45 (Adult),F,8.4,1,Adult
18-29 (Young Adult),M,6.2,0,Adult
18-29 (Young Adult),F,3.2,1,Adult
30-45 (Adult),M,4.8,1,Adult
18-29 (Young Adult),M,9.7,0,Adult
30-45 (Adult),M,6.8,0,Adult
18-29 (Young Adult),F,7.0,1,Adult
18-29 (Young Adult),F,8.2,1,Adult
18-29 (Young Adult),F,4.6,0,Adult
18-29 (Young Adult),F,5.6,0,Adult
18-29 (Young Adult),M,1.8,0,Adult
18-29 (Young Adult),F,3.1,0,Adult
18-29 (Young Adult),M,8.7,0,Adult
18-29 (Young Adult),M,3.4,1,Adult
30-45 (Adult),F,9.9,0,Adult
18-29 (Young Adult),M,6.1,1,Adult
30-45 (Adult),M,5.2,0,Adult
30-45 (Adult),M,9.2,1,Adult
30-45 (Adult),F,1.2,0,Adult
30-45 (Adult),F,6.8,1,Adult
30-45 (Adult),M,1.5,1,Adult
30-45 (Adult),M,8.3,1,Adult
18-29 (Young Adult),F,2.1,0,Adult
18-29 (Young Adult),M,3.7,0,Adult
30-45 (Adult),F,7.0,0,Adult
30-45 (Adult),F,9.3,1,Adult
30-45 (Adult),M,9.0,1,Adult
18-29 (Young Adult),M,4.3,1,Adult
18-29 (Young Adult),F,8.0,1,Adult
30-45 (Adult),M,3.0,0,Adult
18-29 (Young Adult),F,1.6,0,Adult
30-45 (Adult),F,3.3,1,Adult
30-45 (Adult),M,8.9,1,Adult
30-45 (Adult),M,5.0,1,Adult
18-29 (Young Adult),M,9.0,0,Adult
30-45 (Adult),M,2.5,1,Adult
30-45 (Adult),M,5.6,0,Adult
30-45 (Adult),M,2.4,0,Adult
18-29 (Young Adult),M,7.2,0,Adult
18-29 (Young Adult),M,7.3,1,Adult
30-45 (Adult),F,6.6,0,Adult
18-29 (Young Adult),F,2.0,1,Adult
30-45 (Adult),M,5.6,1,Adult
18-29 (Young Adult),M,9.2,0,Adult
18-29 (Young Adult),F,4.4,0,Adult
30-45 (Adult),M,4.5,1,Adult
30-45 (Adult),F,3.7,0,Adult
30-45 (Adult),F,8.9,1,Adult
18-29 (Young Adult),M,8.3,1,Adult
18-29 (Young Adult),F,7.6,0,Adult
18-29 (Young Adult),F,9.3,1,Adult
30-45 (Adult),F,9.3,1,Adult
18-29 (Young Adult),M,8.5,1,Adult
18-29 (Young Adult),F,6.9,1,Adult
18-29 (Young Adult),F,4.3,1,Adult
18-29 (Young Adult),F,2.8,1,Adult
18-29 (Young Adult),M,6.0,1,Adult
30-45 (Adult),M,1.4,1,Adult
30-45 (Adult),F,8.0,1,Adult
30-45 (Adult),M,6.6,0,Adult
30-45 (Adult),M,7.6,1,Adult
18-29 (Young Adult),F,2.6,1,Adult
18-29 (Young Adult),F,4.3,0,Adult
30-45 (Adult),M,2.1,0,Adult
30-45 (Adult),M,3.8,1,Adult
18-29 (Young Adult),M,5.6,1,Adult
18-29 (Young Adult),F,5.4,1,Adult
30-45 (Adult),M,9.5,0,Adult
30-45 (Adult),M,4.9,0,Adult
30-45 (Adult),F,8.4,0,Adult
18-29 (Young Adult),M,9.5,1,Adult
30-45 (Adult),M,6.0,1,Adult
30-45 (Adult),M,7.6,1,Adult
30-45 (Adult),M,6.0,1,Adult
18-29 (Young Adult),F,3.3,1,Adult
30-45 (Adult),M,6.8,1,Adult
30-45 (Adult),F,2.9,1,Adult
30-45 (Adult),M,6.8,0,Adult
30-45 (Adult),M,1.2,1,Adult
30-45 (Adult),M,5.5,1,Adult
30-45 (Adult),F,8.3,1,Adult
18-29 (Young Adult),F,6.3,1,Adult
18-29 (Young Adult),M,5.3,0,Adult
30-45 (Adult),M,3.7,0,Adult
18-29 (Young Adult),M,5.1,1,Adult
30-45 (Adult),M,7.0,0,Adult
18-29 (Young Adult),F,1.6,1,Adult
30-45 (Adult),M,6.5,0,Adult
18-29 (Young Adult),F,9.7,1,Adult
18-29 (Young Adult),F,8.6,1,Adult
18-29 (Young Adult),F,8.8,0,Adult
30-45 (Adult),M,9.9,1,Adult
30-45 (Adult),F,6.8,0,Adult
30-45 (Adult),M,9.5,1,Adult
18-29 (Young Adult),M,6.4,1,Adult
30-45 (Adult),M,1.1,1,Adult
30-45 (Adult),F,8.3,1,Adult
30-45 (Adult),M,1.2,0,Adult
18-29 (Young Adult),F,6.4,0,Adult
18-29 (Young Adult),M,2.0,1,Adult
30-45 (Adult),M,5.3,1,Adult
30-45 (Adult),M,1.1,0,Adult
30-45 (Adult),M,8.6,0,Adult
30-45 (Adult),M,6.3,0,Adult
18-29 (Young Adult),M,6.9,1,Adult
30-45 (Adult),M,4.9,1,Adult
30-45 (Adult),F,1.0,0,Adult
30-45 (Adult),M,3.2,0,Adult
30-45 (Adult),F,2.4,1,Adult
30-45 (Adult),M,10.0,1,Adult
18-29 (Young Adult),M,4.7,1,Adult
30-45 (Adult),F,5.1,0,Adult
30-45 (Adult),M,8.7,0,Adult
30-45 (Adult),M,4.5,0,Adult
18-29 (Young Adult),F,6.8,0,Adult
30-45 (Adult),F,3.8,0,Adult
30-45 (Adult),F,3.6,1,Adult
30-45 (Adult),M,7.2,1,Adult
30-45 (Adult),F,4.2,1,Adult
18-29 (Young Adult),M,7.2,1,Adult
30-45 (Adult),F,2.0,1,Adult
18-29 (Young Adult),M,2.3,1,Adult
18-29 (Young Adult),M,5.1,1,Adult
30-45 (Adult),M,5.5,1,Adult
18-29 (Young Adult),M,3.6,1,Adult
30-45 (Adult),M,5.8,1,Adult
30-45 (Adult),F,8.0,1,Adult
30-45 (Adult),F,1.8,0,Adult
18-29 (Young Adult),M,5.0,1,Adult
30-45 (Adult),F,2.3,1,Adult
18-29 (Young Adult),F,7.3,0,Adult
30-45 (Adult),M,2.1,1,Adult
18-29 (Young Adult),M,1.1,1,Adult
18-29 (Young Adult),M,4.6,1,Adult
30-45 (Adult),M,2.7,0,Adult
30-45 (Adult),M,4.9,1,Adult
30-45 (Adult),F,7.1,0,Adult
30-45 (Adult),F,3.8,1,Adult
30-45 (Adult),F,8.7,1,Adult
18-29 (Young Adult),M,9.2,1,Adult
30-45 (Adult),M,8.3,0,Adult
30-45 (Adult),F,4.8,0,Adult
30-45 (Adult),F,9.1,0,Adult
30-45 (Adult),M,9.2,1,Adult
30-45 (Adult),M,7.8,0,Adult
30-45 (Adult),M,1.5,1,Adult
18-29 (Young Adult),F,3.3,0,Adult
30-45 (Adult),M,3.4,1,Adult
18-29 (Young Adult),F,5.7,1,Adult
30-45 (Adult),F,1.3,1,Adult
18-29 (Young Adult),M,7.2,0,Adult
30-45 (Adult),F,9.2,0,Adult
18-29 (Young Adult),F,6.5,1,Adult
18-29 (Young Adult),F,3.4,1,Adult
30-45 (Adult),F,6.5,1,Adult
30-45 (Adult),M,2.1,0,Adult
18-29 (Young Adult),M,8.6,1,Adult
30-45 (Adult),F,8.1,1,Adult
30-45 (Adult),F,8.8,1,Adult
30-45 (Adult),M,6.8,1,Adult
30-45 (Adult),F,1.1,0,Adult
18-29 (Young Adult),F,4.8,1,Adult
30-45 (Adult),M,2.5,0,Adult
30-45 (Adult),F,1.6,0,Adult
30-45 (Adult),M,7.8,1,Adult
30-45 (Adult),F,1.3,0,Adult
18-29 (Young Adult),M,2.6,0,Adult
30-45 (Adult),F,2.1,0,Adult
30-45 (Adult),M,9.7,0,Adult
30-45 (Adult),M,8.3,1,Adult
30-45 (Adult),F,9.2,1,Adult
30-45 (Adult),M,1.5,1,Adult
18-29 (Young Adult),F,6.2,1,Adult
30-45 (Adult),F,5.4,1,Adult
18-29 (Young Adult),M,8.2,1,Adult
18-29 (Young Adult),M,2.3,0,Adult
18-29 (Young Adult),M,8.6,1,Adult
18-29 (Young Adult),F,4.4,1,Adult
30-45 (Adult),F,6.3,1,Adult
30-45 (Adult),F,9.7,1,Adult
18-29 (Young Adult),F,8.5,0,Adult
30-45 (Adult),F,8.3,1,Adult
18-29 (Young Adult),F,3.9,0,Adult
30-45 (Adult),F,1.5,1,Adult
30-45 (Adult),M,4.2,1,Adult
30-45 (Adult),M,7.7,1,Adult
30-45 (Adult),F,1.9,1,Adult
30-45 (Adult),F,3.6,1,Adult
30-45 (Adult),F,5.5,1,Adult
18-29 (Young Adult),M,4.4,1,Adult
18-29 (Young Adult),F,2.4,1,Adult
30-45 (Adult),F,3.4,0,Adult
30-45 (Adult),F,9.3,1,Adult
30-45 (Adult),M,8.9,1,Adult
18-29 (Young Adult),M,3.6,1,Adult
30-45 (Adult),M,8.3,1,Adult
18-29 (Young Adult),F,7.4,1,Adult
30-45 (Adult),F,1.8,1,Adult
30-45 (Adult),M,7.7,1,Adult
18-29 (Young Adult),M,8.1,1,Adult
30-45 (Adult),F,2.1,1,Adult
30-45 (Adult),M,8.7,1,Adult
18-29 (Young Adult),F,9.3,0,Adult
18-29 (Young Adult),M,5.0,1,Adult
30-45 (Adult),M,5.3,1,Adult
30-45 (Adult),F,1.0,1,Adult
18-29 (Young Adult),M,1.3,1,Adult
18-29 (Young Adult),F,2.4,1,Adult
30-45 (Adult),F,8.3,1,Adult
18-29 (Young Adult),F,9.6,1,Adult
18-29 (Young Adult),F,9.2,1,Adult
18-29 (Young Adult),F,6.0,1,Adult
18-29 (Young Adult),F,6.5,0,Adult
30-45 (Adult),M,6.7,1,Adult
30-45 (Adult),M,3.3,1,Adult
30-45 (Adult),M,3.9,0,Adult
18-29 (Young Adult),M,2.6,1,Adult
18-29 (Young Adult),F,1.8,0,Adult
30-45 (Adult),F,8.9,1,Adult
30-45 (Adult),F,8.8,1,Adult
30-45 (Adult),M,9.3,1,Adult
18-29 (Young Adult),M,2.1,1,Adult
18-29 (Young Adult),F,3.3,1,Adult
18-29 (Young Adult),F,4.9,1,Adult
18-29 (Young Adult),M,6.9,1,Adult
18-29 (Young Adult),F,3.1,1,Adult
18-29 (Young Adult),F,3.3,1,Adult
18-29 (Young Adult),F,1.1,1,Adult
30-45 (Adult),F,1.4,0,Adult
18-29 (Young Adult),F,9.8,1,Adult
30-45 (Adult),M,3.4,1,Adult
30-45 (Adult),M,9.6,1,Adult
18-29 (Young Adult),F,5.7,1,Adult
18-29 (Young Adult),F,4.4,1,Adult
18-29 (Young Adult),M,5.8,1,Adult
30-45 (Adult),M,8.7,0,Adult
30-45 (Adult),M,7.1,0,Adult
18-29 (Young Adult),M,4.5,1,Adult
18-29 (Young Adult),F,7.2,1,Adult
30-45 (Adult),M,9.7,1,Adult
30-45 (Adult),F,6.4,0,Adult
30-45 (Adult),F,4.5,1,Adult
18-29 (Young Adult),F,10.0,1,Adult
30-45 (Adult),M,5.2,0,Adult
30-45 (Adult),F,7.4,1,Adult
30-45 (Adult),M,4.9,1,Adult
30-45 (Adult),M,1.9,1,Adult
18-29 (Young Adult),F,8.4,1,Adult
30-45 (Adult),M,9.3,1,Adult
30-45 (Adult),F,4.8,1,Adult
18-29 (Young Adult),M,1.3,0,Adult
30-45 (Adult),F,5.8,0,Adult
30-45 (Adult),F,6.3,1,Adult
30-45 (Adult),M,9.4,1,Adult
18-29 (Young Adult),M,2.1,1,Adult
30-45 (Adult),M,5.1,0,Adult
30-45 (Adult),F,5.2,1,Adult
30-45 (Adult),F,1.2,0,Adult
18-29 (Young Adult),F,2.7,1,Adult
30-45 (Adult),F,5.1,0,Adult
30-45 (Adult),F,5.2,0,Adult
30-45 (Adult),F,7.0,1,Adult
18-29 (Young Adult),M,8.1,0,Adult
30-45 (Adult),M,5.4,1,Adult
30-45 (Adult),F,8.4,1,Adult
30-45 (Adult),F,5.7,1,Adult
30-45 (Adult),F,4.0,1,Adult
18-29 (Young Adult),M,9.3,1,Adult
18-29 (Young Adult),M,9.6,0,Adult
18-29 (Young Adult),F,9.2,1,Adult
30-45 (Adult),F,1.8,1,Adult
18-29 (Young Adult),M,9.2,0,Adult
18-29 (Young Adult),M,7.4,1,Adult
18-29 (Young Adult),M,9.1,0,Adult
30-45 (Adult),F,3.3,1,Adult
18-29 (Young Adult),F,9.0,1,Adult
30-45 (Adult),F,1.5,1,Adult
30-45 (Adult),M,9.3,1,Adult
30-45 (Adult),F,7.4,1,Adult
30-45 (Adult),M,5.6,0,Adult
30-45 (Adult),F,6.7,1,Adult
18-29 (Young Adult),F,7.7,0,Adult
18-29 (Young Adult),F,8.3,0,Adult
30-45 (Adult),F,8.5,1,Adult
30-45 (Adult),M,3.4,1,Adult
30-45 (Adult),F,1.3,1,Adult
18-29 (Young Adult),F,1.1,1,Adult
30-45 (Adult),F,6.7,1,Adult
30-45 (Adult),F,1.6,1,Adult
30-45 (Adult),M,6.3,0,Adult
30-45 (Adult),M,3.0,1,Adult
30-45 (Adult),M,1.6,0,Adult
30-45 (Adult),F,1.5,1,Adult
30-45 (Adult),F,2.3,1,Adult
30-45 (Adult),M,9.8,1,Adult
30-45 (Adult),F,6.2,1,Adult
30-45 (Adult),F,2.1,0,Adult
18-29 (Young Adult),M,7.3,1,Adult
18-29 (Young Adult),M,4.4,0,Adult
30-45 (Adult),M,9.2,1,Adult
30-45 (Adult),F,5.2,0,Adult
18-29 (Young Adult),M,7.7,1,Adult
30-45 (Adult),F,1.7,1,Adult
18-29 (Young Adult),M,5.0,1,Adult
30-45 (Adult),M,6.0,1,Adult
30-45 (Adult),F,9.4,0,Adult
30-45 (Adult),M,7.9,1,Adult
30-45 (Adult),M,2.7,0,Adult
18-29 (Young Adult),M,3.7,0,Adult
18-29 (Young Adult),M,4.5,0,Adult
18-29 (Young Adult),M,2.0,0,Adult
30-45 (Adult),M,6.9,0,Adult
18-29 (Young Adult),M,3.5,1,Adult
30-45 (Adult),M,6.4,1,Adult
30-45 (Adult),F,9.0,1,Adult
30-45 (Adult),M,9.7,1,Adult
30-45 (Adult),F,3.4,1,Adult
18-29 (Young Adult),F,3.7,0,Adult
18-29 (Young Adult),M,7.3,1,Adult
30-45 (Adult),M,3.0,1,Adult
18-29 (Young Adult),F,8.0,0,Adult
18-29 (Young Adult),M,3.7,1,Adult
18-29 (Young Adult),M,9.1,1,Adult
30-45 (Adult),M,1.9,1,Adult
18-29 (Young Adult),F,8.1,1,Adult
30-45 (Adult),F,2.7,0,Adult
18-29 (Young Adult),F,7.7,1,Adult
30-45 (Adult),F,1.7,0,Adult
30-45 (Adult),F,9.0,0,Adult
30-45 (Adult),F,8.1,0,Adult
30-45 (Adult),M,1.1,1,Adult
30-45 (Adult),F,4.9,1,Adult
18-29 (Young Adult),M,6.1,1,Adult
18-29 (Young Adult),M,2.1,0,Adult
30-45 (Adult),M,1.9,1,Adult
18-29 (Young Adult),M,7.2,1,Adult
30-45 (Adult),M,9.6,0,Adult
18-29 (Young Adult),M,7.4,1,Adult
18-29 (Young Adult),F,1.6,1,Adult
18-29 (Young Adult),M,1.4,1,Adult
18-29 (Young Adult),F,7.6,1,Adult
30-45 (Adult),M,2.2,1,Adult
18-29 (Young Adult),M,2.4,1,Adult
30-45 (Adult),M,6.9,1,Adult
30-45 (Adult),F,5.2,1,Adult
18-29 (Young Adult),M,4.5,0,Adult
18-29 (Young Adult),M,2.3,0,Adult
30-45 (Adult),F,8.2,1,Adult
30-45 (Adult),M,9.3,0,Adult
30-45 (Adult),M,2.6,1,Adult
30-45 (Adult),M,4.4,0,Adult
18-29 (Young Adult),M,8.7,0,Adult
30-45 (Adult),F,5.0,1,Adult
30-45 (Adult),F,1.5,0,Adult
18-29 (Young Adult),M,8.2,1,Adult
18-29 (Young Adult),M,8.2,1,Adult
30-45 (Adult),F,10.0,1,Adult
30-45 (Adult),F,10.0,1,Adult
30-45 (Adult),M,8.1,0,Adult
30-45 (Adult),F,9.6,1,Adult
30-45 (Adult),F,2.8,1,Adult
30-45 (Adult),M,6.4,1,Adult
18-29 (Young Adult),M,8.5,0,Adult
18-29 (Young Adult),F,1.5,1,Adult
30-45 (Adult),F,4.8,1,Adult
30-45 (Adult),F,3.1,0,Adult
30-45 (Adult),M,9.3,1,Adult
30-45 (Adult),F,9.3,1,Adult
18-29 (Young Adult),F,7.2,1,Adult
18-29 (Young Adult),M,9.9,1,Adult
30-45 (Adult),M,9.4,0,Adult
30-45 (Adult),F,6.0,1,Adult
30-45 (Adult),M,4.9,1,Adult
18-29 (Young Adult),M,6.7,1,Adult
30-45 (Adult),M,4.5,1,Adult
18-29 (Young Adult),M,5.3,1,Adult
30-45 (Adult),M,3.6,1,Adult
30-45 (Adult),M,4.6,0,Adult
30-45 (Adult),M,8.5,1,Adult
18-29 (Young Adult),F,2.5,1,Adult
30-45 (Adult),F,3.2,1,Adult
18-29 (Young Adult),M,9.0,1,Adult
18-29 (Young Adult),M,3.8,1,Adult
18-29 (Young Adult),F,1.0,1,Adult
30-45 (Adult),F,8.4,1,Adult
18-29 (Young Adult),F,3.2,0,Adult
18-29 (Young Adult),F,1.4,1,Adult
30-45 (Adult),F,1.2,1,Adult
30-45 (Adult),M,1.0,0,Adult
30-45 (Adult),M,8.4,1,Adult
18-29 (Young Adult),F,1.3,1,Adult
30-45 (Adult),F,3.0,0,Adult
30-45 (Adult),F,9.5,0,Adult
18-29 (Young Adult),M,5.5,1,Adult
18-29 (Young Adult),F,1.2,1,Adult
30-45 (Adult),F,2.8,0,Adult
30-45 (Adult),M,1.8,1,Adult
30-45 (Adult),F,7.0,1,Adult
18-29 (Young Adult),F,8.5,1,Adult
30-45 (Adult),M,9.3,1,Adult
30-45 (Adult),M,7.5,1,Adult
30-45 (Adult),F,9.7,1,Adult
30-45 (Adult),M,6.2,1,Adult
18-29 (Young Adult),F,6.2,0,Adult
18-29 (Young Adult),F,5.8,0,Adult
18-29 (Young Adult),F,9.0,0,Adult
18-29 (Young Adult),F,5.8,1,Adult
30-45 (Adult),M,1.8,1,Adult
18-29 (Young Adult),M,7.8,0,Adult
30-45 (Adult),F,1.0,1,Adult
30-45 (Adult),M,3.4,1,Adult
30-45 (Adult),F,1.7,1,Adult
18-29 (Young Adult),M,6.2,1,Adult
30-45 (Adult),M,1.8,0,Adult
18-29 (Young Adult),F,9.7,0,Adult
18-29 (Young Adult),M,7.7,1,Adult
30-45 (Adult),M,4.9,1,Adult
30-45 (Adult),F,1.9,1,Adult
18-29 (Young Adult),F,3.8,1,Adult
18-29 (Young Adult),M,1.4,1,Adult
30-45 (Adult),F,2.8,1,Adult
18-29 (Young Adult),F,2.8,0,Adult
30-45 (Adult),F,7.8,1,Adult
18-29 (Young Adult),F,7.7,1,Adult
30-45 (Adult),M,7.6,0,Adult
18-29 (Young Adult),M,1.6,1,Adult
18-29 (Young Adult),F,4.8,1,Adult
18-29 (Young Adult),M,7.9,1,Adult
18-29 (Young Adult),F,3.0,0,Adult
30-45 (Adult),M,9.5,1,Adult
18-29 (Young Adult),M,4.5,0,Adult
30-45 (Adult),F,4.4,0,Adult
18-29 (Young Adult),F,5.2,1,Adult
18-29 (Young Adult),M,2.5,0,Adult
30-45 (Adult),M,5.1,1,Adult
18-29 (Young Adult),F,6.5,1,Adult
18-29 (Young Adult),M,8.9,1,Adult
18-29 (Young Adult),F,7.4,0,Adult
18-29 (Young Adult),F,7.0,1,Adult
18-29 (Young Adult),F,6.9,1,Adult
18-29 (Young Adult),F,4.7,1,Adult
30-45 (Adult),M,5.1,1,Adult
18-29 (Young Adult),M,9.4,0,Adult
30-45 (Adult),F,6.2,1,Adult
30-45 (Adult),F,10.0,1,Adult
30-45 (Adult),M,7.6,1,Adult
30-45 (Adult),F,5.7,1,Adult
30-45 (Adult),F,9.7,1,Adult
18-29 (Young Adult),M,4.8,1,Adult
18-29 (Young Adult),F,3.2,1,Adult
18-29 (Young Adult),M,9.5,0,Adult
18-29 (Young Adult),M,1.3,1,Adult
18-29 (Young Adult),F,5.9,1,Adult
30-45 (Adult),M,1.6,1,Adult
18-29 (Young Adult),F,7.6,1,Adult
18-29 (Young Adult),M,5.8,0,Adult
18-29 (Young Adult),M,2.3,1,Adult
18-29 (Young Adult),F,9.1,1,Adult
18-29 (Young Adult),F,5.4,0,Adult
18-29 (Young Adult),F,6.1,1,Adult
30-45 (Adult),M,3.6,1,Adult
30-45 (Adult),F,3.6,0,Adult
30-45 (Adult),M,8.2,1,Adult
18-29 (Young Adult),M,3.8,0,Adult
18-29 (Young Adult),F,7.5,0,Adult
18-29 (Young Adult),F,4.6,1,Adult
30-45 (Adult),M,7.7,0,Adult
30-45 (Adult),F,4.6,1,Adult
18-29 (Young Adult),F,1.7,1,Adult
18-29 (Young Adult),M,9.0,1,Adult
30-45 (Adult),M,5.6,1,Adult
30-45 (Adult),F,8.9,0,Adult
18-29 (Young Adult),M,5.8,1,Adult
30-45 (Adult),F,8.4,1,Adult
18-29 (Young Adult),M,9.8,1,Adult
30-45 (Adult),F,1.5,1,Adult
30-45 (Adult),F,8.2,0,Adult
18-29 (Young Adult),F,4.2,0,Adult
30-45 (Adult),M,1.8,1,Adult
18-29 (Young Adult),F,7.9,0,Adult
30-45 (Adult),F,3.3,1,Adult
18-29 (Young Adult),F,6.3,1,Adult
30-45 (Adult),M,3.4,1,Adult
18-29 (Young Adult),M,2.3,0,Adult
18-29 (Young Adult),F,5.4,1,Adult
18-29 (Young Adult),F,7.8,1,Adult
18-29 (Young Adult),M,8.8,1,Adult
18-29 (Young Adult),M,6.9,1,Adult
30-45 (Adult),F,4.4,1,Adult
30-45 (Adult),M,9.4,1,Adult
30-45 (Adult),M,1.9,1,Adult
18-29 (Young Adult),M,5.2,1,Adult
30-45 (Adult),M,1.3,0,Adult
18-29 (Young Adult),F,2.8,1,Adult
18-29 (Young Adult),F,7.3,1,Adult
30-45 (Adult),M,6.4,0,Adult
30-45 (Adult),F,3.3,1,Adult
30-45 (Adult),F,3.4,1,Adult
18-29 (Young Adult),F,1.5,1,Adult
18-29 (Young Adult),F,4.9,1,Adult
18-29 (Young Adult),M,6.5,1,Adult
18-29 (Young Adult),M,4.7,0,Adult
18-29 (Young Adult),F,4.1,1,Adult
30-45 (Adult),M,3.6,0,Adult
18-29 (Young Adult),F,5.5,0,Adult
30-45 (Adult),M,9.1,1,Adult
30-45 (Adult),F,2.9,0,Adult
30-45 (Adult),F,9.9,1,Adult
30-45 (Adult),F,8.0,0,Adult
30-45 (Adult),M,8.6,1,Adult
30-45 (Adult),F,5.8,1,Adult
18-29 (Young Adult),F,1.4,1,Adult
30-45 (Adult),F,9.5,1,Adult
18-29 (Young Adult),F,8.2,0,Adult
18-29 (Young Adult),F,6.0,1,Adult
18-29 (Young Adult),F,8.7,1,Adult
30-45 (Adult),F,3.3,1,Adult
30-45 (Adult),M,8.5,0,Adult
30-45 (Adult),M,2.2,1,Adult
30-45 (Adult),M,6.9,0,Adult
30-45 (Adult),M,3.3,0,Adult
18-29 (Young Adult),F,1.5,0,Adult
30-45 (Adult),M,1.9,1,Adult
30-45 (Adult),M,7.4,1,Adult
30-45 (Adult),F,6.1,0,Adult
18-29 (Young Adult),F,2.1,1,Adult
18-29 (Young Adult),F,5.1,1,Adult
18-29 (Young Adult),F,1.8,1,Adult
18-29 (Young Adult),M,4.7,1,Adult
18-29 (Young Adult),F,2.2,1,Adult
18-29 (Young Adult),M,4.2,1,Adult
30-45 (Adult),F,6.6,0,Adult
30-45 (Adult),M,6.2,1,Adult
30-45 (Adult),F,7.9,0,Adult
18-29 (Young Adult),M,9.2,1,Adult
30-45 (Adult),F,8.2,1,Adult
30-45 (Adult),F,7.2,1,Adult
18-29 (Young Adult),F,1.5,1,Adult
30-45 (Adult),M,1.6,1,Adult
18-29 (Young Adult),M,8.2,1,Adult
18-29 (Young Adult),M,4.5,1,Adult
18-29 (Young Adult),F,3.6,1,Adult
18-29 (Young Adult),F,9.2,0,Adult
18-29 (Young Adult),M,2.2,1,Adult
30-45 (Adult),M,9.1,0,Adult
30-45 (Adult),M,4.6,0,Adult
30-45 (Adult),F,3.7,1,Adult
18-29 (Young Adult),M,6.8,0,Adult
18-29 (Young Adult),M,8.9,0,Adult
30-45 (Adult),F,1.8,1,Adult
18-29 (Young Adult),M,1.5,0,Adult
30-45 (Adult),F,2.6,0,Adult
30-45 (Adult),F,8.4,1,Adult
30-45 (Adult),M,9.2,0,Adult
30-45 (Adult),F,8.4,1,Adult
30-45 (Adult),F,8.6,1,Adult
30-45 (Adult),M,3.6,1,Adult
30-45 (Adult),F,4.1,1,Adult
18-29 (Young Adult),M,3.1,1,Adult
18-29 (Young Adult),M,9.5,1,Adult
30-45 (Adult),F,5.8,1,Adult
30-45 (Adult),M,1.9,1,Adult
30-45 (Adult),M,3.9,0,Adult
30-45 (Adult),M,9.2,0,Adult
30-45 (Adult),M,2.6,1,Adult
30-45 (Adult),M,7.7,1,Adult
30-45 (Adult),M,3.4,0,Adult
30-45 (Adult),M,7.2,0,Adult
30-45 (Adult),F,9.9,1,Adult
30-45 (Adult),F,5.0,1,Adult
18-29 (Young Adult),F,9.6,1,Adult
30-45 (Adult),F,5.0,1,Adult
30-45 (Adult),F,2.2,1,Adult
30-45 (Adult),F,4.1,1,Adult
30-45 (Adult),M,8.8,1,Adult
30-45 (Adult),F,3.2,1,Adult
30-45 (Adult),M,2.1,0,Adult
18-29 (Young Adult),F,8.4,0,Adult
18-29 (Young Adult),M,3.5,1,Adult
18-29 (Young Adult),F,4.5,1,Adult
18-29 (Young Adult),M,9.8,1,Adult
30-45 (Adult),F,9.8,0,Adult
18-29 (Young Adult),F,4.6,1,Adult
30-45 (Adult),F,1.7,1,Adult
18-29 (Young Adult),M,8.4,1,Adult
30-45 (Adult),M,7.1,1,Adult
30-45 (Adult),F,2.6,1,Adult
18-29 (Young Adult),M,3.0,0,Adult
30-45 (Adult),F,2.1,0,Adult
30-45 (Adult),M,7.0,0,Adult
18-29 (Young Adult),M,8.2,1,Adult
18-29 (Young Adult),F,1.6,1,Adult
30-45 (Adult),M,4.8,1,Adult
30-45 (Adult),M,3.2,1,Adult
30-45 (Adult),M,7.5,1,Adult
18-29 (Young Adult),M,8.1,0,Adult
30-45 (Adult),F,9.3,1,Adult
18-29 (Young Adult),M,3.1,0,Adult
30-45 (Adult),M,2.3,1,Adult
18-29 (Young Adult),F,6.0,0,Adult
18-29 (Young Adult),F,2.1,1,Adult
30-45 (Adult),M,8.4,1,Adult
18-29 (Young Adult),F,6.6,1,Adult
18-29 (Young Adult),M,6.1,1,Adult
30-45 (Adult),M,8.0,1,Adult
30-45 (Adult),M,3.9,1,Adult
18-29 (Young Adult),M,8.1,0,Adult
30-45 (Adult),M,2.0,1,Adult
18-29 (Young Adult),M,3.3,1,Adult
30-45 (Adult),M,2.3,1,Adult
30-45 (Adult),F,7.9,1,Adult
30-45 (Adult),F,5.1,1,Adult
30-45 (Adult),F,7.1,1,Adult
18-29 (Young Adult),M,5.3,1,Adult
30-45 (Adult),M,9.8,0,Adult
18-29 (Young Adult),M,8.2,1,Adult
30-45 (Adult),M,9.3,0,Adult
30-45 (Adult),F,9.3,0,Adult
18-29 (Young Adult),F,8.1,1,Adult
18-29 (Young Adult),F,7.3,1,Adult
30-45 (Adult),F,6.2,1,Adult
30-45 (Adult),F,2.0,1,Adult
30-45 (Adult),F,9.9,1,Adult
18-29 (Young Adult),M,8.8,1,Adult
18-29 (Young Adult),M,6.4,0,Adult
18-29 (Young Adult),M,8.1,1,Adult
30-45 (Adult),M,4.8,1,Adult
30-45 (Adult),M,6.7,1,Adult
30-45 (Adult),F,7.8,1,Adult
30-45 (Adult),M,6.7,1,Adult
18-29 (Young Adult),M,4.2,1,Adult
18-29 (Young Adult),F,3.8,1,Adult
30-45 (Adult),F,6.7,0,Adult
30-45 (Adult),F,9.7,1,Adult
30-45 (Adult),M,2.4,1,Adult
30-45 (Adult),F,1.1,0,Adult
30-45 (Adult),F,2.3,1,Adult
30-45 (Adult),F,2.6,1,Adult
18-29 (Young Adult),F,6.9,1,Adult
30-45 (Adult),F,8.7,0,Adult
30-45 (Adult),M,4.4,1,Adult
18-29 (Young Adult),M,8.5,1,Adult
18-29 (Young Adult),M,6.4,1,Adult
30-45 (Adult),M,5.1,1,Adult
30-45 (Adult),M,2.6,1,Adult
18-29 (Young Adult),F,5.7,1,Adult
18-29 (Young Adult),F,6.5,1,Adult
18-29 (Young Adult),F,8.0,0,Adult
30-45 (Adult),M,5.2,1,Adult
30-45 (Adult),M,3.7,1,Adult
18-29 (Young Adult),M,5.0,0,Adult
18-29 (Young Adult),M,2.2,1,Adult
18-29 (Young Adult),F,5.5,1,Adult
30-45 (Adult),M,9.8,0,Adult
30-45 (Adult),M,5.0,1,Adult
18-29 (Young Adult),F,2.7,1,Adult
30-45 (Adult),F,4.0,1,Adult
30-45 (Adult),F,1.1,1,Adult
18-29 (Young Adult),F,5.3,0,Adult
30-45 (Adult),M,6.3,0,Adult
30-45 (Adult),F,7.3,0,Adult
30-45 (Adult),M,4.1,0,Adult
18-29 (Young Adult),M,10.0,1,Adult
18-29 (Young Adult),F,6.6,0,Adult
30-45 (Adult),M,6.5,1,Adult
30-45 (Adult),F,4.8,1,Adult
18-29 (Young Adult),F,1.3,1,Adult
18-29 (Young Adult),M,6.2,0,Adult
18-29 (Young Adult),F,3.9,1,Adult
30-45 (Adult),F,7.8,1,Adult
30-45 (Adult),M,10.0,1,Adult
30-45 (Adult),M,8.3,1,Adult
30-45 (Adult),F,6.2,1,Adult
30-45 (Adult),F,6.8,0,Adult
18-29 (Young Adult),M,2.7,0,Adult
18-29 (Young Adult),M,5.2,1,Adult
18-29 (Young Adult),F,4.3,1,Adult
18-29 (Young Adult),M,1.6,1,Adult
30-45 (Adult),M,1.7,0,Adult
30-45 (Adult),M,2.2,0,Adult
18-29 (Young Adult),M,5.3,1,Adult
30-45 (Adult),F,5.8,1,Adult
30-45 (Adult),F,2.4,1,Adult
18-29 (Young Adult),F,8.4,1,Adult
18-29 (Young Adult),F,9.4,1,Adult
18-29 (Young Adult),M,6.2,1,Adult
18-29 (Young Adult),M,8.4,0,Adult
30-45 (Adult),F,7.7,0,Adult
30-45 (Adult),F,6.4,1,Adult
18-29 (Young Adult),F,7.1,1,Adult
30-45 (Adult),M,3.2,1,Adult
30-45 (Adult),M,9.5,1,Adult
18-29 (Young Adult),M,5.7,1,Adult
30-45 (Adult),F,3.3,1,Adult
30-45 (Adult),F,8.3,1,Adult
18-29 (Young Adult),M,4.4,0,Adult
18-29 (Young Adult),M,4.3,1,Adult
18-29 (Young Adult),F,4.4,0,Adult
18-29 (Young Adult),M,2.5,1,Adult
30-45 (Adult),F,5.6,1,Adult
30-45 (Adult),M,5.6,1,Adult
30-45 (Adult),F,8.2,1,Adult
30-45 (Adult),F,2.3,1,Adult
18-29 (Young Adult),F,4.4,1,Adult
18-29 (Young Adult),M,1.1,1,Adult
30-45 (Adult),M,5.0,1,Adult
18-29 (Young Adult),M,7.2,0,Adult
30-45 (Adult),M,6.4,1,Adult
30-45 (Adult),F,7.3,0,Adult
18-29 (Young Adult),F,9.2,0,Adult
30-45 (Adult),M,3.0,1,Adult
30-45 (Adult),M,3.8,1,Adult
18-29 (Young Adult),M,2.1,1,Adult
30-45 (Adult),M,4.6,1,Adult
30-45 (Adult),M,2.7,0,Adult
18-29 (Young Adult),F,9.8,1,Adult
18-29 (Young Adult),M,1.1,1,Adult
30-45 (Adult),M,4.9,1,Adult
18-29 (Young Adult),M,4.0,1,Adult
30-45 (Adult),F,2.6,0,Adult
18-29 (Young Adult),M,3.9,1,Adult
30-45 (Adult),F,5.8,1,Adult
30-45 (Adult),M,5.0,0,Adult
18-29 (Young Adult),M,9.7,1,Adult
18-29 (Young Adult),F,9.5,0,Adult
30-45 (Adult),F,5.8,1,Adult
30-45 (Adult),M,7.1,0,Adult
30-45 (Adult),M,2.0,1,Adult
30-45 (Adult),F,9.7,1,Adult
30-45 (Adult),F,8.2,1,Adult
18-29 (Young Adult),M,5.4,1,Adult
30-45 (Adult),F,7.7,0,Adult
30-45 (Adult),F,9.9,0,Adult
18-29 (Young Adult),F,6.7,1,Adult
30-45 (Adult),F,1.7,1,Adult
30-45 (Adult),F,3.8,1,Adult
30-45 (Adult),M,3.9,1,Adult
18-29 (Young Adult),M,4.1,0,Adult
18-29 (Young Adult),F,7.6,0,Adult
18-29 (Young Adult),M,1.9,0,Adult
18-29 (Young Adult),M,3.8,1,Adult
30-45 (Adult),M,5.4,1,Adult
30-45 (Adult),F,3.2,1,Adult
30-45 (Adult),M,6.0,1,Adult
30-45 (Adult),M,9.6,0,Adult
30-45 (Adult),M,4.5,0,Adult
30-45 (Adult),F,5.8,1,Adult
18-29 (Young Adult),M,5.5,1,Adult
30-45 (Adult),F,1.1,1,Adult
30-45 (Adult),M,4.1,1,Adult
18-29 (Young Adult),F,1.6,1,Adult
30-45 (Adult),F,9.7,1,Adult
18-29 (Young Adult),M,9.4,0,Adult
30-45 (Adult),F,4.0,1,Adult
30-45 (Adult),F,2.2,1,Adult
18-29 (Young Adult),M,8.2,0,Adult
30-45 (Adult),F,4.0,1,Adult
30-45 (Adult),F,3.4,0,Adult
30-45 (Adult),M,5.2,0,Adult
18-29 (Young Adult),F,8.9,1,Adult
30-45 (Adult),F,4.1,1,Adult
30-45 (Adult),M,8.7,1,Adult
18-29 (Young Adult),M,3.3,0,Adult
18-29 (Young Adult),F,7.2,1,Adult
30-45 (Adult),M,5.3,1,Adult
18-29 (Young Adult),F,2.1,0,Adult
18-29 (Young Adult),F,8.3,1,Adult
18-29 (Young Adult),M,1.5,1,Adult
30-45 (Adult),M,4.1,1,Adult
30-45 (Adult),M,8.4,0,Adult
18-29 (Young Adult),M,9.4,0,Adult
30-45 (Adult),M,7.6,0,Adult
18-29 (Young Adult),M,4.1,1,Adult
30-45 (Adult),M,3.3,1,Adult
30-45 (Adult),F,9.4,1,Adult
18-29 (Young Adult),M,8.6,0,Adult
30-45 (Adult),F,5.0,0,Adult
30-45 (Adult),M,9.5,0,Adult
18-29 (Young Adult),M,2.1,1,Adult
18-29 (Young Adult),M,3.3,0,Adult
30-45 (Adult),M,5.3,0,Adult
30-45 (Adult),F,9.9,1,Adult
30-45 (Adult),F,6.0,1,Adult
18-29 (Young Adult),M,7.8,0,Adult
30-45 (Adult),F,2.7,1,Adult
18-29 (Young Adult),M,8.9,0,Adult
18-29 (Young Adult),M,7.6,0,Adult
30-45 (Adult),M,8.9,0,Adult
18-29 (Young Adult),F,9.7,1,Adult
30-45 (Adult),F,7.1,1,Adult
30-45 (Adult),M,2.0,1,Adult
18-29 (Young Adult),M,4.7,0,Adult
30-45 (Adult),M,1.5,1,Adult
18-29 (Young Adult),M,4.5,1,Adult
30-45 (Adult),M,8.0,1,Adult
18-29 (Young Adult),F,8.1,0,Adult
18-29 (Young Adult),M,8.5,0,Adult
30-45 (Adult),M,5.3,1,Adult
18-29 (Young Adult),M,7.8,1,Adult
18-29 (Young Adult),F,6.3,1,Adult
30-45 (Adult),F,6.4,1,Adult
30-45 (Adult),M,4.0,1,Adult
18-29 (Young Adult),F,8.2,0,Adult
18-29 (Young Adult),F,5.5,1,Adult
30-45 (Adult),M,1.6,0,Adult
18-29 (Young Adult),F,2.9,1,Adult
18-29 (Young Adult),M,4.2,0,Adult
30-45 (Adult),F,8.9,1,Adult
18-29 (Young Adult),M,3.2,1,Adult
18-29 (Young Adult),F,8.7,1,Adult
18-29 (Young Adult),F,8.4,1,Adult
30-45 (Adult),F,4.4,1,Adult
18-29 (Young Adult),M,5.0,0,Adult
18-29 (Young Adult),M,2.7,1,Adult
18-29 (Young Adult),F,6.9,1,Adult
30-45 (Adult),F,3.1,1,Adult
30-45 (Adult),F,2.5,1,Adult
30-45 (Adult),M,2.6,1,Adult
30-45 (Adult),M,2.4,1,Adult
18-29 (Young Adult),M,1.3,1,Adult
30-45 (Adult),M,6.0,0,Adult
30-45 (Adult),M,1.3,1,Adult
18-29 (Young Adult),M,2.4,1,Adult
30-45 (Adult),F,7.3,0,Adult
30-45 (Adult),F,1.1,1,Adult
18-29 (Young Adult),F,8.2,1,Adult
18-29 (Young Adult),F,9.5,1,Adult
30-45 (Adult),M,6.3,1,Adult
18-29 (Young Adult),M,1.4,1,Adult
30-45 (Adult),F,6.4,0,Adult
30-45 (Adult),F,3.0,1,Adult
30-45 (Adult),M,1.3,0,Adult
18-29 (Young Adult),F,4.7,1,Adult
18-29 (Young Adult),F,5.9,1,Adult
30-45 (Adult),F,9.2,0,Adult
18-29 (Young Adult),F,8.8,0,Adult
30-45 (Adult),M,7.1,1,Adult
30-45 (Adult),F,4.8,1,Adult
30-45 (Adult),M,1.6,0,Adult
30-45 (Adult),F,4.1,1,Adult
30-45 (Adult),M,6.8,1,Adult
30-45 (Adult),M,2.4,1,Adult
30-45 (Adult),F,3.0,1,Adult
30-45 (Adult),M,7.4,1,Adult
18-29 (Young Adult),F,1.3,0,Adult
30-45 (Adult),M,9.3,1,Adult
30-45 (Adult),M,5.1,1,Adult
30-45 (Adult),F,4.3,1,Adult
30-45 (Adult),M,3.1,1,Adult
18-29 (Young Adult),F,6.3,1,Adult
18-29 (Young Adult),F,3.7,0,Adult
30-45 (Adult),M,4.7,1,Adult
30-45 (Adult),F,8.5,1,Adult
18-29 (Young Adult),M,1.3,0,Adult
18-29 (Young Adult),M,7.4,1,Adult
18-29 (Young Adult),M,3.7,0,Adult
18-29 (Young Adult),F,5.9,1,Adult
30-45 (Adult),F,6.0,0,Adult
18-29 (Young Adult),M,2.9,1,Adult
18-29 (Young Adult),F,3.2,1,Adult
18-29 (Young Adult),F,7.3,1,Adult
30-45 (Adult),F,5.4,1,Adult
30-45 (Adult),F,7.5,0,Adult
18-29 (Young Adult),M,5.7,1,Adult
18-29 (Young Adult),M,1.7,0,Adult
18-29 (Young Adult),M,5.3,1,Adult
30-45 (Adult),M,6.3,1,Adult
18-29 (Young Adult),F,2.4,1,Adult
30-45 (Adult),F,7.0,0,Adult
30-45 (Adult),F,4.6,1,Adult
18-29 (Young Adult),F,3.8,1,Adult
30-45 (Adult),F,7.8,1,Adult
30-45 (Adult),M,9.7,0,Adult
30-45 (Adult),F,2.1,1,Adult
18-29 (Young Adult),F,4.3,0,Adult
30-45 (Adult),F,9.1,0,Adult
18-29 (Young Adult),M,7.1,1,Adult
30-45 (Adult),M,2.5,1,Adult
18-29 (Young Adult),F,1.6,1,Adult
30-45 (Adult),M,7.7,1,Adult
30-45 (Adult),M,5.9,1,Adult
30-45 (Adult),F,1.6,1,Adult
18-29 (Young Adult),F,4.7,1,Adult
30-45 (Adult),M,8.5,1,Adult
18-29 (Young Adult),F,1.7,0,Adult
18-29 (Young Adult),M,8.0,1,Adult
18-29 (Young Adult),M,3.3,0,Adult
30-45 (Adult),M,9.5,0,Adult
18-29 (Young Adult),M,5.8,1,Adult
18-29 (Young Adult),M,3.4,1,Adult
30-45 (Adult),F,2.0,1,Adult
18-29 (Young Adult),M,8.0,1,Adult
18-29 (Young Adult),M,4.1,1,Adult
30-45 (Adult),M,5.6,1,Adult
18-29 (Young Adult),F,2.8,0,Adult
18-29 (Young Adult),M,5.4,1,Adult
30-45 (Adult),F,6.0,1,Adult
18-29 (Young Adult),M,5.3,1,Adult
30-45 (Adult),M,7.6,0,Adult
30-45 (Adult),F,3.9,1,Adult
18-29 (Young Adult),M,2.9,0,Adult
30-45 (Adult),M,3.7,1,Adult
30-45 (Adult),F,1.8,1,Adult
30-45 (Adult),F,6.5,0,Adult
18-29 (Young Adult),M,7.7,1,Adult
30-45 (Adult),M,3.5,0,Adult
18-29 (Young Adult),F,4.6,1,Adult
30-45 (Adult),F,5.3,0,Adult
30-45 (Adult),M,6.9,0,Adult
18-29 (Young Adult),F,5.3,1,Adult
30-45 (Adult),M,8.5,0,Adult
30-45 (Adult),F,2.4,0,Adult
30-45 (Adult),F,9.3,1,Adult
30-45 (Adult),F,4.9,1,Adult
18-29 (Young Adult),F,3.1,0,Adult
30-45 (Adult),F,9.5,1,Adult
18-29 (Young Adult),F,3.7,0,Adult
18-29 (Young Adult),M,8.9,0,Adult
30-45 (Adult),F,4.8,1,Adult
30-45 (Adult),M,6.3,1,Adult
30-45 (Adult),M,2.7,1,Adult
30-45 (Adult),M,9.1,1,Adult
18-29 (Young Adult),M,8.9,0,Adult
30-45 (Adult),F,5.7,0,Adult
30-45 (Adult),M,7.4,1,Adult
18-29 (Young Adult),M,6.6,1,Adult
30-45 (Adult),M,3.6,0,Adult
30-45 (Adult),M,5.1,1,Adult
30-45 (Adult),F,9.9,1,Adult
30-45 (Adult),M,1.2,1,Adult
30-45 (Adult),M,3.7,1,Adult
30-45 (Adult),F,1.5,1,Adult
30-45 (Adult),F,7.4,1,Adult
30-45 (Adult),F,6.6,0,Adult
30-45 (Adult),F,8.1,1,Adult
18-29 (Young Adult),M,5.1,0,Adult
30-45 (Adult),F,4.7,1,Adult
18-29 (Young Adult),M,3.3,0,Adult
18-29 (Young Adult),M,6.2,1,Adult
18-29 (Young Adult),M,4.0,1,Adult
18-29 (Young Adult),F,4.4,1,Adult
18-29 (Young Adult),M,1.8,0,Adult
18-29 (Young Adult),M,6.1,1,Adult
30-45 (Adult),M,3.3,1,Adult
30-45 (Adult),F,2.5,0,Adult
30-45 (Adult),M,8.3,0,Adult
30-45 (Adult),M,5.7,0,Adult
18-29 (Young Adult),M,5.4,1,Adult
18-29 (Young Adult),M,5.1,0,Adult
18-29 (Young Adult),M,5.6,0,Adult
18-29 (Young Adult),F,6.8,1,Adult
30-45 (Adult),F,8.4,0,Adult
30-45 (Adult),M,2.3,1,Adult
30-45 (Adult),M,6.8,0,Adult
18-29 (Young Adult),F,3.5,0,Adult
30-45 (Adult),M,2.3,0,Adult
18-29 (Young Adult),M,4.2,1,Adult
30-45 (Adult),M,3.8,0,Adult
18-29 (Young Adult),M,1.1,0,Adult
30-45 (Adult),M,2.8,1,Adult
18-29 (Young Adult),F,7.4,1,Adult
30-45 (Adult),F,4.6,1,Adult
30-45 (Adult),M,1.2,1,Adult
30-45 (Adult),F,6.5,0,Adult
30-45 (Adult),F,1.9,0,Adult
18-29 (Young Adult),M,4.9,1,Adult
18-29 (Young Adult),M,7.8,1,Adult
18-29 (Young Adult),M,5.3,0,Adult
18-29 (Young Adult),M,9.5,1,Adult
18-29 (Young Adult),M,7.3,1,Adult
30-45 (Adult),M,10.0,1,Adult
30-45 (Adult),F,6.3,1,Adult
18-29 (Young Adult),F,4.5,1,Adult
18-29 (Young Adult),M,9.6,1,Adult
30-45 (Adult),M,9.2,1,Adult
18-29 (Young Adult),F,5.8,1,Adult
18-29 (Young Adult),M,4.9,1,Adult
18-29 (Young Adult),F,4.1,1,Adult
18-29 (Young Adult),F,2.4,1,Adult
30-45 (Adult),M,1.0,0,Adult
30-45 (Adult),M,9.3,0,Adult
30-45 (Adult),F,8.4,0,Adult
18-29 (Young Adult),M,5.0,1,Adult
30-45 (Adult),M,6.9,0,Adult
18-29 (Young Adult),M,1.5,1,Adult
30-45 (Adult),M,8.8,1,Adult
18-29 (Young Adult),M,3.1,0,Adult
30-45 (Adult),F,6.7,1,Adult
30-45 (Adult),M,8.9,1,Adult
18-29 (Young Adult),M,5.8,1,Adult
30-45 (Adult),F,7.4,1,Adult
30-45 (Adult),F,4.3,1,Adult
18-29 (Young Adult),F,2.1,1,Adult
30-45 (Adult),F,3.9,1,Adult
30-45 (Adult),M,3.2,1,Adult
18-29 (Young Adult),M,6.2,1,Adult
30-45 (Adult),F,4.4,0,Adult
30-45 (Adult),M,7.9,1,Adult
30-45 (Adult),F,8.1,0,Adult
18-29 (Young Adult),M,2.5,1,Adult
30-45 (Adult),F,3.4,1,Adult
30-45 (Adult),F,9.1,1,Adult
18-29 (Young Adult),M,6.0,0,Adult
30-45 (Adult),F,2.7,1,Adult
18-29 (Young Adult),M,7.2,1,Adult
18-29 (Young Adult),M,4.6,1,Adult
18-29 (Young Adult),M,5.4,1,Adult
30-45 (Adult),M,5.8,1,Adult
30-45 (Adult),F,5.3,1,Adult
30-45 (Adult),M,9.3,1,Adult
30-45 (Adult),M,4.7,1,Adult
18-29 (Young Adult),M,9.9,1,Adult
18-29 (Young Adult),F,1.4,0,Adult
30-45 (Adult),F,7.5,1,Adult
30-45 (Adult),M,4.1,0,Adult
18-29 (Young Adult),M,8.0,0,Adult
30-45 (Adult),F,9.4,1,Adult
30-45 (Adult),F,1.3,1,Adult
18-29 (Young Adult),M,9.5,1,Adult
30-45 (Adult),F,8.0,1,Adult
18-29 (Young Adult),F,10.0,1,Adult
18-29 (Young Adult),M,6.3,1,Adult
18-29 (Young Adult),M,9.1,1,Adult
30-45 (Adult),F,3.0,0,Adult
18-29 (Young Adult),M,2.9,1,Adult
18-29 (Young Adult),F,4.0,1,Adult
30-45 (Adult),F,4.5,1,Adult
18-29 (Young Adult),M,5.7,0,Adult
30-45 (Adult),M,6.5,0,Adult
30-45 (Adult),M,5.5,1,Adult
30-45 (Adult),F,8.3,1,Adult
30-45 (Adult),M,4.1,1,Adult
18-29 (Young Adult),M,9.5,1,Adult
18-29 (Young Adult),M,2.8,0,Adult
30-45 (Adult),M,9.3,1,Adult
18-29 (Young Adult),M,5.6,1,Adult
30-45 (Adult),M,7.9,1,Adult
18-29 (Young Adult),M,1.4,1,Adult
30-45 (Adult),M,1.5,1,Adult
18-29 (Young Adult),M,1.8,0,Adult
30-45 (Adult),F,2.6,0,Adult
30-45 (Adult),F,4.1,1,Adult
30-45 (Adult),F,3.3,0,Adult
18-29 (Young Adult),F,9.5,1,Adult
18-29 (Young Adult),M,7.5,0,Adult
18-29 (Young Adult),F,4.2,1,Adult
30-45 (Adult),F,4.6,0,Adult
18-29 (Young Adult),M,2.3,0,Adult
18-29 (Young Adult),F,1.1,0,Adult
18-29 (Young Adult),M,1.2,1,Adult
30-45 (Adult),M,8.7,1,Adult
30-45 (Adult),F,4.6,1,Adult
18-29 (Young Adult),M,6.7,1,Adult
30-45 (Adult),M,4.8,1,Adult
30-45 (Adult),M,6.8,1,Adult
18-29 (Young Adult),M,3.2,0,Adult
18-29 (Young Adult),M,8.7,0,Adult
18-29 (Young Adult),F,8.2,0,Adult
30-45 (Adult),M,3.3,1,Adult
18-29 (Young Adult),F,3.8,1,Adult
30-45 (Adult),M,8.1,0,Adult
30-45 (Adult),F,5.1,1,Adult
30-45 (Adult),M,9.4,1,Adult
30-45 (Adult),M,6.9,1,Adult
30-45 (Adult),M,9.4,1,Adult
18-29 (Young Adult),M,1.8,1,Adult
30-45 (Adult),F,9.7,1,Adult
18-29 (Young Adult),F,8.0,1,Adult
18-29 (Young Adult),M,2.9,1,Adult
30-45 (Adult),M,4.5,1,Adult
18-29 (Young Adult),M,2.0,1,Adult
30-45 (Adult),M,9.0,0,Adult
18-29 (Young Adult),M,9.8,1,Adult
18-29 (Young Adult),M,9.3,0,Adult
30-45 (Adult),M,3.5,1,Adult
30-45 (Adult),M,8.3,1,Adult
30-45 (Adult),M,7.8,0,Adult
18-29 (Young Adult),M,4.0,0,Adult
18-29 (Young Adult),F,4.0,1,Adult
18-29 (Young Adult),F,1.1,1,Adult
30-45 (Adult),M,9.0,1,Adult
30-45 (Adult),F,6.9,0,Adult
30-45 (Adult),M,9.6,1,Adult
18-29 (Young Adult),F,3.2,1,Adult
18-29 (Young Adult),M,4.3,1,Adult
18-29 (Young Adult),F,6.9,1,Adult
30-45 (Adult),F,9.5,1,Adult
30-45 (Adult),F,2.9,1,Adult
30-45 (Adult),M,6.1,1,Adult
30-45 (Adult),F,5.4,0,Adult
30-45 (Adult),F,8.4,1,Adult
18-29 (Young Adult),F,5.3,0,Adult
30-45 (Adult),M,9.5,1,Adult
30-45 (Adult),M,8.0,1,Adult
30-45 (Adult),M,4.5,0,Adult
18-29 (Young Adult),M,9.8,0,Adult
30-45 (Adult),M,1.2,1,Adult
30-45 (Adult),F,3.6,1,Adult
30-45 (Adult),M,9.7,1,Adult
18-29 (Young Adult),M,3.9,0,Adult
30-45 (Adult),M,8.9,1,Adult
30-45 (Adult),M,3.2,0,Adult
30-45 (Adult),F,1.3,1,Adult
18-29 (Young Adult),F,4.8,1,Adult
18-29 (Young Adult),M,1.2,1,Adult
30-45 (Adult),F,9.6,1,Adult
30-45 (Adult),M,1.8,1,Adult
30-45 (Adult),M,2.3,1,Adult
30-45 (Adult),M,2.6,1,Adult
30-45 (Adult),M,9.8,1,Adult
30-45 (Adult),F,2.1,0,Adult
18-29 (Young Adult),F,8.9,1,Adult
18-29 (Young Adult),F,1.1,1,Adult
30-45 (Adult),M,1.5,1,Adult
18-29 (Young Adult),M,2.0,1,Adult
30-45 (Adult),M,7.6,0,Adult
30-45 (Adult),M,9.8,0,Adult
30-45 (Adult),M,4.8,0,Adult
18-29 (Young Adult),F,5.0,0,Adult
30-45 (Adult),M,3.6,1,Adult
30-45 (Adult),M,4.2,1,Adult
18-29 (Young Adult),F,6.2,1,Adult
18-29 (Young Adult),M,2.7,1,Adult
30-45 (Adult),M,4.0,0,Adult
30-45 (Adult),M,7.2,0,Adult
30-45 (Adult),F,2.3,1,Adult
18-29 (Young Adult),M,9.4,1,Adult
18-29 (Young Adult),F,3.9,1,Adult
30-45 (Adult),M,3.9,1,Adult
30-45 (Adult),M,9.8,1,Adult
30-45 (Adult),M,7.2,1,Adult
30-45 (Adult),M,5.4,1,Adult
18-29 (Young Adult),M,3.1,1,Adult
18-29 (Young Adult),F,9.7,0,Adult
18-29 (Young Adult),F,6.7,1,Adult
30-45 (Adult),F,5.6,1,Adult
30-45 (Adult),F,5.9,0,Adult
30-45 (Adult),M,4.7,1,Adult
18-29 (Young Adult),F,8.6,0,Adult
30-45 (Adult),F,5.4,1,Adult
30-45 (Adult),F,2.6,1,Adult
30-45 (Adult),M,9.2,1,Adult
30-45 (Adult),M,4.7,1,Adult
18-29 (Young Adult),M,7.7,1,Adult
18-29 (Young Adult),M,8.1,1,Adult
30-45 (Adult),M,3.2,1,Adult
30-45 (Adult),M,4.3,0,Adult
30-45 (Adult),F,7.3,1,Adult
30-45 (Adult),F,3.3,1,Adult
30-45 (Adult),F,5.0,1,Adult
30-45 (Adult),M,6.5,1,Adult
18-29 (Young Adult),F,8.1,1,Adult
30-45 (Adult),M,7.5,1,Adult
18-29 (Young Adult),F,4.9,1,Adult
18-29 (Young Adult),M,2.4,0,Adult
30-45 (Adult),F,5.1,0,Adult
18-29 (Young Adult),F,8.4,0,Adult
18-29 (Young Adult),F,6.6,1,Adult
30-45 (Adult),F,6.6,1,Adult
30-45 (Adult),M,5.7,1,Adult
30-45 (Adult),M,6.5,1,Adult
30-45 (Adult),M,2.0,1,Adult
30-45 (Adult),M,2.7,0,Adult
18-29 (Young Adult),F,3.5,1,Adult
30-45 (Adult),F,1.0,1,Adult
18-29 (Young Adult),F,7.3,1,Adult
18-29 (Young Adult),F,7.4,0,Adult
18-29 (Young Adult),F,9.6,1,Adult
18-29 (Young Adult),F,8.4,0,Adult
18-29 (Young Adult),F,7.2,1,Adult
18-29 (Young Adult),F,4.2,1,Adult
18-29 (Young Adult),M,7.4,1,Adult
30-45 (Adult),F,7.5,0,Adult
18-29 (Young Adult),M,7.0,1,Adult
30-45 (Adult),F,8.0,0,Adult
30-45 (Adult),M,6.7,1,Adult
18-29 (Young Adult),F,5.6,0,Adult
30-45 (Adult),M,3.0,1,Adult
18-29 (Young Adult),M,7.5,1,Adult
30-45 (Adult),F,7.3,1,Adult
18-29 (Young Adult),F,5.8,1,Adult
30-45 (Adult),M,8.4,0,Adult
18-29 (Young Adult),M,5.5,1,Adult
30-45 (Adult),F,7.1,0,Adult
18-29 (Young Adult),M,3.1,1,Adult
18-29 (Young Adult),M,9.3,1,Adult
18-29 (Young Adult),F,3.4,1,Adult
30-45 (Adult),F,9.5,1,Adult
18-29 (Young Adult),F,1.6,0,Adult
30-45 (Adult),M,1.9,1,Adult
30-45 (Adult),F,2.5,0,Adult
18-29 (Young Adult),F,6.3,0,Adult
18-29 (Young Adult),F,8.7,1,Adult
30-45 (Adult),F,4.1,0,Adult
30-45 (Adult),M,5.9,1,Adult
30-45 (Adult),F,9.9,0,Adult
18-29 (Young Adult),F,7.7,0,Adult
18-29 (Young Adult),M,6.7,0,Adult
30-45 (Adult),M,2.2,1,Adult
30-45 (Adult),F,4.9,1,Adult
30-45 (Adult),F,9.1,1,Adult
18-29 (Young Adult),F,1.6,1,Adult
30-45 (Adult),F,8.9,1,Adult
30-45 (Adult),F,8.2,1,Adult
18-29 (Young Adult),F,2.0,0,Adult
18-29 (Young Adult),F,8.4,0,Adult
30-45 (Adult),M,7.0,1,Adult
18-29 (Young Adult),F,7.8,1,Adult
30-45 (Adult),M,8.2,0,Adult
30-45 (Adult),F,6.0,1,Adult
18-29 (Young Adult),F,3.3,0,Adult
30-45 (Adult),M,7.5,0,Adult
18-29 (Young Adult),M,5.8,0,Adult
18-29 (Young Adult),M,1.7,1,Adult
30-45 (Adult),M,5.4,1,Adult
30-45 (Adult),F,3.8,1,Adult
18-29 (Young Adult),F,5.4,1,Adult
30-45 (Adult),M,2.7,1,Adult
30-45 (Adult),F,9.4,1,Adult
30-45 (Adult),F,9.4,1,Adult
30-45 (Adult),F,2.2,1,Adult
18-29 (Young Adult),F,3.2,0,Adult
18-29 (Young Adult),F,1.4,0,Adult
30-45 (Adult),M,5.7,1,Adult
30-45 (Adult),M,7.1,1,Adult
30-45 (Adult),M,8.9,1,Adult
18-29 (Young Adult),M,7.4,1,Adult
18-29 (Young Adult),F,9.1,1,Adult
30-45 (Adult),M,8.9,0,Adult
18-29 (Young Adult),F,1.5,1,Adult
30-45 (Adult),M,8.1,1,Adult
30-45 (Adult),M,2.6,1,Adult
30-45 (Adult),F,4.3,0,Adult
30-45 (Adult),M,2.7,1,Adult
30-45 (Adult),F,1.6,1,Adult
18-29 (Young Adult),M,6.8,0,Adult
30-45 (Adult),F,4.1,1,Adult
18-29 (Young Adult),F,9.0,1,Adult
18-29 (Young Adult),M,8.3,1,Adult
18-29 (Young Adult),M,8.7,0,Adult
30-45 (Adult),F,8.9,1,Adult
30-45 (Adult),M,2.0,0,Adult
18-29 (Young Adult),M,7.7,1,Adult
30-45 (Adult),F,1.5,1,Adult
30-45 (Adult),F,5.8,1,Adult
30-45 (Adult),F,3.8,0,Adult
18-29 (Young Adult),F,3.8,1,Adult
30-45 (Adult),F,6.6,0,Adult
30-45 (Adult),M,1.0,1,Adult
18-29 (Young Adult),M,8.4,1,Adult
18-29 (Young Adult),M,8.4,1,Adult
30-45 (Adult),M,2.4,1,Adult
18-29 (Young Adult),F,4.7,1,Adult
18-29 (Young Adult),M,2.5,1,Adult
30-45 (Adult),F,9.3,0,Adult
30-45 (Adult),F,7.0,0,Adult
30-45 (Adult),M,1.2,0,Adult
30-45 (Adult),F,1.5,0,Adult
30-45 (Adult),M,9.3,1,Adult
30-45 (Adult),M,5.8,1,Adult
18-29 (Young Adult),M,2.4,1,Adult
30-45 (Adult),F,7.5,1,Adult
30-45 (Adult),M,1.2,1,Adult
30-45 (Adult),M,10.0,1,Adult
30-45 (Adult),F,2.6,1,Adult
18-29 (Young Adult),F,2.1,1,Adult
30-45 (Adult),M,5.0,1,Adult
18-29 (Young Adult),M,6.4,1,Adult
30-45 (Adult),F,4.7,0,Adult
30-45 (Adult),F,8.1,0,Adult
30-45 (Adult),F,8.8,1,Adult
18-29 (Young Adult),M,6.6,1,Adult
18-29 (Young Adult),M,2.1,1,Adult
18-29 (Young Adult),M,2.0,1,Adult
18-29 (Young Adult),M,2.7,1,Adult
18-29 (Young Adult),F,7.0,1,Adult
18-29 (Young Adult),M,7.9,0,Adult
18-29 (Young Adult),F,4.0,1,Adult
30-45 (Adult),M,4.3,1,Adult
30-45 (Adult),F,2.4,0,Adult
30-45 (Adult),F,2.5,1,Adult
18-29 (Young Adult),F,8.5,0,Adult
18-29 (Young Adult),F,4.0,1,Adult
18-29 (Young Adult),F,8.0,1,Adult
18-29 (Young Adult),F,9.2,0,Adult
30-45 (Adult),F,1.3,1,Adult
30-45 (Adult),F,2.9,1,Adult
18-29 (Young Adult),M,8.8,1,Adult
18-29 (Young Adult),M,1.1,1,Adult
18-29 (Young Adult),M,9.6,0,Adult
30-45 (Adult),M,2.9,0,Adult
30-45 (Adult),F,6.1,0,Adult
18-29 (Young Adult),F,9.8,0,Adult
30-45 (Adult),F,8.4,1,Adult
30-45 (Adult),F,3.7,0,Adult
30-45 (Adult),F,9.5,1,Adult
30-45 (Adult),M,5.9,1,Adult
18-29 (Young Adult),F,5.2,1,Adult
30-45 (Adult),F,4.6,0,Adult
30-45 (Adult),F,2.6,1,Adult
18-29 (Young Adult),F,1.3,1,Adult
30-45 (Adult),F,5.3,0,Adult
30-45 (Adult),M,9.9,1,Adult
30-45 (Adult),M,6.4,1,Adult
18-29 (Young Adult),F,3.4,1,Adult
18-29 (Young Adult),M,7.8,1,Adult
30-45 (Adult),F,2.3,1,Adult
30-45 (Adult),F,6.8,0,Adult
30-45 (Adult),M,1.4,1,Adult
30-45 (Adult),F,1.8,1,Adult
30-45 (Adult),M,9.3,1,Adult
30-45 (Adult),F,8.1,0,Adult
30-45 (Adult),M,1.5,0,Adult
30-45 (Adult),F,1.7,1,Adult
30-45 (Adult),M,4.0,1,Adult
30-45 (Adult),M,9.7,1,Adult
30-45 (Adult),M,1.0,1,Adult
18-29 (Young Adult),F,9.9,0,Adult
30-45 (Adult),F,9.0,1,Adult
18-29 (Young Adult),M,9.6,0,Adult
30-45 (Adult),M,2.8,1,Adult
18-29 (Young Adult),M,7.1,0,Adult
18-29 (Young Adult),M,9.8,0,Adult
18-29 (Young Adult),F,6.3,1,Adult
18-29 (Young Adult),F,8.8,1,Adult
30-45 (Adult),F,9.3,1,Adult
30-45 (Adult),F,1.4,1,Adult
30-45 (Adult),M,5.4,1,Adult
30-45 (Adult),M,2.3,0,Adult
18-29 (Young Adult),F,1.3,1,Adult
30-45 (Adult),M,3.2,0,Adult
18-29 (Young Adult),M,6.1,1,Adult
18-29 (Young Adult),M,5.6,0,Adult
18-29 (Young Adult),M,8.3,1,Adult
18-29 (Young Adult),M,4.1,0,Adult
30-45 (Adult),M,3.0,0,Adult
30-45 (Adult),F,6.7,1,Adult
30-45 (Adult),M,4.1,1,Adult
30-45 (Adult),M,3.0,1,Adult
18-29 (Young Adult),M,10.0,1,Adult
30-45 (Adult),M,3.1,0,Adult
30-45 (Adult),F,5.9,1,Adult
30-45 (Adult),F,9.1,0,Adult
18-29 (Young Adult),M,7.8,1,Adult
30-45 (Adult),M,3.4,1,Adult
18-29 (Young Adult),F,2.4,0,Adult
30-45 (Adult),F,5.9,1,Adult
18-29 (Young Adult),F,8.8,1,Adult
30-45 (Adult),M,9.5,1,Adult
18-29 (Young Adult),F,7.4,0,Adult
30-45 (Adult),M,6.9,1,Adult
30-45 (Adult),M,5.0,1,Adult
18-29 (Young Adult),F,1.7,0,Adult
30-45 (Adult),F,7.4,1,Adult
30-45 (Adult),M,8.6,0,Adult
30-45 (Adult),M,3.2,1,Adult
18-29 (Young Adult),F,8.9,1,Adult
30-45 (Adult),F,1.1,1,Adult
30-45 (Adult),M,4.1,1,Adult
18-29 (Young Adult),M,3.4,1,Adult
18-29 (Young Adult),M,9.2,1,Adult
30-45 (Adult),M,2.0,1,Adult
30-45 (Adult),F,8.2,1,Adult
30-45 (Adult),M,2.7,1,Adult
30-45 (Adult),M,5.9,1,Adult
18-29 (Young Adult),F,7.6,1,Adult
18-29 (Young Adult),F,5.9,1,Adult
30-45 (Adult),F,2.0,1,Adult
30-45 (Adult),F,4.2,1,Adult
18-29 (Young Adult),M,4.9,1,Adult
30-45 (Adult),F,4.9,1,Adult
30-45 (Adult),M,3.2,0,Adult
30-45 (Adult),M,5.1,0,Adult
30-45 (Adult),F,8.5,1,Adult
18-29 (Young Adult),F,5.7,1,Adult
18-29 (Young Adult),F,3.2,0,Adult
18-29 (Young Adult),F,6.2,1,Adult
18-29 (Young Adult),F,6.5,1,Adult
30-45 (Adult),M,7.2,0,Adult
30-45 (Adult),F,6.5,0,Adult
18-29 (Young Adult),M,7.3,1,Adult
30-45 (Adult),F,1.7,0,Adult
18-29 (Young Adult),M,6.3,1,Adult
18-29 (Young Adult),M,4.6,1,Adult
30-45 (Adult),M,7.3,0,Adult
18-29 (Young Adult),M,8.2,1,Adult
30-45 (Adult),M,7.0,1,Adult
18-29 (Young Adult),M,2.6,1,Adult
30-45 (Adult),M,6.9,0,Adult
30-45 (Adult),F,8.9,1,Adult
30-45 (Adult),M,2.0,0,Adult
30-45 (Adult),M,1.1,1,Adult
30-45 (Adult),F,2.2,1,Adult
30-45 (Adult),M,7.7,1,Adult
30-45 (Adult),F,6.5,0,Adult
18-29 (Young Adult),F,6.2,1,Adult
18-29 (Young Adult),F,6.3,1,Adult
30-45 (Adult),M,3.5,1,Adult
18-29 (Young Adult),F,4.8,0,Adult
18-29 (Young Adult),F,3.1,1,Adult
30-45 (Adult),M,1.0,1,Adult
18-29 (Young Adult),F,1.6,1,Adult
18-29 (Young Adult),F,1.8,1,Adult
18-29 (Young Adult),M,3.0,1,Adult
18-29 (Young Adult),M,6.1,1,Adult
30-45 (Adult),M,6.8,1,Adult
18-29 (Young Adult),F,6.0,1,Adult
18-29 (Young Adult),F,4.8,0,Adult
18-29 (Young Adult),M,4.4,0,Adult
30-45 (Adult),F,5.9,0,Adult
30-45 (Adult),M,5.3,0,Adult
18-29 (Young Adult),M,8.5,0,Adult
18-29 (Young Adult),M,5.8,1,Adult
18-29 (Young Adult),F,8.4,1,Adult
30-45 (Adult),M,4.2,1,Adult
30-45 (Adult),M,2.1,1,Adult
30-45 (Adult),M,5.5,1,Adult
30-45 (Adult),M,6.6,1,Adult
18-29 (Young Adult),F,6.9,0,Adult
30-45 (Adult),M,1.2,1,Adult
30-45 (Adult),F,8.1,0,Adult
30-45 (Adult),F,7.8,1,Adult
30-45 (Adult),M,2.9,1,Adult
30-45 (Adult),M,7.3,0,Adult
30-45 (Adult),M,8.6,1,Adult
18-29 (Young Adult),M,8.5,0,Adult
18-29 (Young Adult),F,1.8,1,Adult
18-29 (Young Adult),F,8.7,1,Adult
18-29 (Young Adult),M,7.6,1,Adult
18-29 (Young Adult),M,3.7,1,Adult
30-45 (Adult),F,4.3,1,Adult
18-29 (Young Adult),F,8.8,1,Adult
30-45 (Adult),F,3.9,1,Adult
18-29 (Young Adult),M,9.9,0,Adult
30-45 (Adult),M,6.8,0,Adult
30-45 (Adult),M,3.7,1,Adult
30-45 (Adult),M,7.5,1,Adult
18-29 (Young Adult),F,3.4,1,Adult
30-45 (Adult),M,6.3,0,Adult
30-45 (Adult),F,1.5,1,Adult
18-29 (Young Adult),F,1.8,1,Adult
30-45 (Adult),M,5.0,0,Adult
30-45 (Adult),M,2.3,0,Adult
18-29 (Young Adult),F,5.8,1,Adult
30-45 (Adult),M,4.2,0,Adult
30-45 (Adult),F,7.5,1,Adult
18-29 (Young Adult),M,9.8,1,Adult
30-45 (Adult),F,8.6,1,Adult
30-45 (Adult),M,4.3,1,Adult
18-29 (Young Adult),M,2.0,1,Adult
30-45 (Adult),M,5.2,1,Adult
30-45 (Adult),F,1.7,0,Adult
18-29 (Young Adult),M,3.5,1,Adult
30-45 (Adult),M,3.8,1,Adult
30-45 (Adult),M,8.2,1,Adult
30-45 (Adult),M,6.1,1,Adult
18-29 (Young Adult),F,1.0,0,Adult
30-45 (Adult),F,2.1,1,Adult
30-45 (Adult),M,6.2,1,Adult
18-29 (Young Adult),M,5.7,1,Adult
30-45 (Adult),F,2.9,1,Adult
30-45 (Adult),F,5.7,0,Adult
18-29 (Young Adult),M,2.4,0,Adult
18-29 (Young Adult),F,5.0,1,Adult
30-45 (Adult),M,1.9,1,Adult
30-45 (Adult),F,3.5,0,Adult
30-45 (Adult),M,2.6,1,Adult
18-29 (Young Adult),M,6.8,0,Adult
18-29 (Young Adult),F,5.8,1,Adult
30-45 (Adult),F,2.2,1,Adult
18-29 (Young Adult),M,9.3,0,Adult
18-29 (Young Adult),F,5.6,1,Adult
30-45 (Adult),M,8.7,1,Adult
30-45 (Adult),M,7.3,1,Adult
30-45 (Adult),F,3.8,0,Adult
30-45 (Adult),F,3.9,1,Adult
18-29 (Young Adult),M,5.9,1,Adult
18-29 (Young Adult),M,4.1,1,Adult
18-29 (Young Adult),F,2.7,1,Adult
18-29 (Young Adult),M,4.9,0,Adult
18-29 (Young Adult),F,6.1,1,Adult
18-29 (Young Adult),F,9.9,1,Adult
18-29 (Young Adult),M,9.4,1,Adult
30-45 (Adult),M,2.5,1,Adult
18-29 (Young Adult),M,8.0,0,Adult
30-45 (Adult),M,7.2,0,Adult
18-29 (Young Adult),F,8.8,0,Adult
18-29 (Young Adult),F,4.6,1,Adult
18-29 (Young Adult),F,9.4,1,Adult
30-45 (Adult),F,3.9,1,Adult
30-45 (Adult),M,9.7,1,Adult
30-45 (Adult),F,9.3,1,Adult
30-45 (Adult),M,7.6,1,Adult
30-45 (Adult),F,3.7,1,Adult
18-29 (Young Adult),M,5.9,0,Adult
18-29 (Young Adult),M,3.0,1,Adult
18-29 (Young Adult),F,1.5,1,Adult
30-45 (Adult),M,5.3,1,Adult
30-45 (Adult),M,7.7,1,Adult
30-45 (Adult),M,4.7,0,Adult
18-29 (Young Adult),M,2.5,0,Adult
30-45 (Adult),M,3.7,0,Adult
30-45 (Adult),F,4.5,1,Adult
30-45 (Adult),F,5.9,1,Adult
18-29 (Young Adult),M,5.3,1,Adult
30-45 (Adult),F,1.5,1,Adult
30-45 (Adult),F,9.4,0,Adult
30-45 (Adult),M,3.3,1,Adult
30-45 (Adult),M,7.9,1,Adult
30-45 (Adult),F,2.6,1,Adult
18-29 (Young Adult),F,7.8,1,Adult
18-29 (Young Adult),F,7.1,1,Adult
18-29 (Young Adult),F,9.8,0,Adult
18-29 (Young Adult),F,8.2,1,Adult
30-45 (Adult),F,8.4,1,Adult
30-45 (Adult),M,2.2,1,Adult
18-29 (Young Adult),F,2.5,0,Adult
30-45 (Adult),F,9.3,0,Adult
30-45 (Adult),F,6.7,1,Adult
30-45 (Adult),M,5.7,1,Adult
18-29 (Young Adult),M,6.3,1,Adult
30-45 (Adult),F,9.3,1,Adult
18-29 (Young Adult),M,5.1,1,Adult
18-29 (Young Adult),M,5.6,0,Adult
18-29 (Young Adult),F,7.1,1,Adult
30-45 (Adult),M,5.2,1,Adult
18-29 (Young Adult),M,2.9,0,Adult
18-29 (Young Adult),F,1.5,1,Adult
30-45 (Adult),M,9.1,1,Adult
30-45 (Adult),F,8.9,1,Adult
18-29 (Young Adult),M,9.7,1,Adult
30-45 (Adult),M,10.0,0,Adult
18-29 (Young Adult),F,5.6,0,Adult
18-29 (Young Adult),F,8.4,1,Adult
30-45 (Adult),M,3.3,1,Adult
30-45 (Adult),F,5.8,0,Adult
18-29 (Young Adult),M,2.1,1,Adult
30-45 (Adult),M,7.2,0,Adult
30-45 (Adult),F,2.9,1,Adult
30-45 (Adult),M,6.8,0,Adult
18-29 (Young Adult),M,4.7,0,Adult
18-29 (Young Adult),M,1.2,0,Adult
30-45 (Adult),M,5.8,0,Adult
18-29 (Young Adult),F,9.6,1,Adult
30-45 (Adult),F,4.3,1,Adult
18-29 (Young Adult),M,1.9,0,Adult
30-45 (Adult),M,7.7,1,Adult
18-29 (Young Adult),M,8.5,0,Adult
18-29 (Young Adult),M,6.1,0,Adult
30-45 (Adult),F,2.7,1,Adult
18-29 (Young Adult),F,2.1,1,Adult
30-45 (Adult),F,3.3,0,Adult
30-45 (Adult),F,3.3,1,Adult
30-45 (Adult),M,6.9,1,Adult
18-29 (Young Adult),M,2.1,1,Adult
18-29 (Young Adult),F,5.6,0,Adult
30-45 (Adult),F,6.2,1,Adult
18-29 (Young Adult),M,4.5,1,Adult
30-45 (Adult),M,9.8,0,Adult
18-29 (Young Adult),F,4.2,1,Adult
18-29 (Young Adult),F,2.5,0,Adult
30-45 (Adult),M,3.8,0,Adult
18-29 (Young Adult),F,2.0,1,Adult
18-29 (Young Adult),M,7.6,1,Adult
30-45 (Adult),F,1.1,0,Adult
18-29 (Young Adult),M,8.4,1,Adult
18-29 (Young Adult),F,5.0,1,Adult
30-45 (Adult),F,1.2,1,Adult
18-29 (Young Adult),M,4.1,0,Adult
18-29 (Young Adult),F,8.9,1,Adult
18-29 (Young Adult),F,7.0,0,Adult
30-45 (Adult),F,6.0,1,Adult
18-29 (Young Adult),F,9.4,1,Adult
18-29 (Young Adult),F,2.7,0,Adult
18-29 (Young Adult),M,9.1,1,Adult
18-29 (Young Adult),M,3.8,0,Adult
30-45 (Adult),F,9.3,1,Adult
18-29 (Young Adult),M,7.0,1,Adult
18-29 (Young Adult),M,5.7,1,Adult
18-29 (Young Adult),M,1.0,0,Adult
18-29 (Young Adult),F,4.1,0,Adult
18-29 (Young Adult),F,1.2,0,Adult
18-29 (Young Adult),F,2.3,1,Adult
30-45 (Adult),F,4.1,1,Adult
30-45 (Adult),M,9.0,0,Adult
30-45 (Adult),M,7.7,0,Adult
18-29 (Young Adult),F,1.5,1,Adult
30-45 (Adult),F,9.1,1,Adult
18-29 (Young Adult),F,5.2,1,Adult
30-45 (Adult),M,6.5,0,Adult
30-45 (Adult),M,6.0,1,Adult
30-45 (Adult),M,4.8,1,Adult
30-45 (Adult),F,2.5,0,Adult
18-29 (Young Adult),M,5.7,1,Adult
18-29 (Young Adult),M,5.2,1,Adult
30-45 (Adult),F,5.1,1,Adult
30-45 (Adult),F,9.7,0,Adult
30-45 (Adult),F,8.8,0,Adult
18-29 (Young Adult),M,1.6,0,Adult
18-29 (Young Adult),F,8.8,1,Adult
18-29 (Young Adult),M,4.2,1,Adult
30-45 (Adult),M,6.5,0,Adult
30-45 (Adult),M,5.2,0,Adult
18-29 (Young Adult),M,5.1,1,Adult
18-29 (Young Adult),M,8.0,1,Adult
18-29 (Young Adult),F,7.5,0,Adult
30-45 (Adult),F,5.4,1,Adult
30-45 (Adult),F,8.4,1,Adult
30-45 (Adult),F,7.1,1,Adult
18-29 (Young Adult),F,8.3,1,Adult
30-45 (Adult),F,7.4,1,Adult
18-29 (Young Adult),F,8.8,1,Adult
30-45 (Adult),F,2.9,1,Adult
18-29 (Young Adult),F,6.5,1,Adult
18-29 (Young Adult),F,3.8,0,Adult
18-29 (Young Adult),M,8.2,1,Adult
18-29 (Young Adult),M,8.4,1,Adult
30-45 (Adult),F,6.9,0,Adult
18-29 (Young Adult),F,1.1,1,Adult
18-29 (Young Adult),F,5.2,1,Adult
30-45 (Adult),F,3.0,1,Adult
30-45 (Adult),M,3.7,1,Adult
18-29 (Young Adult),F,3.7,1,Adult
30-45 (Adult),F,3.5,1,Adult
18-29 (Young Adult),F,4.4,1,Adult
30-45 (Adult),F,3.3,1,Adult
18-29 (Young Adult),M,9.4,1,Adult
30-45 (Adult),M,3.6,1,Adult
18-29 (Young Adult),M,5.6,1,Adult
30-45 (Adult),M,9.8,1,Adult
30-45 (Adult),F,7.2,1,Adult
18-29 (Young Adult),M,7.0,0,Adult
30-45 (Adult),M,5.1,0,Adult
30-45 (Adult),F,8.5,0,Adult
30-45 (Adult),M,9.6,1,Adult
18-29 (Young Adult),M,4.0,1,Adult
18-29 (Young Adult),F,7.0,1,Adult
18-29 (Young Adult),F,5.0,0,Adult
18-29 (Young Adult),F,5.3,1,Adult
30-45 (Adult),M,5.1,1,Adult
18-29 (Young Adult),M,6.6,1,Adult
30-45 (Adult),M,6.6,1,Adult
18-29 (Young Adult),M,2.1,0,Adult
18-29 (Young Adult),F,8.5,0,Adult
30-45 (Adult),M,9.7,1,Adult
30-45 (Adult),M,3.7,1,Adult
18-29 (Young Adult),F,5.1,1,Adult
18-29 (Young Adult),F,3.1,0,Adult
18-29 (Young Adult),M,6.6,1,Adult
30-45 (Adult),F,9.3,1,Adult
30-45 (Adult),F,1.0,0,Adult
30-45 (Adult),M,6.1,1,Adult
30-45 (Adult),M,5.0,1,Adult
30-45 (Adult),F,6.4,1,Adult
18-29 (Young Adult),M,2.1,1,Adult
30-45 (Adult),M,8.1,1,Adult
18-29 (Young Adult),M,6.2,1,Adult
30-45 (Adult),F,8.5,1,Adult
18-29 (Young Adult),F,8.1,1,Adult
30-45 (Adult),M,6.5,1,Adult
18-29 (Young Adult),F,7.2,0,Adult
30-45 (Adult),M,9.5,1,Adult
18-29 (Young Adult),F,6.0,1,Adult
18-29 (Young Adult),F,6.0,1,Adult
30-45 (Adult),F,5.2,0,Adult
30-45 (Adult),M,8.6,0,Adult
18-29 (Young Adult),M,2.0,1,Adult
18-29 (Young Adult),F,8.4,1,Adult
18-29 (Young Adult),F,3.5,0,Adult
30-45 (Adult),M,6.9,1,Adult
30-45 (Adult),M,1.4,1,Adult
30-45 (Adult),F,4.8,1,Adult
30-45 (Adult),F,10.0,0,Adult
30-45 (Adult),M,8.0,1,Adult
30-45 (Adult),M,5.1,1,Adult
30-45 (Adult),M,1.7,1,Adult
30-45 (Adult),F,6.2,0,Adult
18-29 (Young Adult),M,4.7,1,Adult
30-45 (Adult),F,4.2,1,Adult
18-29 (Young Adult),M,2.8,1,Adult
30-45 (Adult),M,4.9,1,Adult
30-45 (Adult),F,1.4,0,Adult
30-45 (Adult),M,7.7,1,Adult
18-29 (Young Adult),M,1.1,1,Adult
30-45 (Adult),M,5.4,1,Adult
18-29 (Young Adult),M,2.0,0,Adult
30-45 (Adult),F,1.4,1,Adult
18-29 (Young Adult),M,8.9,1,Adult
30-45 (Adult),F,5.3,1,Adult
18-29 (Young Adult),F,5.3,0,Adult
30-45 (Adult),M,4.4,1,Adult
30-45 (Adult),F,6.7,1,Adult
30-45 (Adult),M,8.2,1,Adult
18-29 (Young Adult),M,3.6,0,Adult
30-45 (Adult),F,7.2,1,Adult
18-29 (Young Adult),F,5.0,1,Adult
18-29 (Young Adult),F,7.4,1,Adult
18-29 (Young Adult),F,9.2,1,Adult
18-29 (Young Adult),F,9.8,0,Adult
18-29 (Young Adult),M,2.5,1,Adult
18-29 (Young Adult),M,4.4,0,Adult
18-29 (Young Adult),F,3.3,0,Adult
30-45 (Adult),F,2.8,1,Adult
18-29 (Young Adult),F,7.9,1,Adult
30-45 (Adult),M,9.0,1,Adult
18-29 (Young Adult),M,3.0,1,Adult
18-29 (Young Adult),M,5.5,1,Adult
30-45 (Adult),M,6.4,0,Adult
30-45 (Adult),F,9.1,0,Adult
18-29 (Young Adult),M,4.5,1,Adult
30-45 (Adult),M,4.7,1,Adult
30-45 (Adult),F,8.0,1,Adult
30-45 (Adult),M,4.9,1,Adult
30-45 (Adult),F,1.2,0,Adult
18-29 (Young Adult),F,6.6,1,Adult
30-45 (Adult),F,3.8,1,Adult
30-45 (Adult),F,4.8,1,Adult
30-45 (Adult),M,5.1,1,Adult
30-45 (Adult),F,8.2,0,Adult
30-45 (Adult),M,4.4,1,Adult
30-45 (Adult),M,3.9,0,Adult
30-45 (Adult),M,3.5,1,Adult
18-29 (Young Adult),M,7.4,1,Adult
18-29 (Young Adult),M,7.3,1,Adult
30-45 (Adult),F,2.8,1,Adult
30-45 (Adult),M,4.8,0,Adult
18-29 (Young Adult),M,4.5,0,Adult
30-45 (Adult),M,1.0,1,Adult
18-29 (Young Adult),M,4.8,1,Adult
30-45 (Adult),F,6.2,1,Adult
30-45 (Adult),F,8.5,1,Adult
30-45 (Adult),M,5.0,0,Adult
18-29 (Young Adult),F,5.8,1,Adult
30-45 (Adult),F,3.2,1,Adult
18-29 (Young Adult),F,8.2,1,Adult
30-45 (Adult),M,3.1,1,Adult
30-45 (Adult),F,9.5,1,Adult
18-29 (Young Adult),M,1.7,1,Adult
30-45 (Adult),M,7.6,1,Adult
18-29 (Young Adult),M,6.2,1,Adult
30-45 (Adult),F,9.5,0,Adult
18-29 (Young Adult),F,9.1,0,Adult
30-45 (Adult),F,3.5,1,Adult
30-45 (Adult),F,1.8,1,Adult
18-29 (Young Adult),F,7.7,0,Adult
30-45 (Adult),M,8.1,1,Adult
18-29 (Young Adult),M,6.4,1,Adult
30-45 (Adult),F,9.8,1,Adult
30-45 (Adult),M,2.4,0,Adult
18-29 (Young Adult),M,7.1,1,Adult
30-45 (Adult),M,4.4,1,Adult
30-45 (Adult),F,6.4,1,Adult
18-29 (Young Adult),M,1.0,1,Adult
18-29 (Young Adult),M,5.4,0,Adult
18-29 (Young Adult),F,8.7,1,Adult
30-45 (Adult),F,6.8,1,Adult
30-45 (Adult),M,5.1,1,Adult
18-29 (Young Adult),F,4.3,1,Adult
30-45 (Adult),F,9.5,1,Adult
18-29 (Young Adult),M,7.6,1,Adult
30-45 (Adult),F,8.8,1,Adult
18-29 (Young Adult),F,1.1,1,Adult
30-45 (Adult),M,8.9,1,Adult
18-29 (Young Adult),M,1.9,0,Adult
18-29 (Young Adult),F,7.6,1,Adult
18-29 (Young Adult),M,9.0,1,Adult
30-45 (Adult),F,2.8,0,Adult
30-45 (Adult),F,6.8,1,Adult
18-29 (Young Adult),M,2.5,0,Adult
30-45 (Adult),M,7.8,0,Adult
30-45 (Adult),M,4.3,0,Adult
30-45 (Adult),F,2.1,1,Adult
30-45 (Adult),F,4.3,1,Adult
18-29 (Young Adult),F,6.9,1,Adult
30-45 (Adult),F,4.6,0,Adult
18-29 (Young Adult),F,2.4,1,Adult
18-29 (Young Adult),M,3.2,1,Adult
30-45 (Adult),F,6.9,1,Adult
30-45 (Adult),M,4.0,1,Adult
18-29 (Young Adult),M,3.9,1,Adult
30-45 (Adult),M,4.8,1,Adult
30-45 (Adult),F,4.4,1,Adult
30-45 (Adult),M,4.1,1,Adult
30-45 (Adult),F,4.7,1,Adult
30-45 (Adult),M,4.4,1,Adult
30-45 (Adult),M,9.0,1,Adult
18-29 (Young Adult),M,5.0,1,Adult
18-29 (Young Adult),F,8.0,1,Adult
18-29 (Young Adult),F,1.6,1,Adult
30-45 (Adult),M,1.5,1,Adult
18-29 (Young Adult),F,8.6,1,Adult
30-45 (Adult),M,10.0,0,Adult
18-29 (Young Adult),M,5.9,1,Adult
30-45 (Adult),F,3.7,1,Adult
30-45 (Adult),F,8.2,0,Adult
30-45 (Adult),F,8.7,1,Adult
18-29 (Young Adult),M,3.3,1,Adult
30-45 (Adult),M,4.7,1,Adult
18-29 (Young Adult),F,2.2,1,Adult
30-45 (Adult),M,4.6,1,Adult
30-45 (Adult),M,7.8,1,Adult
18-29 (Young Adult),F,1.2,1,Adult
18-29 (Young Adult),M,1.8,1,Adult
30-45 (Adult),M,3.4,1,Adult
18-29 (Young Adult),M,4.3,1,Adult
18-29 (Young Adult),F,2.9,1,Adult
30-45 (Adult),F,7.8,1,Adult
30-45 (Adult),F,3.3,1,Adult
18-29 (Young Adult),M,8.2,0,Adult
30-45 (Adult),M,8.5,1,Adult
30-45 (Adult),F,1.2,1,Adult
18-29 (Young Adult),F,1.3,1,Adult
30-45 (Adult),M,4.2,0,Adult
18-29 (Young Adult),M,8.0,1,Adult
18-29 (Young Adult),M,8.4,0,Adult
30-45 (Adult),M,9.0,1,Adult
30-45 (Adult),M,8.7,1,Adult
30-45 (Adult),F,7.8,0,Adult
18-29 (Young Adult),M,1.5,1,Adult
30-45 (Adult),M,7.1,0,Adult
30-45 (Adult),F,1.9,1,Adult
30-45 (Adult),M,9.4,1,Adult
18-29 (Young Adult),M,3.8,1,Adult
30-45 (Adult),M,9.9,1,Adult
30-45 (Adult),F,6.7,1,Adult
30-45 (Adult),M,3.4,0,Adult
30-45 (Adult),F,4.4,1,Adult
30-45 (Adult),F,3.0,1,Adult
30-45 (Adult),F,4.0,1,Adult
30-45 (Adult),M,2.0,0,Adult
30-45 (Adult),F,6.3,1,Adult
18-29 (Young Adult),M,1.0,1,Adult
30-45 (Adult),M,4.7,0,Adult
30-45 (Adult),F,5.3,1,Adult
18-29 (Young Adult),F,7.5,1,Adult
30-45 (Adult),F,5.6,0,Adult
30-45 (Adult),M,8.1,1,Adult
30-45 (Adult),F,3.8,1,Adult
30-45 (Adult),M,1.9,1,Adult
30-45 (Adult),F,6.3,1,Adult
18-29 (Young Adult),M,4.9,0,Adult
18-29 (Young Adult),M,9.5,1,Adult
30-45 (Adult),M,9.2,0,Adult
30-45 (Adult),M,4.9,1,Adult
30-45 (Adult),F,8.9,1,Adult
18-29 (Young Adult),F,3.4,1,Adult
30-45 (Adult),M,6.6,1,Adult
30-45 (Adult),M,6.2,1,Adult
30-45 (Adult),M,5.9,1,Adult
18-29 (Young Adult),F,10.0,0,Adult
18-29 (Young Adult),F,5.5,1,Adult
30-45 (Adult),F,1.7,1,Adult
30-45 (Adult),M,2.1,1,Adult
18-29 (Young Adult),M,3.4,0,Adult
30-45 (Adult),F,6.3,0,Adult
30-45 (Adult),M,4.0,1,Adult
30-45 (Adult),M,9.6,0,Adult
18-29 (Young Adult),M,3.2,0,Adult
30-45 (Adult),F,4.3,1,Adult
30-45 (Adult),F,5.2,1,Adult
18-29 (Young Adult),F,3.2,0,Adult
18-29 (Young Adult),M,6.8,1,Adult
30-45 (Adult),M,5.0,0,Adult
30-45 (Adult),M,4.1,1,Adult
18-29 (Young Adult),F,3.9,1,Adult
30-45 (Adult),F,3.1,0,Adult
18-29 (Young Adult),M,4.2,1,Adult
18-29 (Young Adult),M,4.9,1,Adult
30-45 (Adult),M,1.1,1,Adult
18-29 (Young Adult),M,4.1,1,Adult
30-45 (Adult),M,3.2,1,Adult
18-29 (Young Adult),M,5.8,1,Adult
18-29 (Young Adult),M,5.9,1,Adult
30-45 (Adult),M,9.3,0,Adult
18-29 (Young Adult),F,6.7,1,Adult
18-29 (Young Adult),F,2.9,0,Adult
18-29 (Young Adult),M,4.6,1,Adult
30-45 (Adult),M,6.8,0,Adult
18-29 (Young Adult),M,5.7,0,Adult
18-29 (Young Adult),F,7.9,1,Adult
18-29 (Young Adult),M,7.7,0,Adult
30-45 (Adult),M,2.7,1,Adult
18-29 (Young Adult),F,3.6,1,Adult
30-45 (Adult),M,4.1,1,Adult
30-45 (Adult),F,7.1,1,Adult
30-45 (Adult),F,5.8,0,Adult
30-45 (Adult),M,2.6,1,Adult
18-29 (Young Adult),F,3.1,0,Adult
18-29 (Young Adult),F,8.4,1,Adult
30-45 (Adult),F,5.1,1,Adult
18-29 (Young Adult),M,8.5,1,Adult
18-29 (Young Adult),M,4.4,1,Adult
18-29 (Young Adult),M,1.6,1,Adult
18-29 (Young Adult),M,4.5,0,Adult
18-29 (Young Adult),M,3.0,1,Adult
18-29 (Young Adult),F,6.6,1,Adult
18-29 (Young Adult),F,2.4,1,Adult
30-45 (Adult),F,4.0,1,Adult
30-45 (Adult),M,2.0,1,Adult
30-45 (Adult),F,1.5,1,Adult
18-29 (Young Adult),M,3.4,1,Adult
18-29 (Young Adult),M,9.7,1,Adult
18-29 (Young Adult),F,5.2,1,Adult
30-45 (Adult),F,2.6,1,Adult
30-45 (Adult),F,5.7,1,Adult
30-45 (Adult),M,7.4,1,Adult
18-29 (Young Adult),F,8.5,0,Adult
30-45 (Adult),F,4.4,1,Adult
18-29 (Young Adult),F,8.1,1,Adult
18-29 (Young Adult),F,1.9,1,Adult
18-29 (Young Adult),F,2.0,0,Adult
18-29 (Young Adult),M,5.2,1,Adult
30-45 (Adult),M,3.1,1,Adult
30-45 (Adult),M,5.3,1,Adult
18-29 (Young Adult),F,9.5,0,Adult
30-45 (Adult),M,7.4,0,Adult
30-45 (Adult),F,6.2,1,Adult
18-29 (Young Adult),F,1.1,1,Adult
18-29 (Young Adult),F,3.4,0,Adult
30-45 (Adult),M,2.7,1,Adult
18-29 (Young Adult),M,3.2,1,Adult
18-29 (Young Adult),M,5.1,0,Adult
30-45 (Adult),F,5.9,0,Adult
18-29 (Young Adult),M,7.2,1,Adult
18-29 (Young Adult),F,5.5,1,Adult
30-45 (Adult),F,2.8,1,Adult
30-45 (Adult),F,6.1,1,Adult
18-29 (Young Adult),M,9.1,1,Adult
18-29 (Young Adult),F,8.6,1,Adult
30-45 (Adult),F,4.1,1,Adult
18-29 (Young Adult),F,5.6,1,Adult
30-45 (Adult),M,4.3,1,Adult
18-29 (Young Adult),M,4.2,1,Adult
30-45 (Adult),F,7.2,1,Adult
18-29 (Young Adult),F,1.9,1,Adult
30-45 (Adult),F,6.1,0,Adult
18-29 (Young Adult),F,7.9,1,Adult
18-29 (Young Adult),F,4.2,1,Adult
30-45 (Adult),F,4.4,1,Adult
18-29 (Young Adult),F,5.1,1,Adult
30-45 (Adult),F,2.3,0,Adult
30-45 (Adult),F,2.9,1,Adult
18-29 (Young Adult),F,8.0,1,Adult
18-29 (Young Adult),M,5.8,1,Adult
30-45 (Adult),F,2.0,1,Adult
30-45 (Adult),F,7.8,0,Adult
18-29 (Young Adult),M,8.8,1,Adult
30-45 (Adult),F,6.2,0,Adult
30-45 (Adult),F,1.6,0,Adult
30-45 (Adult),M,9.1,1,Adult
30-45 (Adult),M,3.2,0,Adult
30-45 (Adult),F,4.5,0,Adult
30-45 (Adult),F,5.0,1,Adult
30-45 (Adult),F,4.7,0,Adult
30-45 (Adult),F,4.6,1,Adult
18-29 (Young Adult),M,3.4,0,Adult
18-29 (Young Adult),F,8.5,1,Adult
30-45 (Adult),F,8.1,1,Adult
30-45 (Adult),F,6.3,1,Adult
30-45 (Adult),M,5.7,0,Adult
18-29 (Young Adult),M,9.4,0,Adult
30-45 (Adult),M,2.5,0,Adult
30-45 (Adult),F,4.1,1,Adult
18-29 (Young Adult),F,8.2,0,Adult
30-45 (Adult),F,9.7,0,Adult
30-45 (Adult),F,6.5,1,Adult
30-45 (Adult),M,1.4,1,Adult
18-29 (Young Adult),F,4.2,1,Adult
18-29 (Young Adult),F,9.4,0,Adult
30-45 (Adult),F,9.9,0,Adult
18-29 (Young Adult),M,1.3,1,Adult
30-45 (Adult),F,2.7,0,Adult
18-29 (Young Adult),F,5.2,1,Adult
30-45 (Adult),M,9.9,1,Adult
30-45 (Adult),M,7.4,0,Adult
30-45 (Adult),M,2.4,0,Adult
18-29 (Young Adult),M,1.4,1,Adult
30-45 (Adult),M,7.4,1,Adult
18-29 (Young Adult),M,9.1,1,Adult
18-29 (Young Adult),M,10.0,1,Adult
30-45 (Adult),F,4.5,0,Adult
30-45 (Adult),M,5.6,1,Adult
30-45 (Adult),F,3.2,1,Adult
18-29 (Young Adult),F,7.7,1,Adult
30-45 (Adult),F,5.6,1,Adult
30-45 (Adult),F,3.8,0,Adult
18-29 (Young Adult),F,5.2,0,Adult
30-45 (Adult),F,7.8,1,Adult
30-45 (Adult),F,7.3,0,Adult
30-45 (Adult),F,3.1,1,Adult
30-45 (Adult),M,7.4,1,Adult
18-29 (Young Adult),F,2.0,0,Adult
18-29 (Young Adult),F,9.0,0,Adult
18-29 (Young Adult),F,8.6,1,Adult
30-45 (Adult),F,9.1,1,Adult
18-29 (Young Adult),F,1.7,1,Adult
30-45 (Adult),M,1.8,1,Adult
30-45 (Adult),F,8.8,0,Adult
18-29 (Young Adult),F,5.8,1,Adult
18-29 (Young Adult),F,8.0,0,Adult
30-45 (Adult),F,7.7,0,Adult
18-29 (Young Adult),M,6.9,1,Adult
18-29 (Young Adult),M,1.6,0,Adult
30-45 (Adult),M,6.3,1,Adult
30-45 (Adult),M,7.8,1,Adult
30-45 (Adult),F,7.2,1,Adult
30-45 (Adult),F,6.5,1,Adult
18-29 (Young Adult),M,4.1,1,Adult
30-45 (Adult),F,3.4,1,Adult
30-45 (Adult),M,6.2,1,Adult
30-45 (Adult),M,2.1,1,Adult
30-45 (Adult),M,1.2,1,Adult
30-45 (Adult),M,8.1,0,Adult
30-45 (Adult),M,8.5,0,Adult
30-45 (Adult),F,9.5,1,Adult
30-45 (Adult),F,3.2,0,Adult
30-45 (Adult),M,9.5,0,Adult
18-29 (Young Adult),M,1.9,1,Adult
18-29 (Young Adult),F,4.1,0,Adult
30-45 (Adult),F,9.6,0,Adult
18-29 (Young Adult),F,3.4,0,Adult
30-45 (Adult),F,2.4,1,Adult
30-45 (Adult),M,5.3,1,Adult
30-45 (Adult),F,4.1,1,Adult
18-29 (Young Adult),F,3.3,1,Adult
30-45 (Adult),M,2.8,0,Adult
18-29 (Young Adult),F,1.9,1,Adult
18-29 (Young Adult),M,2.8,1,Adult
18-29 (Young Adult),F,6.8,1,Adult
18-29 (Young Adult),F,6.9,0,Adult
18-29 (Young Adult),M,4.7,1,Adult
30-45 (Adult),F,8.9,1,Adult
18-29 (Young Adult),M,5.4,1,Adult
30-45 (Adult),M,6.7,1,Adult
18-29 (Young Adult),M,9.2,1,Adult
18-29 (Young Adult),M,2.7,0,Adult
30-45 (Adult),F,3.9,1,Adult
30-45 (Adult),M,8.3,1,Adult
18-29 (Young Adult),F,2.7,1,Adult
30-45 (Adult),M,1.3,0,Adult
18-29 (Young Adult),M,4.3,1,Adult
18-29 (Young Adult),F,8.0,1,Adult
18-29 (Young Adult),F,5.1,0,Adult
18-29 (Young Adult),F,4.6,1,Adult
30-45 (Adult),F,9.8,1,Adult
18-29 (Young Adult),F,3.6,0,Adult
30-45 (Adult),F,6.1,1,Adult
30-45 (Adult),F,2.4,0,Adult
30-45 (Adult),M,4.7,0,Adult
30-45 (Adult),M,3.4,1,Adult
18-29 (Young Adult),F,9.6,1,Adult
30-45 (Adult),F,9.2,1,Adult
30-45 (Adult),F,9.8,1,Adult
18-29 (Young Adult),F,1.7,1,Adult
30-45 (Adult),F,2.0,1,Adult
30-45 (Adult),M,7.3,1,Adult
18-29 (Young Adult),F,2.7,1,Adult
30-45 (Adult),M,4.0,1,Adult
30-45 (Adult),F,9.1,0,Adult
30-45 (Adult),M,4.1,1,Adult
18-29 (Young Adult),M,4.0,0,Adult
18-29 (Young Adult),F,3.3,1,Adult
18-29 (Young Adult),M,9.7,1,Adult
30-45 (Adult),F,1.2,1,Adult
30-45 (Adult),M,3.0,0,Adult
18-29 (Young Adult),M,1.9,1,Adult
18-29 (Young Adult),F,3.7,0,Adult
30-45 (Adult),F,3.8,1,Adult
18-29 (Young Adult),F,5.0,1,Adult
18-29 (Young Adult),M,7.3,0,Adult
30-45 (Adult),M,3.5,1,Adult
30-45 (Adult),M,7.2,0,Adult
18-29 (Young Adult),M,7.8,0,Adult
30-45 (Adult),M,3.2,0,Adult
18-29 (Young Adult),M,8.9,0,Adult
30-45 (Adult),M,5.2,1,Adult
18-29 (Young Adult),M,1.7,1,Adult
18-29 (Young Adult),F,8.0,0,Adult
18-29 (Young Adult),F,2.8,0,Adult
30-45 (Adult),M,6.0,0,Adult
30-45 (Adult),M,8.3,1,Adult
30-45 (Adult),M,1.3,0,Adult
30-45 (Adult),M,8.8,1,Adult
30-45 (Adult),F,2.1,1,Adult
30-45 (Adult),F,8.2,1,Adult
18-29 (Young Adult),F,3.0,1,Adult
30-45 (Adult),F,6.6,1,Adult
18-29 (Young Adult),F,5.6,1,Adult
18-29 (Young Adult),M,3.9,1,Adult
30-45 (Adult),F,9.9,1,Adult
18-29 (Young Adult),M,5.2,1,Adult
30-45 (Adult),M,4.4,1,Adult
30-45 (Adult),F,1.2,1,Adult
18-29 (Young Adult),M,4.1,1,Adult
18-29 (Young Adult),F,5.0,1,Adult
30-45 (Adult),M,9.5,1,Adult
18-29 (Young Adult),M,4.6,1,Adult
30-45 (Adult),M,1.2,1,Adult
18-29 (Young Adult),M,1.3,1,Adult
18-29 (Young Adult),F,4.6,1,Adult
18-29 (Young Adult),F,1.1,0,Adult
30-45 (Adult),M,2.1,1,Adult
30-45 (Adult),F,5.9,1,Adult
30-45 (Adult),F,9.1,1,Adult
18-29 (Young Adult),F,5.5,1,Adult
30-45 (Adult),M,7.1,0,Adult
30-45 (Adult),M,7.2,1,Adult
18-29 (Young Adult),M,6.6,1,Adult
30-45 (Adult),M,8.3,1,Adult
30-45 (Adult),F,1.4,1,Adult
30-45 (Adult),F,2.7,1,Adult
30-45 (Adult),M,7.6,1,Adult
30-45 (Adult),M,6.1,1,Adult
30-45 (Adult),F,9.2,1,Adult
30-45 (Adult),M,7.1,1,Adult
30-45 (Adult),M,7.2,1,Adult
30-45 (Adult),M,7.3,1,Adult
18-29 (Young Adult),F,2.5,1,Adult
30-45 (Adult),M,8.3,1,Adult
30-45 (Adult),F,6.1,1,Adult
30-45 (Adult),M,9.5,1,Adult
18-29 (Young Adult),F,4.4,1,Adult
18-29 (Young Adult),F,4.7,0,Adult
18-29 (Young Adult),M,8.6,0,Adult
30-45 (Adult),F,8.1,1,Adult
30-45 (Adult),M,7.9,1,Adult
18-29 (Young Adult),M,5.3,1,Adult
18-29 (Young Adult),F,7.4,1,Adult
30-45 (Adult),F,2.5,1,Adult
30-45 (Adult),M,9.4,1,Adult
30-45 (Adult),M,2.0,1,Adult
30-45 (Adult),F,2.8,1,Adult
18-29 (Young Adult),M,6.3,1,Adult
18-29 (Young Adult),F,8.7,1,Adult
30-45 (Adult),M,9.3,1,Adult
30-45 (Adult),M,2.0,0,Adult
30-45 (Adult),M,8.1,1,Adult
18-29 (Young Adult),M,5.0,1,Adult
18-29 (Young Adult),F,9.7,1,Adult
18-29 (Young Adult),F,4.2,0,Adult
30-45 (Adult),F,9.4,1,Adult
18-29 (Young Adult),M,1.2,1,Adult
30-45 (Adult),M,9.8,1,Adult
30-45 (Adult),M,6.1,1,Adult
30-45 (Adult),F,5.3,1,Adult
18-29 (Young Adult),F,4.1,0,Adult
18-29 (Young Adult),F,1.2,1,Adult
30-45 (Adult),F,5.4,1,Adult
18-29 (Young Adult),F,2.5,1,Adult
30-45 (Adult),M,5.3,1,Adult
30-45 (Adult),F,1.9,1,Adult
30-45 (Adult),M,1.1,0,Adult
18-29 (Young Adult),M,1.8,0,Adult
18-29 (Young Adult),M,9.7,0,Adult
18-29 (Young Adult),M,7.8,1,Adult
30-45 (Adult),F,2.8,1,Adult
30-45 (Adult),F,8.4,0,Adult
18-29 (Young Adult),F,4.3,1,Adult
30-45 (Adult),M,6.2,1,Adult
18-29 (Young Adult),M,6.1,1,Adult
30-45 (Adult),F,5.1,1,Adult
30-45 (Adult),M,7.7,0,Adult
30-45 (Adult),M,1.3,1,Adult
18-29 (Young Adult),F,3.9,1,Adult
30-45 (Adult),M,5.4,1,Adult
30-45 (Adult),M,1.3,1,Adult
30-45 (Adult),M,4.6,1,Adult
30-45 (Adult),M,9.4,1,Adult
18-29 (Young Adult),F,8.7,0,Adult
18-29 (Young Adult),F,7.7,1,Adult
30-45 (Adult),M,1.5,1,Adult
30-45 (Adult),F,3.8,0,Adult
18-29 (Young Adult),F,7.5,1,Adult
18-29 (Young Adult),F,2.6,0,Adult
18-29 (Young Adult),F,8.5,1,Adult
30-45 (Adult),F,2.7,1,Adult
18-29 (Young Adult),M,2.0,1,Adult
18-29 (Young Adult),F,4.0,0,Adult
30-45 (Adult),M,7.0,0,Adult
18-29 (Young Adult),M,6.8,0,Adult
30-45 (Adult),F,9.6,1,Adult
18-29 (Young Adult),F,6.1,0,Adult
30-45 (Adult),F,2.3,1,Adult
18-29 (Young Adult),M,2.9,1,Adult
18-29 (Young Adult),F,4.4,1,Adult
30-45 (Adult),M,3.9,1,Adult
30-45 (Adult),F,6.9,1,Adult
18-29 (Young Adult),F,7.1,1,Adult
18-29 (Young Adult),M,2.6,1,Adult
18-29 (Young Adult),M,9.6,1,Adult
18-29 (Young Adult),M,2.7,1,Adult
18-29 (Young Adult),M,6.8,0,Adult
18-29 (Young Adult),M,3.0,1,Adult
18-29 (Young Adult),M,8.5,1,Adult
30-45 (Adult),M,5.5,1,Adult
30-45 (Adult),M,5.6,1,Adult
30-45 (Adult),M,9.9,1,Adult
30-45 (Adult),M,8.1,1,Adult
30-45 (Adult),F,4.0,1,Adult
30-45 (Adult),F,9.4,1,Adult
18-29 (Young Adult),F,6.2,1,Adult
18-29 (Young Adult),M,2.0,1,Adult
18-29 (Young Adult),M,2.7,1,Adult
30-45 (Adult),M,5.9,1,Adult
18-29 (Young Adult),F,2.0,1,Adult
30-45 (Adult),F,3.5,1,Adult
18-29 (Young Adult),F,4.2,1,Adult
30-45 (Adult),F,8.3,1,Adult
30-45 (Adult),M,9.9,0,Adult
30-45 (Adult),F,1.4,1,Adult
30-45 (Adult),M,6.4,1,Adult
18-29 (Young Adult),M,6.7,1,Adult
30-45 (Adult),M,1.4,0,Adult
18-29 (Young Adult),M,4.9,1,Adult
18-29 (Young Adult),M,6.8,1,Adult
18-29 (Young Adult),M,1.2,0,Adult
18-29 (Young Adult),F,3.9,0,Adult
18-29 (Young Adult),M,9.4,1,Adult
30-45 (Adult),F,3.1,1,Adult
18-29 (Young Adult),F,4.6,1,Adult
18-29 (Young Adult),M,8.2,1,Adult
30-45 (Adult),F,9.1,0,Adult
18-29 (Young Adult),M,8.2,1,Adult
30-45 (Adult),M,9.6,0,Adult
30-45 (Adult),F,3.4,1,Adult
30-45 (Adult),F,7.6,0,Adult
30-45 (Adult),F,9.4,0,Adult
18-29 (Young Adult),F,1.2,1,Adult
30-45 (Adult),F,5.8,1,Adult
30-45 (Adult),F,9.5,1,Adult
18-29 (Young Adult),M,4.1,0,Adult
30-45 (Adult),M,4.6,1,Adult
30-45 (Adult),F,3.4,0,Adult
18-29 (Young Adult),F,8.5,0,Adult
30-45 (Adult),M,8.9,1,Adult
18-29 (Young Adult),M,7.9,1,Adult
30-45 (Adult),M,5.9,1,Adult
18-29 (Young Adult),F,2.9,1,Adult
18-29 (Young Adult),F,1.4,1,Adult
18-29 (Young Adult),F,9.8,1,Adult
18-29 (Young Adult),M,9.1,1,Adult
30-45 (Adult),M,6.3,1,Adult
30-45 (Adult),F,8.1,1,Adult
18-29 (Young Adult),F,8.2,1,Adult
30-45 (Adult),F,9.5,1,Adult
30-45 (Adult),F,8.7,0,Adult
30-45 (Adult),F,4.3,0,Adult
30-45 (Adult),F,3.9,1,Adult
18-29 (Young Adult),M,3.7,1,Adult
18-29 (Young Adult),F,8.0,1,Adult
30-45 (Adult),F,6.1,1,Adult
18-29 (Young Adult),F,5.6,0,Adult
18-29 (Young Adult),M,6.2,1,Adult
30-45 (Adult),F,8.8,1,Adult
30-45 (Adult),M,5.4,1,Adult
30-45 (Adult),M,3.3,0,Adult
30-45 (Adult),M,1.1,1,Adult
18-29 (Young Adult),F,5.1,0,Adult
30-45 (Adult),M,9.5,1,Adult
18-29 (Young Adult),M,5.3,1,Adult
30-45 (Adult),M,6.6,1,Adult
18-29 (Young Adult),F,1.1,0,Adult
30-45 (Adult),F,8.1,0,Adult
18-29 (Young Adult),F,1.1,1,Adult
18-29 (Young Adult),M,4.7,0,Adult
30-45 (Adult),M,8.3,1,Adult
18-29 (Young Adult),F,6.0,0,Adult
18-29 (Young Adult),F,8.1,1,Adult
30-45 (Adult),F,6.9,0,Adult
30-45 (Adult),F,8.0,0,Adult
30-45 (Adult),F,2.3,1,Adult
18-29 (Young Adult),F,9.8,0,Adult
18-29 (Young Adult),M,4.4,0,Adult
30-45 (Adult),M,4.2,1,Adult
18-29 (Young Adult),M,1.6,1,Adult
30-45 (Adult),F,8.8,0,Adult
30-45 (Adult),F,6.3,1,Adult
18-29 (Young Adult),M,3.6,1,Adult
18-29 (Young Adult),M,2.8,0,Adult
18-29 (Young Adult),F,7.8,1,Adult
18-29 (Young Adult),M,7.2,1,Adult
18-29 (Young Adult),F,9.8,1,Adult
18-29 (Young Adult),M,1.5,0,Adult
30-45 (Adult),M,9.2,0,Adult
18-29 (Young Adult),F,1.7,1,Adult
18-29 (Young Adult),M,3.1,1,Adult
18-29 (Young Adult),F,5.9,1,Adult
18-29 (Young Adult),M,2.3,1,Adult
30-45 (Adult),M,7.3,1,Adult
18-29 (Young Adult),F,5.0,0,Adult
18-29 (Young Adult),M,2.6,1,Adult
30-45 (Adult),M,8.6,1,Adult
30-45 (Adult),F,10.0,1,Adult
18-29 (Young Adult),F,7.0,1,Adult
18-29 (Young Adult),M,6.8,0,Adult
18-29 (Young Adult),F,8.0,1,Adult
30-45 (Adult),F,8.5,0,Adult
30-45 (Adult),F,4.6,0,Adult
30-45 (Adult),F,7.1,1,Adult
30-45 (Adult),F,8.1,1,Adult
30-45 (Adult),M,5.5,1,Adult
18-29 (Young Adult),F,8.3,0,Adult
30-45 (Adult),M,6.7,0,Adult
18-29 (Young Adult),M,1.2,1,Adult
30-45 (Adult),M,8.3,0,Adult
18-29 (Young Adult),F,9.9,0,Adult
18-29 (Young Adult),F,5.2,1,Adult
30-45 (Adult),F,5.1,1,Adult
18-29 (Young Adult),F,4.2,1,Adult
30-45 (Adult),F,9.4,1,Adult
18-29 (Young Adult),M,7.9,1,Adult
18-29 (Young Adult),F,2.8,1,Adult
30-45 (Adult),M,9.3,1,Adult
18-29 (Young Adult),F,6.5,1,Adult
18-29 (Young Adult),F,4.9,0,Adult
30-45 (Adult),F,4.7,1,Adult
18-29 (Young Adult),F,4.7,0,Adult
30-45 (Adult),M,8.6,0,Adult
18-29 (Young Adult),M,3.9,0,Adult
18-29 (Young Adult),M,7.1,1,Adult
30-45 (Adult),M,8.0,0,Adult
30-45 (Adult),F,9.1,0,Adult
30-45 (Adult),M,8.1,0,Adult
30-45 (Adult),F,2.8,1,Adult
30-45 (Adult),F,6.7,0,Adult
30-45 (Adult),M,5.3,1,Adult
30-45 (Adult),M,4.4,1,Adult
30-45 (Adult),F,7.1,0,Adult
18-29 (Young Adult),M,6.2,1,Adult
18-29 (Young Adult),F,9.6,1,Adult
30-45 (Adult),F,2.3,1,Adult
30-45 (Adult),M,2.5,1,Adult
18-29 (Young Adult),F,3.2,0,Adult
30-45 (Adult),M,6.9,1,Adult
18-29 (Young Adult),F,1.8,1,Adult
18-29 (Young Adult),F,6.8,1,Adult
18-29 (Young Adult),M,2.8,1,Adult
18-29 (Young Adult),M,6.0,0,Adult
18-29 (Young Adult),M,4.5,1,Adult
30-45 (Adult),M,4.3,1,Adult
18-29 (Young Adult),F,5.5,0,Adult
18-29 (Young Adult),M,8.5,1,Adult
30-45 (Adult),F,8.2,1,Adult
30-45 (Adult),F,6.9,1,Adult
30-45 (Adult),M,7.5,0,Adult
18-29 (Young Adult),F,2.6,1,Adult
30-45 (Adult),F,6.8,0,Adult
18-29 (Young Adult),F,8.6,0,Adult
18-29 (Young Adult),M,1.3,1,Adult
18-29 (Young Adult),M,8.2,1,Adult
18-29 (Young Adult),F,6.5,1,Adult
18-29 (Young Adult),F,3.2,1,Adult
18-29 (Young Adult),M,5.1,1,Adult
18-29 (Young Adult),F,9.1,1,Adult
30-45 (Adult),M,3.2,1,Adult
30-45 (Adult),F,7.1,1,Adult
30-45 (Adult),M,4.1,1,Adult
18-29 (Young Adult),F,5.1,0,Adult
30-45 (Adult),M,6.3,1,Adult
30-45 (Adult),M,7.0,1,Adult
30-45 (Adult),F,5.4,1,Adult
30-45 (Adult),M,5.7,1,Adult
30-45 (Adult),F,5.0,1,Adult
30-45 (Adult),F,7.5,0,Adult
18-29 (Young Adult),F,8.8,1,Adult
30-45 (Adult),M,2.7,1,Adult
18-29 (Young Adult),F,3.7,1,Adult
30-45 (Adult),F,8.4,0,Adult
18-29 (Young Adult),M,7.3,1,Adult
30-45 (Adult),M,3.1,1,Adult
30-45 (Adult),M,4.8,1,Adult
18-29 (Young Adult),F,3.5,1,Adult
30-45 (Adult),F,1.1,1,Adult
30-45 (Adult),M,5.0,1,Adult
18-29 (Young Adult),F,6.0,1,Adult
18-29 (Young Adult),M,5.0,0,Adult
18-29 (Young Adult),F,6.0,1,Adult
30-45 (Adult),M,3.8,1,Adult
18-29 (Young Adult),M,3.1,1,Adult
30-45 (Adult),F,6.8,0,Adult
30-45 (Adult),F,1.1,1,Adult
18-29 (Young Adult),F,2.6,1,Adult
18-29 (Young Adult),F,9.9,1,Adult
30-45 (Adult),M,6.2,0,Adult
18-29 (Young Adult),F,8.0,0,Adult
18-29 (Young Adult),F,4.9,1,Adult
30-45 (Adult),F,1.6,0,Adult
18-29 (Young Adult),F,1.1,1,Adult
18-29 (Young Adult),F,1.1,1,Adult
18-29 (Young Adult),F,7.8,1,Adult
18-29 (Young Adult),F,5.8,0,Adult
30-45 (Adult),M,8.1,0,Adult
30-45 (Adult),F,3.6,1,Adult
18-29 (Young Adult),F,8.3,1,Adult
30-45 (Adult),M,6.2,1,Adult
30-45 (Adult),F,4.1,1,Adult
30-45 (Adult),F,2.7,1,Adult
30-45 (Adult),M,8.8,1,Adult
18-29 (Young Adult),M,8.7,1,Adult
30-45 (Adult),F,8.3,1,Adult
30-45 (Adult),M,1.8,1,Adult
18-29 (Young Adult),F,4.5,1,Adult
30-45 (Adult),M,5.1,1,Adult
18-29 (Young Adult),M,8.6,0,Adult
30-45 (Adult),F,6.9,0,Adult
30-45 (Adult),M,8.0,0,Adult
30-45 (Adult),M,6.6,0,Adult
30-45 (Adult),M,9.8,1,Adult
30-45 (Adult),F,5.9,1,Adult
18-29 (Young Adult),F,9.8,1,Adult
18-29 (Young Adult),F,3.5,0,Adult
30-45 (Adult),M,6.7,1,Adult
30-45 (Adult),M,8.1,1,Adult
30-45 (Adult),F,3.8,1,Adult
18-29 (Young Adult),F,4.9,1,Adult
18-29 (Young Adult),M,1.5,1,Adult
18-29 (Young Adult),M,4.1,1,Adult
18-29 (Young Adult),M,1.1,1,Adult
18-29 (Young Adult),F,7.2,1,Adult
18-29 (Young Adult),F,4.2,1,Adult
30-45 (Adult),F,9.4,1,Adult
30-45 (Adult),F,7.6,1,Adult
30-45 (Adult),F,4.1,1,Adult
30-45 (Adult),M,7.0,0,Adult
30-45 (Adult),M,8.2,1,Adult
30-45 (Adult),F,5.2,1,Adult
30-45 (Adult),M,2.4,1,Adult
18-29 (Young Adult),M,2.8,1,Adult
30-45 (Adult),F,2.4,1,Adult
18-29 (Young Adult),F,8.1,0,Adult
18-29 (Young Adult),F,8.6,1,Adult
30-45 (Adult),M,6.8,1,Adult
30-45 (Adult),F,6.3,1,Adult
30-45 (Adult),F,2.5,1,Adult
30-45 (Adult),F,1.5,1,Adult
30-45 (Adult),M,5.0,0,Adult
18-29 (Young Adult),M,8.8,0,Adult
30-45 (Adult),M,9.5,0,Adult
18-29 (Young Adult),M,9.2,1,Adult
18-29 (Young Adult),F,6.1,1,Adult
18-29 (Young Adult),M,1.7,1,Adult
30-45 (Adult),M,6.4,1,Adult
30-45 (Adult),M,3.9,0,Adult
30-45 (Adult),F,9.0,1,Adult
30-45 (Adult),M,2.7,1,Adult
30-45 (Adult),F,7.1,1,Adult
18-29 (Young Adult),M,7.5,1,Adult
30-45 (Adult),M,4.3,1,Adult
30-45 (Adult),F,3.9,1,Adult
30-45 (Adult),M,3.5,1,Adult
18-29 (Young Adult),M,2.0,1,Adult
18-29 (Young Adult),M,3.2,1,Adult
30-45 (Adult),M,4.3,1,Adult
18-29 (Young Adult),F,2.3,0,Adult
18-29 (Young Adult),M,4.7,0,Adult
30-45 (Adult),M,5.7,0,Adult
18-29 (Young Adult),M,9.2,1,Adult
18-29 (Young Adult),F,6.2,1,Adult
30-45 (Adult),F,6.3,0,Adult
18-29 (Young Adult),M,4.5,1,Adult
30-45 (Adult),F,1.5,0,Adult
18-29 (Young Adult),F,1.6,1,Adult
18-29 (Young Adult),F,8.7,1,Adult
18-29 (Young Adult),M,4.6,1,Adult
30-45 (Adult),F,7.5,1,Adult
30-45 (Adult),M,8.7,1,Adult
30-45 (Adult),F,5.2,0,Adult
18-29 (Young Adult),F,2.8,1,Adult
30-45 (Adult),M,2.9,1,Adult
30-45 (Adult),M,1.2,1,Adult
18-29 (Young Adult),F,4.4,0,Adult
30-45 (Adult),M,7.1,1,Adult
30-45 (Adult),F,2.1,1,Adult
30-45 (Adult),M,3.3,1,Adult
18-29 (Young Adult),F,9.3,0,Adult
18-29 (Young Adult),M,5.1,1,Adult
30-45 (Adult),M,4.7,0,Adult
18-29 (Young Adult),F,6.5,1,Adult
18-29 (Young Adult),F,2.2,1,Adult
30-45 (Adult),F,7.2,1,Adult
30-45 (Adult),M,1.4,0,Adult
30-45 (Adult),F,5.1,1,Adult
18-29 (Young Adult),M,5.6,1,Adult
30-45 (Adult),M,4.2,1,Adult
30-45 (Adult),F,4.0,0,Adult
18-29 (Young Adult),M,2.1,1,Adult
18-29 (Young Adult),F,7.9,1,Adult
18-29 (Young Adult),M,2.0,1,Adult
30-45 (Adult),F,9.1,1,Adult
30-45 (Adult),M,9.1,1,Adult
30-45 (Adult),F,2.7,1,Adult
30-45 (Adult),F,8.6,0,Adult
30-45 (Adult),F,1.2,1,Adult
30-45 (Adult),M,4.2,0,Adult
18-29 (Young Adult),F,2.4,1,Adult
30-45 (Adult),M,2.5,1,Adult
18-29 (Young Adult),F,6.7,1,Adult
18-29 (Young Adult),F,6.8,1,Adult
18-29 (Young Adult),F,5.7,1,Adult
18-29 (Young Adult),F,8.3,1,Adult
30-45 (Adult),M,3.9,1,Adult
18-29 (Young Adult),M,6.5,1,Adult
30-45 (Adult),F,6.2,1,Adult
18-29 (Young Adult),M,8.5,0,Adult
30-45 (Adult),M,4.6,1,Adult
18-29 (Young Adult),F,6.9,1,Adult
18-29 (Young Adult),M,8.9,0,Adult
18-29 (Young Adult),F,5.2,0,Adult
18-29 (Young Adult),M,6.8,0,Adult
18-29 (Young Adult),M,9.0,1,Adult
30-45 (Adult),F,1.5,1,Adult
30-45 (Adult),M,2.4,0,Adult
30-45 (Adult),M,2.8,1,Adult
18-29 (Young Adult),F,7.4,0,Adult
30-45 (Adult),F,7.9,0,Adult
30-45 (Adult),F,5.8,1,Adult
30-45 (Adult),M,9.2,1,Adult
18-29 (Young Adult),F,1.5,1,Adult
18-29 (Young Adult),F,5.4,1,Adult
30-45 (Adult),F,9.0,1,Adult
18-29 (Young Adult),M,9.7,1,Adult
30-45 (Adult),F,6.9,0,Adult
30-45 (Adult),M,8.4,1,Adult
18-29 (Young Adult),F,6.5,1,Adult
30-45 (Adult),F,8.2,1,Adult
30-45 (Adult),F,8.4,1,Adult
18-29 (Young Adult),M,8.9,1,Adult
30-45 (Adult),M,9.1,1,Adult
18-29 (Young Adult),M,2.0,0,Adult
18-29 (Young Adult),F,8.9,1,Adult
30-45 (Adult),F,1.5,1,Adult
18-29 (Young Adult),F,9.5,0,Adult
30-45 (Adult),M,3.2,1,Adult
18-29 (Young Adult),M,5.8,1,Adult
18-29 (Young Adult),M,1.4,1,Adult
30-45 (Adult),M,3.7,1,Adult
18-29 (Young Adult),M,4.9,0,Adult
30-45 (Adult),F,1.8,1,Adult
30-45 (Adult),M,4.6,1,Adult
18-29 (Young Adult),M,9.9,0,Adult
30-45 (Adult),M,2.8,1,Adult
18-29 (Young Adult),M,9.5,1,Adult
30-45 (Adult),M,9.3,1,Adult
30-45 (Adult),F,2.4,0,Adult
18-29 (Young Adult),M,7.5,1,Adult
30-45 (Adult),F,2.3,1,Adult
30-45 (Adult),F,9.0,1,Adult
18-29 (Young Adult),F,4.8,1,Adult
30-45 (Adult),M,9.5,1,Adult
30-45 (Adult),F,5.2,1,Adult
30-45 (Adult),F,9.8,1,Adult
30-45 (Adult),M,7.9,1,Adult
30-45 (Adult),F,6.9,1,Adult
30-45 (Adult),F,6.1,1,Adult
30-45 (Adult),M,5.3,1,Adult
30-45 (Adult),M,1.9,0,Adult
18-29 (Young Adult),F,4.4,1,Adult
30-45 (Adult),M,3.0,1,Adult
18-29 (Young Adult),F,9.8,1,Adult
30-45 (Adult),F,4.0,0,Adult
30-45 (Adult),M,2.3,1,Adult
30-45 (Adult),M,9.2,0,Adult
30-45 (Adult),F,5.3,0,Adult
30-45 (Adult),F,9.7,1,Adult
30-45 (Adult),M,7.1,1,Adult
18-29 (Young Adult),F,3.2,1,Adult
18-29 (Young Adult),F,5.1,1,Adult
18-29 (Young Adult),M,7.7,1,Adult
30-45 (Adult),M,8.3,1,Adult
18-29 (Young Adult),M,9.1,1,Adult
18-29 (Young Adult),F,6.5,1,Adult
18-29 (Young Adult),M,1.0,1,Adult
30-45 (Adult),M,9.3,1,Adult
18-29 (Young Adult),M,7.0,0,Adult
18-29 (Young Adult),M,1.8,1,Adult
18-29 (Young Adult),M,9.0,1,Adult
30-45 (Adult),M,5.3,1,Adult
30-45 (Adult),F,8.1,1,Adult
30-45 (Adult),F,1.1,1,Adult
18-29 (Young Adult),F,7.2,1,Adult
18-29 (Young Adult),M,6.2,0,Adult
30-45 (Adult),M,5.4,1,Adult
30-45 (Adult),M,9.0,1,Adult
18-29 (Young Adult),F,8.8,1,Adult
30-45 (Adult),M,3.4,1,Adult
30-45 (Adult),F,1.6,1,Adult
30-45 (Adult),M,9.5,1,Adult
30-45 (Adult),M,7.2,1,Adult
30-45 (Adult),M,5.1,1,Adult
18-29 (Young Adult),F,1.5,0,Adult
30-45 (Adult),M,4.3,1,Adult
30-45 (Adult),M,6.2,1,Adult
30-45 (Adult),M,5.2,0,Adult
30-45 (Adult),F,6.0,0,Adult
18-29 (Young Adult),F,1.8,0,Adult
30-45 (Adult),F,5.0,1,Adult
30-45 (Adult),F,7.3,1,Adult
30-45 (Adult),M,2.4,1,Adult
30-45 (Adult),F,4.4,1,Adult
30-45 (Adult),M,5.0,0,Adult
18-29 (Young Adult),F,4.2,0,Adult
18-29 (Young Adult),M,2.5,1,Adult
30-45 (Adult),F,2.6,1,Adult
18-29 (Young Adult),F,6.2,1,Adult
30-45 (Adult),F,1.5,0,Adult
18-29 (Young Adult),F,9.8,0,Adult
30-45 (Adult),M,1.2,1,Adult
30-45 (Adult),M,6.4,1,Adult
18-29 (Young Adult),F,3.8,1,Adult
30-45 (Adult),M,2.2,0,Adult
18-29 (Young Adult),M,6.6,0,Adult
18-29 (Young Adult),M,7.4,1,Adult
30-45 (Adult),M,7.6,1,Adult
30-45 (Adult),M,6.8,1,Adult
30-45 (Adult),M,5.7,0,Adult
30-45 (Adult),M,3.9,0,Adult
30-45 (Adult),M,8.6,1,Adult
30-45 (Adult),M,2.2,1,Adult
30-45 (Adult),F,7.1,1,Adult
18-29 (Young Adult),M,6.8,0,Adult
30-45 (Adult),F,5.2,1,Adult
30-45 (Adult),F,1.2,0,Adult
30-45 (Adult),F,9.6,1,Adult
18-29 (Young Adult),F,7.6,1,Adult
30-45 (Adult),M,5.0,0,Adult
18-29 (Young Adult),M,6.3,1,Adult
30-45 (Adult),F,7.9,0,Adult
30-45 (Adult),F,3.4,1,Adult
30-45 (Adult),F,9.9,0,Adult
30-45 (Adult),M,6.7,0,Adult
30-45 (Adult),F,3.0,1,Adult
30-45 (Adult),F,5.8,0,Adult
18-29 (Young Adult),M,3.0,1,Adult
18-29 (Young Adult),F,6.3,1,Adult
18-29 (Young Adult),M,9.9,1,Adult
18-29 (Young Adult),M,2.1,1,Adult
30-45 (Adult),M,7.8,1,Adult
18-29 (Young Adult),M,6.0,1,Adult
18-29 (Young Adult),F,4.3,1,Adult
18-29 (Young Adult),F,7.8,1,Adult
30-45 (Adult),F,2.9,0,Adult
30-45 (Adult),F,9.0,1,Adult
30-45 (Adult),M,3.7,1,Adult
18-29 (Young Adult),F,8.8,0,Adult
18-29 (Young Adult),M,6.7,0,Adult
30-45 (Adult),F,5.5,0,Adult
30-45 (Adult),F,3.9,1,Adult
30-45 (Adult),M,7.5,1,Adult
18-29 (Young Adult),F,5.7,1,Adult
30-45 (Adult),M,5.6,0,Adult
30-45 (Adult),M,2.3,1,Adult
30-45 (Adult),F,1.8,1,Adult
30-45 (Adult),F,4.8,1,Adult
18-29 (Young Adult),F,5.1,1,Adult
18-29 (Young Adult),M,6.8,1,Adult
18-29 (Young Adult),M,3.9,1,Adult
18-29 (Young Adult),F,8.1,0,Adult
18-29 (Young Adult),M,2.3,0,Adult
18-29 (Young Adult),M,3.7,0,Adult
30-45 (Adult),F,1.1,1,Adult
30-45 (Adult),F,5.6,0,Adult
18-29 (Young Adult),M,8.5,1,Adult
18-29 (Young Adult),F,5.8,1,Adult
30-45 (Adult),F,6.5,1,Adult
30-45 (Adult),F,4.8,1,Adult
30-45 (Adult),M,7.6,0,Adult
30-45 (Adult),F,6.4,1,Adult
30-45 (Adult),M,5.7,0,Adult
30-45 (Adult),F,5.4,0,Adult
30-45 (Adult),F,4.4,1,Adult
30-45 (Adult),F,9.0,0,Adult
18-29 (Young Adult),M,5.4,1,Adult
30-45 (Adult),M,8.3,1,Adult
18-29 (Young Adult),F,1.8,1,Adult
18-29 (Young Adult),F,9.2,1,Adult
30-45 (Adult),M,7.2,1,Adult
30-45 (Adult),F,1.4,0,Adult
18-29 (Young Adult),F,6.6,1,Adult
18-29 (Young Adult),F,1.5,0,Adult
18-29 (Young Adult),M,4.9,1,Adult
30-45 (Adult),F,4.2,1,Adult
30-45 (Adult),M,3.8,1,Adult
30-45 (Adult),M,9.7,1,Adult
18-29 (Young Adult),M,6.2,1,Adult
18-29 (Young Adult),M,1.9,0,Adult
18-29 (Young Adult),M,3.5,0,Adult
30-45 (Adult),M,8.2,1,Adult
18-29 (Young Adult),F,8.6,0,Adult
30-45 (Adult),M,6.3,1,Adult
30-45 (Adult),F,4.6,0,Adult
30-45 (Adult),F,9.0,0,Adult
18-29 (Young Adult),M,5.2,1,Adult
30-45 (Adult),F,8.8,1,Adult
18-29 (Young Adult),F,6.6,1,Adult
30-45 (Adult),M,6.6,1,Adult
30-45 (Adult),F,1.9,0,Adult
30-45 (Adult),F,9.9,0,Adult
18-29 (Young Adult),M,8.3,1,Adult
18-29 (Young Adult),F,6.8,0,Adult
30-45 (Adult),F,5.4,1,Adult
18-29 (Young Adult),F,3.2,1,Adult
18-29 (Young Adult),M,5.2,1,Adult
18-29 (Young Adult),F,3.5,0,Adult
18-29 (Young Adult),M,8.5,1,Adult
30-45 (Adult),F,5.8,1,Adult
30-45 (Adult),M,7.8,0,Adult
30-45 (Adult),F,2.0,1,Adult
30-45 (Adult),F,4.8,1,Adult
30-45 (Adult),M,2.7,0,Adult
18-29 (Young Adult),F,2.1,0,Adult
18-29 (Young Adult),M,3.3,1,Adult
30-45 (Adult),F,10.0,1,Adult
18-29 (Young Adult),M,9.7,1,Adult
30-45 (Adult),F,1.7,1,Adult
18-29 (Young Adult),M,8.9,1,Adult
18-29 (Young Adult),F,8.4,1,Adult
30-45 (Adult),F,6.5,0,Adult
30-45 (Adult),M,2.1,1,Adult
18-29 (Young Adult),F,8.6,1,Adult
30-45 (Adult),M,7.0,0,Adult
30-45 (Adult),M,4.6,1,Adult
18-29 (Young Adult),F,2.9,0,Adult
18-29 (Young Adult),M,9.4,1,Adult
30-45 (Adult),F,9.7,1,Adult
30-45 (Adult),F,5.7,1,Adult
30-45 (Adult),M,1.6,1,Adult
18-29 (Young Adult),M,1.0,0,Adult
18-29 (Young Adult),F,1.0,1,Adult
30-45 (Adult),M,9.8,0,Adult
18-29 (Young Adult),F,6.7,1,Adult
30-45 (Adult),M,6.0,1,Adult
30-45 (Adult),F,9.8,1,Adult
30-45 (Adult),M,4.2,1,Adult
30-45 (Adult),M,5.3,1,Adult
18-29 (Young Adult),F,8.4,1,Adult
30-45 (Adult),M,3.7,0,Adult
18-29 (Young Adult),F,3.1,0,Adult
30-45 (Adult),M,2.7,1,Adult
30-45 (Adult),M,7.4,0,Adult
18-29 (Young Adult),M,8.9,0,Adult
30-45 (Adult),F,5.5,1,Adult
30-45 (Adult),M,7.3,1,Adult
30-45 (Adult),F,7.4,1,Adult
18-29 (Young Adult),M,8.0,1,Adult
30-45 (Adult),M,6.6,0,Adult
18-29 (Young Adult),M,2.7,1,Adult
18-29 (Young Adult),F,3.4,1,Adult
18-29 (Young Adult),M,9.7,0,Adult
30-45 (Adult),M,2.9,1,Adult
18-29 (Young Adult),M,4.1,1,Adult
18-29 (Young Adult),M,3.0,1,Adult
18-29 (Young Adult),F,1.1,1,Adult
18-29 (Young Adult),M,7.2,1,Adult
18-29 (Young Adult),F,4.8,1,Adult
30-45 (Adult),F,2.2,0,Adult
30-45 (Adult),M,6.1,1,Adult
30-45 (Adult),M,4.7,1,Adult
18-29 (Young Adult),M,6.0,0,Adult
30-45 (Adult),M,4.6,0,Adult
18-29 (Young Adult),M,3.1,0,Adult
30-45 (Adult),M,7.1,1,Adult
30-45 (Adult),F,7.6,1,Adult
30-45 (Adult),M,9.9,1,Adult
18-29 (Young Adult),F,1.2,1,Adult
18-29 (Young Adult),M,5.1,1,Adult
30-45 (Adult),F,8.7,1,Adult
30-45 (Adult),M,4.8,1,Adult
30-45 (Adult),M,1.5,1,Adult
30-45 (Adult),F,1.4,1,Adult
30-45 (Adult),F,9.0,1,Adult
30-45 (Adult),F,3.1,1,Adult
30-45 (Adult),F,5.1,1,Adult
30-45 (Adult),M,5.8,1,Adult
18-29 (Young Adult),M,9.4,0,Adult
18-29 (Young Adult),M,7.5,1,Adult
18-29 (Young Adult),F,8.9,0,Adult
30-45 (Adult),M,7.2,1,Adult
30-45 (Adult),M,3.7,0,Adult
18-29 (Young Adult),M,4.2,1,Adult
30-45 (Adult),F,8.5,1,Adult
18-29 (Young Adult),F,7.7,1,Adult
18-29 (Young Adult),F,7.6,1,Adult
30-45 (Adult),M,2.4,1,Adult
30-45 (Adult),F,2.8,1,Adult
30-45 (Adult),F,6.9,1,Adult
30-45 (Adult),F,2.8,0,Adult
30-45 (Adult),F,7.2,1,Adult
18-29 (Young Adult),M,5.6,0,Adult
30-45 (Adult),F,4.8,0,Adult
30-45 (Adult),M,5.1,0,Adult
18-29 (Young Adult),F,3.6,1,Adult
30-45 (Adult),F,8.4,0,Adult
18-29 (Young Adult),F,5.7,0,Adult
18-29 (Young Adult),M,4.0,1,Adult
30-45 (Adult),F,2.5,1,Adult
30-45 (Adult),F,6.5,1,Adult
30-45 (Adult),M,2.3,1,Adult
30-45 (Adult),F,7.7,1,Adult
18-29 (Young Adult),F,1.9,1,Adult
18-29 (Young Adult),F,5.4,1,Adult
30-45 (Adult),M,2.1,1,Adult
18-29 (Young Adult),F,5.5,1,Adult
30-45 (Adult),F,9.5,1,Adult
18-29 (Young Adult),M,3.6,1,Adult
18-29 (Young Adult),F,2.6,1,Adult
30-45 (Adult),M,4.0,0,Adult
18-29 (Young Adult),M,2.5,1,Adult
18-29 (Young Adult),M,8.4,1,Adult
18-29 (Young Adult),F,9.1,0,Adult
18-29 (Young Adult),M,6.1,0,Adult
18-29 (Young Adult),M,6.2,1,Adult
30-45 (Adult),F,6.4,0,Adult
30-45 (Adult),F,6.1,0,Adult
18-29 (Young Adult),M,3.7,1,Adult
30-45 (Adult),M,4.1,1,Adult
30-45 (Adult),M,5.3,1,Adult
18-29 (Young Adult),F,2.2,1,Adult
18-29 (Young Adult),M,3.5,0,Adult
18-29 (Young Adult),F,9.7,1,Adult
18-29 (Young Adult),M,8.6,1,Adult
30-45 (Adult),F,2.2,1,Adult
30-45 (Adult),M,2.8,0,Adult
18-29 (Young Adult),F,3.4,1,Adult
18-29 (Young Adult),F,6.2,1,Adult
30-45 (Adult),M,2.9,1,Adult
18-29 (Young Adult),F,2.2,1,Adult
18-29 (Young Adult),F,8.6,1,Adult
18-29 (Young Adult),M,1.7,1,Adult
18-29 (Young Adult),M,7.7,1,Adult
30-45 (Adult),F,5.1,1,Adult
30-45 (Adult),M,7.5,1,Adult
30-45 (Adult),F,7.0,1,Adult
30-45 (Adult),M,6.4,0,Adult
18-29 (Young Adult),M,5.9,0,Adult
30-45 (Adult),F,4.7,1,Adult
30-45 (Adult),F,3.7,0,Adult
30-45 (Adult),M,5.6,1,Adult
30-45 (Adult),M,8.5,1,Adult
18-29 (Young Adult),F,1.8,1,Adult
18-29 (Young Adult),M,3.3,1,Adult
18-29 (Young Adult),M,2.7,1,Adult
18-29 (Young Adult),F,4.2,0,Adult
18-29 (Young Adult),M,1.3,0,Adult
30-45 (Adult),M,2.0,1,Adult
30-45 (Adult),M,5.0,0,Adult
18-29 (Young Adult),F,8.4,1,Adult
30-45 (Adult),F,4.8,1,Adult
18-29 (Young Adult),F,2.5,0,Adult
18-29 (Young Adult),F,8.0,1,Adult
30-45 (Adult),M,3.9,0,Adult
18-29 (Young Adult),F,1.9,1,Adult
18-29 (Young Adult),F,1.0,1,Adult
18-29 (Young Adult),M,1.7,0,Adult
30-45 (Adult),M,7.4,1,Adult
30-45 (Adult),F,4.4,1,Adult
18-29 (Young Adult),M,8.8,1,Adult
30-45 (Adult),M,4.8,1,Adult
18-29 (Young Adult),M,4.4,1,Adult
30-45 (Adult),F,6.0,1,Adult
18-29 (Young Adult),M,4.5,1,Adult
18-29 (Young Adult),M,4.7,1,Adult
18-29 (Young Adult),M,1.6,0,Adult
18-29 (Young Adult),M,2.3,1,Adult
30-45 (Adult),M,1.4,0,Adult
18-29 (Young Adult),M,3.1,1,Adult
18-29 (Young Adult),F,7.8,1,Adult
30-45 (Adult),F,5.9,1,Adult
30-45 (Adult),M,6.5,1,Adult
18-29 (Young Adult),F,3.4,1,Adult
30-45 (Adult),M,9.1,0,Adult
30-45 (Adult),M,9.0,0,Adult
30-45 (Adult),M,5.2,1,Adult
30-45 (Adult),M,7.4,1,Adult
18-29 (Young Adult),M,6.1,1,Adult
30-45 (Adult),M,9.5,1,Adult
30-45 (Adult),M,6.9,0,Adult
18-29 (Young Adult),F,3.3,1,Adult
18-29 (Young Adult),F,2.9,0,Adult
30-45 (Adult),M,8.3,1,Adult
30-45 (Adult),F,9.2,1,Adult
30-45 (Adult),M,4.4,1,Adult
18-29 (Young Adult),M,5.2,1,Adult
30-45 (Adult),F,5.4,1,Adult
18-29 (Young Adult),M,8.6,1,Adult
30-45 (Adult),M,5.3,1,Adult
30-45 (Adult),F,8.0,1,Adult
18-29 (Young Adult),F,9.5,1,Adult
30-45 (Adult),M,5.7,1,Adult
18-29 (Young Adult),M,6.6,0,Adult
18-29 (Young Adult),M,7.5,1,Adult
18-29 (Young Adult),M,2.0,1,Adult
18-29 (Young Adult),F,7.4,0,Adult
30-45 (Adult),F,7.8,0,Adult
30-45 (Adult),M,9.6,1,Adult
18-29 (Young Adult),F,2.3,1,Adult
18-29 (Young Adult),F,2.8,0,Adult
18-29 (Young Adult),F,8.7,1,Adult
30-45 (Adult),F,6.9,0,Adult
30-45 (Adult),F,8.5,1,Adult
30-45 (Adult),F,3.1,1,Adult
30-45 (Adult),M,1.3,0,Adult
18-29 (Young Adult),F,7.5,0,Adult
30-45 (Adult),F,6.7,1,Adult
18-29 (Young Adult),F,10.0,0,Adult
30-45 (Adult),M,9.3,1,Adult
18-29 (Young Adult),F,3.8,1,Adult
30-45 (Adult),F,2.6,1,Adult
30-45 (Adult),F,1.4,1,Adult
30-45 (Adult),M,5.8,1,Adult
30-45 (Adult),F,3.8,1,Adult
30-45 (Adult),F,4.9,0,Adult
18-29 (Young Adult),M,7.1,1,Adult
30-45 (Adult),F,8.1,0,Adult
30-45 (Adult),M,6.2,1,Adult
18-29 (Young Adult),M,2.5,1,Adult
18-29 (Young Adult),F,4.2,0,Adult
30-45 (Adult),M,2.2,1,Adult
18-29 (Young Adult),F,3.8,0,Adult
18-29 (Young Adult),F,3.2,0,Adult
30-45 (Adult),M,9.4,1,Adult
30-45 (Adult),F,7.0,1,Adult
18-29 (Young Adult),M,5.7,1,Adult
30-45 (Adult),F,5.6,1,Adult
18-29 (Young Adult),F,6.5,1,Adult
30-45 (Adult),M,2.0,1,Adult
30-45 (Adult),F,8.7,1,Adult
30-45 (Adult),F,7.9,1,Adult
30-45 (Adult),F,10.0,1,Adult
30-45 (Adult),M,5.9,0,Adult
30-45 (Adult),F,2.8,1,Adult
18-29 (Young Adult),F,8.0,1,Adult
18-29 (Young Adult),M,7.3,0,Adult
18-29 (Young Adult),M,5.7,0,Adult
18-29 (Young Adult),F,2.4,1,Adult
18-29 (Young Adult),M,1.3,1,Adult
18-29 (Young Adult),F,7.6,0,Adult
30-45 (Adult),M,1.0,1,Adult
30-45 (Adult),M,9.4,1,Adult
30-45 (Adult),F,3.7,1,Adult
30-45 (Adult),F,8.8,0,Adult
18-29 (Young Adult),F,5.1,0,Adult
18-29 (Young Adult),M,1.3,1,Adult
18-29 (Young Adult),F,3.1,0,Adult
30-45 (Adult),M,6.0,1,Adult
18-29 (Young Adult),F,7.4,1,Adult
30-45 (Adult),M,1.1,1,Adult
30-45 (Adult),M,4.2,0,Adult
18-29 (Young Adult),F,7.7,0,Adult
30-45 (Adult),F,6.5,1,Adult
30-45 (Adult),M,1.3,1,Adult
30-45 (Adult),M,4.6,0,Adult
30-45 (Adult),F,6.3,1,Adult
30-45 (Adult),F,3.8,1,Adult
30-45 (Adult),F,4.3,1,Adult
18-29 (Young Adult),F,9.2,0,Adult
30-45 (Adult),M,10.0,1,Adult
30-45 (Adult),M,3.4,1,Adult
18-29 (Young Adult),F,1.6,0,Adult
30-45 (Adult),M,2.6,1,Adult
30-45 (Adult),M,7.2,1,Adult
30-45 (Adult),M,2.5,0,Adult
30-45 (Adult),M,7.0,0,Adult
18-29 (Young Adult),F,7.6,1,Adult
30-45 (Adult),F,6.5,0,Adult
30-45 (Adult),M,3.5,1,Adult
30-45 (Adult),F,3.5,1,Adult
30-45 (Adult),M,7.0,1,Adult
18-29 (Young Adult),M,3.8,1,Adult
30-45 (Adult),M,7.4,1,Adult
30-45 (Adult),F,2.8,1,Adult
30-45 (Adult),M,2.1,1,Adult
18-29 (Young Adult),M,3.4,1,Adult
30-45 (Adult),M,7.0,1,Adult
18-29 (Young Adult),F,4.6,1,Adult
18-29 (Young Adult),F,2.4,1,Adult
18-29 (Young Adult),M,7.3,1,Adult
18-29 (Young Adult),M,7.7,1,Adult
30-45 (Adult),F,3.4,1,Adult
18-29 (Young Adult),M,5.2,1,Adult
18-29 (Young Adult),F,7.7,0,Adult
30-45 (Adult),M,7.7,1,Adult
30-45 (Adult),F,1.9,1,Adult
30-45 (Adult),M,1.9,1,Adult
18-29 (Young Adult),M,5.9,1,Adult
30-45 (Adult),M,8.4,0,Adult
30-45 (Adult),M,8.3,1,Adult
30-45 (Adult),M,3.1,0,Adult
30-45 (Adult),F,1.2,1,Adult
18-29 (Young Adult),M,1.5,0,Adult
18-29 (Young Adult),M,7.2,1,Adult
18-29 (Young Adult),F,7.1,1,Adult
30-45 (Adult),F,9.1,1,Adult
18-29 (Young Adult),M,8.4,1,Adult
18-29 (Young Adult),F,4.2,1,Adult
30-45 (Adult),F,1.4,0,Adult
30-45 (Adult),F,7.5,1,Adult
30-45 (Adult),M,1.7,1,Adult
18-29 (Young Adult),M,3.5,1,Adult
18-29 (Young Adult),F,3.8,1,Adult
18-29 (Young Adult),M,5.0,1,Adult
18-29 (Young Adult),F,8.1,1,Adult
18-29 (Young Adult),M,3.3,1,Adult
18-29 (Young Adult),F,4.5,0,Adult
18-29 (Young Adult),F,2.1,0,Adult
30-45 (Adult),M,2.5,1,Adult
18-29 (Young Adult),F,5.1,0,Adult
18-29 (Young Adult),F,6.4,1,Adult
30-45 (Adult),M,1.1,0,Adult
18-29 (Young Adult),F,7.4,1,Adult
30-45 (Adult),M,7.1,1,Adult
30-45 (Adult),M,6.2,1,Adult
18-29 (Young Adult),M,5.7,1,Adult
30-45 (Adult),F,9.6,1,Adult
30-45 (Adult),F,8.8,0,Adult
30-45 (Adult),M,8.9,1,Adult
18-29 (Young Adult),M,9.5,1,Adult
18-29 (Young Adult),F,5.8,1,Adult
30-45 (Adult),F,7.5,1,Adult
18-29 (Young Adult),F,8.0,1,Adult
18-29 (Young Adult),M,9.0,0,Adult
18-29 (Young Adult),M,8.0,1,Adult
18-29 (Young Adult),F,3.7,0,Adult
18-29 (Young Adult),M,7.5,0,Adult
18-29 (Young Adult),M,6.5,1,Adult
30-45 (Adult),F,6.4,1,Adult
30-45 (Adult),M,3.1,1,Adult
30-45 (Adult),M,5.9,1,Adult
30-45 (Adult),F,5.0,1,Adult
18-29 (Young Adult),M,7.6,1,Adult
30-45 (Adult),M,2.3,0,Adult
30-45 (Adult),F,9.4,0,Adult
18-29 (Young Adult),F,4.0,1,Adult
18-29 (Young Adult),F,5.7,0,Adult
30-45 (Adult),M,7.4,1,Adult
18-29 (Young Adult),F,1.6,1,Adult
30-45 (Adult),M,7.5,1,Adult
30-45 (Adult),F,6.6,1,Adult
18-29 (Young Adult),M,3.2,1,Adult
30-45 (Adult),M,4.4,0,Adult
18-29 (Young Adult),M,5.7,1,Adult
30-45 (Adult),F,6.4,0,Adult
30-45 (Adult),M,2.0,0,Adult
30-45 (Adult),F,6.0,1,Adult
18-29 (Young Adult),F,1.0,1,Adult
30-45 (Adult),M,9.2,1,Adult
30-45 (Adult),M,3.8,1,Adult
30-45 (Adult),F,4.4,0,Adult
18-29 (Young Adult),M,5.4,1,Adult
18-29 (Young Adult),F,5.9,0,Adult
30-45 (Adult),F,5.9,1,Adult
18-29 (Young Adult),F,9.6,1,Adult
30-45 (Adult),M,4.7,1,Adult
30-45 (Adult),M,2.5,0,Adult
18-29 (Young Adult),F,6.1,1,Adult
18-29 (Young Adult),M,5.5,1,Adult
30-45 (Adult),M,7.6,1,Adult
18-29 (Young Adult),F,5.0,1,Adult
18-29 (Young Adult),F,6.9,1,Adult
18-29 (Young Adult),F,2.4,1,Adult
30-45 (Adult),F,2.3,1,Adult
18-29 (Young Adult),F,2.4,1,Adult
30-45 (Adult),M,8.7,1,Adult
18-29 (Young Adult),F,3.3,1,Adult
30-45 (Adult),M,9.5,0,Adult
18-29 (Young Adult),F,1.4,1,Adult
18-29 (Young Adult),F,7.0,0,Adult
18-29 (Young Adult),F,7.8,1,Adult
30-45 (Adult),M,4.4,1,Adult
30-45 (Adult),F,8.3,1,Adult
18-29 (Young Adult),M,4.4,1,Adult
30-45 (Adult),M,8.9,1,Adult
30-45 (Adult),M,4.5,1,Adult
18-29 (Young Adult),M,5.8,1,Adult
30-45 (Adult),F,5.5,1,Adult
30-45 (Adult),F,1.5,1,Adult
18-29 (Young Adult),F,4.8,1,Adult
18-29 (Young Adult),M,9.9,1,Adult
30-45 (Adult),M,8.1,0,Adult
30-45 (Adult),M,8.1,0,Adult
18-29 (Young Adult),M,9.3,1,Adult
30-45 (Adult),F,6.2,0,Adult
30-45 (Adult),F,5.0,1,Adult
18-29 (Young Adult),M,2.7,1,Adult
30-45 (Adult),F,1.8,1,Adult
30-45 (Adult),F,9.4,1,Adult
30-45 (Adult),M,9.1,1,Adult
30-45 (Adult),F,1.6,1,Adult
18-29 (Young Adult),F,4.1,0,Adult
30-45 (Adult),F,3.3,1,Adult
30-45 (Adult),M,9.4,0,Adult
18-29 (Young Adult),F,2.0,1,Adult
30-45 (Adult),F,2.7,1,Adult
30-45 (Adult),M,7.7,1,Adult
30-45 (Adult),M,3.3,0,Adult
18-29 (Young Adult),F,7.2,1,Adult
30-45 (Adult),M,7.4,0,Adult
30-45 (Adult),M,5.2,0,Adult
30-45 (Adult),M,5.7,1,Adult
18-29 (Young Adult),F,7.0,1,Adult
18-29 (Young Adult),M,6.9,1,Adult
18-29 (Young Adult),F,4.4,0,Adult
18-29 (Young Adult),F,9.4,0,Adult
18-29 (Young Adult),M,8.7,1,Adult
18-29 (Young Adult),F,8.1,1,Adult
18-29 (Young Adult),F,3.2,0,Adult
30-45 (Adult),F,9.9,1,Adult
30-45 (Adult),F,7.8,0,Adult
18-29 (Young Adult),F,2.3,0,Adult
18-29 (Young Adult),M,8.1,1,Adult
30-45 (Adult),F,1.9,1,Adult
18-29 (Young Adult),F,2.1,0,Adult
30-45 (Adult),M,3.3,0,Adult
30-45 (Adult),M,1.5,1,Adult
18-29 (Young Adult),M,7.6,1,Adult
30-45 (Adult),F,4.9,0,Adult
18-29 (Young Adult),M,6.3,0,Adult
30-45 (Adult),F,3.2,0,Adult
30-45 (Adult),F,5.0,1,Adult
18-29 (Young Adult),F,1.7,1,Adult
30-45 (Adult),M,8.7,0,Adult
30-45 (Adult),M,7.0,1,Adult
30-45 (Adult),M,2.1,1,Adult
30-45 (Adult),M,5.8,0,Adult
18-29 (Young Adult),M,8.1,1,Adult
30-45 (Adult),M,1.7,0,Adult
18-29 (Young Adult),F,8.8,1,Adult
30-45 (Adult),M,10.0,1,Adult
30-45 (Adult),M,3.8,0,Adult
18-29 (Young Adult),M,9.3,0,Adult
30-45 (Adult),M,7.2,1,Adult
30-45 (Adult),F,4.2,0,Adult
30-45 (Adult),F,4.3,1,Adult
18-29 (Young Adult),F,8.1,0,Adult
18-29 (Young Adult),F,2.2,1,Adult
30-45 (Adult),M,8.2,1,Adult
18-29 (Young Adult),M,1.9,1,Adult
18-29 (Young Adult),F,4.1,1,Adult
30-45 (Adult),F,4.7,1,Adult
18-29 (Young Adult),M,2.4,1,Adult
18-29 (Young Adult),F,3.3,1,Adult
18-29 (Young Adult),F,4.0,1,Adult
18-29 (Young Adult),M,5.2,0,Adult
18-29 (Young Adult),M,2.8,1,Adult
30-45 (Adult),M,2.2,1,Adult
18-29 (Young Adult),F,2.2,0,Adult
30-45 (Adult),F,6.0,0,Adult
18-29 (Young Adult),M,2.9,1,Adult
18-29 (Young Adult),F,1.3,1,Adult
18-29 (Young Adult),F,8.9,0,Adult
30-45 (Adult),F,8.0,1,Adult
30-45 (Adult),F,1.9,1,Adult
18-29 (Young Adult),M,7.5,1,Adult
30-45 (Adult),M,6.7,0,Adult
30-45 (Adult),F,9.6,1,Adult
30-45 (Adult),M,2.4,1,Adult
30-45 (Adult),M,7.4,1,Adult
30-45 (Adult),M,6.6,0,Adult
18-29 (Young Adult),M,7.6,0,Adult
30-45 (Adult),M,5.7,0,Adult
30-45 (Adult),F,9.7,1,Adult
18-29 (Young Adult),M,10.0,1,Adult
30-45 (Adult),M,8.1,1,Adult
18-29 (Young Adult),M,7.9,1,Adult
30-45 (Adult),M,8.5,1,Adult
30-45 (Adult),M,2.9,0,Adult
30-45 (Adult),F,3.8,1,Adult
30-45 (Adult),M,5.3,1,Adult
30-45 (Adult),F,6.3,1,Adult
30-45 (Adult),F,9.0,1,Adult
30-45 (Adult),F,3.6,1,Adult
18-29 (Young Adult),F,6.5,1,Adult
18-29 (Young Adult),M,4.6,1,Adult
30-45 (Adult),F,7.1,0,Adult
18-29 (Young Adult),F,4.7,0,Adult
30-45 (Adult),F,9.7,1,Adult
30-45 (Adult),M,1.0,0,Adult
30-45 (Adult),M,4.7,1,Adult
30-45 (Adult),M,2.4,1,Adult
18-29 (Young Adult),F,4.1,1,Adult
30-45 (Adult),M,8.2,1,Adult
18-29 (Young Adult),F,5.7,0,Adult
30-45 (Adult),M,9.5,1,Adult
30-45 (Adult),M,7.7,0,Adult
30-45 (Adult),F,7.1,0,Adult
30-45 (Adult),M,6.9,0,Adult
30-45 (Adult),M,8.3,1,Adult
18-29 (Young Adult),M,1.7,1,Adult
30-45 (Adult),F,8.0,1,Adult
18-29 (Young Adult),F,3.4,1,Adult
30-45 (Adult),M,3.2,1,Adult
30-45 (Adult),M,2.1,1,Adult
18-29 (Young Adult),F,5.1,1,Adult
30-45 (Adult),F,3.6,1,Adult
30-45 (Adult),M,9.0,1,Adult
30-45 (Adult),F,1.7,1,Adult
18-29 (Young Adult),F,8.3,0,Adult
18-29 (Young Adult),M,5.7,1,Adult
30-45 (Adult),M,4.7,0,Adult
30-45 (Adult),F,7.3,1,Adult
18-29 (Young Adult),F,8.8,0,Adult
30-45 (Adult),M,1.7,0,Adult
18-29 (Young Adult),F,2.6,1,Adult
30-45 (Adult),F,10.0,1,Adult
18-29 (Young Adult),M,9.1,0,Adult
18-29 (Young Adult),M,9.0,1,Adult
30-45 (Adult),F,9.8,1,Adult
18-29 (Young Adult),M,8.8,0,Adult
30-45 (Adult),F,2.7,1,Adult
18-29 (Young Adult),M,5.0,1,Adult
30-45 (Adult),F,5.9,1,Adult
18-29 (Young Adult),M,10.0,1,Adult
18-29 (Young Adult),M,8.5,1,Adult
18-29 (Young Adult),F,2.2,1,Adult
18-29 (Young Adult),M,5.2,1,Adult
30-45 (Adult),F,1.4,1,Adult
30-45 (Adult),F,9.9,1,Adult
18-29 (Young Adult),F,1.5,1,Adult
18-29 (Young Adult),M,1.1,1,Adult
30-45 (Adult),F,9.3,1,Adult
30-45 (Adult),M,5.8,1,Adult
18-29 (Young Adult),F,3.8,1,Adult
30-45 (Adult),M,6.7,1,Adult
18-29 (Young Adult),M,7.2,0,Adult
30-45 (Adult),F,10.0,1,Adult
18-29 (Young Adult),F,9.4,1,Adult
30-45 (Adult),F,2.3,0,Adult
18-29 (Young Adult),F,1.1,1,Adult
18-29 (Young Adult),M,9.8,1,Adult
18-29 (Young Adult),M,1.7,0,Adult
18-29 (Young Adult),M,6.8,0,Adult
30-45 (Adult),M,3.0,1,Adult
30-45 (Adult),M,3.6,1,Adult
30-45 (Adult),F,7.6,1,Adult
30-45 (Adult),M,8.9,1,Adult
30-45 (Adult),M,5.9,1,Adult
18-29 (Young Adult),F,3.4,1,Adult
30-45 (Adult),F,2.7,0,Adult
18-29 (Young Adult),F,5.6,0,Adult
18-29 (Young Adult),F,5.1,1,Adult
18-29 (Young Adult),F,7.5,1,Adult
18-29 (Young Adult),F,8.9,1,Adult
18-29 (Young Adult),M,5.0,1,Adult
18-29 (Young Adult),M,3.3,1,Adult
18-29 (Young Adult),M,5.0,1,Adult
18-29 (Young Adult),M,6.2,1,Adult
30-45 (Adult),M,9.8,0,Adult
30-45 (Adult),M,9.1,1,Adult
30-45 (Adult),F,3.1,1,Adult
30-45 (Adult),F,1.2,1,Adult
18-29 (Young Adult),M,4.5,0,Adult
18-29 (Young Adult),F,8.0,0,Adult
18-29 (Young Adult),M,9.5,0,Adult
30-45 (Adult),F,6.5,1,Adult
30-45 (Adult),M,9.7,0,Adult
30-45 (Adult),M,8.5,1,Adult
30-45 (Adult),M,2.4,1,Adult
18-29 (Young Adult),M,5.9,1,Adult
30-45 (Adult),M,9.6,1,Adult
30-45 (Adult),M,3.0,1,Adult
30-45 (Adult),M,7.1,1,Adult
18-29 (Young Adult),F,7.7,1,Adult
18-29 (Young Adult),M,8.0,0,Adult
30-45 (Adult),M,9.6,1,Adult
18-29 (Young Adult),M,3.8,1,Adult
30-45 (Adult),M,5.5,1,Adult
30-45 (Adult),M,1.9,0,Adult
30-45 (Adult),F,2.7,1,Adult
18-29 (Young Adult),F,3.2,1,Adult
18-29 (Young Adult),M,1.5,1,Adult
30-45 (Adult),M,3.2,1,Adult
30-45 (Adult),F,4.2,1,Adult
30-45 (Adult),M,8.3,1,Adult
18-29 (Young Adult),M,4.9,1,Adult
30-45 (Adult),F,5.3,0,Adult
30-45 (Adult),M,6.1,0,Adult
18-29 (Young Adult),F,7.9,0,Adult
30-45 (Adult),M,9.3,0,Adult
30-45 (Adult),F,2.2,0,Adult
30-45 (Adult),F,8.2,1,Adult
18-29 (Young Adult),F,4.4,0,Adult
30-45 (Adult),M,6.3,1,Adult
30-45 (Adult),M,5.3,0,Adult
30-45 (Adult),M,3.1,1,Adult
18-29 (Young Adult),F,1.5,1,Adult
30-45 (Adult),M,4.0,0,Adult
18-29 (Young Adult),F,5.4,0,Adult
18-29 (Young Adult),F,4.4,1,Adult
30-45 (Adult),F,1.9,1,Adult
30-45 (Adult),M,7.8,0,Adult
30-45 (Adult),M,6.0,1,Adult
18-29 (Young Adult),M,3.3,1,Adult
30-45 (Adult),F,2.8,1,Adult
30-45 (Adult),M,10.0,1,Adult
18-29 (Young Adult),M,5.9,1,Adult
18-29 (Young Adult),M,9.3,1,Adult
30-45 (Adult),F,8.8,1,Adult
18-29 (Young Adult),M,8.1,0,Adult
18-29 (Young Adult),M,2.6,0,Adult
18-29 (Young Adult),F,7.8,0,Adult
30-45 (Adult),F,5.6,0,Adult
18-29 (Young Adult),M,2.4,1,Adult
18-29 (Young Adult),F,9.4,1,Adult
18-29 (Young Adult),M,9.5,1,Adult
18-29 (Young Adult),M,3.7,0,Adult
30-45 (Adult),F,9.1,1,Adult
30-45 (Adult),F,5.5,1,Adult
30-45 (Adult),M,9.6,1,Adult
30-45 (Adult),F,8.8,1,Adult
18-29 (Young Adult),M,4.9,0,Adult
30-45 (Adult),M,7.7,1,Adult
18-29 (Young Adult),F,4.6,1,Adult
30-45 (Adult),M,1.7,0,Adult
18-29 (Young Adult),F,4.4,1,Adult
30-45 (Adult),F,5.6,0,Adult
30-45 (Adult),M,5.7,1,Adult
18-29 (Young Adult),F,3.0,1,Adult
18-29 (Young Adult),M,9.3,1,Adult
18-29 (Young Adult),F,5.1,0,Adult
18-29 (Young Adult),M,6.3,0,Adult
30-45 (Adult),F,3.9,1,Adult
30-45 (Adult),M,6.8,0,Adult
18-29 (Young Adult),F,6.0,0,Adult
30-45 (Adult),M,4.1,1,Adult
18-29 (Young Adult),F,1.2,1,Adult
18-29 (Young Adult),M,3.3,1,Adult
30-45 (Adult),F,1.8,0,Adult
18-29 (Young Adult),F,1.8,1,Adult
18-29 (Young Adult),F,8.4,1,Adult
30-45 (Adult),M,7.9,1,Adult
30-45 (Adult),M,4.2,1,Adult
18-29 (Young Adult),M,7.3,1,Adult
18-29 (Young Adult),M,3.4,1,Adult
18-29 (Young Adult),M,6.5,0,Adult
30-45 (Adult),M,9.8,1,Adult
30-45 (Adult),M,8.0,1,Adult
18-29 (Young Adult),M,2.4,1,Adult
30-45 (Adult),F,9.2,1,Adult
30-45 (Adult),M,4.6,1,Adult
18-29 (Young Adult),M,8.6,1,Adult
30-45 (Adult),M,2.9,1,Adult
18-29 (Young Adult),F,8.6,1,Adult
18-29 (Young Adult),M,2.9,1,Adult
18-29 (Young Adult),F,7.5,1,Adult
30-45 (Adult),F,2.1,1,Adult
30-45 (Adult),F,6.3,1,Adult
30-45 (Adult),M,6.4,0,Adult
18-29 (Young Adult),F,5.8,1,Adult
18-29 (Young Adult),F,1.6,1,Adult
18-29 (Young Adult),M,2.0,1,Adult
30-45 (Adult),M,8.2,1,Adult
30-45 (Adult),M,3.3,1,Adult
30-45 (Adult),F,7.2,0,Adult
30-45 (Adult),M,5.1,1,Adult
30-45 (Adult),F,8.7,0,Adult
18-29 (Young Adult),M,4.2,1,Adult
30-45 (Adult),M,2.6,1,Adult
30-45 (Adult),F,4.4,1,Adult
18-29 (Young Adult),M,3.8,1,Adult
30-45 (Adult),F,2.0,0,Adult
30-45 (Adult),F,3.7,1,Adult
18-29 (Young Adult),M,7.5,1,Adult
30-45 (Adult),M,6.5,0,Adult
30-45 (Adult),M,9.6,0,Adult
30-45 (Adult),M,9.0,0,Adult
18-29 (Young Adult),M,5.4,1,Adult
30-45 (Adult),M,5.0,0,Adult
30-45 (Adult),M,8.8,1,Adult
30-45 (Adult),F,6.4,1,Adult
18-29 (Young Adult),F,7.2,1,Adult
18-29 (Young Adult),F,2.0,1,Adult
30-45 (Adult),M,8.1,1,Adult
30-45 (Adult),F,6.4,1,Adult
18-29 (Young Adult),F,3.3,0,Adult
30-45 (Adult),M,1.7,1,Adult
30-45 (Adult),F,3.0,1,Adult
18-29 (Young Adult),M,7.0,0,Adult
30-45 (Adult),M,3.7,0,Adult
30-45 (Adult),M,4.5,1,Adult
18-29 (Young Adult),F,2.1,0,Adult
18-29 (Young Adult),F,4.2,1,Adult
18-29 (Young Adult),M,5.9,1,Adult
18-29 (Young Adult),M,6.5,0,Adult
18-29 (Young Adult),F,5.2,0,Adult
18-29 (Young Adult),F,7.7,0,Adult
18-29 (Young Adult),M,7.3,1,Adult
18-29 (Young Adult),M,3.9,1,Adult
18-29 (Young Adult),F,7.4,0,Adult
30-45 (Adult),M,9.0,1,Adult
18-29 (Young Adult),F,5.9,1,Adult
30-45 (Adult),M,7.8,1,Adult
18-29 (Young Adult),F,5.3,0,Adult
30-45 (Adult),M,4.8,1,Adult
30-45 (Adult),F,3.4,1,Adult
30-45 (Adult),F,7.5,1,Adult
18-29 (Young Adult),F,7.2,1,Adult
18-29 (Young Adult),M,5.1,0,Adult
18-29 (Young Adult),F,3.8,1,Adult
30-45 (Adult),M,3.6,1,Adult
30-45 (Adult),M,5.3,1,Adult
18-29 (Young Adult),M,1.5,1,Adult
18-29 (Young Adult),F,8.5,0,Adult
30-45 (Adult),F,3.9,0,Adult
18-29 (Young Adult),F,5.2,0,Adult
30-45 (Adult),M,8.7,0,Adult
18-29 (Young Adult),M,6.7,1,Adult
30-45 (Adult),F,3.1,1,Adult
30-45 (Adult),F,9.6,1,Adult
30-45 (Adult),F,1.8,0,Adult
30-45 (Adult),M,8.5,0,Adult
18-29 (Young Adult),M,5.3,1,Adult
30-45 (Adult),F,7.1,1,Adult
18-29 (Young Adult),M,3.1,1,Adult
18-29 (Young Adult),F,8.8,1,Adult
30-45 (Adult),M,7.6,1,Adult
30-45 (Adult),M,9.3,0,Adult
30-45 (Adult),M,9.9,0,Adult
30-45 (Adult),F,6.0,1,Adult
30-45 (Adult),M,4.3,1,Adult
18-29 (Young Adult),F,4.5,0,Adult
30-45 (Adult),M,3.1,0,Adult
18-29 (Young Adult),M,7.5,1,Adult
18-29 (Young Adult),F,3.4,1,Adult
18-29 (Young Adult),M,5.6,1,Adult
18-29 (Young Adult),M,6.2,1,Adult
30-45 (Adult),F,9.7,0,Adult
30-45 (Adult),F,9.1,0,Adult
18-29 (Young Adult),F,4.0,1,Adult
18-29 (Young Adult),M,8.2,1,Adult
18-29 (Young Adult),F,9.2,1,Adult
18-29 (Young Adult),M,7.1,1,Adult
18-29 (Young Adult),M,7.0,1,Adult
30-45 (Adult),F,9.2,1,Adult
18-29 (Young Adult),F,4.0,1,Adult
18-29 (Young Adult),F,8.2,1,Adult
30-45 (Adult),M,8.7,1,Adult
30-45 (Adult),M,2.5,1,Adult
18-29 (Young Adult),M,2.7,1,Adult
18-29 (Young Adult),M,8.9,1,Adult
18-29 (Young Adult),F,2.9,1,Adult
30-45 (Adult),F,8.5,1,Adult
30-45 (Adult),F,8.8,1,Adult
18-29 (Young Adult),M,3.1,0,Adult
18-29 (Young Adult),M,3.9,1,Adult
30-45 (Adult),F,6.7,1,Adult
18-29 (Young Adult),M,6.4,0,Adult
30-45 (Adult),F,1.8,0,Adult
30-45 (Adult),M,3.0,1,Adult
30-45 (Adult),F,5.9,0,Adult
18-29 (Young Adult),M,8.8,1,Adult
30-45 (Adult),M,3.5,0,Adult
30-45 (Adult),F,8.5,0,Adult
30-45 (Adult),F,3.6,0,Adult
30-45 (Adult),M,5.8,0,Adult
30-45 (Adult),F,4.5,1,Adult
30-45 (Adult),F,8.4,1,Adult
30-45 (Adult),M,5.5,1,Adult
30-45 (Adult),M,6.1,1,Adult
18-29 (Young Adult),M,5.0,0,Adult
18-29 (Young Adult),M,7.8,0,Adult
30-45 (Adult),M,9.1,1,Adult
30-45 (Adult),F,3.7,1,Adult
18-29 (Young Adult),F,7.4,1,Adult
18-29 (Young Adult),F,9.5,1,Adult
18-29 (Young Adult),F,4.1,0,Adult
30-45 (Adult),M,3.4,1,Adult
30-45 (Adult),F,8.9,1,Adult
18-29 (Young Adult),M,4.6,0,Adult
30-45 (Adult),M,9.1,0,Adult
18-29 (Young Adult),M,6.1,1,Adult
30-45 (Adult),F,8.8,1,Adult
18-29 (Young Adult),F,6.1,1,Adult
30-45 (Adult),M,6.4,1,Adult
18-29 (Young Adult),F,5.3,1,Adult
18-29 (Young Adult),M,9.0,1,Adult
30-45 (Adult),F,1.2,0,Adult
18-29 (Young Adult),F,3.5,1,Adult
18-29 (Young Adult),M,6.5,0,Adult
30-45 (Adult),F,9.0,1,Adult
18-29 (Young Adult),M,7.0,1,Adult
18-29 (Young Adult),F,9.6,1,Adult
30-45 (Adult),F,9.4,0,Adult
18-29 (Young Adult),F,4.5,0,Adult
18-29 (Young Adult),F,6.1,1,Adult
30-45 (Adult),F,1.0,1,Adult
30-45 (Adult),F,7.2,0,Adult
18-29 (Young Adult),F,9.6,1,Adult
30-45 (Adult),M,1.6,1,Adult
30-45 (Adult),M,9.4,1,Adult
30-45 (Adult),M,6.8,1,Adult
30-45 (Adult),M,8.1,0,Adult
18-29 (Young Adult),M,6.0,1,Adult
30-45 (Adult),F,8.8,1,Adult
18-29 (Young Adult),F,4.0,0,Adult
30-45 (Adult),M,3.5,1,Adult
30-45 (Adult),F,4.5,1,Adult
30-45 (Adult),F,6.4,1,Adult
30-45 (Adult),M,5.8,1,Adult
30-45 (Adult),M,6.9,0,Adult
30-45 (Adult),M,4.7,1,Adult
18-29 (Young Adult),M,9.8,1,Adult
30-45 (Adult),F,5.4,0,Adult
30-45 (Adult),M,2.0,0,Adult
30-45 (Adult),M,3.9,1,Adult
30-45 (Adult),F,6.3,1,Adult
30-45 (Adult),F,2.8,1,Adult
30-45 (Adult),F,9.7,0,Adult
30-45 (Adult),M,9.5,0,Adult
18-29 (Young Adult),M,3.9,0,Adult
30-45 (Adult),M,3.3,0,Adult
30-45 (Adult),M,1.5,1,Adult
30-45 (Adult),F,5.1,0,Adult
30-45 (Adult),F,9.9,1,Adult
30-45 (Adult),F,9.4,1,Adult
30-45 (Adult),M,4.7,0,Adult
18-29 (Young Adult),F,2.2,0,Adult
30-45 (Adult),F,1.8,1,Adult
30-45 (Adult),F,4.5,1,Adult
18-29 (Young Adult),M,6.7,0,Adult
30-45 (Adult),F,6.0,1,Adult
30-45 (Adult),M,3.0,0,Adult
30-45 (Adult),F,7.2,1,Adult
30-45 (Adult),M,9.0,1,Adult
30-45 (Adult),F,4.6,1,Adult
18-29 (Young Adult),M,6.4,1,Adult
18-29 (Young Adult),F,6.4,0,Adult
30-45 (Adult),F,9.7,1,Adult
18-29 (Young Adult),M,8.2,1,Adult
30-45 (Adult),M,1.4,1,Adult
30-45 (Adult),M,4.8,0,Adult
18-29 (Young Adult),M,9.0,1,Adult
30-45 (Adult),M,7.3,0,Adult
30-45 (Adult),M,7.2,1,Adult
18-29 (Young Adult),F,1.6,0,Adult
30-45 (Adult),F,2.0,1,Adult
18-29 (Young Adult),F,3.9,1,Adult
18-29 (Young Adult),M,5.7,1,Adult
30-45 (Adult),M,5.4,0,Adult
30-45 (Adult),M,1.3,1,Adult
30-45 (Adult),F,3.6,1,Adult
30-45 (Adult),M,8.0,1,Adult
18-29 (Young Adult),M,8.3,0,Adult
30-45 (Adult),M,6.4,1,Adult
30-45 (Adult),M,6.8,1,Adult
30-45 (Adult),F,5.6,0,Adult
30-45 (Adult),M,8.5,1,Adult
18-29 (Young Adult),F,1.8,1,Adult
30-45 (Adult),M,3.4,1,Adult
30-45 (Adult),F,1.4,1,Adult
18-29 (Young Adult),M,4.0,1,Adult
30-45 (Adult),M,3.9,1,Adult
30-45 (Adult),M,8.6,1,Adult
18-29 (Young Adult),F,8.1,1,Adult
18-29 (Young Adult),M,7.2,0,Adult
18-29 (Young Adult),M,6.2,0,Adult
30-45 (Adult),M,2.2,1,Adult
30-45 (Adult),M,5.6,1,Adult
30-45 (Adult),F,6.7,1,Adult
30-45 (Adult),M,7.0,1,Adult
30-45 (Adult),F,6.6,1,Adult
18-29 (Young Adult),F,3.5,1,Adult
30-45 (Adult),M,1.7,1,Adult
18-29 (Young Adult),M,5.1,0,Adult
18-29 (Young Adult),M,3.9,1,Adult
30-45 (Adult),M,6.1,1,Adult
18-29 (Young Adult),M,9.0,1,Adult
18-29 (Young Adult),F,5.6,1,Adult
30-45 (Adult),F,5.0,0,Adult
30-45 (Adult),M,7.4,0,Adult
18-29 (Young Adult),F,4.1,1,Adult
30-45 (Adult),F,3.6,1,Adult
30-45 (Adult),M,7.4,1,Adult
30-45 (Adult),M,5.6,0,Adult
18-29 (Young Adult),F,4.1,1,Adult
30-45 (Adult),F,1.7,1,Adult
30-45 (Adult),F,9.3,0,Adult
18-29 (Young Adult),F,8.8,1,Adult
18-29 (Young Adult),M,1.6,1,Adult
30-45 (Adult),F,9.2,1,Adult
30-45 (Adult),F,5.0,1,Adult
30-45 (Adult),F,8.4,1,Adult
18-29 (Young Adult),M,1.6,1,Adult
30-45 (Adult),M,8.7,1,Adult
30-45 (Adult),F,4.5,1,Adult
18-29 (Young Adult),F,3.3,1,Adult
18-29 (Young Adult),F,8.3,0,Adult
18-29 (Young Adult),F,1.2,1,Adult
30-45 (Adult),F,6.9,1,Adult
30-45 (Adult),M,7.4,1,Adult
30-45 (Adult),M,5.0,1,Adult
18-29 (Young Adult),M,4.5,1,Adult
18-29 (Young Adult),M,8.0,1,Adult
30-45 (Adult),M,8.4,1,Adult
30-45 (Adult),F,4.2,0,Adult
30-45 (Adult),M,6.9,0,Adult
30-45 (Adult),F,4.5,0,Adult
30-45 (Adult),F,6.6,1,Adult
30-45 (Adult),F,8.4,1,Adult
30-45 (Adult),F,8.7,0,Adult
30-45 (Adult),M,2.1,1,Adult
18-29 (Young Adult),F,2.2,1,Adult
30-45 (Adult),M,3.6,0,Adult
30-45 (Adult),M,1.1,0,Adult
30-45 (Adult),F,2.7,1,Adult
18-29 (Young Adult),F,4.7,0,Adult
18-29 (Young Adult),F,3.0,1,Adult
18-29 (Young Adult),M,6.1,0,Adult
18-29 (Young Adult),M,3.4,1,Adult
30-45 (Adult),F,7.6,1,Adult
18-29 (Young Adult),F,1.2,1,Adult
30-45 (Adult),F,9.2,0,Adult
30-45 (Adult),M,8.7,0,Adult
18-29 (Young Adult),F,1.2,1,Adult
18-29 (Young Adult),F,5.7,1,Adult
18-29 (Young Adult),M,5.4,1,Adult
30-45 (Adult),M,5.4,1,Adult
18-29 (Young Adult),F,8.2,1,Adult
30-45 (Adult),F,4.4,0,Adult
30-45 (Adult),M,4.2,1,Adult
18-29 (Young Adult),F,5.9,1,Adult
18-29 (Young Adult),F,2.3,1,Adult
30-45 (Adult),F,2.8,1,Adult
30-45 (Adult),M,9.2,0,Adult
30-45 (Adult),F,6.8,1,Adult
30-45 (Adult),M,4.5,0,Adult
30-45 (Adult),F,4.9,0,Adult
18-29 (Young Adult),F,3.1,1,Adult
18-29 (Young Adult),M,7.5,1,Adult
30-45 (Adult),M,1.4,1,Adult
30-45 (Adult),M,6.9,1,Adult
18-29 (Young Adult),M,1.9,1,Adult
30-45 (Adult),F,7.5,0,Adult
18-29 (Young Adult),M,2.8,1,Adult
30-45 (Adult),F,6.3,1,Adult
18-29 (Young Adult),F,7.3,0,Adult
30-45 (Adult),F,4.3,1,Adult
30-45 (Adult),F,6.1,1,Adult
18-29 (Young Adult),F,7.2,1,Adult
30-45 (Adult),M,5.6,0,Adult
18-29 (Young Adult),F,3.2,0,Adult
18-29 (Young Adult),M,3.2,1,Adult
30-45 (Adult),M,1.7,1,Adult
30-45 (Adult),M,5.9,1,Adult
30-45 (Adult),M,4.6,1,Adult
30-45 (Adult),F,1.5,1,Adult
18-29 (Young Adult),M,7.9,1,Adult
18-29 (Young Adult),M,5.5,1,Adult
30-45 (Adult),M,7.8,1,Adult
18-29 (Young Adult),F,5.1,1,Adult
18-29 (Young Adult),F,5.4,1,Adult
30-45 (Adult),F,1.9,1,Adult
18-29 (Young Adult),M,7.9,1,Adult
30-45 (Adult),M,2.0,0,Adult
18-29 (Young Adult),M,1.7,1,Adult
30-45 (Adult),M,5.2,0,Adult
18-29 (Young Adult),M,8.6,1,Adult
30-45 (Adult),M,3.0,1,Adult
30-45 (Adult),M,6.3,1,Adult
30-45 (Adult),M,7.5,1,Adult
30-45 (Adult),M,6.9,0,Adult
30-45 (Adult),F,1.8,0,Adult
18-29 (Young Adult),F,9.9,1,Adult
30-45 (Adult),M,9.6,1,Adult
30-45 (Adult),M,5.8,1,Adult
18-29 (Young Adult),M,6.6,1,Adult
18-29 (Young Adult),M,1.8,1,Adult
18-29 (Young Adult),M,10.0,1,Adult
30-45 (Adult),M,5.2,1,Adult
30-45 (Adult),M,4.5,0,Adult
18-29 (Young Adult),F,5.7,1,Adult
30-45 (Adult),F,2.0,1,Adult
18-29 (Young Adult),F,9.6,1,Adult
30-45 (Adult),F,9.9,1,Adult
30-45 (Adult),F,9.1,1,Adult
30-45 (Adult),M,8.8,0,Adult
30-45 (Adult),F,6.2,0,Adult
18-29 (Young Adult),F,1.6,1,Adult
18-29 (Young Adult),F,3.7,1,Adult
30-45 (Adult),M,7.0,1,Adult
30-45 (Adult),F,3.2,1,Adult
30-45 (Adult),M,3.2,1,Adult
30-45 (Adult),F,7.6,1,Adult
30-45 (Adult),F,7.2,0,Adult
18-29 (Young Adult),M,1.3,1,Adult
30-45 (Adult),M,3.9,0,Adult
30-45 (Adult),M,6.8,1,Adult
30-45 (Adult),F,5.3,0,Adult
30-45 (Adult),M,1.8,0,Adult
30-45 (Adult),M,10.0,1,Adult
18-29 (Young Adult),F,6.8,1,Adult
30-45 (Adult),M,9.5,1,Adult
30-45 (Adult),F,8.1,1,Adult
30-45 (Adult),F,2.9,0,Adult
18-29 (Young Adult),M,7.9,1,Adult
30-45 (Adult),F,2.2,1,Adult
30-45 (Adult),M,1.5,0,Adult
18-29 (Young Adult),F,2.4,1,Adult
30-45 (Adult),M,6.2,0,Adult
30-45 (Adult),M,4.5,1,Adult
30-45 (Adult),F,9.7,1,Adult
18-29 (Young Adult),M,3.7,0,Adult
18-29 (Young Adult),M,7.8,0,Adult
18-29 (Young Adult),M,6.9,0,Adult
30-45 (Adult),F,6.7,0,Adult
18-29 (Young Adult),F,3.2,1,Adult
18-29 (Young Adult),M,7.4,1,Adult
30-45 (Adult),M,6.7,1,Adult
18-29 (Young Adult),M,6.9,1,Adult
18-29 (Young Adult),M,7.4,0,Adult
30-45 (Adult),F,4.7,1,Adult
30-45 (Adult),F,4.8,0,Adult
30-45 (Adult),M,2.1,1,Adult
30-45 (Adult),M,1.2,1,Adult
18-29 (Young Adult),F,6.2,1,Adult
30-45 (Adult),F,2.4,1,Adult
30-45 (Adult),F,9.7,1,Adult
30-45 (Adult),F,5.1,1,Adult
30-45 (Adult),M,8.9,0,Adult
30-45 (Adult),M,3.8,1,Adult
18-29 (Young Adult),F,4.8,1,Adult
18-29 (Young Adult),F,2.3,0,Adult
18-29 (Young Adult),M,1.5,0,Adult
30-45 (Adult),M,7.4,1,Adult
30-45 (Adult),M,7.8,1,Adult
30-45 (Adult),M,6.5,1,Adult
18-29 (Young Adult),F,1.2,1,Adult
18-29 (Young Adult),F,5.0,1,Adult
30-45 (Adult),F,4.1,0,Adult
30-45 (Adult),M,8.0,1,Adult
18-29 (Young Adult),M,6.2,0,Adult
30-45 (Adult),M,6.4,0,Adult
30-45 (Adult),M,2.2,1,Adult
18-29 (Young Adult),F,3.6,0,Adult
30-45 (Adult),F,4.8,1,Adult
30-45 (Adult),F,7.8,1,Adult
30-45 (Adult),F,5.9,0,Adult
18-29 (Young Adult),M,6.2,1,Adult
30-45 (Adult),F,7.4,1,Adult
18-29 (Young Adult),M,5.6,1,Adult
18-29 (Young Adult),M,8.4,1,Adult
30-45 (Adult),F,6.5,0,Adult
30-45 (Adult),F,6.9,0,Adult
30-45 (Adult),M,9.3,1,Adult
18-29 (Young Adult),F,4.0,1,Adult
30-45 (Adult),M,1.0,1,Adult
18-29 (Young Adult),M,5.8,1,Adult
30-45 (Adult),F,8.6,1,Adult
30-45 (Adult),F,6.5,0,Adult
30-45 (Adult),M,4.4,1,Adult
18-29 (Young Adult),F,5.9,1,Adult
18-29 (Young Adult),F,5.0,0,Adult
18-29 (Young Adult),F,8.8,1,Adult
30-45 (Adult),F,4.7,0,Adult
30-45 (Adult),F,6.0,1,Adult
30-45 (Adult),F,7.9,1,Adult
30-45 (Adult),F,4.5,1,Adult
30-45 (Adult),M,5.8,0,Adult
18-29 (Young Adult),F,1.7,0,Adult
18-29 (Young Adult),F,8.7,0,Adult
30-45 (Adult),M,5.0,1,Adult
18-29 (Young Adult),M,5.9,1,Adult
30-45 (Adult),M,9.7,1,Adult
30-45 (Adult),F,6.1,1,Adult
30-45 (Adult),F,1.7,0,Adult
30-45 (Adult),M,7.9,1,Adult
18-29 (Young Adult),F,6.4,1,Adult
18-29 (Young Adult),F,3.5,1,Adult
18-29 (Young Adult),F,9.3,1,Adult
30-45 (Adult),F,4.0,1,Adult
30-45 (Adult),M,8.8,1,Adult
18-29 (Young Adult),M,3.7,1,Adult
18-29 (Young Adult),F,5.5,1,Adult
30-45 (Adult),M,5.0,1,Adult
18-29 (Young Adult),F,9.4,1,Adult
30-45 (Adult),F,4.4,1,Adult
30-45 (Adult),M,1.1,1,Adult
18-29 (Young Adult),F,7.5,1,Adult
30-45 (Adult),M,9.4,1,Adult
30-45 (Adult),F,9.9,1,Adult
18-29 (Young Adult),M,5.9,1,Adult
18-29 (Young Adult),M,3.2,0,Adult
30-45 (Adult),F,7.4,1,Adult
18-29 (Young Adult),F,6.2,0,Adult
30-45 (Adult),M,3.5,1,Adult
30-45 (Adult),F,1.9,1,Adult
30-45 (Adult),F,2.0,1,Adult
18-29 (Young Adult),F,1.1,0,Adult
30-45 (Adult),F,5.1,1,Adult
30-45 (Adult),F,7.4,1,Adult
18-29 (Young Adult),F,3.9,0,Adult
30-45 (Adult),M,4.5,1,Adult
18-29 (Young Adult),M,6.9,1,Adult
18-29 (Young Adult),F,3.3,1,Adult
18-29 (Young Adult),M,7.9,0,Adult
18-29 (Young Adult),M,5.7,0,Adult
30-45 (Adult),F,1.0,0,Adult
18-29 (Young Adult),F,4.2,1,Adult
30-45 (Adult),M,8.3,1,Adult
30-45 (Adult),M,5.2,0,Adult
30-45 (Adult),F,5.1,0,Adult
18-29 (Young Adult),F,6.6,1,Adult
18-29 (Young Adult),M,1.1,0,Adult
30-45 (Adult),M,8.4,0,Adult
30-45 (Adult),M,6.8,0,Adult
30-45 (Adult),M,8.4,1,Adult
30-45 (Adult),F,7.9,0,Adult
30-45 (Adult),M,5.2,0,Adult
30-45 (Adult),M,1.1,1,Adult
30-45 (Adult),M,4.5,1,Adult
30-45 (Adult),F,2.8,1,Adult
18-29 (Young Adult),M,7.8,1,Adult
18-29 (Young Adult),M,2.5,0,Adult
18-29 (Young Adult),F,7.0,1,Adult
18-29 (Young Adult),F,5.9,1,Adult
18-29 (Young Adult),F,9.1,0,Adult
18-29 (Young Adult),F,4.5,0,Adult
30-45 (Adult),M,3.0,0,Adult
30-45 (Adult),F,8.4,1,Adult
18-29 (Young Adult),F,3.9,1,Adult
30-45 (Adult),F,1.7,0,Adult
30-45 (Adult),F,4.3,0,Adult
18-29 (Young Adult),M,7.5,1,Adult
30-45 (Adult),M,5.7,1,Adult
18-29 (Young Adult),M,5.5,1,Adult
30-45 (Adult),M,3.8,0,Adult
18-29 (Young Adult),F,4.0,1,Adult
30-45 (Adult),M,9.6,1,Adult
30-45 (Adult),M,9.2,0,Adult
30-45 (Adult),M,1.8,1,Adult
30-45 (Adult),F,1.8,1,Adult
18-29 (Young Adult),M,8.6,0,Adult
30-45 (Adult),F,7.7,1,Adult
30-45 (Adult),F,1.7,1,Adult
30-45 (Adult),M,8.6,1,Adult
30-45 (Adult),M,9.9,0,Adult
30-45 (Adult),F,4.5,0,Adult
30-45 (Adult),M,1.6,1,Adult
30-45 (Adult),F,2.2,1,Adult
30-45 (Adult),F,3.2,1,Adult
30-45 (Adult),M,9.4,1,Adult
30-45 (Adult),M,5.0,0,Adult
30-45 (Adult),F,1.3,0,Adult
18-29 (Young Adult),F,1.2,1,Adult
30-45 (Adult),F,6.9,1,Adult
30-45 (Adult),M,4.5,1,Adult
30-45 (Adult),F,7.6,1,Adult
30-45 (Adult),M,2.0,1,Adult
30-45 (Adult),M,3.2,1,Adult
18-29 (Young Adult),M,7.5,1,Adult
18-29 (Young Adult),M,8.9,1,Adult
30-45 (Adult),F,8.8,0,Adult
30-45 (Adult),M,2.4,0,Adult
18-29 (Young Adult),M,9.2,0,Adult
30-45 (Adult),M,5.6,1,Adult
30-45 (Adult),M,8.9,1,Adult
18-29 (Young Adult),M,6.9,0,Adult
18-29 (Young Adult),M,2.7,1,Adult
18-29 (Young Adult),F,5.2,1,Adult
30-45 (Adult),F,9.4,0,Adult
18-29 (Young Adult),F,9.1,1,Adult
30-45 (Adult),F,3.4,1,Adult
18-29 (Young Adult),F,4.6,1,Adult
30-45 (Adult),F,5.4,1,Adult
30-45 (Adult),F,9.9,1,Adult
18-29 (Young Adult),F,2.5,1,Adult
30-45 (Adult),M,8.2,1,Adult
18-29 (Young Adult),M,9.6,0,Adult
30-45 (Adult),M,6.0,1,Adult
30-45 (Adult),M,6.8,0,Adult
30-45 (Adult),F,1.1,1,Adult
30-45 (Adult),M,7.7,1,Adult
30-45 (Adult),F,1.8,0,Adult
30-45 (Adult),M,7.6,1,Adult
30-45 (Adult),F,1.2,1,Adult
30-45 (Adult),F,8.9,0,Adult
30-45 (Adult),M,3.3,1,Adult
30-45 (Adult),M,4.1,0,Adult
30-45 (Adult),M,4.9,0,Adult
18-29 (Young Adult),M,4.4,0,Adult
18-29 (Young Adult),F,3.6,1,Adult
18-29 (Young Adult),F,5.9,1,Adult
30-45 (Adult),F,8.0,0,Adult
30-45 (Adult),F,1.3,1,Adult
30-45 (Adult),F,6.4,1,Adult
18-29 (Young Adult),F,4.3,1,Adult
30-45 (Adult),F,8.9,1,Adult
30-45 (Adult),M,8.8,0,Adult
18-29 (Young Adult),F,6.2,1,Adult
30-45 (Adult),F,2.1,1,Adult
18-29 (Young Adult),F,9.2,0,Adult
30-45 (Adult),F,7.6,1,Adult
30-45 (Adult),F,1.1,0,Adult
30-45 (Adult),F,7.8,1,Adult
18-29 (Young Adult),M,4.8,1,Adult
18-29 (Young Adult),M,5.2,0,Adult
18-29 (Young Adult),F,3.8,0,Adult
18-29 (Young Adult),M,6.4,1,Adult
30-45 (Adult),M,2.6,1,Adult
18-29 (Young Adult),F,8.8,1,Adult
30-45 (Adult),M,6.9,0,Adult
30-45 (Adult),M,6.3,1,Adult
18-29 (Young Adult),F,9.0,1,Adult
30-45 (Adult),F,3.4,1,Adult
18-29 (Young Adult),F,4.0,1,Adult
30-45 (Adult),F,8.6,1,Adult
18-29 (Young Adult),M,6.5,0,Adult
30-45 (Adult),F,1.4,1,Adult
30-45 (Adult),F,8.1,0,Adult
30-45 (Adult),M,3.7,1,Adult
30-45 (Adult),M,8.1,0,Adult
30-45 (Adult),M,5.3,1,Adult
30-45 (Adult),F,9.8,1,Adult
30-45 (Adult),F,9.0,1,Adult
30-45 (Adult),F,9.3,1,Adult
30-45 (Adult),F,5.1,0,Adult
30-45 (Adult),F,8.6,0,Adult
18-29 (Young Adult),M,8.5,1,Adult
30-45 (Adult),M,9.9,1,Adult
18-29 (Young Adult),M,2.3,1,Adult
18-29 (Young Adult),M,1.6,0,Adult
30-45 (Adult),F,2.6,1,Adult
18-29 (Young Adult),M,9.6,1,Adult
30-45 (Adult),F,9.4,1,Adult
30-45 (Adult),F,8.5,0,Adult
30-45 (Adult),M,3.0,1,Adult
30-45 (Adult),F,2.5,1,Adult
30-45 (Adult),M,3.4,1,Adult
18-29 (Young Adult),M,8.1,1,Adult
18-29 (Young Adult),F,9.5,1,Adult
30-45 (Adult),F,6.2,1,Adult
18-29 (Young Adult),F,3.2,1,Adult
30-45 (Adult),M,8.3,1,Adult
18-29 (Young Adult),M,2.8,1,Adult
18-29 (Young Adult),M,1.5,1,Adult
30-45 (Adult),F,3.7,0,Adult
30-45 (Adult),M,7.7,0,Adult
18-29 (Young Adult),M,8.2,1,Adult
18-29 (Young Adult),M,2.0,0,Adult
18-29 (Young Adult),F,6.9,1,Adult
30-45 (Adult),F,1.2,1,Adult
30-45 (Adult),F,6.0,1,Adult
30-45 (Adult),M,6.8,1,Adult
18-29 (Young Adult),M,2.1,1,Adult
18-29 (Young Adult),F,4.1,1,Adult
18-29 (Young Adult),M,3.3,0,Adult
30-45 (Adult),F,8.1,0,Adult
30-45 (Adult),M,6.1,1,Adult
30-45 (Adult),M,9.2,1,Adult
30-45 (Adult),M,4.5,1,Adult
18-29 (Young Adult),M,5.8,0,Adult
30-45 (Adult),M,1.1,1,Adult
30-45 (Adult),F,2.3,0,Adult
30-45 (Adult),M,7.4,1,Adult
18-29 (Young Adult),F,7.0,1,Adult
30-45 (Adult),M,5.3,0,Adult
18-29 (Young Adult),F,8.4,1,Adult
18-29 (Young Adult),M,6.9,1,Adult
30-45 (Adult),M,7.4,0,Adult
18-29 (Young Adult),M,2.2,1,Adult
18-29 (Young Adult),M,2.4,0,Adult
18-29 (Young Adult),F,8.9,1,Adult
18-29 (Young Adult),F,5.5,1,Adult
30-45 (Adult),F,5.0,1,Adult
30-45 (Adult),M,5.2,1,Adult
30-45 (Adult),F,2.8,1,Adult
30-45 (Adult),M,3.1,1,Adult
30-45 (Adult),F,2.0,1,Adult
30-45 (Adult),M,9.8,1,Adult
30-45 (Adult),M,4.1,0,Adult
18-29 (Young Adult),M,4.7,1,Adult
30-45 (Adult),M,7.5,1,Adult
30-45 (Adult),F,4.0,1,Adult
18-29 (Young Adult),M,6.7,1,Adult
18-29 (Young Adult),F,4.1,0,Adult
18-29 (Young Adult),F,3.2,1,Adult
30-45 (Adult),M,3.0,1,Adult
30-45 (Adult),M,3.2,0,Adult
30-45 (Adult),F,6.0,1,Adult
30-45 (Adult),M,5.5,1,Adult
18-29 (Young Adult),F,6.3,1,Adult
30-45 (Adult),F,3.2,1,Adult
18-29 (Young Adult),F,5.5,0,Adult
30-45 (Adult),F,8.3,1,Adult
18-29 (Young Adult),M,6.5,0,Adult
18-29 (Young Adult),F,9.9,1,Adult
30-45 (Adult),M,1.6,0,Adult
18-29 (Young Adult),F,9.7,0,Adult
18-29 (Young Adult),F,1.8,1,Adult
18-29 (Young Adult),M,4.8,0,Adult
30-45 (Adult),F,1.1,1,Adult
18-29 (Young Adult),F,7.9,1,Adult
18-29 (Young Adult),F,6.0,1,Adult
18-29 (Young Adult),M,3.7,1,Adult
30-45 (Adult),F,4.8,1,Adult
30-45 (Adult),M,6.4,1,Adult
30-45 (Adult),M,2.7,0,Adult
30-45 (Adult),M,5.2,1,Adult
18-29 (Young Adult),M,6.6,1,Adult
18-29 (Young Adult),F,1.8,1,Adult
18-29 (Young Adult),M,9.8,1,Adult
30-45 (Adult),F,6.1,1,Adult
30-45 (Adult),F,3.3,1,Adult
18-29 (Young Adult),F,7.1,1,Adult
30-45 (Adult),M,6.8,1,Adult
30-45 (Adult),M,4.6,1,Adult
18-29 (Young Adult),M,7.4,0,Adult
30-45 (Adult),F,4.4,0,Adult
18-29 (Young Adult),F,3.9,1,Adult
30-45 (Adult),M,7.3,1,Adult
30-45 (Adult),M,8.6,0,Adult
30-45 (Adult),F,8.6,0,Adult
18-29 (Young Adult),F,8.8,1,Adult
18-29 (Young Adult),F,5.4,1,Adult
30-45 (Adult),M,9.6,1,Adult
18-29 (Young Adult),M,5.4,1,Adult
18-29 (Young Adult),F,9.1,1,Adult
30-45 (Adult),M,6.0,1,Adult
30-45 (Adult),F,2.2,0,Adult
30-45 (Adult),M,6.1,1,Adult
18-29 (Young Adult),F,9.8,1,Adult
18-29 (Young Adult),F,7.3,1,Adult
30-45 (Adult),M,1.3,1,Adult
30-45 (Adult),F,8.5,1,Adult
30-45 (Adult),F,8.8,1,Adult
30-45 (Adult),M,7.3,1,Adult
30-45 (Adult),M,7.5,1,Adult
30-45 (Adult),F,4.9,1,Adult
30-45 (Adult),F,8.4,1,Adult
18-29 (Young Adult),M,5.1,1,Adult
18-29 (Young Adult),F,6.8,0,Adult
30-45 (Adult),M,4.4,0,Adult
30-45 (Adult),M,2.5,1,Adult
18-29 (Young Adult),F,4.8,1,Adult
30-45 (Adult),M,5.8,1,Adult
30-45 (Adult),F,8.6,1,Adult
30-45 (Adult),F,8.7,1,Adult
18-29 (Young Adult),M,8.1,1,Adult
30-45 (Adult),F,3.2,0,Adult
30-45 (Adult),F,6.7,0,Adult
18-29 (Young Adult),M,5.5,0,Adult
18-29 (Young Adult),F,2.5,0,Adult
30-45 (Adult),F,6.1,0,Adult
18-29 (Young Adult),M,7.8,1,Adult
30-45 (Adult),M,2.1,1,Adult
30-45 (Adult),M,9.9,1,Adult
18-29 (Young Adult),F,1.6,0,Adult
18-29 (Young Adult),M,8.1,1,Adult
30-45 (Adult),F,7.8,1,Adult
18-29 (Young Adult),M,9.8,0,Adult
30-45 (Adult),F,4.2,1,Adult
18-29 (Young Adult),F,5.7,0,Adult
30-45 (Adult),F,2.0,1,Adult
30-45 (Adult),F,3.9,1,Adult
30-45 (Adult),M,3.7,1,Adult
30-45 (Adult),F,1.9,1,Adult
30-45 (Adult),F,3.5,1,Adult
30-45 (Adult),F,4.7,1,Adult
30-45 (Adult),M,2.5,0,Adult
30-45 (Adult),F,1.7,1,Adult
18-29 (Young Adult),M,7.9,0,Adult
18-29 (Young Adult),M,9.5,1,Adult
30-45 (Adult),M,8.2,0,Adult
30-45 (Adult),M,4.7,1,Adult
18-29 (Young Adult),M,9.5,1,Adult
30-45 (Adult),M,7.0,1,Adult
18-29 (Young Adult),F,5.0,1,Adult
30-45 (Adult),M,6.7,1,Adult
18-29 (Young Adult),F,7.8,0,Adult
30-45 (Adult),M,9.0,1,Adult
18-29 (Young Adult),M,2.0,0,Adult
30-45 (Adult),M,9.9,1,Adult
30-45 (Adult),M,8.6,1,Adult
18-29 (Young Adult),M,2.6,0,Adult
18-29 (Young Adult),F,7.8,0,Adult
18-29 (Young Adult),M,5.6,1,Adult
18-29 (Young Adult),M,7.8,0,Adult
18-29 (Young Adult),F,6.4,0,Adult
18-29 (Young Adult),M,7.2,0,Adult
30-45 (Adult),M,9.6,1,Adult
30-45 (Adult),F,3.6,1,Adult
30-45 (Adult),M,3.1,1,Adult
30-45 (Adult),F,1.2,1,Adult
18-29 (Young Adult),F,5.2,0,Adult
30-45 (Adult),F,4.0,0,Adult
18-29 (Young Adult),M,9.7,1,Adult
30-45 (Adult),F,2.7,1,Adult
30-45 (Adult),F,5.1,1,Adult
18-29 (Young Adult),F,7.9,1,Adult
30-45 (Adult),F,5.0,1,Adult
18-29 (Young Adult),M,6.2,1,Adult
30-45 (Adult),F,3.8,1,Adult
30-45 (Adult),M,5.0,1,Adult
18-29 (Young Adult),M,9.5,1,Adult
30-45 (Adult),F,4.1,1,Adult
18-29 (Young Adult),M,4.4,1,Adult
18-29 (Young Adult),F,7.5,0,Adult
18-29 (Young Adult),F,7.8,0,Adult
30-45 (Adult),M,9.1,1,Adult
30-45 (Adult),M,1.9,1,Adult
18-29 (Young Adult),F,7.9,0,Adult
30-45 (Adult),F,6.7,1,Adult
30-45 (Adult),M,9.4,1,Adult
30-45 (Adult),M,6.3,0,Adult
18-29 (Young Adult),F,5.7,1,Adult
18-29 (Young Adult),F,2.3,0,Adult
30-45 (Adult),F,5.3,1,Adult
30-45 (Adult),F,4.4,1,Adult
30-45 (Adult),F,4.4,1,Adult
30-45 (Adult),M,1.0,1,Adult
18-29 (Young Adult),M,5.8,1,Adult
18-29 (Young Adult),F,2.5,1,Adult
30-45 (Adult),F,7.0,1,Adult
30-45 (Adult),M,9.1,1,Adult
30-45 (Adult),M,4.5,0,Adult
30-45 (Adult),F,7.6,0,Adult
18-29 (Young Adult),F,9.9,1,Adult
18-29 (Young Adult),F,9.4,1,Adult
30-45 (Adult),F,7.9,1,Adult
30-45 (Adult),F,2.4,1,Adult
30-45 (Adult),M,4.5,1,Adult
18-29 (Young Adult),M,6.8,1,Adult
30-45 (Adult),M,4.7,0,Adult
18-29 (Young Adult),F,9.3,0,Adult
18-29 (Young Adult),F,4.1,1,Adult
18-29 (Young Adult),M,4.9,1,Adult
18-29 (Young Adult),M,9.9,1,Adult
18-29 (Young Adult),F,2.2,1,Adult
30-45 (Adult),F,3.6,1,Adult
30-45 (Adult),F,9.2,0,Adult
18-29 (Young Adult),F,1.1,0,Adult
30-45 (Adult),F,9.3,1,Adult
18-29 (Young Adult),M,7.7,1,Adult
18-29 (Young Adult),F,7.5,0,Adult
18-29 (Young Adult),M,4.1,0,Adult
30-45 (Adult),F,2.7,1,Adult
30-45 (Adult),F,4.4,0,Adult
30-45 (Adult),F,7.4,0,Adult
18-29 (Young Adult),F,1.5,0,Adult
30-45 (Adult),M,7.8,1,Adult
30-45 (Adult),F,3.9,1,Adult
18-29 (Young Adult),M,7.4,1,Adult
30-45 (Adult),F,3.9,1,Adult
18-29 (Young Adult),F,9.1,1,Adult
30-45 (Adult),M,1.2,1,Adult
30-45 (Adult),F,7.6,1,Adult
18-29 (Young Adult),M,8.0,0,Adult
30-45 (Adult),F,6.1,1,Adult
30-45 (Adult),M,9.7,0,Adult
30-45 (Adult),F,4.0,1,Adult
30-45 (Adult),F,3.0,1,Adult
18-29 (Young Adult),M,9.3,0,Adult
30-45 (Adult),F,2.7,1,Adult
30-45 (Adult),F,3.6,1,Adult
30-45 (Adult),M,6.9,0,Adult
30-45 (Adult),M,3.1,1,Adult
30-45 (Adult),M,9.2,1,Adult
30-45 (Adult),F,5.5,1,Adult
18-29 (Young Adult),M,7.0,1,Adult
30-45 (Adult),M,9.4,1,Adult
30-45 (Adult),M,9.1,0,Adult
30-45 (Adult),F,10.0,0,Adult
30-45 (Adult),F,3.0,1,Adult
30-45 (Adult),M,9.5,1,Adult
18-29 (Young Adult),M,8.7,1,Adult
30-45 (Adult),F,3.7,0,Adult
30-45 (Adult),F,3.5,1,Adult
18-29 (Young Adult),F,1.6,1,Adult
18-29 (Young Adult),F,9.9,1,Adult
30-45 (Adult),M,7.2,1,Adult
30-45 (Adult),M,6.2,1,Adult
30-45 (Adult),M,6.0,1,Adult
18-29 (Young Adult),F,6.8,0,Adult
30-45 (Adult),F,4.9,1,Adult
30-45 (Adult),F,9.6,1,Adult
30-45 (Adult),F,8.4,0,Adult
18-29 (Young Adult),F,2.0,1,Adult
30-45 (Adult),F,8.6,0,Adult
18-29 (Young Adult),M,4.0,1,Adult
30-45 (Adult),F,2.2,1,Adult
18-29 (Young Adult),M,2.2,1,Adult
30-45 (Adult),M,7.2,0,Adult
30-45 (Adult),M,5.4,1,Adult
30-45 (Adult),F,3.0,1,Adult
30-45 (Adult),M,9.6,1,Adult
30-45 (Adult),M,10.0,0,Adult
30-45 (Adult),M,2.9,0,Adult
18-29 (Young Adult),F,6.8,1,Adult
30-45 (Adult),M,4.0,0,Adult
18-29 (Young Adult),F,9.7,1,Adult
30-45 (Adult),F,8.9,0,Adult
30-45 (Adult),F,6.8,0,Adult
30-45 (Adult),F,9.9,1,Adult
18-29 (Young Adult),M,6.2,1,Adult
30-45 (Adult),F,8.5,0,Adult
18-29 (Young Adult),F,4.9,1,Adult
30-45 (Adult),M,1.6,1,Adult
18-29 (Young Adult),F,6.8,1,Adult
18-29 (Young Adult),M,4.5,1,Adult
30-45 (Adult),M,9.5,0,Adult
30-45 (Adult),F,2.7,0,Adult
30-45 (Adult),M,9.8,1,Adult
30-45 (Adult),M,2.3,0,Adult
30-45 (Adult),M,7.6,1,Adult
18-29 (Young Adult),F,4.0,1,Adult
30-45 (Adult),M,9.1,0,Adult
30-45 (Adult),M,2.0,0,Adult
30-45 (Adult),M,1.3,0,Adult
30-45 (Adult),F,4.7,0,Adult
30-45 (Adult),F,1.8,0,Adult
18-29 (Young Adult),M,9.0,1,Adult
18-29 (Young Adult),M,8.7,1,Adult
30-45 (Adult),M,6.1,1,Adult
18-29 (Young Adult),F,6.9,1,Adult
18-29 (Young Adult),F,1.5,1,Adult
18-29 (Young Adult),F,5.2,1,Adult
18-29 (Young Adult),M,6.7,1,Adult
18-29 (Young Adult),M,2.8,1,Adult
18-29 (Young Adult),M,7.0,1,Adult
18-29 (Young Adult),M,4.5,0,Adult
30-45 (Adult),F,6.3,1,Adult
30-45 (Adult),F,1.6,1,Adult
30-45 (Adult),F,3.7,1,Adult
18-29 (Young Adult),F,3.0,0,Adult
18-29 (Young Adult),F,5.5,1,Adult
30-45 (Adult),F,8.7,0,Adult
30-45 (Adult),M,4.1,1,Adult
18-29 (Young Adult),F,8.9,1,Adult
30-45 (Adult),F,3.6,1,Adult
30-45 (Adult),M,7.2,1,Adult
30-45 (Adult),F,4.9,0,Adult
30-45 (Adult),F,3.1,0,Adult
30-45 (Adult),F,8.5,1,Adult
30-45 (Adult),F,6.3,0,Adult
18-29 (Young Adult),F,7.9,1,Adult
30-45 (Adult),M,1.7,1,Adult
18-29 (Young Adult),M,4.6,0,Adult
18-29 (Young Adult),F,8.1,0,Adult
30-45 (Adult),M,5.2,1,Adult
30-45 (Adult),M,4.7,1,Adult
18-29 (Young Adult),F,5.4,1,Adult
30-45 (Adult),F,1.2,1,Adult
18-29 (Young Adult),F,8.7,1,Adult
30-45 (Adult),M,9.8,1,Adult
18-29 (Young Adult),M,8.1,0,Adult
30-45 (Adult),M,8.9,0,Adult
30-45 (Adult),F,2.2,1,Adult
18-29 (Young Adult),F,8.3,1,Adult
18-29 (Young Adult),F,3.8,1,Adult
30-45 (Adult),M,1.3,1,Adult
30-45 (Adult),F,5.4,1,Adult
30-45 (Adult),M,1.5,1,Adult
30-45 (Adult),M,7.8,1,Adult
30-45 (Adult),M,8.7,0,Adult
30-45 (Adult),M,6.3,1,Adult
18-29 (Young Adult),F,5.6,1,Adult
30-45 (Adult),M,4.4,0,Adult
30-45 (Adult),M,8.3,1,Adult
30-45 (Adult),M,7.7,1,Adult
18-29 (Young Adult),M,3.1,0,Adult
30-45 (Adult),M,10.0,1,Adult
18-29 (Young Adult),F,7.6,1,Adult
18-29 (Young Adult),M,2.6,1,Adult
18-29 (Young Adult),M,2.4,1,Adult
30-45 (Adult),M,7.6,0,Adult
30-45 (Adult),F,7.1,0,Adult
18-29 (Young Adult),F,6.4,1,Adult
18-29 (Young Adult),F,1.1,1,Adult
30-45 (Adult),F,5.1,0,Adult
18-29 (Young Adult),M,8.3,1,Adult
18-29 (Young Adult),M,7.2,0,Adult
18-29 (Young Adult),M,1.8,1,Adult
30-45 (Adult),F,5.7,1,Adult
18-29 (Young Adult),M,2.4,1,Adult
30-45 (Adult),F,3.3,0,Adult
30-45 (Adult),M,4.3,1,Adult
18-29 (Young Adult),M,6.2,1,Adult
30-45 (Adult),F,9.7,1,Adult
18-29 (Young Adult),F,6.6,0,Adult
18-29 (Young Adult),M,5.8,1,Adult
18-29 (Young Adult),M,6.5,1,Adult
30-45 (Adult),M,7.5,0,Adult
18-29 (Young Adult),F,5.7,1,Adult
18-29 (Young Adult),F,2.2,1,Adult
18-29 (Young Adult),M,9.7,1,Adult
18-29 (Young Adult),F,3.2,1,Adult
18-29 (Young Adult),F,2.2,1,Adult
30-45 (Adult),M,1.4,1,Adult
18-29 (Young Adult),F,7.9,1,Adult
30-45 (Adult),F,9.6,1,Adult
18-29 (Young Adult),M,8.3,0,Adult
30-45 (Adult),M,2.0,0,Adult
30-45 (Adult),M,8.1,1,Adult
30-45 (Adult),M,7.7,1,Adult
18-29 (Young Adult),F,1.4,0,Adult
30-45 (Adult),F,5.0,1,Adult
18-29 (Young Adult),F,1.7,1,Adult
30-45 (Adult),M,9.1,1,Adult
30-45 (Adult),M,2.2,1,Adult
30-45 (Adult),F,1.9,0,Adult
30-45 (Adult),F,4.9,1,Adult
30-45 (Adult),F,6.1,1,Adult
18-29 (Young Adult),M,5.7,1,Adult
18-29 (Young Adult),M,1.9,1,Adult
30-45 (Adult),F,3.5,1,Adult
18-29 (Young Adult),F,9.2,0,Adult
18-29 (Young Adult),F,4.7,1,Adult
30-45 (Adult),F,2.9,1,Adult
30-45 (Adult),M,1.1,0,Adult
30-45 (Adult),M,8.6,0,Adult
18-29 (Young Adult),F,5.1,1,Adult
18-29 (Young Adult),M,4.4,1,Adult
30-45 (Adult),M,6.4,1,Adult
30-45 (Adult),M,8.3,1,Adult
30-45 (Adult),F,3.8,0,Adult
30-45 (Adult),M,4.5,1,Adult
30-45 (Adult),M,2.1,1,Adult
18-29 (Young Adult),M,6.8,0,Adult
30-45 (Adult),M,6.9,1,Adult
30-45 (Adult),F,2.9,1,Adult
18-29 (Young Adult),M,2.7,1,Adult
18-29 (Young Adult),F,6.3,1,Adult
30-45 (Adult),F,8.6,1,Adult
30-45 (Adult),M,1.6,1,Adult
30-45 (Adult),M,6.7,1,Adult
18-29 (Young Adult),F,1.7,1,Adult
18-29 (Young Adult),F,5.4,1,Adult
18-29 (Young Adult),M,8.8,0,Adult
30-45 (Adult),M,9.3,1,Adult
18-29 (Young Adult),M,5.7,1,Adult
30-45 (Adult),M,2.1,1,Adult
30-45 (Adult),M,3.1,1,Adult
30-45 (Adult),F,9.5,1,Adult
30-45 (Adult),M,6.7,1,Adult
30-45 (Adult),F,6.2,1,Adult
18-29 (Young Adult),M,7.7,0,Adult
18-29 (Young Adult),M,8.6,1,Adult
18-29 (Young Adult),M,3.3,1,Adult
30-45 (Adult),F,5.8,1,Adult
18-29 (Young Adult),M,5.3,1,Adult
30-45 (Adult),F,6.1,1,Adult
30-45 (Adult),F,1.0,1,Adult
30-45 (Adult),F,4.3,1,Adult
30-45 (Adult),F,2.0,1,Adult
30-45 (Adult),M,2.1,1,Adult
30-45 (Adult),F,2.1,1,Adult
30-45 (Adult),M,5.2,1,Adult
30-45 (Adult),M,3.6,0,Adult
30-45 (Adult),F,6.3,0,Adult
18-29 (Young Adult),M,3.3,0,Adult
30-45 (Adult),M,7.3,1,Adult
18-29 (Young Adult),F,3.2,1,Adult
18-29 (Young Adult),F,8.7,1,Adult
18-29 (Young Adult),F,4.3,0,Adult
18-29 (Young Adult),F,8.3,1,Adult
30-45 (Adult),M,4.1,1,Adult
18-29 (Young Adult),M,7.7,0,Adult
30-45 (Adult),M,6.0,0,Adult
18-29 (Young Adult),F,5.2,1,Adult
30-45 (Adult),F,9.0,0,Adult
18-29 (Young Adult),M,8.5,1,Adult
30-45 (Adult),F,9.5,1,Adult
30-45 (Adult),F,6.2,1,Adult
18-29 (Young Adult),M,8.1,0,Adult
30-45 (Adult),F,1.0,1,Adult
18-29 (Young Adult),F,3.5,1,Adult
30-45 (Adult),M,5.8,0,Adult
30-45 (Adult),F,5.5,1,Adult
30-45 (Adult),M,2.2,1,Adult
30-45 (Adult),F,9.9,0,Adult
18-29 (Young Adult),F,6.0,1,Adult
30-45 (Adult),F,2.9,0,Adult
30-45 (Adult),F,9.8,0,Adult
18-29 (Young Adult),M,7.2,1,Adult
18-29 (Young Adult),M,2.5,0,Adult
30-45 (Adult),F,9.9,0,Adult
30-45 (Adult),F,8.5,1,Adult
30-45 (Adult),M,3.2,1,Adult
30-45 (Adult),M,9.1,1,Adult
30-45 (Adult),M,3.6,1,Adult
18-29 (Young Adult),F,6.9,1,Adult
18-29 (Young Adult),M,9.1,0,Adult
18-29 (Young Adult),M,8.8,1,Adult
30-45 (Adult),F,4.0,1,Adult
18-29 (Young Adult),M,2.6,0,Adult
18-29 (Young Adult),M,6.6,1,Adult
18-29 (Young Adult),F,8.1,1,Adult
18-29 (Young Adult),F,7.2,1,Adult
18-29 (Young Adult),F,2.3,1,Adult
18-29 (Young Adult),M,1.4,0,Adult
30-45 (Adult),F,8.4,0,Adult
30-45 (Adult),M,5.8,1,Adult
18-29 (Young Adult),M,4.0,1,Adult
30-45 (Adult),M,5.0,1,Adult
18-29 (Young Adult),F,6.6,1,Adult
18-29 (Young Adult),F,8.1,0,Adult
18-29 (Young Adult),M,5.3,0,Adult
30-45 (Adult),F,9.8,0,Adult
30-45 (Adult),F,2.2,0,Adult
18-29 (Young Adult),F,9.5,1,Adult
30-45 (Adult),M,1.1,1,Adult
18-29 (Young Adult),F,6.5,1,Adult
30-45 (Adult),F,8.3,1,Adult
30-45 (Adult),F,6.4,1,Adult
30-45 (Adult),M,5.4,0,Adult
30-45 (Adult),F,5.1,0,Adult
30-45 (Adult),M,7.4,1,Adult
18-29 (Young Adult),F,6.7,1,Adult
30-45 (Adult),M,1.4,1,Adult
30-45 (Adult),F,1.7,1,Adult
30-45 (Adult),M,2.8,1,Adult
18-29 (Young Adult),M,8.3,1,Adult
18-29 (Young Adult),M,1.5,1,Adult
18-29 (Young Adult),M,4.0,1,Adult
30-45 (Adult),M,4.1,1,Adult
30-45 (Adult),F,2.1,0,Adult
30-45 (Adult),F,8.0,0,Adult
30-45 (Adult),M,3.9,1,Adult
18-29 (Young Adult),F,9.0,0,Adult
30-45 (Adult),M,1.2,0,Adult
30-45 (Adult),M,6.8,1,Adult
30-45 (Adult),F,1.5,0,Adult
18-29 (Young Adult),F,9.7,1,Adult
30-45 (Adult),M,9.9,0,Adult
18-29 (Young Adult),M,6.3,0,Adult
30-45 (Adult),F,8.6,0,Adult
18-29 (Young Adult),M,8.8,1,Adult
18-29 (Young Adult),F,2.3,0,Adult
18-29 (Young Adult),F,8.6,1,Adult
18-29 (Young Adult),F,3.6,1,Adult
18-29 (Young Adult),F,5.9,1,Adult
30-45 (Adult),M,5.3,1,Adult
18-29 (Young Adult),F,6.3,0,Adult
30-45 (Adult),M,9.2,0,Adult
30-45 (Adult),M,2.6,1,Adult
30-45 (Adult),M,1.5,1,Adult
18-29 (Young Adult),M,1.9,1,Adult
18-29 (Young Adult),M,1.8,0,Adult
30-45 (Adult),F,1.4,1,Adult
18-29 (Young Adult),M,5.0,1,Adult
30-45 (Adult),M,6.6,1,Adult
30-45 (Adult),F,8.8,0,Adult
30-45 (Adult),F,1.3,1,Adult
30-45 (Adult),M,2.7,1,Adult
30-45 (Adult),M,6.6,1,Adult
30-45 (Adult),M,3.9,1,Adult
18-29 (Young Adult),M,1.4,0,Adult
18-29 (Young Adult),M,3.1,1,Adult
18-29 (Young Adult),M,7.7,1,Adult
18-29 (Young Adult),F,9.4,0,Adult
18-29 (Young Adult),M,5.7,1,Adult
18-29 (Young Adult),M,6.3,1,Adult
18-29 (Young Adult),F,7.4,1,Adult
30-45 (Adult),M,4.6,1,Adult
30-45 (Adult),F,3.2,1,Adult
18-29 (Young Adult),F,8.6,1,Adult
30-45 (Adult),F,5.0,1,Adult
30-45 (Adult),F,7.4,1,Adult
30-45 (Adult),F,5.6,1,Adult
18-29 (Young Adult),F,5.1,0,Adult
18-29 (Young Adult),F,3.0,0,Adult
18-29 (Young Adult),M,8.8,1,Adult
30-45 (Adult),F,8.4,1,Adult
30-45 (Adult),F,10.0,1,Adult
30-45 (Adult),F,8.0,1,Adult
18-29 (Young Adult),M,5.8,1,Adult
30-45 (Adult),F,9.7,1,Adult
30-45 (Adult),F,4.6,1,Adult
18-29 (Young Adult),F,8.7,0,Adult
30-45 (Adult),F,3.1,1,Adult
30-45 (Adult),F,3.5,1,Adult
30-45 (Adult),F,9.7,0,Adult
30-45 (Adult),F,9.7,1,Adult
18-29 (Young Adult),F,3.6,1,Adult
18-29 (Young Adult),F,3.3,1,Adult
30-45 (Adult),M,1.4,1,Adult
18-29 (Young Adult),F,7.7,0,Adult
18-29 (Young Adult),F,4.0,0,Adult
30-45 (Adult),M,5.7,1,Adult
18-29 (Young Adult),F,3.0,1,Adult
18-29 (Young Adult),F,6.0,1,Adult
18-29 (Young Adult),M,6.6,1,Adult
30-45 (Adult),F,4.3,1,Adult
30-45 (Adult),M,7.8,0,Adult
18-29 (Young Adult),F,3.9,1,Adult
18-29 (Young Adult),M,1.3,0,Adult
30-45 (Adult),F,8.7,1,Adult
30-45 (Adult),M,4.2,1,Adult
18-29 (Young Adult),F,1.9,1,Adult
30-45 (Adult),M,9.5,1,Adult
18-29 (Young Adult),F,9.4,1,Adult
18-29 (Young Adult),F,8.3,0,Adult
18-29 (Young Adult),M,3.1,1,Adult
18-29 (Young Adult),M,7.1,1,Adult
18-29 (Young Adult),M,1.8,1,Adult
18-29 (Young Adult),F,9.9,1,Adult
18-29 (Young Adult),M,3.5,1,Adult
30-45 (Adult),M,2.3,1,Adult
30-45 (Adult),M,7.0,0,Adult
30-45 (Adult),F,4.3,1,Adult
18-29 (Young Adult),M,5.1,1,Adult
30-45 (Adult),F,9.2,1,Adult
30-45 (Adult),F,7.3,0,Adult
30-45 (Adult),F,2.5,1,Adult
30-45 (Adult),F,9.5,0,Adult
30-45 (Adult),M,9.8,0,Adult
18-29 (Young Adult),F,7.0,1,Adult
18-29 (Young Adult),F,7.7,1,Adult
30-45 (Adult),M,2.3,0,Adult
30-45 (Adult),F,9.7,1,Adult
30-45 (Adult),F,3.5,1,Adult
30-45 (Adult),M,5.6,1,Adult
30-45 (Adult),F,2.7,0,Adult
18-29 (Young Adult),F,4.4,1,Adult
30-45 (Adult),M,5.4,0,Adult
18-29 (Young Adult),M,1.4,0,Adult
18-29 (Young Adult),M,6.2,1,Adult
30-45 (Adult),M,9.4,0,Adult
30-45 (Adult),M,8.2,1,Adult
18-29 (Young Adult),M,8.2,1,Adult
30-45 (Adult),M,2.1,1,Adult
30-45 (Adult),F,7.1,1,Adult
18-29 (Young Adult),M,3.1,1,Adult
30-45 (Adult),M,4.0,0,Adult
18-29 (Young Adult),M,7.7,1,Adult
30-45 (Adult),M,3.9,1,Adult
18-29 (Young Adult),F,3.0,1,Adult
30-45 (Adult),M,3.9,1,Adult
18-29 (Young Adult),M,8.4,1,Adult
18-29 (Young Adult),M,2.2,1,Adult
18-29 (Young Adult),M,4.7,0,Adult
30-45 (Adult),M,1.8,1,Adult
30-45 (Adult),F,7.5,1,Adult
18-29 (Young Adult),F,9.7,0,Adult
18-29 (Young Adult),M,7.3,1,Adult
30-45 (Adult),F,9.6,1,Adult
30-45 (Adult),M,2.3,1,Adult
18-29 (Young Adult),M,2.8,1,Adult
18-29 (Young Adult),F,1.4,1,Adult
30-45 (Adult),M,8.3,1,Adult
18-29 (Young Adult),F,1.2,0,Adult
30-45 (Adult),F,9.8,0,Adult
18-29 (Young Adult),F,7.0,0,Adult
18-29 (Young Adult),F,4.2,0,Adult
30-45 (Adult),F,1.8,1,Adult
30-45 (Adult),F,2.5,1,Adult
18-29 (Young Adult),M,1.5,1,Adult
18-29 (Young Adult),F,1.3,0,Adult
30-45 (Adult),F,5.2,1,Adult
18-29 (Young Adult),F,3.8,1,Adult
18-29 (Young Adult),F,6.0,0,Adult
30-45 (Adult),F,1.2,1,Adult
30-45 (Adult),M,9.0,1,Adult
30-45 (Adult),F,8.8,0,Adult
30-45 (Adult),F,2.8,1,Adult
18-29 (Young Adult),F,6.9,1,Adult
30-45 (Adult),M,3.9,1,Adult
18-29 (Young Adult),F,9.7,0,Adult
30-45 (Adult),F,4.0,1,Adult
30-45 (Adult),F,7.3,1,Adult
30-45 (Adult),F,7.5,1,Adult
30-45 (Adult),F,3.5,0,Adult
18-29 (Young Adult),M,4.5,1,Adult
18-29 (Young Adult),F,9.0,1,Adult
30-45 (Adult),M,2.1,1,Adult
30-45 (Adult),F,1.1,1,Adult
30-45 (Adult),F,3.2,1,Adult
30-45 (Adult),F,3.9,1,Adult
30-45 (Adult),F,3.1,0,Adult
30-45 (Adult),F,7.0,1,Adult
30-45 (Adult),M,2.5,1,Adult
30-45 (Adult),F,4.5,0,Adult
18-29 (Young Adult),F,9.9,0,Adult
18-29 (Young Adult),M,9.8,1,Adult
30-45 (Adult),M,2.6,1,Adult
30-45 (Adult),F,1.5,1,Adult
30-45 (Adult),F,5.2,0,Adult
18-29 (Young Adult),M,7.8,1,Adult
18-29 (Young Adult),M,6.4,1,Adult
18-29 (Young Adult),M,5.0,1,Adult
18-29 (Young Adult),M,6.6,1,Adult
18-29 (Young Adult),M,5.6,1,Adult
30-45 (Adult),F,6.4,1,Adult
30-45 (Adult),F,9.7,0,Adult
30-45 (Adult),M,9.6,1,Adult
30-45 (Adult),F,5.6,1,Adult
18-29 (Young Adult),F,5.5,1,Adult
30-45 (Adult),M,9.5,1,Adult
18-29 (Young Adult),F,3.7,1,Adult
18-29 (Young Adult),F,2.8,1,Adult
18-29 (Young Adult),F,1.2,1,Adult
30-45 (Adult),F,3.4,1,Adult
30-45 (Adult),F,8.1,1,Adult
30-45 (Adult),F,1.8,1,Adult
18-29 (Young Adult),M,4.6,1,Adult
18-29 (Young Adult),M,7.7,1,Adult
18-29 (Young Adult),M,2.6,1,Adult
30-45 (Adult),F,1.4,1,Adult
30-45 (Adult),M,2.5,1,Adult
18-29 (Young Adult),F,6.0,0,Adult
30-45 (Adult),M,7.8,1,Adult
30-45 (Adult),F,8.7,1,Adult
30-45 (Adult),M,3.0,0,Adult
30-45 (Adult),F,5.3,1,Adult
30-45 (Adult),M,5.1,1,Adult
30-45 (Adult),M,1.6,1,Adult
18-29 (Young Adult),F,4.5,1,Adult
30-45 (Adult),F,5.7,1,Adult
30-45 (Adult),F,9.4,1,Adult
30-45 (Adult),F,7.9,1,Adult
18-29 (Young Adult),M,6.4,1,Adult
18-29 (Young Adult),F,9.2,1,Adult
18-29 (Young Adult),F,2.5,1,Adult
30-45 (Adult),M,8.5,1,Adult
30-45 (Adult),M,6.0,0,Adult
30-45 (Adult),F,3.1,1,Adult
30-45 (Adult),F,8.2,1,Adult
30-45 (Adult),M,2.7,0,Adult
18-29 (Young Adult),F,8.2,1,Adult
30-45 (Adult),M,2.2,1,Adult
30-45 (Adult),M,9.5,1,Adult
30-45 (Adult),M,2.5,0,Adult
18-29 (Young Adult),F,9.3,1,Adult
30-45 (Adult),F,3.0,0,Adult
30-45 (Adult),F,8.1,1,Adult
18-29 (Young Adult),F,8.5,1,Adult
30-45 (Adult),M,6.7,0,Adult
30-45 (Adult),F,7.8,0,Adult
18-29 (Young Adult),M,5.8,1,Adult
30-45 (Adult),M,8.8,1,Adult
30-45 (Adult),M,8.3,1,Adult
30-45 (Adult),F,2.8,0,Adult
30-45 (Adult),M,5.2,0,Adult
18-29 (Young Adult),F,2.1,0,Adult
30-45 (Adult),M,8.3,0,Adult
30-45 (Adult),F,8.2,1,Adult
18-29 (Young Adult),M,7.8,0,Adult
18-29 (Young Adult),F,5.7,1,Adult
18-29 (Young Adult),M,1.8,0,Adult
18-29 (Young Adult),F,3.1,1,Adult
30-45 (Adult),M,9.9,0,Adult
18-29 (Young Adult),M,7.3,1,Adult
30-45 (Adult),F,2.4,1,Adult
18-29 (Young Adult),F,6.9,1,Adult
30-45 (Adult),M,5.8,1,Adult
30-45 (Adult),M,2.4,1,Adult
30-45 (Adult),F,3.5,1,Adult
30-45 (Adult),M,9.4,1,Adult
30-45 (Adult),M,6.0,1,Adult
18-29 (Young Adult),F,7.8,1,Adult
30-45 (Adult),M,5.5,1,Adult
18-29 (Young Adult),M,3.9,1,Adult
18-29 (Young Adult),M,2.1,1,Adult
18-29 (Young Adult),M,4.0,1,Adult
30-45 (Adult),F,1.3,0,Adult
18-29 (Young Adult),F,9.6,0,Adult
18-29 (Young Adult),F,4.0,1,Adult
30-45 (Adult),M,2.5,1,Adult
30-45 (Adult),M,3.0,1,Adult
18-29 (Young Adult),F,4.0,0,Adult
18-29 (Young Adult),F,4.3,1,Adult
18-29 (Young Adult),F,3.0,0,Adult
18-29 (Young Adult),F,1.5,1,Adult
18-29 (Young Adult),F,9.0,1,Adult
18-29 (Young Adult),F,8.2,1,Adult
30-45 (Adult),F,9.0,1,Adult
30-45 (Adult),M,1.4,1,Adult
18-29 (Young Adult),M,2.9,1,Adult
30-45 (Adult),F,7.7,1,Adult
18-29 (Young Adult),F,2.2,1,Adult
30-45 (Adult),F,5.1,0,Adult
30-45 (Adult),M,5.3,1,Adult
18-29 (Young Adult),M,1.6,1,Adult
30-45 (Adult),F,4.4,1,Adult
30-45 (Adult),M,4.6,1,Adult
30-45 (Adult),F,4.6,1,Adult
18-29 (Young Adult),M,6.9,1,Adult
18-29 (Young Adult),F,9.8,1,Adult
30-45 (Adult),F,9.1,0,Adult
18-29 (Young Adult),F,6.8,0,Adult
18-29 (Young Adult),F,6.1,0,Adult
18-29 (Young Adult),F,7.7,1,Adult
18-29 (Young Adult),M,8.1,1,Adult
18-29 (Young Adult),M,3.1,1,Adult
18-29 (Young Adult),F,7.0,0,Adult
18-29 (Young Adult),F,3.9,0,Adult
30-45 (Adult),M,7.4,0,Adult
30-45 (Adult),M,2.9,0,Adult
18-29 (Young Adult),F,2.7,0,Adult
30-45 (Adult),F,9.1,1,Adult
30-45 (Adult),F,7.8,0,Adult
30-45 (Adult),F,5.7,0,Adult
30-45 (Adult),M,9.2,0,Adult
18-29 (Young Adult),F,6.6,0,Adult
18-29 (Young Adult),F,5.8,1,Adult
30-45 (Adult),F,3.1,0,Adult
30-45 (Adult),F,1.6,1,Adult
30-45 (Adult),M,4.5,1,Adult
30-45 (Adult),F,7.2,0,Adult
30-45 (Adult),M,4.1,1,Adult
30-45 (Adult),F,9.0,1,Adult
18-29 (Young Adult),F,7.4,0,Adult
18-29 (Young Adult),M,2.4,1,Adult
18-29 (Young Adult),F,3.8,0,Adult
18-29 (Young Adult),M,1.3,0,Adult
18-29 (Young Adult),F,8.5,0,Adult
18-29 (Young Adult),F,5.1,1,Adult
30-45 (Adult),M,2.6,0,Adult
18-29 (Young Adult),F,3.0,0,Adult
30-45 (Adult),F,7.6,0,Adult
30-45 (Adult),M,5.7,1,Adult
18-29 (Young Adult),F,4.7,1,Adult
30-45 (Adult),F,9.8,1,Adult
30-45 (Adult),F,3.4,1,Adult
30-45 (Adult),F,2.3,0,Adult
30-45 (Adult),F,5.1,0,Adult
30-45 (Adult),F,7.3,0,Adult
18-29 (Young Adult),F,3.0,0,Adult
30-45 (Adult),F,1.0,1,Adult
30-45 (Adult),F,9.6,1,Adult
30-45 (Adult),F,3.8,0,Adult
18-29 (Young Adult),F,7.2,0,Adult
18-29 (Young Adult),M,6.5,0,Adult
30-45 (Adult),M,7.3,1,Adult
18-29 (Young Adult),M,8.1,1,Adult
30-45 (Adult),M,2.5,1,Adult
30-45 (Adult),F,1.1,0,Adult
30-45 (Adult),M,9.4,1,Adult
18-29 (Young Adult),M,9.6,1,Adult
30-45 (Adult),F,7.1,1,Adult
18-29 (Young Adult),F,8.6,1,Adult
30-45 (Adult),F,9.0,1,Adult
18-29 (Young Adult),F,2.9,1,Adult
30-45 (Adult),F,9.1,1,Adult
18-29 (Young Adult),F,6.6,1,Adult
18-29 (Young Adult),M,7.3,0,Adult
30-45 (Adult),M,8.0,1,Adult
18-29 (Young Adult),M,1.1,1,Adult
30-45 (Adult),M,6.5,0,Adult
30-45 (Adult),M,2.1,0,Adult
18-29 (Young Adult),M,7.6,1,Adult
18-29 (Young Adult),F,8.3,1,Adult
18-29 (Young Adult),F,1.1,1,Adult
30-45 (Adult),M,3.9,1,Adult
18-29 (Young Adult),F,9.2,0,Adult
18-29 (Young Adult),M,6.5,0,Adult
30-45 (Adult),F,2.8,0,Adult
30-45 (Adult),M,3.3,0,Adult
18-29 (Young Adult),F,7.0,0,Adult
18-29 (Young Adult),M,1.6,1,Adult
30-45 (Adult),F,1.2,1,Adult
18-29 (Young Adult),M,2.8,0,Adult
18-29 (Young Adult),M,1.4,0,Adult
30-45 (Adult),M,9.0,0,Adult
30-45 (Adult),F,2.6,1,Adult
18-29 (Young Adult),F,6.0,1,Adult
30-45 (Adult),F,4.5,0,Adult
18-29 (Young Adult),M,6.5,1,Adult
18-29 (Young Adult),F,9.2,0,Adult
30-45 (Adult),F,1.6,1,Adult
18-29 (Young Adult),F,6.4,1,Adult
30-45 (Adult),F,4.9,0,Adult
30-45 (Adult),F,8.0,1,Adult
30-45 (Adult),F,3.7,0,Adult
30-45 (Adult),F,8.2,1,Adult
30-45 (Adult),F,3.3,0,Adult
30-45 (Adult),M,7.7,1,Adult
30-45 (Adult),M,3.8,1,Adult
18-29 (Young Adult),M,1.9,1,Adult
18-29 (Young Adult),M,4.3,1,Adult
30-45 (Adult),M,6.5,1,Adult
18-29 (Young Adult),M,7.6,1,Adult
30-45 (Adult),M,1.4,1,Adult
30-45 (Adult),F,8.1,1,Adult
30-45 (Adult),M,5.3,1,Adult
30-45 (Adult),F,7.5,1,Adult
18-29 (Young Adult),M,4.4,1,Adult
30-45 (Adult),M,5.0,1,Adult
18-29 (Young Adult),F,5.8,1,Adult
18-29 (Young Adult),F,5.6,1,Adult
30-45 (Adult),F,1.7,1,Adult
18-29 (Young Adult),F,3.7,1,Adult
30-45 (Adult),F,2.1,1,Adult
30-45 (Adult),F,4.6,0,Adult
18-29 (Young Adult),F,9.1,0,Adult
30-45 (Adult),M,5.4,0,Adult
30-45 (Adult),F,5.3,1,Adult
18-29 (Young Adult),F,6.7,1,Adult
18-29 (Young Adult),M,3.5,1,Adult
18-29 (Young Adult),M,5.7,1,Adult
18-29 (Young Adult),F,1.9,1,Adult
18-29 (Young Adult),F,8.5,0,Adult
30-45 (Adult),F,3.7,0,Adult
18-29 (Young Adult),M,2.2,0,Adult
18-29 (Young Adult),F,4.6,1,Adult
18-29 (Young Adult),M,7.8,0,Adult
18-29 (Young Adult),F,7.6,1,Adult
30-45 (Adult),M,7.6,1,Adult
30-45 (Adult),F,1.4,1,Adult
18-29 (Young Adult),M,2.1,1,Adult
30-45 (Adult),F,6.8,1,Adult
30-45 (Adult),F,2.2,1,Adult
30-45 (Adult),F,8.0,1,Adult
30-45 (Adult),F,2.2,1,Adult
18-29 (Young Adult),F,4.9,1,Adult
30-45 (Adult),M,5.4,1,Adult
30-45 (Adult),M,7.7,1,Adult
18-29 (Young Adult),M,8.9,1,Adult
18-29 (Young Adult),F,9.7,1,Adult
18-29 (Young Adult),F,6.9,1,Adult
30-45 (Adult),M,2.4,1,Adult
30-45 (Adult),F,6.9,1,Adult
30-45 (Adult),M,7.5,1,Adult
30-45 (Adult),F,4.5,1,Adult
30-45 (Adult),F,1.1,1,Adult
30-45 (Adult),M,4.3,1,Adult
18-29 (Young Adult),M,3.1,1,Adult
18-29 (Young Adult),F,6.2,1,Adult
18-29 (Young Adult),F,4.9,1,Adult
18-29 (Young Adult),M,1.3,0,Adult
30-45 (Adult),F,5.1,1,Adult
18-29 (Young Adult),M,9.1,1,Adult
18-29 (Young Adult),M,3.2,1,Adult
30-45 (Adult),F,8.8,1,Adult
30-45 (Adult),M,8.7,1,Adult
18-29 (Young Adult),F,4.1,0,Adult
30-45 (Adult),F,3.3,1,Adult
18-29 (Young Adult),M,5.4,1,Adult
18-29 (Young Adult),M,8.7,0,Adult
18-29 (Young Adult),M,2.6,1,Adult
30-45 (Adult),M,3.5,1,Adult
30-45 (Adult),M,7.3,1,Adult
30-45 (Adult),F,7.0,1,Adult
30-45 (Adult),M,5.5,1,Adult
18-29 (Young Adult),F,8.2,0,Adult
18-29 (Young Adult),F,7.8,1,Adult
18-29 (Young Adult),M,5.1,1,Adult
18-29 (Young Adult),M,1.0,1,Adult
30-45 (Adult),M,8.3,1,Adult
18-29 (Young Adult),M,8.2,1,Adult
18-29 (Young Adult),F,9.2,1,Adult
30-45 (Adult),M,2.8,1,Adult
18-29 (Young Adult),M,2.7,1,Adult
18-29 (Young Adult),M,3.3,1,Adult
30-45 (Adult),M,3.3,1,Adult
18-29 (Young Adult),F,3.3,1,Adult
30-45 (Adult),F,4.4,1,Adult
30-45 (Adult),F,7.9,1,Adult
18-29 (Young Adult),F,5.7,1,Adult
30-45 (Adult),M,5.4,1,Adult
30-45 (Adult),M,3.0,1,Adult
30-45 (Adult),M,3.6,1,Adult
18-29 (Young Adult),F,7.8,0,Adult
30-45 (Adult),M,8.7,0,Adult
30-45 (Adult),M,2.6,1,Adult
30-45 (Adult),M,5.5,1,Adult
18-29 (Young Adult),F,4.4,1,Adult
18-29 (Young Adult),M,5.4,1,Adult
30-45 (Adult),F,1.2,1,Adult
18-29 (Young Adult),F,8.6,1,Adult
18-29 (Young Adult),F,3.7,1,Adult
30-45 (Adult),F,10.0,1,Adult
18-29 (Young Adult),F,3.9,1,Adult
30-45 (Adult),F,4.5,0,Adult
18-29 (Young Adult),F,7.0,1,Adult
30-45 (Adult),F,1.4,1,Adult
30-45 (Adult),M,1.0,1,Adult
30-45 (Adult),M,7.1,1,Adult
30-45 (Adult),M,8.2,1,Adult
18-29 (Young Adult),M,6.5,1,Adult
30-45 (Adult),F,8.7,1,Adult
30-45 (Adult),F,5.5,1,Adult
30-45 (Adult),F,4.4,1,Adult
30-45 (Adult),F,7.0,0,Adult
30-45 (Adult),F,4.0,1,Adult
30-45 (Adult),F,5.2,1,Adult
30-45 (Adult),F,7.6,1,Adult
30-45 (Adult),F,5.2,1,Adult
18-29 (Young Adult),M,9.5,1,Adult
18-29 (Young Adult),F,9.3,0,Adult
18-29 (Young Adult),M,6.6,1,Adult
30-45 (Adult),F,5.1,1,Adult
30-45 (Adult),M,2.7,0,Adult
30-45 (Adult),M,4.8,0,Adult
18-29 (Young Adult),F,5.3,1,Adult
30-45 (Adult),M,5.4,0,Adult
30-45 (Adult),M,3.3,1,Adult
30-45 (Adult),M,5.5,0,Adult
18-29 (Young Adult),F,1.8,0,Adult
30-45 (Adult),M,3.9,1,Adult
30-45 (Adult),F,5.0,1,Adult
30-45 (Adult),F,6.4,1,Adult
30-45 (Adult),F,4.3,1,Adult
18-29 (Young Adult),F,7.2,1,Adult
18-29 (Young Adult),F,1.6,0,Adult
30-45 (Adult),M,9.8,0,Adult
18-29 (Young Adult),M,3.8,1,Adult
18-29 (Young Adult),M,10.0,1,Adult
18-29 (Young Adult),M,5.7,1,Adult
18-29 (Young Adult),M,8.6,1,Adult
30-45 (Adult),M,6.9,1,Adult
30-45 (Adult),F,8.1,1,Adult
30-45 (Adult),M,6.7,1,Adult
30-45 (Adult),F,4.4,0,Adult
18-29 (Young Adult),M,5.4,0,Adult
18-29 (Young Adult),F,1.7,1,Adult
30-45 (Adult),M,4.9,1,Adult
18-29 (Young Adult),F,1.3,1,Adult
30-45 (Adult),F,7.5,0,Adult
18-29 (Young Adult),F,8.8,1,Adult
18-29 (Young Adult),M,6.2,0,Adult
18-29 (Young Adult),M,9.5,0,Adult
30-45 (Adult),F,6.5,1,Adult
18-29 (Young Adult),F,5.3,1,Adult
30-45 (Adult),F,2.4,0,Adult
30-45 (Adult),F,8.3,1,Adult
18-29 (Young Adult),F,1.3,0,Adult
30-45 (Adult),M,2.4,1,Adult
30-45 (Adult),M,2.0,0,Adult
30-45 (Adult),M,2.9,0,Adult
30-45 (Adult),F,3.2,1,Adult
18-29 (Young Adult),M,1.4,0,Adult
30-45 (Adult),M,5.4,1,Adult
18-29 (Young Adult),F,1.2,1,Adult
30-45 (Adult),M,3.2,0,Adult
30-45 (Adult),M,3.4,1,Adult
30-45 (Adult),M,5.5,1,Adult
30-45 (Adult),F,9.3,1,Adult
30-45 (Adult),F,2.4,1,Adult
18-29 (Young Adult),F,7.7,1,Adult
30-45 (Adult),M,1.4,1,Adult
30-45 (Adult),F,1.7,1,Adult
30-45 (Adult),M,4.6,1,Adult
18-29 (Young Adult),F,6.3,1,Adult
30-45 (Adult),F,4.7,1,Adult
18-29 (Young Adult),M,9.0,1,Adult
18-29 (Young Adult),M,5.1,1,Adult
18-29 (Young Adult),M,1.1,0,Adult
30-45 (Adult),F,1.2,1,Adult
30-45 (Adult),F,3.8,1,Adult
30-45 (Adult),F,6.4,1,Adult
18-29 (Young Adult),F,4.8,1,Adult
18-29 (Young Adult),M,4.8,1,Adult
30-45 (Adult),F,6.3,1,Adult
18-29 (Young Adult),F,5.3,1,Adult
30-45 (Adult),M,5.4,1,Adult
18-29 (Young Adult),M,4.4,1,Adult
30-45 (Adult),M,6.8,1,Adult
18-29 (Young Adult),M,5.6,0,Adult
30-45 (Adult),M,4.6,1,Adult
18-29 (Young Adult),F,3.3,1,Adult
18-29 (Young Adult),F,4.9,0,Adult
18-29 (Young Adult),F,8.1,0,Adult
30-45 (Adult),M,4.7,1,Adult
30-45 (Adult),M,1.8,0,Adult
30-45 (Adult),F,5.6,1,Adult
18-29 (Young Adult),F,2.0,1,Adult
18-29 (Young Adult),M,2.4,0,Adult
30-45 (Adult),F,5.7,1,Adult
30-45 (Adult),M,3.8,1,Adult
18-29 (Young Adult),M,4.6,0,Adult
18-29 (Young Adult),M,2.4,1,Adult
30-45 (Adult),F,4.9,1,Adult
18-29 (Young Adult),M,1.7,1,Adult
18-29 (Young Adult),F,9.4,1,Adult
18-29 (Young Adult),F,2.3,1,Adult
30-45 (Adult),M,5.7,1,Adult
18-29 (Young Adult),F,6.6,1,Adult
30-45 (Adult),M,1.2,1,Adult
30-45 (Adult),F,2.0,1,Adult
18-29 (Young Adult),M,4.1,1,Adult
30-45 (Adult),F,1.9,0,Adult
18-29 (Young Adult),M,7.4,0,Adult
30-45 (Adult),F,7.8,0,Adult
18-29 (Young Adult),M,3.5,1,Adult
18-29 (Young Adult),F,9.9,1,Adult
18-29 (Young Adult),F,9.3,1,Adult
30-45 (Adult),M,8.9,1,Adult
30-45 (Adult),F,8.5,1,Adult
18-29 (Young Adult),M,6.5,0,Adult
18-29 (Young Adult),F,2.1,1,Adult
30-45 (Adult),M,5.2,1,Adult
18-29 (Young Adult),M,3.7,1,Adult
18-29 (Young Adult),F,9.9,1,Adult
18-29 (Young Adult),F,5.0,1,Adult
30-45 (Adult),M,9.9,1,Adult
30-45 (Adult),F,3.4,0,Adult
30-45 (Adult),M,2.1,0,Adult
18-29 (Young Adult),M,6.4,0,Adult
30-45 (Adult),M,1.7,0,Adult
18-29 (Young Adult),M,6.1,1,Adult
18-29 (Young Adult),F,2.4,1,Adult
18-29 (Young Adult),F,2.5,1,Adult
30-45 (Adult),M,6.3,0,Adult
30-45 (Adult),M,3.1,1,Adult
30-45 (Adult),M,1.2,0,Adult
18-29 (Young Adult),M,5.1,1,Adult
18-29 (Young Adult),F,3.5,1,Adult
18-29 (Young Adult),M,1.8,1,Adult
30-45 (Adult),M,2.1,0,Adult
30-45 (Adult),F,7.2,1,Adult
18-29 (Young Adult),F,9.7,1,Adult
30-45 (Adult),M,1.0,1,Adult
30-45 (Adult),M,1.6,0,Adult
30-45 (Adult),M,6.3,1,Adult
30-45 (Adult),M,7.9,1,Adult
18-29 (Young Adult),M,5.9,0,Adult
30-45 (Adult),M,4.6,1,Adult
30-45 (Adult),F,8.7,0,Adult
18-29 (Young Adult),M,2.8,1,Adult
18-29 (Young Adult),M,8.7,1,Adult
30-45 (Adult),M,3.8,1,Adult
18-29 (Young Adult),M,5.7,0,Adult
18-29 (Young Adult),F,2.3,1,Adult
30-45 (Adult),F,7.7,0,Adult
30-45 (Adult),F,9.3,1,Adult
30-45 (Adult),M,7.8,1,Adult
30-45 (Adult),M,5.7,1,Adult
30-45 (Adult),M,5.8,1,Adult
18-29 (Young Adult),F,6.1,1,Adult
30-45 (Adult),F,6.8,1,Adult
18-29 (Young Adult),F,2.2,1,Adult
18-29 (Young Adult),F,2.0,1,Adult
18-29 (Young Adult),M,1.1,1,Adult
30-45 (Adult),F,1.0,1,Adult
18-29 (Young Adult),M,4.1,0,Adult
18-29 (Young Adult),F,9.1,1,Adult
18-29 (Young Adult),M,3.4,1,Adult
30-45 (Adult),M,4.9,0,Adult
18-29 (Young Adult),F,4.0,0,Adult
30-45 (Adult),F,3.6,1,Adult
30-45 (Adult),F,3.7,1,Adult
18-29 (Young Adult),M,4.4,1,Adult
30-45 (Adult),F,5.2,1,Adult
18-29 (Young Adult),F,5.1,0,Adult
18-29 (Young Adult),M,7.7,1,Adult
30-45 (Adult),F,1.1,1,Adult
30-45 (Adult),F,7.3,1,Adult
18-29 (Young Adult),F,5.1,1,Adult
30-45 (Adult),M,7.8,1,Adult
18-29 (Young Adult),M,6.0,0,Adult
30-45 (Adult),F,3.5,1,Adult
18-29 (Young Adult),F,2.4,1,Adult
18-29 (Young Adult),M,4.5,1,Adult
30-45 (Adult),F,5.9,0,Adult
30-45 (Adult),M,7.1,1,Adult
30-45 (Adult),M,6.9,1,Adult
18-29 (Young Adult),M,8.9,1,Adult
30-45 (Adult),F,6.3,0,Adult
30-45 (Adult),F,8.7,0,Adult
18-29 (Young Adult),M,4.9,1,Adult
30-45 (Adult),F,6.7,1,Adult
30-45 (Adult),F,9.6,0,Adult
30-45 (Adult),M,4.3,1,Adult
18-29 (Young Adult),F,8.4,1,Adult
30-45 (Adult),M,8.7,1,Adult
18-29 (Young Adult),F,8.1,1,Adult
18-29 (Young Adult),M,6.9,1,Adult
30-45 (Adult),F,9.7,1,Adult
18-29 (Young Adult),F,7.9,1,Adult
30-45 (Adult),F,7.6,0,Adult
18-29 (Young Adult),F,9.1,0,Adult
18-29 (Young Adult),F,9.6,0,Adult
30-45 (Adult),M,3.2,1,Adult
18-29 (Young Adult),F,6.0,0,Adult
30-45 (Adult),F,2.4,1,Adult
30-45 (Adult),M,6.6,0,Adult
30-45 (Adult),F,3.9,0,Adult
30-45 (Adult),M,9.4,1,Adult
30-45 (Adult),F,9.3,0,Adult
30-45 (Adult),M,9.2,0,Adult
30-45 (Adult),M,1.5,1,Adult
30-45 (Adult),M,6.8,0,Adult
30-45 (Adult),M,8.4,1,Adult
30-45 (Adult),F,8.6,1,Adult
30-45 (Adult),F,1.1,1,Adult
30-45 (Adult),M,2.5,1,Adult
18-29 (Young Adult),M,2.8,0,Adult
30-45 (Adult),F,9.2,1,Adult
18-29 (Young Adult),M,3.5,1,Adult
18-29 (Young Adult),M,5.9,1,Adult
18-29 (Young Adult),M,3.1,1,Adult
18-29 (Young Adult),M,8.4,1,Adult
18-29 (Young Adult),M,7.1,1,Adult
30-45 (Adult),M,4.7,0,Adult
30-45 (Adult),M,1.4,1,Adult
30-45 (Adult),M,6.8,0,Adult
30-45 (Adult),F,1.1,1,Adult
18-29 (Young Adult),M,2.8,0,Adult
18-29 (Young Adult),M,7.7,1,Adult
30-45 (Adult),F,2.6,1,Adult
18-29 (Young Adult),M,5.0,0,Adult
30-45 (Adult),M,6.8,1,Adult
18-29 (Young Adult),M,8.6,1,Adult
30-45 (Adult),M,1.1,1,Adult
30-45 (Adult),F,8.5,1,Adult
18-29 (Young Adult),M,1.6,1,Adult
30-45 (Adult),M,9.5,1,Adult
18-29 (Young Adult),F,9.8,1,Adult
30-45 (Adult),M,5.9,1,Adult
18-29 (Young Adult),F,2.7,1,Adult
30-45 (Adult),M,7.6,1,Adult
30-45 (Adult),M,8.0,0,Adult
30-45 (Adult),M,6.2,1,Adult
30-45 (Adult),F,4.8,1,Adult
30-45 (Adult),M,9.1,1,Adult
18-29 (Young Adult),F,5.7,1,Adult
30-45 (Adult),F,2.5,1,Adult
30-45 (Adult),F,8.2,1,Adult
30-45 (Adult),M,4.9,1,Adult
18-29 (Young Adult),M,2.0,0,Adult
30-45 (Adult),F,9.4,1,Adult
30-45 (Adult),F,5.9,1,Adult
30-45 (Adult),F,9.9,0,Adult
18-29 (Young Adult),M,4.2,1,Adult
30-45 (Adult),M,6.3,1,Adult
30-45 (Adult),M,2.0,1,Adult
30-45 (Adult),F,6.9,1,Adult
18-29 (Young Adult),F,7.2,0,Adult
30-45 (Adult),F,7.5,1,Adult
18-29 (Young Adult),F,3.4,1,Adult
30-45 (Adult),M,9.1,0,Adult
30-45 (Adult),M,6.3,0,Adult
18-29 (Young Adult),M,8.0,1,Adult
30-45 (Adult),F,7.7,1,Adult
18-29 (Young Adult),F,3.9,0,Adult
18-29 (Young Adult),F,5.2,1,Adult
30-45 (Adult),F,9.1,1,Adult
30-45 (Adult),F,5.9,0,Adult
30-45 (Adult),F,1.7,1,Adult
30-45 (Adult),F,4.5,0,Adult
30-45 (Adult),F,6.4,0,Adult
30-45 (Adult),F,1.5,1,Adult
18-29 (Young Adult),M,5.8,1,Adult
30-45 (Adult),F,6.1,1,Adult
18-29 (Young Adult),F,6.9,1,Adult
18-29 (Young Adult),M,8.0,1,Adult
18-29 (Young Adult),M,9.3,1,Adult
30-45 (Adult),F,6.5,0,Adult
30-45 (Adult),M,9.0,1,Adult
18-29 (Young Adult),F,3.5,1,Adult
30-45 (Adult),M,6.7,1,Adult
30-45 (Adult),M,8.3,1,Adult
30-45 (Adult),F,7.0,1,Adult
18-29 (Young Adult),M,8.9,0,Adult
30-45 (Adult),F,4.3,1,Adult
30-45 (Adult),M,6.7,0,Adult
30-45 (Adult),M,4.3,0,Adult
18-29 (Young Adult),M,1.5,0,Adult
18-29 (Young Adult),F,5.4,1,Adult
30-45 (Adult),F,7.1,1,Adult
18-29 (Young Adult),M,6.5,1,Adult
18-29 (Young Adult),M,2.5,0,Adult
30-45 (Adult),F,2.5,1,Adult
30-45 (Adult),F,6.8,0,Adult
30-45 (Adult),M,8.7,1,Adult
18-29 (Young Adult),F,3.6,0,Adult
30-45 (Adult),F,2.0,0,Adult
18-29 (Young Adult),M,4.8,0,Adult
30-45 (Adult),M,8.7,1,Adult
18-29 (Young Adult),M,1.9,1,Adult
18-29 (Young Adult),M,1.3,1,Adult
30-45 (Adult),F,9.3,1,Adult
30-45 (Adult),M,5.5,1,Adult
18-29 (Young Adult),M,2.1,0,Adult
30-45 (Adult),F,3.5,0,Adult
30-45 (Adult),F,1.2,1,Adult
30-45 (Adult),F,7.7,0,Adult
30-45 (Adult),F,5.3,1,Adult
30-45 (Adult),F,8.4,1,Adult
30-45 (Adult),F,4.9,1,Adult
30-45 (Adult),M,3.3,1,Adult
30-45 (Adult),F,9.1,0,Adult
30-45 (Adult),M,4.4,0,Adult
18-29 (Young Adult),M,8.3,0,Adult
30-45 (Adult),M,9.2,1,Adult
18-29 (Young Adult),M,2.7,0,Adult
30-45 (Adult),F,1.3,1,Adult
18-29 (Young Adult),M,7.7,1,Adult
30-45 (Adult),F,6.7,1,Adult
30-45 (Adult),M,1.2,1,Adult
18-29 (Young Adult),M,8.7,1,Adult
18-29 (Young Adult),M,3.0,1,Adult
30-45 (Adult),M,2.2,0,Adult
18-29 (Young Adult),F,4.4,0,Adult
30-45 (Adult),M,10.0,1,Adult
30-45 (Adult),F,3.1,1,Adult
18-29 (Young Adult),F,3.0,0,Adult
30-45 (Adult),F,2.0,1,Adult
30-45 (Adult),F,9.7,1,Adult
18-29 (Young Adult),F,7.5,1,Adult
30-45 (Adult),F,5.5,0,Adult
30-45 (Adult),M,1.5,1,Adult
18-29 (Young Adult),F,5.5,1,Adult
18-29 (Young Adult),F,7.4,1,Adult
18-29 (Young Adult),F,5.3,0,Adult
18-29 (Young Adult),M,2.2,1,Adult
30-45 (Adult),F,1.9,1,Adult
30-45 (Adult),F,8.8,0,Adult
30-45 (Adult),F,9.9,0,Adult
30-45 (Adult),F,5.9,1,Adult
30-45 (Adult),M,1.9,1,Adult
18-29 (Young Adult),F,1.7,1,Adult
18-29 (Young Adult),M,1.9,1,Adult
30-45 (Adult),F,6.8,0,Adult
30-45 (Adult),M,8.9,0,Adult
18-29 (Young Adult),M,1.4,1,Adult
30-45 (Adult),M,4.3,0,Adult
30-45 (Adult),M,3.3,1,Adult
30-45 (Adult),M,5.5,0,Adult
30-45 (Adult),F,6.0,1,Adult
18-29 (Young Adult),M,7.4,0,Adult
18-29 (Young Adult),F,6.0,1,Adult
18-29 (Young Adult),F,5.8,1,Adult
18-29 (Young Adult),M,1.5,1,Adult
30-45 (Adult),F,1.8,0,Adult
30-45 (Adult),M,5.4,1,Adult
18-29 (Young Adult),M,4.3,0,Adult
30-45 (Adult),M,6.3,0,Adult
30-45 (Adult),M,6.8,1,Adult
18-29 (Young Adult),M,6.1,1,Adult
30-45 (Adult),M,7.2,1,Adult
30-45 (Adult),F,7.0,1,Adult
30-45 (Adult),F,3.3,0,Adult
30-45 (Adult),F,8.6,1,Adult
30-45 (Adult),M,6.8,1,Adult
30-45 (Adult),F,8.5,1,Adult
30-45 (Adult),F,3.1,0,Adult
30-45 (Adult),M,6.6,0,Adult
18-29 (Young Adult),M,9.0,0,Adult
30-45 (Adult),M,8.9,1,Adult
30-45 (Adult),M,7.4,1,Adult
18-29 (Young Adult),F,2.8,1,Adult
18-29 (Young Adult),M,8.8,1,Adult
18-29 (Young Adult),M,7.4,1,Adult
18-29 (Young Adult),F,1.8,0,Adult
18-29 (Young Adult),M,8.0,1,Adult
30-45 (Adult),F,8.9,1,Adult
30-45 (Adult),M,9.8,1,Adult
18-29 (Young Adult),M,2.5,0,Adult
18-29 (Young Adult),M,2.8,1,Adult
30-45 (Adult),M,4.9,0,Adult
18-29 (Young Adult),M,9.8,1,Adult
30-45 (Adult),F,1.2,1,Adult
18-29 (Young Adult),M,2.2,1,Adult
30-45 (Adult),F,6.7,1,Adult
30-45 (Adult),F,7.8,1,Adult
30-45 (Adult),F,10.0,1,Adult
18-29 (Young Adult),F,7.2,1,Adult
30-45 (Adult),F,3.4,0,Adult
30-45 (Adult),M,3.5,0,Adult
30-45 (Adult),F,2.5,1,Adult
30-45 (Adult),M,2.5,0,Adult
30-45 (Adult),M,3.1,0,Adult
18-29 (Young Adult),F,8.4,0,Adult
18-29 (Young Adult),F,1.1,1,Adult
30-45 (Adult),M,6.8,0,Adult
18-29 (Young Adult),M,4.0,0,Adult
18-29 (Young Adult),F,6.1,1,Adult
30-45 (Adult),M,6.0,1,Adult
30-45 (Adult),M,2.0,0,Adult
30-45 (Adult),M,6.4,0,Adult
30-45 (Adult),M,4.2,1,Adult
30-45 (Adult),F,1.3,1,Adult
30-45 (Adult),F,8.8,1,Adult
30-45 (Adult),M,9.4,0,Adult
30-45 (Adult),F,8.3,0,Adult
30-45 (Adult),M,1.9,1,Adult
18-29 (Young Adult),F,2.9,1,Adult
30-45 (Adult),F,8.1,1,Adult
30-45 (Adult),F,6.6,1,Adult
18-29 (Young Adult),M,6.5,1,Adult
18-29 (Young Adult),M,4.4,1,Adult
30-45 (Adult),M,3.5,0,Adult
30-45 (Adult),F,3.0,1,Adult
30-45 (Adult),F,5.6,1,Adult
30-45 (Adult),M,6.8,0,Adult
18-29 (Young Adult),M,7.0,1,Adult
30-45 (Adult),M,6.6,1,Adult
30-45 (Adult),M,7.5,1,Adult
18-29 (Young Adult),F,4.1,0,Adult
18-29 (Young Adult),F,4.3,1,Adult
18-29 (Young Adult),M,2.2,1,Adult
18-29 (Young Adult),F,3.9,1,Adult
18-29 (Young Adult),F,3.5,0,Adult
30-45 (Adult),F,3.0,1,Adult
18-29 (Young Adult),F,4.2,0,Adult
30-45 (Adult),F,5.3,1,Adult
30-45 (Adult),M,5.1,1,Adult
30-45 (Adult),M,5.5,1,Adult
30-45 (Adult),M,5.3,1,Adult
30-45 (Adult),F,1.5,1,Adult
18-29 (Young Adult),M,7.8,1,Adult
18-29 (Young Adult),M,9.9,0,Adult
18-29 (Young Adult),M,5.6,1,Adult
30-45 (Adult),F,8.7,1,Adult
18-29 (Young Adult),F,6.4,0,Adult
18-29 (Young Adult),M,5.2,1,Adult
30-45 (Adult),F,7.5,1,Adult
30-45 (Adult),F,9.9,0,Adult
18-29 (Young Adult),F,3.1,0,Adult
30-45 (Adult),M,3.5,1,Adult
18-29 (Young Adult),F,2.3,1,Adult
30-45 (Adult),M,7.4,1,Adult
18-29 (Young Adult),M,1.5,1,Adult
30-45 (Adult),F,7.8,0,Adult
30-45 (Adult),M,2.4,0,Adult
18-29 (Young Adult),F,1.4,1,Adult
18-29 (Young Adult),F,8.8,1,Adult
30-45 (Adult),M,7.7,0,Adult
18-29 (Young Adult),M,7.5,1,Adult
18-29 (Young Adult),F,5.2,0,Adult
18-29 (Young Adult),M,5.7,1,Adult
18-29 (Young Adult),F,3.7,1,Adult
30-45 (Adult),M,8.9,1,Adult
30-45 (Adult),F,2.3,1,Adult
18-29 (Young Adult),M,6.5,1,Adult
30-45 (Adult),M,4.8,0,Adult
18-29 (Young Adult),F,8.4,1,Adult
30-45 (Adult),M,7.9,1,Adult
30-45 (Adult),F,3.0,1,Adult
18-29 (Young Adult),F,1.2,1,Adult
30-45 (Adult),F,4.5,0,Adult
30-45 (Adult),F,1.0,0,Adult
30-45 (Adult),F,9.5,0,Adult
30-45 (Adult),F,7.6,0,Adult
30-45 (Adult),M,2.9,1,Adult
30-45 (Adult),M,6.3,1,Adult
30-45 (Adult),F,8.0,1,Adult
18-29 (Young Adult),M,8.7,1,Adult
30-45 (Adult),M,6.0,1,Adult
30-45 (Adult),F,8.9,0,Adult
18-29 (Young Adult),M,1.5,1,Adult
30-45 (Adult),F,9.5,0,Adult
30-45 (Adult),F,4.3,1,Adult
30-45 (Adult),M,6.5,0,Adult
30-45 (Adult),M,2.6,1,Adult
30-45 (Adult),M,7.9,0,Adult
30-45 (Adult),M,4.6,1,Adult
30-45 (Adult),F,6.0,1,Adult
18-29 (Young Adult),F,5.2,1,Adult
30-45 (Adult),M,10.0,1,Adult
18-29 (Young Adult),F,4.9,1,Adult
30-45 (Adult),F,2.8,1,Adult
30-45 (Adult),M,6.5,0,Adult
30-45 (Adult),F,3.2,0,Adult
18-29 (Young Adult),M,9.9,1,Adult
18-29 (Young Adult),M,8.5,1,Adult
18-29 (Young Adult),M,8.1,1,Adult
30-45 (Adult),F,8.3,0,Adult
18-29 (Young Adult),F,8.9,1,Adult
30-45 (Adult),F,2.2,0,Adult
18-29 (Young Adult),F,8.5,1,Adult
30-45 (Adult),M,3.1,1,Adult
30-45 (Adult),M,5.2,1,Adult
30-45 (Adult),F,3.1,1,Adult
18-29 (Young Adult),M,6.9,1,Adult
18-29 (Young Adult),F,7.5,1,Adult
30-45 (Adult),M,3.6,0,Adult
30-45 (Adult),M,5.7,1,Adult
30-45 (Adult),F,7.5,0,Adult
18-29 (Young Adult),F,8.3,1,Adult
30-45 (Adult),M,2.1,1,Adult
18-29 (Young Adult),F,8.2,0,Adult
18-29 (Young Adult),F,7.3,1,Adult
30-45 (Adult),F,8.7,0,Adult
18-29 (Young Adult),M,6.6,0,Adult
18-29 (Young Adult),F,4.0,1,Adult
30-45 (Adult),F,4.8,1,Adult
30-45 (Adult),M,4.8,1,Adult
30-45 (Adult),F,2.3,0,Adult
30-45 (Adult),F,7.6,1,Adult
30-45 (Adult),F,9.9,0,Adult
18-29 (Young Adult),F,9.9,1,Adult
18-29 (Young Adult),F,4.0,1,Adult
18-29 (Young Adult),M,1.5,1,Adult
18-29 (Young Adult),F,7.0,0,Adult
18-29 (Young Adult),M,2.1,1,Adult
30-45 (Adult),F,7.7,1,Adult
30-45 (Adult),F,3.5,1,Adult
18-29 (Young Adult),M,3.8,1,Adult
18-29 (Young Adult),M,7.2,1,Adult
30-45 (Adult),F,4.6,1,Adult
30-45 (Adult),M,4.2,1,Adult
30-45 (Adult),F,1.1,0,Adult
30-45 (Adult),M,5.5,1,Adult
18-29 (Young Adult),F,6.8,1,Adult
30-45 (Adult),M,1.0,1,Adult
30-45 (Adult),F,4.0,1,Adult
18-29 (Young Adult),F,1.0,1,Adult
18-29 (Young Adult),F,3.3,0,Adult
30-45 (Adult),F,8.2,1,Adult
30-45 (Adult),F,3.3,1,Adult
30-45 (Adult),F,5.1,1,Adult
18-29 (Young Adult),M,4.6,1,Adult
18-29 (Young Adult),M,2.3,0,Adult
18-29 (Young Adult),M,5.2,1,Adult
30-45 (Adult),M,6.5,1,Adult
30-45 (Adult),F,9.2,1,Adult
30-45 (Adult),F,9.8,1,Adult
18-29 (Young Adult),M,2.0,1,Adult
30-45 (Adult),F,1.6,1,Adult
18-29 (Young Adult),M,2.6,1,Adult
18-29 (Young Adult),F,8.5,0,Adult
18-29 (Young Adult),M,6.4,1,Adult
18-29 (Young Adult),M,6.3,1,Adult
30-45 (Adult),M,4.8,1,Adult
30-45 (Adult),F,9.9,1,Adult
18-29 (Young Adult),F,7.7,1,Adult
30-45 (Adult),F,8.4,1,Adult
30-45 (Adult),M,8.3,1,Adult
30-45 (Adult),M,8.6,1,Adult
30-45 (Adult),M,1.9,0,Adult
18-29 (Young Adult),M,7.2,1,Adult
30-45 (Adult),F,7.4,1,Adult
18-29 (Young Adult),M,8.1,0,Adult
18-29 (Young Adult),F,8.4,1,Adult
30-45 (Adult),M,9.1,1,Adult
18-29 (Young Adult),M,8.0,1,Adult
30-45 (Adult),M,8.0,1,Adult
18-29 (Young Adult),F,5.4,1,Adult
18-29 (Young Adult),F,2.3,1,Adult
30-45 (Adult),M,2.5,1,Adult
30-45 (Adult),F,7.9,1,Adult
18-29 (Young Adult),F,8.8,0,Adult
30-45 (Adult),M,3.6,1,Adult
30-45 (Adult),F,6.4,1,Adult
30-45 (Adult),M,2.3,0,Adult
18-29 (Young Adult),F,7.4,1,Adult
18-29 (Young Adult),F,7.0,1,Adult
18-29 (Young Adult),M,4.0,1,Adult
30-45 (Adult),M,7.1,1,Adult
30-45 (Adult),F,7.6,1,Adult
18-29 (Young Adult),M,5.6,1,Adult
30-45 (Adult),F,1.1,0,Adult
30-45 (Adult),F,3.5,1,Adult
30-45 (Adult),F,4.3,1,Adult
18-29 (Young Adult),F,8.7,1,Adult
30-45 (Adult),F,5.9,1,Adult
18-29 (Young Adult),F,5.8,1,Adult
18-29 (Young Adult),F,8.2,0,Adult
30-45 (Adult),F,9.4,0,Adult
30-45 (Adult),F,7.0,0,Adult
30-45 (Adult),F,4.4,1,Adult
30-45 (Adult),M,6.8,1,Adult
30-45 (Adult),F,4.3,1,Adult
30-45 (Adult),M,10.0,1,Adult
18-29 (Young Adult),F,1.2,0,Adult
30-45 (Adult),M,6.2,1,Adult
30-45 (Adult),M,5.2,1,Adult
30-45 (Adult),F,1.5,0,Adult
18-29 (Young Adult),M,9.6,1,Adult
18-29 (Young Adult),F,5.2,0,Adult
30-45 (Adult),F,3.4,0,Adult
18-29 (Young Adult),F,9.3,0,Adult
30-45 (Adult),F,6.5,1,Adult
30-45 (Adult),F,6.7,1,Adult
18-29 (Young Adult),F,5.3,1,Adult
18-29 (Young Adult),M,4.9,1,Adult
30-45 (Adult),F,1.6,1,Adult
30-45 (Adult),F,2.7,1,Adult
18-29 (Young Adult),F,1.1,0,Adult
30-45 (Adult),F,1.6,1,Adult
18-29 (Young Adult),F,9.8,1,Adult
18-29 (Young Adult),F,2.4,1,Adult
30-45 (Adult),M,9.2,0,Adult
30-45 (Adult),M,3.6,1,Adult
18-29 (Young Adult),F,2.7,1,Adult
18-29 (Young Adult),F,2.5,1,Adult
18-29 (Young Adult),M,5.4,0,Adult
30-45 (Adult),F,1.4,1,Adult
30-45 (Adult),F,6.6,1,Adult
30-45 (Adult),F,1.3,0,Adult
18-29 (Young Adult),M,6.6,0,Adult
18-29 (Young Adult),M,5.3,0,Adult
30-45 (Adult),F,2.9,1,Adult
30-45 (Adult),M,8.1,1,Adult
18-29 (Young Adult),F,8.1,0,Adult
30-45 (Adult),M,9.3,1,Adult
30-45 (Adult),M,2.4,1,Adult
30-45 (Adult),M,2.4,1,Adult
30-45 (Adult),F,7.4,0,Adult
30-45 (Adult),M,2.2,0,Adult
30-45 (Adult),F,9.9,1,Adult
18-29 (Young Adult),F,4.6,0,Adult
18-29 (Young Adult),F,1.8,1,Adult
30-45 (Adult),M,8.4,1,Adult
30-45 (Adult),M,6.9,1,Adult
18-29 (Young Adult),F,2.8,1,Adult
18-29 (Young Adult),M,8.3,0,Adult
30-45 (Adult),M,7.3,1,Adult
18-29 (Young Adult),M,4.8,1,Adult
18-29 (Young Adult),F,4.4,0,Adult
30-45 (Adult),M,5.7,0,Adult
18-29 (Young Adult),M,7.5,1,Adult
18-29 (Young Adult),F,1.6,1,Adult
30-45 (Adult),F,7.3,1,Adult
30-45 (Adult),M,8.8,0,Adult
30-45 (Adult),F,1.9,1,Adult
18-29 (Young Adult),M,5.3,0,Adult
30-45 (Adult),F,7.4,1,Adult
30-45 (Adult),F,9.7,1,Adult
30-45 (Adult),M,6.7,1,Adult
30-45 (Adult),M,8.5,1,Adult
18-29 (Young Adult),M,6.9,1,Adult
30-45 (Adult),F,3.9,0,Adult
18-29 (Young Adult),M,6.2,1,Adult
30-45 (Adult),F,7.2,1,Adult
30-45 (Adult),F,4.1,1,Adult
18-29 (Young Adult),M,5.8,0,Adult
18-29 (Young Adult),F,1.9,1,Adult
30-45 (Adult),M,4.2,1,Adult
18-29 (Young Adult),M,8.5,1,Adult
18-29 (Young Adult),F,9.2,0,Adult
30-45 (Adult),F,8.2,1,Adult
18-29 (Young Adult),F,3.3,1,Adult
30-45 (Adult),F,1.7,0,Adult
18-29 (Young Adult),M,2.1,1,Adult
30-45 (Adult),F,3.2,1,Adult
30-45 (Adult),F,9.8,0,Adult
18-29 (Young Adult),F,3.6,1,Adult
18-29 (Young Adult),F,5.8,1,Adult
18-29 (Young Adult),M,9.7,1,Adult
30-45 (Adult),F,3.0,1,Adult
18-29 (Young Adult),M,7.0,1,Adult
18-29 (Young Adult),M,8.8,1,Adult
30-45 (Adult),F,5.1,0,Adult
30-45 (Adult),M,1.7,1,Adult
18-29 (Young Adult),M,8.3,1,Adult
30-45 (Adult),M,5.1,1,Adult
30-45 (Adult),M,8.2,1,Adult
18-29 (Young Adult),F,3.7,1,Adult
30-45 (Adult),M,3.4,1,Adult
30-45 (Adult),F,8.9,1,Adult
30-45 (Adult),M,9.5,1,Adult
30-45 (Adult),M,7.7,1,Adult
18-29 (Young Adult),F,7.4,0,Adult
30-45 (Adult),M,5.6,0,Adult
18-29 (Young Adult),F,3.5,0,Adult
18-29 (Young Adult),M,6.7,1,Adult
30-45 (Adult),M,4.6,0,Adult
18-29 (Young Adult),M,2.5,0,Adult
30-45 (Adult),F,4.4,0,Adult
30-45 (Adult),F,2.6,1,Adult
18-29 (Young Adult),F,6.7,0,Adult
30-45 (Adult),F,2.1,1,Adult
18-29 (Young Adult),M,8.0,1,Adult
30-45 (Adult),F,6.2,0,Adult
30-45 (Adult),F,5.1,1,Adult
18-29 (Young Adult),M,9.0,1,Adult
30-45 (Adult),M,5.0,1,Adult
30-45 (Adult),M,1.6,1,Adult
30-45 (Adult),F,9.6,1,Adult
18-29 (Young Adult),M,6.3,1,Adult
30-45 (Adult),F,7.1,1,Adult
18-29 (Young Adult),F,5.3,0,Adult
18-29 (Young Adult),M,4.7,1,Adult
30-45 (Adult),F,9.5,1,Adult
18-29 (Young Adult),F,5.8,1,Adult
18-29 (Young Adult),M,1.3,1,Adult
18-29 (Young Adult),F,7.7,0,Adult
30-45 (Adult),F,5.7,1,Adult
30-45 (Adult),M,9.3,0,Adult
30-45 (Adult),F,8.5,0,Adult
18-29 (Young Adult),M,5.6,0,Adult
18-29 (Young Adult),M,8.5,1,Adult
18-29 (Young Adult),M,2.2,1,Adult
30-45 (Adult),F,2.2,1,Adult
18-29 (Young Adult),M,9.2,1,Adult
30-45 (Adult),M,2.0,0,Adult
30-45 (Adult),F,1.2,1,Adult
30-45 (Adult),F,9.8,1,Adult
18-29 (Young Adult),M,4.6,0,Adult
30-45 (Adult),F,6.7,0,Adult
30-45 (Adult),F,3.9,1,Adult
30-45 (Adult),M,4.8,0,Adult
30-45 (Adult),F,3.0,0,Adult
30-45 (Adult),F,6.2,1,Adult
30-45 (Adult),F,10.0,1,Adult
30-45 (Adult),M,6.2,1,Adult
30-45 (Adult),F,8.6,1,Adult
30-45 (Adult),M,5.5,0,Adult
30-45 (Adult),M,4.5,1,Adult
30-45 (Adult),M,8.0,1,Adult
18-29 (Young Adult),F,7.5,0,Adult
30-45 (Adult),M,9.4,1,Adult
30-45 (Adult),M,3.5,1,Adult
30-45 (Adult),F,9.3,1,Adult
30-45 (Adult),M,7.3,1,Adult
30-45 (Adult),M,2.0,1,Adult
18-29 (Young Adult),F,4.3,1,Adult
30-45 (Adult),M,3.6,1,Adult
18-29 (Young Adult),M,5.4,1,Adult
18-29 (Young Adult),F,3.5,1,Adult
30-45 (Adult),M,1.3,1,Adult
30-45 (Adult),M,3.9,0,Adult
30-45 (Adult),M,1.7,1,Adult
30-45 (Adult),M,1.2,1,Adult
30-45 (Adult),F,7.4,1,Adult
30-45 (Adult),M,2.1,1,Adult
30-45 (Adult),F,9.4,0,Adult
30-45 (Adult),M,7.4,0,Adult
18-29 (Young Adult),M,8.4,1,Adult
18-29 (Young Adult),M,3.5,1,Adult
30-45 (Adult),M,8.5,1,Adult
18-29 (Young Adult),F,5.9,1,Adult
30-45 (Adult),F,4.8,1,Adult
30-45 (Adult),F,3.7,0,Adult
18-29 (Young Adult),M,6.9,1,Adult
30-45 (Adult),M,7.8,1,Adult
18-29 (Young Adult),F,5.8,0,Adult
30-45 (Adult),M,2.9,0,Adult
30-45 (Adult),F,7.4,1,Adult
30-45 (Adult),M,9.4,1,Adult
30-45 (Adult),F,2.7,0,Adult
30-45 (Adult),M,7.1,0,Adult
30-45 (Adult),M,4.7,1,Adult
30-45 (Adult),F,5.3,1,Adult
30-45 (Adult),M,2.8,0,Adult
30-45 (Adult),M,7.8,1,Adult
30-45 (Adult),F,3.2,0,Adult
18-29 (Young Adult),F,7.7,1,Adult
18-29 (Young Adult),F,9.5,1,Adult
30-45 (Adult),F,3.5,0,Adult
30-45 (Adult),F,2.5,1,Adult
30-45 (Adult),F,8.7,1,Adult
30-45 (Adult),F,3.8,0,Adult
30-45 (Adult),F,5.6,1,Adult
30-45 (Adult),M,4.9,0,Adult
18-29 (Young Adult),M,1.8,0,Adult
18-29 (Young Adult),F,9.5,1,Adult
30-45 (Adult),M,5.9,1,Adult
30-45 (Adult),M,7.8,0,Adult
30-45 (Adult),M,9.3,0,Adult
18-29 (Young Adult),M,5.2,1,Adult
30-45 (Adult),F,9.8,1,Adult
30-45 (Adult),F,8.5,1,Adult
18-29 (Young Adult),M,4.2,1,Adult
30-45 (Adult),F,9.6,0,Adult
30-45 (Adult),F,6.3,0,Adult
30-45 (Adult),M,8.4,0,Adult
18-29 (Young Adult),F,3.2,1,Adult
30-45 (Adult),F,9.6,1,Adult
30-45 (Adult),M,4.2,0,Adult
30-45 (Adult),F,2.3,1,Adult
18-29 (Young Adult),F,5.0,1,Adult
30-45 (Adult),F,8.7,0,Adult
30-45 (Adult),F,1.7,1,Adult
30-45 (Adult),M,5.0,1,Adult
18-29 (Young Adult),F,4.1,1,Adult
18-29 (Young Adult),F,7.0,0,Adult
30-45 (Adult),M,1.5,1,Adult
30-45 (Adult),F,9.5,1,Adult
30-45 (Adult),F,6.2,1,Adult
30-45 (Adult),M,7.9,0,Adult
18-29 (Young Adult),F,9.1,1,Adult
30-45 (Adult),M,8.4,0,Adult
30-45 (Adult),M,7.9,0,Adult
30-45 (Adult),F,7.8,0,Adult
30-45 (Adult),M,6.7,0,Adult
18-29 (Young Adult),M,5.0,1,Adult
30-45 (Adult),M,3.6,1,Adult
18-29 (Young Adult),F,3.6,1,Adult
18-29 (Young Adult),M,6.9,1,Adult
30-45 (Adult),F,1.6,0,Adult
30-45 (Adult),M,4.2,1,Adult
18-29 (Young Adult),M,8.5,0,Adult
30-45 (Adult),M,4.2,1,Adult
30-45 (Adult),F,6.2,1,Adult
30-45 (Adult),F,8.7,0,Adult
30-45 (Adult),M,1.2,0,Adult
30-45 (Adult),M,3.7,0,Adult
30-45 (Adult),F,3.4,0,Adult
18-29 (Young Adult),F,7.0,1,Adult
18-29 (Young Adult),F,3.3,0,Adult
18-29 (Young Adult),F,2.7,1,Adult
30-45 (Adult),F,7.7,0,Adult
30-45 (Adult),F,8.2,1,Adult
18-29 (Young Adult),M,8.9,1,Adult
30-45 (Adult),F,9.5,1,Adult
18-29 (Young Adult),F,2.8,1,Adult
30-45 (Adult),M,8.1,1,Adult
30-45 (Adult),M,3.3,1,Adult
18-29 (Young Adult),M,7.9,1,Adult
18-29 (Young Adult),M,9.3,1,Adult
30-45 (Adult),F,3.4,1,Adult
18-29 (Young Adult),F,5.0,1,Adult
18-29 (Young Adult),M,4.1,1,Adult
30-45 (Adult),F,9.2,1,Adult
18-29 (Young Adult),F,8.2,1,Adult
18-29 (Young Adult),M,6.5,0,Adult
30-45 (Adult),F,4.4,0,Adult
18-29 (Young Adult),F,8.5,1,Adult
30-45 (Adult),M,4.6,1,Adult
30-45 (Adult),M,8.8,1,Adult
30-45 (Adult),F,6.1,1,Adult
18-29 (Young Adult),M,3.8,1,Adult
30-45 (Adult),F,8.1,0,Adult
18-29 (Young Adult),F,9.6,0,Adult
18-29 (Young Adult),M,1.8,1,Adult
30-45 (Adult),F,4.1,0,Adult
30-45 (Adult),F,5.6,1,Adult
18-29 (Young Adult),F,9.1,1,Adult
30-45 (Adult),F,5.2,0,Adult
18-29 (Young Adult),F,1.4,1,Adult
30-45 (Adult),F,4.6,0,Adult
18-29 (Young Adult),F,6.4,1,Adult
30-45 (Adult),F,9.4,1,Adult
30-45 (Adult),M,9.0,1,Adult
18-29 (Young Adult),M,3.1,1,Adult
18-29 (Young Adult),F,9.4,1,Adult
18-29 (Young Adult),M,4.2,1,Adult
30-45 (Adult),F,7.4,1,Adult
30-45 (Adult),M,7.3,1,Adult
18-29 (Young Adult),M,5.2,1,Adult
18-29 (Young Adult),M,6.3,1,Adult
30-45 (Adult),M,6.5,1,Adult
30-45 (Adult),M,1.9,1,Adult
30-45 (Adult),M,1.0,1,Adult
18-29 (Young Adult),F,9.1,1,Adult
18-29 (Young Adult),M,5.3,1,Adult
30-45 (Adult),F,4.2,0,Adult
18-29 (Young Adult),F,4.3,1,Adult
30-45 (Adult),M,1.3,0,Adult
18-29 (Young Adult),M,3.1,0,Adult
30-45 (Adult),M,3.4,0,Adult
30-45 (Adult),M,5.3,1,Adult
18-29 (Young Adult),F,1.7,0,Adult
30-45 (Adult),F,2.5,1,Adult
18-29 (Young Adult),F,1.2,0,Adult
30-45 (Adult),M,5.1,1,Adult
18-29 (Young Adult),M,6.6,0,Adult
18-29 (Young Adult),M,4.8,0,Adult
30-45 (Adult),F,5.7,1,Adult
18-29 (Young Adult),F,7.6,1,Adult
30-45 (Adult),F,9.0,0,Adult
18-29 (Young Adult),F,4.0,0,Adult
18-29 (Young Adult),M,1.2,0,Adult
18-29 (Young Adult),F,5.4,1,Adult
18-29 (Young Adult),M,7.9,1,Adult
30-45 (Adult),F,5.1,0,Adult
18-29 (Young Adult),M,8.9,1,Adult
30-45 (Adult),M,3.7,1,Adult
18-29 (Young Adult),F,6.9,1,Adult
30-45 (Adult),M,4.3,1,Adult
18-29 (Young Adult),F,7.5,0,Adult
18-29 (Young Adult),F,7.7,0,Adult
30-45 (Adult),M,4.6,0,Adult
30-45 (Adult),F,3.9,1,Adult
30-45 (Adult),M,7.4,1,Adult
30-45 (Adult),M,5.0,1,Adult
30-45 (Adult),F,7.3,1,Adult
18-29 (Young Adult),F,8.6,0,Adult
30-45 (Adult),M,4.1,1,Adult
18-29 (Young Adult),F,9.6,1,Adult
30-45 (Adult),M,3.9,1,Adult
30-45 (Adult),F,8.1,0,Adult
30-45 (Adult),F,2.1,1,Adult
30-45 (Adult),M,8.5,0,Adult
18-29 (Young Adult),M,9.1,1,Adult
30-45 (Adult),M,6.6,1,Adult
30-45 (Adult),M,8.2,1,Adult
18-29 (Young Adult),F,1.5,1,Adult
30-45 (Adult),F,8.5,1,Adult
30-45 (Adult),F,3.4,0,Adult
18-29 (Young Adult),F,1.0,1,Adult
18-29 (Young Adult),F,3.6,0,Adult
30-45 (Adult),F,3.6,1,Adult
30-45 (Adult),M,3.5,0,Adult
30-45 (Adult),F,9.5,1,Adult
30-45 (Adult),M,6.6,1,Adult
30-45 (Adult),F,8.4,1,Adult
30-45 (Adult),M,5.1,0,Adult
30-45 (Adult),F,8.6,1,Adult
18-29 (Young Adult),M,4.8,1,Adult
30-45 (Adult),F,9.2,0,Adult
30-45 (Adult),F,8.2,1,Adult
18-29 (Young Adult),F,1.5,1,Adult
18-29 (Young Adult),M,3.7,0,Adult
30-45 (Adult),M,1.7,1,Adult
18-29 (Young Adult),M,5.9,0,Adult
18-29 (Young Adult),F,1.7,1,Adult
30-45 (Adult),M,6.3,1,Adult
18-29 (Young Adult),M,7.1,1,Adult
30-45 (Adult),M,3.0,1,Adult
18-29 (Young Adult),M,6.0,1,Adult
30-45 (Adult),M,1.2,1,Adult
18-29 (Young Adult),F,7.3,0,Adult
30-45 (Adult),M,4.7,1,Adult
30-45 (Adult),F,1.5,1,Adult
18-29 (Young Adult),M,4.6,1,Adult
30-45 (Adult),M,1.7,1,Adult
30-45 (Adult),F,6.0,1,Adult
18-29 (Young Adult),F,6.8,1,Adult
18-29 (Young Adult),F,1.1,0,Adult
30-45 (Adult),F,6.2,1,Adult
30-45 (Adult),M,7.7,1,Adult
18-29 (Young Adult),M,1.6,1,Adult
18-29 (Young Adult),M,4.3,0,Adult
18-29 (Young Adult),M,5.6,1,Adult
30-45 (Adult),M,3.9,1,Adult
18-29 (Young Adult),F,8.1,0,Adult
30-45 (Adult),F,9.2,1,Adult
18-29 (Young Adult),F,2.2,1,Adult
30-45 (Adult),M,8.9,0,Adult
18-29 (Young Adult),F,2.6,1,Adult
30-45 (Adult),F,8.5,0,Adult
30-45 (Adult),M,4.5,0,Adult
30-45 (Adult),M,2.6,1,Adult
18-29 (Young Adult),M,4.1,1,Adult
30-45 (Adult),F,4.7,1,Adult
30-45 (Adult),F,1.9,1,Adult
18-29 (Young Adult),M,4.1,1,Adult
30-45 (Adult),F,1.7,1,Adult
30-45 (Adult),M,4.4,1,Adult
30-45 (Adult),M,4.0,0,Adult
18-29 (Young Adult),F,4.8,0,Adult
18-29 (Young Adult),F,1.9,0,Adult
30-45 (Adult),F,9.1,1,Adult
30-45 (Adult),F,5.2,1,Adult
30-45 (Adult),F,9.7,0,Adult
30-45 (Adult),M,8.7,1,Adult
18-29 (Young Adult),F,6.6,0,Adult
30-45 (Adult),M,4.8,1,Adult
30-45 (Adult),M,8.9,0,Adult
18-29 (Young Adult),F,6.4,0,Adult
30-45 (Adult),F,3.1,1,Adult
18-29 (Young Adult),F,5.7,1,Adult
18-29 (Young Adult),F,3.4,1,Adult
30-45 (Adult),F,5.4,0,Adult
30-45 (Adult),M,3.4,1,Adult
18-29 (Young Adult),F,9.8,1,Adult
30-45 (Adult),F,9.5,0,Adult
30-45 (Adult),M,1.7,1,Adult
30-45 (Adult),M,2.9,1,Adult
30-45 (Adult),F,7.8,0,Adult
30-45 (Adult),M,2.4,1,Adult
18-29 (Young Adult),M,8.5,1,Adult
18-29 (Young Adult),F,1.2,1,Adult
30-45 (Adult),F,7.5,1,Adult
30-45 (Adult),M,6.7,1,Adult
30-45 (Adult),M,2.2,0,Adult
18-29 (Young Adult),M,8.9,1,Adult
30-45 (Adult),M,7.8,1,Adult
30-45 (Adult),F,4.3,0,Adult
30-45 (Adult),M,1.0,1,Adult
30-45 (Adult),F,8.6,1,Adult
18-29 (Young Adult),F,5.1,0,Adult
18-29 (Young Adult),F,8.0,1,Adult
18-29 (Young Adult),M,6.9,0,Adult
30-45 (Adult),M,5.3,0,Adult
30-45 (Adult),F,2.8,1,Adult
18-29 (Young Adult),M,3.3,1,Adult
30-45 (Adult),F,9.5,1,Adult
18-29 (Young Adult),M,8.3,1,Adult
30-45 (Adult),M,6.6,1,Adult
18-29 (Young Adult),F,4.4,1,Adult
18-29 (Young Adult),F,1.2,1,Adult
30-45 (Adult),M,3.9,1,Adult
30-45 (Adult),M,1.1,1,Adult
18-29 (Young Adult),M,2.3,1,Adult
30-45 (Adult),F,7.4,1,Adult
18-29 (Young Adult),F,1.5,1,Adult
18-29 (Young Adult),M,9.5,1,Adult
30-45 (Adult),M,6.8,1,Adult
18-29 (Young Adult),F,3.1,1,Adult
18-29 (Young Adult),F,1.4,1,Adult
30-45 (Adult),M,7.9,0,Adult
30-45 (Adult),M,2.4,1,Adult
30-45 (Adult),F,4.9,0,Adult
18-29 (Young Adult),F,6.0,1,Adult
30-45 (Adult),M,6.2,1,Adult
18-29 (Young Adult),M,8.8,0,Adult
30-45 (Adult),F,9.0,0,Adult
30-45 (Adult),F,7.7,1,Adult
18-29 (Young Adult),F,3.0,0,Adult
30-45 (Adult),F,4.0,1,Adult
18-29 (Young Adult),M,5.8,1,Adult
18-29 (Young Adult),F,8.2,0,Adult
30-45 (Adult),M,6.2,0,Adult
18-29 (Young Adult),F,2.2,1,Adult
30-45 (Adult),M,3.4,1,Adult
18-29 (Young Adult),F,7.2,0,Adult
18-29 (Young Adult),F,5.0,1,Adult
18-29 (Young Adult),M,3.4,1,Adult
18-29 (Young Adult),M,9.6,1,Adult
18-29 (Young Adult),M,2.9,0,Adult
30-45 (Adult),F,3.9,0,Adult
30-45 (Adult),M,1.5,0,Adult
30-45 (Adult),M,1.9,1,Adult
18-29 (Young Adult),M,4.6,1,Adult
18-29 (Young Adult),F,4.7,1,Adult
30-45 (Adult),M,7.5,1,Adult
18-29 (Young Adult),M,3.7,0,Adult
18-29 (Young Adult),M,2.5,1,Adult
30-45 (Adult),M,4.1,1,Adult
18-29 (Young Adult),F,2.6,1,Adult
18-29 (Young Adult),M,2.6,0,Adult
18-29 (Young Adult),M,6.1,1,Adult
30-45 (Adult),M,4.3,1,Adult
18-29 (Young Adult),F,2.5,1,Adult
18-29 (Young Adult),M,7.4,1,Adult
30-45 (Adult),M,1.9,1,Adult
30-45 (Adult),M,5.4,0,Adult
30-45 (Adult),F,4.6,1,Adult
18-29 (Young Adult),F,6.5,1,Adult
18-29 (Young Adult),M,9.1,1,Adult
30-45 (Adult),F,1.3,0,Adult
30-45 (Adult),M,4.8,1,Adult
30-45 (Adult),M,6.0,1,Adult
30-45 (Adult),F,7.2,0,Adult
30-45 (Adult),F,5.2,1,Adult
18-29 (Young Adult),M,6.3,1,Adult
30-45 (Adult),F,8.2,0,Adult
18-29 (Young Adult),F,5.5,1,Adult
18-29 (Young Adult),M,5.7,1,Adult
30-45 (Adult),F,7.8,1,Adult
30-45 (Adult),F,4.5,1,Adult
30-45 (Adult),M,9.6,1,Adult
30-45 (Adult),M,2.4,1,Adult
18-29 (Young Adult),M,9.5,1,Adult
30-45 (Adult),F,8.2,1,Adult
18-29 (Young Adult),M,5.6,0,Adult
18-29 (Young Adult),M,4.1,1,Adult
30-45 (Adult),M,7.7,1,Adult
18-29 (Young Adult),M,7.9,1,Adult
30-45 (Adult),F,8.7,0,Adult
18-29 (Young Adult),M,7.0,1,Adult
30-45 (Adult),F,1.3,0,Adult
18-29 (Young Adult),M,2.1,0,Adult
30-45 (Adult),F,7.8,1,Adult
18-29 (Young Adult),F,7.5,1,Adult
30-45 (Adult),M,5.6,1,Adult
18-29 (Young Adult),M,4.6,0,Adult
30-45 (Adult),M,2.2,1,Adult
18-29 (Young Adult),M,7.0,1,Adult
18-29 (Young Adult),M,8.0,0,Adult
30-45 (Adult),F,4.8,0,Adult
30-45 (Adult),F,8.8,1,Adult
30-45 (Adult),M,9.2,1,Adult
18-29 (Young Adult),M,2.7,1,Adult
30-45 (Adult),F,3.6,1,Adult
30-45 (Adult),M,2.4,0,Adult
18-29 (Young Adult),F,4.1,0,Adult
30-45 (Adult),F,1.8,0,Adult
18-29 (Young Adult),M,7.7,0,Adult
18-29 (Young Adult),M,7.2,1,Adult
18-29 (Young Adult),M,9.5,0,Adult
30-45 (Adult),F,9.4,1,Adult
18-29 (Young Adult),M,7.2,1,Adult
18-29 (Young Adult),M,5.0,0,Adult
18-29 (Young Adult),F,7.0,1,Adult
30-45 (Adult),F,2.4,0,Adult
30-45 (Adult),F,9.4,0,Adult
18-29 (Young Adult),M,7.7,1,Adult
30-45 (Adult),M,3.6,0,Adult
18-29 (Young Adult),M,1.6,1,Adult
18-29 (Young Adult),M,9.0,1,Adult
30-45 (Adult),F,1.8,1,Adult
30-45 (Adult),F,3.6,1,Adult
30-45 (Adult),F,8.5,0,Adult
30-45 (Adult),M,2.2,0,Adult
30-45 (Adult),F,5.3,1,Adult
18-29 (Young Adult),F,9.8,1,Adult
30-45 (Adult),F,9.4,0,Adult
30-45 (Adult),F,5.0,1,Adult
18-29 (Young Adult),M,1.4,0,Adult
18-29 (Young Adult),F,4.8,1,Adult
18-29 (Young Adult),M,4.3,1,Adult
18-29 (Young Adult),M,1.5,1,Adult
30-45 (Adult),F,5.3,1,Adult
18-29 (Young Adult),F,3.0,1,Adult
18-29 (Young Adult),F,5.4,1,Adult
18-29 (Young Adult),M,1.1,0,Adult
18-29 (Young Adult),M,2.5,0,Adult
30-45 (Adult),F,6.2,1,Adult
18-29 (Young Adult),F,5.7,0,Adult
30-45 (Adult),M,8.5,1,Adult
30-45 (Adult),M,1.8,1,Adult
30-45 (Adult),F,1.3,1,Adult
30-45 (Adult),M,8.7,1,Adult
30-45 (Adult),F,2.1,1,Adult
18-29 (Young Adult),M,9.1,1,Adult
30-45 (Adult),M,3.1,1,Adult
30-45 (Adult),M,7.2,0,Adult
30-45 (Adult),M,6.9,1,Adult
18-29 (Young Adult),M,2.5,1,Adult
30-45 (Adult),M,1.6,0,Adult
30-45 (Adult),M,8.0,1,Adult
18-29 (Young Adult),M,2.3,0,Adult
30-45 (Adult),F,8.8,1,Adult
18-29 (Young Adult),M,6.8,0,Adult
30-45 (Adult),F,2.9,1,Adult
30-45 (Adult),F,3.3,1,Adult
18-29 (Young Adult),M,8.7,1,Adult
18-29 (Young Adult),M,3.8,0,Adult
18-29 (Young Adult),M,9.3,0,Adult
30-45 (Adult),F,9.1,1,Adult
30-45 (Adult),M,1.9,0,Adult
18-29 (Young Adult),M,7.0,0,Adult
18-29 (Young Adult),M,3.7,1,Adult
18-29 (Young Adult),F,9.7,1,Adult
30-45 (Adult),M,5.1,0,Adult
30-45 (Adult),M,5.1,0,Adult
18-29 (Young Adult),F,5.9,0,Adult
30-45 (Adult),M,2.6,1,Adult
30-45 (Adult),F,2.0,1,Adult
18-29 (Young Adult),F,7.8,1,Adult
30-45 (Adult),M,4.4,1,Adult
30-45 (Adult),F,10.0,1,Adult
18-29 (Young Adult),M,5.0,1,Adult
30-45 (Adult),F,9.5,0,Adult
30-45 (Adult),M,6.2,1,Adult
18-29 (Young Adult),F,5.4,1,Adult
30-45 (Adult),F,8.4,1,Adult
18-29 (Young Adult),F,5.2,0,Adult
18-29 (Young Adult),F,3.7,1,Adult
30-45 (Adult),F,5.7,1,Adult
18-29 (Young Adult),F,9.9,0,Adult
18-29 (Young Adult),F,5.8,1,Adult
30-45 (Adult),M,2.2,0,Adult
18-29 (Young Adult),F,2.5,1,Adult
30-45 (Adult),M,10.0,0,Adult
18-29 (Young Adult),M,9.5,0,Adult
30-45 (Adult),F,5.6,1,Adult
30-45 (Adult),M,7.9,1,Adult
30-45 (Adult),M,2.8,1,Adult
18-29 (Young Adult),F,8.7,0,Adult
18-29 (Young Adult),F,3.5,0,Adult
30-45 (Adult),F,3.0,1,Adult
30-45 (Adult),M,3.3,1,Adult
30-45 (Adult),M,8.7,1,Adult
18-29 (Young Adult),M,6.2,1,Adult
30-45 (Adult),M,8.0,0,Adult
18-29 (Young Adult),M,7.6,1,Adult
18-29 (Young Adult),M,3.6,1,Adult
18-29 (Young Adult),M,8.1,0,Adult
18-29 (Young Adult),M,2.3,0,Adult
18-29 (Young Adult),M,3.5,1,Adult
30-45 (Adult),F,3.5,0,Adult
18-29 (Young Adult),M,7.1,0,Adult
30-45 (Adult),M,5.3,0,Adult
18-29 (Young Adult),M,9.0,1,Adult
30-45 (Adult),M,7.2,0,Adult
18-29 (Young Adult),M,9.6,0,Adult
30-45 (Adult),M,8.1,1,Adult
30-45 (Adult),F,9.8,1,Adult
30-45 (Adult),F,4.0,1,Adult
18-29 (Young Adult),F,9.2,1,Adult
30-45 (Adult),F,9.1,1,Adult
18-29 (Young Adult),M,9.5,1,Adult
30-45 (Adult),M,6.0,1,Adult
18-29 (Young Adult),M,4.4,1,Adult
30-45 (Adult),F,6.4,1,Adult
30-45 (Adult),M,2.1,1,Adult
18-29 (Young Adult),M,4.2,1,Adult
30-45 (Adult),F,9.1,0,Adult
30-45 (Adult),M,5.0,0,Adult
30-45 (Adult),M,5.2,0,Adult
18-29 (Young Adult),M,3.7,1,Adult
18-29 (Young Adult),F,7.4,0,Adult
18-29 (Young Adult),M,4.0,1,Adult
18-29 (Young Adult),F,3.8,1,Adult
30-45 (Adult),M,6.5,1,Adult
18-29 (Young Adult),F,4.2,0,Adult
18-29 (Young Adult),F,8.4,0,Adult
18-29 (Young Adult),M,9.0,1,Adult
30-45 (Adult),M,8.0,1,Adult
18-29 (Young Adult),M,1.3,1,Adult
30-45 (Adult),F,2.0,1,Adult
30-45 (Adult),M,2.5,1,Adult
18-29 (Young Adult),F,1.4,0,Adult
30-45 (Adult),F,3.8,1,Adult
30-45 (Adult),M,8.0,1,Adult
30-45 (Adult),M,8.6,0,Adult
30-45 (Adult),F,8.5,0,Adult
30-45 (Adult),F,8.3,0,Adult
18-29 (Young Adult),M,1.5,1,Adult
30-45 (Adult),M,9.9,1,Adult
18-29 (Young Adult),M,6.6,1,Adult
30-45 (Adult),F,6.3,1,Adult
18-29 (Young Adult),M,9.0,1,Adult
30-45 (Adult),M,3.7,0,Adult
18-29 (Young Adult),F,9.0,0,Adult
30-45 (Adult),F,7.5,0,Adult
30-45 (Adult),M,3.2,0,Adult
18-29 (Young Adult),M,2.6,1,Adult
18-29 (Young Adult),M,8.7,1,Adult
30-45 (Adult),M,5.3,1,Adult
18-29 (Young Adult),F,7.9,1,Adult
30-45 (Adult),M,3.1,1,Adult
18-29 (Young Adult),F,6.2,1,Adult
30-45 (Adult),F,5.6,1,Adult
30-45 (Adult),M,4.3,0,Adult
30-45 (Adult),M,5.9,0,Adult
30-45 (Adult),F,9.0,1,Adult
30-45 (Adult),F,5.0,0,Adult
18-29 (Young Adult),F,4.6,1,Adult
30-45 (Adult),F,8.8,0,Adult
18-29 (Young Adult),F,6.0,1,Adult
30-45 (Adult),M,7.6,1,Adult
18-29 (Young Adult),F,8.7,1,Adult
18-29 (Young Adult),M,5.3,1,Adult
30-45 (Adult),F,3.1,1,Adult
18-29 (Young Adult),F,9.2,1,Adult
30-45 (Adult),F,3.6,1,Adult
30-45 (Adult),F,3.2,0,Adult
18-29 (Young Adult),F,8.4,1,Adult
30-45 (Adult),F,1.1,1,Adult
30-45 (Adult),F,2.4,1,Adult
18-29 (Young Adult),M,2.0,1,Adult
30-45 (Adult),M,4.5,1,Adult
18-29 (Young Adult),F,6.2,1,Adult
18-29 (Young Adult),F,2.4,0,Adult
18-29 (Young Adult),F,3.1,1,Adult
30-45 (Adult),F,5.8,0,Adult
18-29 (Young Adult),M,7.6,0,Adult
18-29 (Young Adult),F,4.7,1,Adult
30-45 (Adult),M,2.4,0,Adult
30-45 (Adult),M,1.3,0,Adult
30-45 (Adult),F,9.2,1,Adult
30-45 (Adult),F,9.9,0,Adult
30-45 (Adult),F,4.6,0,Adult
30-45 (Adult),F,10.0,0,Adult
30-45 (Adult),F,5.7,0,Adult
30-45 (Adult),F,8.4,1,Adult
18-29 (Young Adult),M,5.0,1,Adult
30-45 (Adult),M,2.9,0,Adult
18-29 (Young Adult),M,7.8,1,Adult
30-45 (Adult),F,3.2,1,Adult
18-29 (Young Adult),F,5.8,1,Adult
30-45 (Adult),F,8.8,1,Adult
18-29 (Young Adult),M,4.4,1,Adult
18-29 (Young Adult),F,7.8,0,Adult
30-45 (Adult),F,6.3,1,Adult
18-29 (Young Adult),F,6.8,1,Adult
18-29 (Young Adult),M,7.5,1,Adult
30-45 (Adult),M,5.2,0,Adult
18-29 (Young Adult),M,3.8,1,Adult
30-45 (Adult),M,7.6,0,Adult
30-45 (Adult),M,8.4,0,Adult
30-45 (Adult),M,7.5,1,Adult
30-45 (Adult),F,7.6,1,Adult
18-29 (Young Adult),M,3.4,1,Adult
18-29 (Young Adult),M,3.3,0,Adult
30-45 (Adult),M,9.2,0,Adult
18-29 (Young Adult),F,6.1,1,Adult
30-45 (Adult),M,1.6,1,Adult
18-29 (Young Adult),F,8.3,0,Adult
30-45 (Adult),F,2.0,1,Adult
18-29 (Young Adult),F,7.8,1,Adult
30-45 (Adult),M,2.6,0,Adult
30-45 (Adult),M,6.5,0,Adult
18-29 (Young Adult),M,3.5,1,Adult
30-45 (Adult),F,5.0,1,Adult
30-45 (Adult),F,5.6,0,Adult
18-29 (Young Adult),M,1.8,1,Adult
18-29 (Young Adult),M,1.7,1,Adult
30-45 (Adult),M,8.6,1,Adult
18-29 (Young Adult),M,4.4,0,Adult
30-45 (Adult),F,6.7,0,Adult
18-29 (Young Adult),M,1.0,1,Adult
18-29 (Young Adult),M,2.6,1,Adult
18-29 (Young Adult),F,1.7,1,Adult
30-45 (Adult),M,3.6,1,Adult
30-45 (Adult),M,1.1,0,Adult
30-45 (Adult),M,1.8,1,Adult
18-29 (Young Adult),F,8.9,1,Adult
18-29 (Young Adult),M,8.6,0,Adult
18-29 (Young Adult),F,2.8,1,Adult
30-45 (Adult),M,5.3,0,Adult
18-29 (Young Adult),F,7.3,0,Adult
18-29 (Young Adult),M,7.0,0,Adult
30-45 (Adult),M,7.4,1,Adult
18-29 (Young Adult),M,6.9,1,Adult
18-29 (Young Adult),F,7.2,1,Adult
30-45 (Adult),F,8.2,1,Adult
30-45 (Adult),F,9.7,1,Adult
30-45 (Adult),F,2.7,1,Adult
30-45 (Adult),M,1.1,0,Adult
18-29 (Young Adult),F,7.2,1,Adult
30-45 (Adult),M,4.4,0,Adult
18-29 (Young Adult),M,3.1,1,Adult
18-29 (Young Adult),F,5.3,1,Adult
30-45 (Adult),F,7.0,0,Adult
18-29 (Young Adult),F,6.4,1,Adult
30-45 (Adult),M,1.8,1,Adult
30-45 (Adult),F,9.9,0,Adult
18-29 (Young Adult),M,5.9,0,Adult
18-29 (Young Adult),M,1.9,0,Adult
30-45 (Adult),M,4.1,1,Adult
30-45 (Adult),F,2.8,1,Adult
30-45 (Adult),M,4.0,1,Adult
30-45 (Adult),M,4.0,1,Adult
18-29 (Young Adult),F,9.7,1,Adult
18-29 (Young Adult),F,3.2,0,Adult
30-45 (Adult),F,1.0,1,Adult
18-29 (Young Adult),F,9.4,0,Adult
18-29 (Young Adult),F,3.2,1,Adult
30-45 (Adult),M,4.4,1,Adult
30-45 (Adult),F,1.8,1,Adult
18-29 (Young Adult),M,5.8,1,Adult
18-29 (Young Adult),F,1.7,1,Adult
18-29 (Young Adult),F,8.6,0,Adult
30-45 (Adult),M,3.8,1,Adult
18-29 (Young Adult),M,7.9,0,Adult
18-29 (Young Adult),F,2.0,0,Adult
30-45 (Adult),F,9.8,1,Adult
18-29 (Young Adult),F,7.5,0,Adult
18-29 (Young Adult),M,7.6,1,Adult
30-45 (Adult),F,3.8,0,Adult
18-29 (Young Adult),F,2.2,0,Adult
30-45 (Adult),F,8.3,1,Adult
18-29 (Young Adult),F,8.0,0,Adult
30-45 (Adult),M,4.9,1,Adult
18-29 (Young Adult),M,8.7,0,Adult
18-29 (Young Adult),F,3.8,0,Adult
30-45 (Adult),M,6.7,1,Adult
30-45 (Adult),M,9.9,1,Adult
18-29 (Young Adult),F,3.5,0,Adult
18-29 (Young Adult),M,9.6,0,Adult
30-45 (Adult),F,9.6,0,Adult
30-45 (Adult),F,8.6,1,Adult
30-45 (Adult),M,3.5,0,Adult
30-45 (Adult),F,9.0,1,Adult
18-29 (Young Adult),M,2.9,1,Adult
18-29 (Young Adult),M,5.7,1,Adult
18-29 (Young Adult),M,7.6,1,Adult
30-45 (Adult),M,6.3,1,Adult
18-29 (Young Adult),F,5.1,1,Adult
18-29 (Young Adult),M,5.2,1,Adult
18-29 (Young Adult),F,2.4,1,Adult
18-29 (Young Adult),M,9.2,0,Adult
18-29 (Young Adult),F,8.9,1,Adult
18-29 (Young Adult),M,7.0,0,Adult
18-29 (Young Adult),F,8.3,1,Adult
30-45 (Adult),M,9.3,0,Adult
18-29 (Young Adult),F,6.5,0,Adult
18-29 (Young Adult),M,7.0,1,Adult
30-45 (Adult),M,2.6,0,Adult
18-29 (Young Adult),F,7.4,0,Adult
30-45 (Adult),M,9.0,0,Adult
30-45 (Adult),F,4.7,1,Adult
30-45 (Adult),F,3.2,1,Adult
30-45 (Adult),F,2.6,0,Adult
30-45 (Adult),F,2.5,1,Adult
30-45 (Adult),F,3.6,1,Adult
30-45 (Adult),F,5.0,0,Adult
30-45 (Adult),M,8.6,0,Adult
18-29 (Young Adult),F,3.5,1,Adult
30-45 (Adult),F,1.4,1,Adult
18-29 (Young Adult),F,1.5,1,Adult
30-45 (Adult),F,3.2,1,Adult
30-45 (Adult),M,8.0,1,Adult
30-45 (Adult),M,6.0,0,Adult
30-45 (Adult),F,5.0,0,Adult
18-29 (Young Adult),M,2.0,0,Adult
30-45 (Adult),F,8.3,1,Adult
30-45 (Adult),M,7.7,1,Adult
30-45 (Adult),F,5.8,1,Adult
18-29 (Young Adult),F,7.6,1,Adult
30-45 (Adult),M,2.3,1,Adult
18-29 (Young Adult),M,1.4,0,Adult
18-29 (Young Adult),M,4.4,1,Adult
18-29 (Young Adult),F,6.0,1,Adult
18-29 (Young Adult),F,6.3,1,Adult
18-29 (Young Adult),M,5.1,1,Adult
18-29 (Young Adult),M,9.9,1,Adult
18-29 (Young Adult),M,1.1,1,Adult
30-45 (Adult),F,5.9,1,Adult
18-29 (Young Adult),F,6.3,1,Adult
18-29 (Young Adult),M,9.5,1,Adult
18-29 (Young Adult),M,6.7,0,Adult
18-29 (Young Adult),M,5.5,1,Adult
18-29 (Young Adult),F,6.4,1,Adult
30-45 (Adult),M,7.2,0,Adult
18-29 (Young Adult),F,9.9,1,Adult
18-29 (Young Adult),M,8.9,0,Adult
18-29 (Young Adult),M,3.9,1,Adult
30-45 (Adult),F,7.8,1,Adult
30-45 (Adult),F,3.3,1,Adult
18-29 (Young Adult),M,6.0,1,Adult
18-29 (Young Adult),F,9.1,1,Adult
18-29 (Young Adult),F,6.0,1,Adult
30-45 (Adult),F,5.2,1,Adult
30-45 (Adult),F,5.3,0,Adult
18-29 (Young Adult),M,9.3,1,Adult
18-29 (Young Adult),F,2.0,0,Adult
18-29 (Young Adult),M,7.9,1,Adult
30-45 (Adult),F,1.6,1,Adult
18-29 (Young Adult),F,9.4,1,Adult
30-45 (Adult),M,4.5,0,Adult
30-45 (Adult),M,2.1,1,Adult
18-29 (Young Adult),F,2.8,1,Adult
18-29 (Young Adult),F,9.8,1,Adult
30-45 (Adult),F,9.9,0,Adult
30-45 (Adult),M,8.7,0,Adult
18-29 (Young Adult),M,7.6,1,Adult
30-45 (Adult),F,4.9,0,Adult
30-45 (Adult),M,2.2,1,Adult
18-29 (Young Adult),M,7.9,1,Adult
30-45 (Adult),F,6.1,1,Adult
18-29 (Young Adult),F,2.2,1,Adult
18-29 (Young Adult),F,1.3,1,Adult
30-45 (Adult),M,7.6,1,Adult
18-29 (Young Adult),M,6.6,0,Adult
30-45 (Adult),F,9.5,1,Adult
18-29 (Young Adult),M,6.5,1,Adult
30-45 (Adult),F,9.9,0,Adult
18-29 (Young Adult),M,5.2,1,Adult
30-45 (Adult),M,5.4,1,Adult
18-29 (Young Adult),F,7.7,1,Adult
30-45 (Adult),M,7.7,1,Adult
30-45 (Adult),F,9.4,1,Adult
30-45 (Adult),M,7.8,1,Adult
30-45 (Adult),F,8.2,1,Adult
30-45 (Adult),F,9.1,1,Adult
18-29 (Young Adult),M,9.9,1,Adult
30-45 (Adult),F,8.4,1,Adult
18-29 (Young Adult),M,3.9,0,Adult
30-45 (Adult),F,3.3,1,Adult
30-45 (Adult),F,5.6,1,Adult
18-29 (Young Adult),M,5.5,0,Adult
30-45 (Adult),F,9.8,1,Adult
18-29 (Young Adult),M,6.9,1,Adult
30-45 (Adult),F,2.0,1,Adult
30-45 (Adult),F,5.2,1,Adult
30-45 (Adult),F,7.7,0,Adult
30-45 (Adult),F,9.7,1,Adult
18-29 (Young Adult),M,6.7,1,Adult
30-45 (Adult),F,5.5,1,Adult
30-45 (Adult),M,2.7,1,Adult
30-45 (Adult),F,9.4,1,Adult
18-29 (Young Adult),M,1.4,0,Adult
18-29 (Young Adult),M,3.0,1,Adult
30-45 (Adult),M,8.2,0,Adult
30-45 (Adult),M,6.4,1,Adult
18-29 (Young Adult),M,8.8,0,Adult
18-29 (Young Adult),F,7.9,1,Adult
30-45 (Adult),F,9.4,0,Adult
30-45 (Adult),M,8.6,0,Adult
18-29 (Young Adult),F,7.7,1,Adult
18-29 (Young Adult),M,1.9,1,Adult
30-45 (Adult),F,9.2,1,Adult
18-29 (Young Adult),M,8.8,1,Adult
30-45 (Adult),M,8.8,0,Adult
30-45 (Adult),F,9.2,1,Adult
18-29 (Young Adult),M,7.2,1,Adult
18-29 (Young Adult),F,5.1,1,Adult
30-45 (Adult),M,9.4,0,Adult
30-45 (Adult),F,7.5,1,Adult
30-45 (Adult),M,4.2,1,Adult
18-29 (Young Adult),M,1.0,1,Adult
30-45 (Adult),M,1.5,1,Adult
30-45 (Adult),M,7.3,1,Adult
18-29 (Young Adult),M,3.3,1,Adult
30-45 (Adult),F,4.5,1,Adult
18-29 (Young Adult),F,8.0,1,Adult
18-29 (Young Adult),M,6.3,1,Adult
18-29 (Young Adult),F,3.4,1,Adult
18-29 (Young Adult),F,1.4,1,Adult
30-45 (Adult),M,1.9,1,Adult
30-45 (Adult),M,4.0,1,Adult
30-45 (Adult),M,9.0,1,Adult
18-29 (Young Adult),M,7.2,1,Adult
30-45 (Adult),F,9.1,1,Adult
30-45 (Adult),F,7.0,1,Adult
30-45 (Adult),M,6.5,1,Adult
30-45 (Adult),M,8.7,1,Adult
30-45 (Adult),M,2.0,1,Adult
30-45 (Adult),M,5.5,1,Adult
30-45 (Adult),M,5.1,0,Adult
18-29 (Young Adult),F,7.3,1,Adult
30-45 (Adult),M,2.1,0,Adult
18-29 (Young Adult),M,9.2,1,Adult
30-45 (Adult),M,3.7,1,Adult
30-45 (Adult),F,5.3,1,Adult
30-45 (Adult),M,6.0,0,Adult
30-45 (Adult),F,6.3,1,Adult
30-45 (Adult),M,5.1,1,Adult
30-45 (Adult),F,1.8,1,Adult
30-45 (Adult),F,8.8,1,Adult
18-29 (Young Adult),M,5.4,1,Adult
18-29 (Young Adult),M,9.9,1,Adult
18-29 (Young Adult),F,5.2,1,Adult
30-45 (Adult),F,8.1,1,Adult
30-45 (Adult),M,4.0,1,Adult
30-45 (Adult),M,9.6,1,Adult
18-29 (Young Adult),F,1.5,0,Adult
18-29 (Young Adult),M,3.6,1,Adult
18-29 (Young Adult),F,3.7,1,Adult
30-45 (Adult),M,1.9,1,Adult
30-45 (Adult),M,9.3,1,Adult
18-29 (Young Adult),M,9.6,1,Adult
30-45 (Adult),F,8.8,1,Adult
30-45 (Adult),M,2.8,1,Adult
18-29 (Young Adult),M,2.9,0,Adult
18-29 (Young Adult),F,10.0,0,Adult
18-29 (Young Adult),M,2.3,1,Adult
18-29 (Young Adult),F,7.6,0,Adult
30-45 (Adult),M,1.3,1,Adult
18-29 (Young Adult),F,1.8,1,Adult
30-45 (Adult),M,1.1,1,Adult
30-45 (Adult),M,4.8,0,Adult
30-45 (Adult),M,7.3,0,Adult
30-45 (Adult),M,9.5,1,Adult
30-45 (Adult),M,7.9,1,Adult
18-29 (Young Adult),M,7.5,1,Adult
30-45 (Adult),F,8.0,1,Adult
18-29 (Young Adult),M,3.7,1,Adult
18-29 (Young Adult),M,5.5,1,Adult
18-29 (Young Adult),F,8.3,1,Adult
18-29 (Young Adult),F,8.6,0,Adult
18-29 (Young Adult),F,4.6,0,Adult
18-29 (Young Adult),F,5.4,0,Adult
18-29 (Young Adult),M,1.8,1,Adult
30-45 (Adult),F,2.3,1,Adult
30-45 (Adult),M,8.9,1,Adult
30-45 (Adult),M,9.0,1,Adult
30-45 (Adult),M,5.0,1,Adult
18-29 (Young Adult),M,9.7,0,Adult
30-45 (Adult),F,6.8,0,Adult
30-45 (Adult),M,8.0,0,Adult
18-29 (Young Adult),F,4.1,1,Adult
30-45 (Adult),M,5.1,1,Adult
30-45 (Adult),M,9.3,0,Adult
18-29 (Young Adult),F,5.6,1,Adult
30-45 (Adult),M,4.9,1,Adult
30-45 (Adult),F,3.1,1,Adult
18-29 (Young Adult),M,5.2,1,Adult
18-29 (Young Adult),M,3.1,1,Adult
30-45 (Adult),M,4.9,0,Adult
30-45 (Adult),M,3.2,0,Adult
30-45 (Adult),M,5.9,1,Adult
18-29 (Young Adult),F,10.0,1,Adult
30-45 (Adult),F,1.1,1,Adult
18-29 (Young Adult),F,1.7,1,Adult
30-45 (Adult),F,7.8,1,Adult
30-45 (Adult),F,2.4,1,Adult
30-45 (Adult),M,1.9,1,Adult
30-45 (Adult),F,3.0,0,Adult
30-45 (Adult),M,1.3,1,Adult
18-29 (Young Adult),F,8.0,1,Adult
18-29 (Young Adult),F,6.0,0,Adult
30-45 (Adult),F,6.7,1,Adult
18-29 (Young Adult),M,4.0,1,Adult
30-45 (Adult),M,7.6,0,Adult
30-45 (Adult),F,8.0,1,Adult
30-45 (Adult),M,2.5,0,Adult
30-45 (Adult),F,3.6,1,Adult
30-45 (Adult),M,1.7,1,Adult
18-29 (Young Adult),F,6.5,1,Adult
30-45 (Adult),M,4.4,1,Adult
30-45 (Adult),F,2.0,1,Adult
18-29 (Young Adult),F,7.5,1,Adult
18-29 (Young Adult),F,7.2,1,Adult
30-45 (Adult),M,7.9,0,Adult
18-29 (Young Adult),M,5.6,1,Adult
18-29 (Young Adult),F,5.1,1,Adult
18-29 (Young Adult),M,5.4,0,Adult
18-29 (Young Adult),M,5.1,1,Adult
30-45 (Adult),F,7.0,0,Adult
30-45 (Adult),F,2.8,1,Adult
18-29 (Young Adult),F,2.9,1,Adult
30-45 (Adult),F,9.5,1,Adult
18-29 (Young Adult),M,2.3,1,Adult
30-45 (Adult),F,6.9,1,Adult
18-29 (Young Adult),F,3.8,1,Adult
18-29 (Young Adult),F,2.9,1,Adult
18-29 (Young Adult),F,5.2,1,Adult
30-45 (Adult),M,6.9,0,Adult
30-45 (Adult),F,3.1,1,Adult
30-45 (Adult),M,6.4,1,Adult
18-29 (Young Adult),M,8.9,1,Adult
30-45 (Adult),M,8.4,1,Adult
30-45 (Adult),F,9.9,1,Adult
18-29 (Young Adult),F,3.4,0,Adult
30-45 (Adult),M,5.1,1,Adult
30-45 (Adult),M,7.8,0,Adult
18-29 (Young Adult),F,9.4,1,Adult
18-29 (Young Adult),M,7.9,1,Adult
30-45 (Adult),M,7.3,1,Adult
18-29 (Young Adult),M,3.0,0,Adult
18-29 (Young Adult),F,2.2,1,Adult
30-45 (Adult),F,4.3,1,Adult
30-45 (Adult),M,9.0,1,Adult
18-29 (Young Adult),F,5.3,0,Adult
30-45 (Adult),F,9.1,1,Adult
30-45 (Adult),M,5.5,1,Adult
30-45 (Adult),F,5.6,1,Adult
18-29 (Young Adult),M,7.0,0,Adult
18-29 (Young Adult),F,4.4,1,Adult
30-45 (Adult),F,1.1,1,Adult
30-45 (Adult),F,7.6,0,Adult
18-29 (Young Adult),F,3.7,1,Adult
30-45 (Adult),M,3.6,0,Adult
18-29 (Young Adult),M,5.3,0,Adult
30-45 (Adult),M,9.1,0,Adult
18-29 (Young Adult),M,7.8,1,Adult
30-45 (Adult),M,9.4,1,Adult
30-45 (Adult),M,4.8,0,Adult
30-45 (Adult),M,6.6,1,Adult
30-45 (Adult),F,2.7,1,Adult
30-45 (Adult),M,10.0,1,Adult
18-29 (Young Adult),F,1.0,1,Adult
30-45 (Adult),M,8.7,1,Adult
30-45 (Adult),M,1.5,1,Adult
30-45 (Adult),F,3.3,1,Adult
18-29 (Young Adult),M,9.5,1,Adult
18-29 (Young Adult),M,4.1,1,Adult
30-45 (Adult),F,7.4,0,Adult
30-45 (Adult),F,2.6,0,Adult
30-45 (Adult),F,9.4,1,Adult
30-45 (Adult),M,7.9,1,Adult
18-29 (Young Adult),M,5.8,0,Adult
18-29 (Young Adult),M,9.3,1,Adult
30-45 (Adult),M,1.6,1,Adult
18-29 (Young Adult),M,5.4,1,Adult
18-29 (Young Adult),M,3.4,1,Adult
30-45 (Adult),F,9.9,1,Adult
30-45 (Adult),F,2.7,0,Adult
18-29 (Young Adult),M,5.8,0,Adult
18-29 (Young Adult),M,1.9,1,Adult
18-29 (Young Adult),M,5.2,0,Adult
18-29 (Young Adult),F,3.1,1,Adult
30-45 (Adult),M,4.1,0,Adult
18-29 (Young Adult),F,1.3,0,Adult
18-29 (Young Adult),M,2.0,1,Adult
30-45 (Adult),F,9.9,1,Adult
30-45 (Adult),M,8.2,1,Adult
30-45 (Adult),F,7.3,1,Adult
30-45 (Adult),M,2.0,0,Adult
18-29 (Young Adult),F,9.9,0,Adult
30-45 (Adult),F,7.5,0,Adult
30-45 (Adult),M,8.2,0,Adult
30-45 (Adult),M,6.9,0,Adult
30-45 (Adult),F,9.8,1,Adult
30-45 (Adult),M,1.6,0,Adult
30-45 (Adult),M,9.8,1,Adult
30-45 (Adult),F,6.7,1,Adult
18-29 (Young Adult),F,5.7,1,Adult
30-45 (Adult),M,1.2,1,Adult
18-29 (Young Adult),F,6.0,1,Adult
18-29 (Young Adult),M,7.3,0,Adult
18-29 (Young Adult),F,6.8,0,Adult
18-29 (Young Adult),M,5.9,1,Adult
30-45 (Adult),F,5.1,1,Adult
30-45 (Adult),F,5.5,1,Adult
18-29 (Young Adult),F,2.2,1,Adult
18-29 (Young Adult),M,7.1,0,Adult
30-45 (Adult),F,3.5,1,Adult
18-29 (Young Adult),M,3.9,1,Adult
18-29 (Young Adult),M,5.4,0,Adult
30-45 (Adult),M,4.8,1,Adult
18-29 (Young Adult),M,5.2,1,Adult
30-45 (Adult),F,7.0,0,Adult
18-29 (Young Adult),F,2.2,1,Adult
30-45 (Adult),F,6.1,1,Adult
30-45 (Adult),M,7.2,1,Adult
30-45 (Adult),F,2.5,1,Adult
30-45 (Adult),M,1.1,0,Adult
30-45 (Adult),M,7.6,1,Adult
18-29 (Young Adult),F,6.8,1,Adult
18-29 (Young Adult),F,9.8,1,Adult
30-45 (Adult),M,6.7,1,Adult
18-29 (Young Adult),F,7.1,1,Adult
18-29 (Young Adult),M,2.7,1,Adult
18-29 (Young Adult),F,1.2,1,Adult
18-29 (Young Adult),F,6.9,0,Adult
18-29 (Young Adult),F,8.6,1,Adult
18-29 (Young Adult),F,3.9,1,Adult
18-29 (Young Adult),M,2.2,1,Adult
18-29 (Young Adult),M,5.9,1,Adult
18-29 (Young Adult),F,2.5,1,Adult
30-45 (Adult),F,6.5,1,Adult
18-29 (Young Adult),F,3.9,0,Adult
18-29 (Young Adult),M,2.7,0,Adult
30-45 (Adult),M,7.5,0,Adult
18-29 (Young Adult),M,2.9,1,Adult
30-45 (Adult),F,4.6,1,Adult
30-45 (Adult),F,1.5,0,Adult
30-45 (Adult),F,3.0,0,Adult
30-45 (Adult),M,5.3,0,Adult
30-45 (Adult),F,8.0,1,Adult
18-29 (Young Adult),F,4.0,1,Adult
30-45 (Adult),M,5.9,1,Adult
30-45 (Adult),F,8.8,0,Adult
18-29 (Young Adult),M,4.1,1,Adult
18-29 (Young Adult),M,8.7,0,Adult
18-29 (Young Adult),F,7.3,1,Adult
30-45 (Adult),M,7.7,1,Adult
18-29 (Young Adult),M,9.5,0,Adult
18-29 (Young Adult),M,4.7,1,Adult
18-29 (Young Adult),F,9.4,1,Adult
30-45 (Adult),M,7.7,1,Adult
30-45 (Adult),M,2.3,1,Adult
18-29 (Young Adult),F,2.1,1,Adult
30-45 (Adult),F,2.4,1,Adult
30-45 (Adult),M,6.6,1,Adult
30-45 (Adult),M,5.3,1,Adult
18-29 (Young Adult),M,5.7,1,Adult
18-29 (Young Adult),F,8.6,1,Adult
18-29 (Young Adult),M,1.3,0,Adult
30-45 (Adult),M,4.4,1,Adult
18-29 (Young Adult),F,3.9,1,Adult
18-29 (Young Adult),M,9.3,0,Adult
18-29 (Young Adult),F,1.8,0,Adult
18-29 (Young Adult),F,7.0,1,Adult
30-45 (Adult),F,2.1,0,Adult
30-45 (Adult),M,8.5,1,Adult
18-29 (Young Adult),F,3.3,1,Adult
18-29 (Young Adult),F,8.2,0,Adult
18-29 (Young Adult),M,9.8,0,Adult
30-45 (Adult),M,8.9,1,Adult
30-45 (Adult),M,7.9,1,Adult
30-45 (Adult),M,1.4,1,Adult
30-45 (Adult),F,9.6,1,Adult
18-29 (Young Adult),M,5.8,1,Adult
30-45 (Adult),F,8.6,1,Adult
30-45 (Adult),F,7.6,1,Adult
30-45 (Adult),F,9.0,1,Adult
30-45 (Adult),M,1.6,1,Adult
30-45 (Adult),M,5.1,0,Adult
30-45 (Adult),F,3.2,0,Adult
30-45 (Adult),M,3.2,1,Adult
18-29 (Young Adult),F,2.4,1,Adult
18-29 (Young Adult),F,2.9,1,Adult
18-29 (Young Adult),F,1.2,1,Adult
18-29 (Young Adult),M,5.6,1,Adult
18-29 (Young Adult),F,4.6,1,Adult
18-29 (Young Adult),F,6.8,1,Adult
30-45 (Adult),M,4.8,1,Adult
30-45 (Adult),M,6.3,0,Adult
18-29 (Young Adult),F,5.7,0,Adult
30-45 (Adult),F,7.4,1,Adult
30-45 (Adult),M,1.8,0,Adult
30-45 (Adult),F,3.4,1,Adult
18-29 (Young Adult),F,3.7,0,Adult
30-45 (Adult),F,2.8,1,Adult
18-29 (Young Adult),F,5.4,0,Adult
18-29 (Young Adult),F,5.3,1,Adult
30-45 (Adult),F,6.2,1,Adult
30-45 (Adult),M,6.9,0,Adult
30-45 (Adult),M,8.6,1,Adult
18-29 (Young Adult),F,4.9,0,Adult
30-45 (Adult),M,5.8,1,Adult
30-45 (Adult),F,9.9,1,Adult
18-29 (Young Adult),F,8.5,1,Adult
30-45 (Adult),M,7.5,1,Adult
30-45 (Adult),M,5.2,1,Adult
18-29 (Young Adult),M,1.1,0,Adult
30-45 (Adult),F,4.8,0,Adult
30-45 (Adult),F,7.7,1,Adult
18-29 (Young Adult),F,2.5,0,Adult
30-45 (Adult),F,2.1,1,Adult
30-45 (Adult),F,8.5,1,Adult
30-45 (Adult),F,5.0,1,Adult
30-45 (Adult),M,3.2,1,Adult
30-45 (Adult),F,4.8,1,Adult
30-45 (Adult),F,6.3,1,Adult
30-45 (Adult),M,7.1,1,Adult
30-45 (Adult),M,1.9,0,Adult
30-45 (Adult),F,9.9,1,Adult
18-29 (Young Adult),M,10.0,0,Adult
18-29 (Young Adult),M,7.5,0,Adult
18-29 (Young Adult),M,3.1,0,Adult
30-45 (Adult),F,9.6,1,Adult
30-45 (Adult),F,6.7,0,Adult
30-45 (Adult),M,8.0,1,Adult
30-45 (Adult),M,9.7,1,Adult
30-45 (Adult),M,3.3,0,Adult
30-45 (Adult),M,8.8,1,Adult
30-45 (Adult),M,1.0,0,Adult
30-45 (Adult),F,10.0,0,Adult
18-29 (Young Adult),M,4.7,1,Adult
30-45 (Adult),M,4.1,0,Adult
30-45 (Adult),F,9.5,0,Adult
30-45 (Adult),F,9.2,1,Adult
30-45 (Adult),F,1.4,0,Adult
18-29 (Young Adult),M,5.3,1,Adult
18-29 (Young Adult),M,6.1,1,Adult
30-45 (Adult),M,8.7,0,Adult
18-29 (Young Adult),F,9.5,1,Adult
18-29 (Young Adult),M,9.8,0,Adult
30-45 (Adult),F,3.9,1,Adult
18-29 (Young Adult),M,7.5,1,Adult
30-45 (Adult),M,4.5,1,Adult
30-45 (Adult),M,2.0,1,Adult
30-45 (Adult),F,8.4,1,Adult
18-29 (Young Adult),M,5.6,1,Adult
30-45 (Adult),M,8.4,1,Adult
30-45 (Adult),M,3.9,0,Adult
18-29 (Young Adult),M,7.4,0,Adult
30-45 (Adult),M,8.7,1,Adult
18-29 (Young Adult),F,6.9,0,Adult
18-29 (Young Adult),F,1.2,0,Adult
18-29 (Young Adult),M,9.6,0,Adult
18-29 (Young Adult),F,3.8,1,Adult
30-45 (Adult),F,4.2,1,Adult
18-29 (Young Adult),M,1.1,1,Adult
18-29 (Young Adult),M,9.8,1,Adult
18-29 (Young Adult),F,8.9,0,Adult
30-45 (Adult),F,7.3,1,Adult
30-45 (Adult),F,9.2,1,Adult
30-45 (Adult),F,1.6,1,Adult
30-45 (Adult),M,3.2,1,Adult
30-45 (Adult),M,5.2,1,Adult
18-29 (Young Adult),M,3.9,0,Adult
18-29 (Young Adult),F,5.5,1,Adult
30-45 (Adult),F,7.6,1,Adult
30-45 (Adult),F,9.0,0,Adult
18-29 (Young Adult),M,9.9,1,Adult
18-29 (Young Adult),F,6.9,1,Adult
30-45 (Adult),F,1.8,1,Adult
18-29 (Young Adult),M,8.3,1,Adult
30-45 (Adult),F,4.3,1,Adult
30-45 (Adult),M,3.7,1,Adult
30-45 (Adult),M,4.3,1,Adult
18-29 (Young Adult),M,4.0,1,Adult
30-45 (Adult),M,6.4,0,Adult
18-29 (Young Adult),F,9.3,1,Adult
18-29 (Young Adult),M,8.4,1,Adult
18-29 (Young Adult),M,9.3,1,Adult
30-45 (Adult),F,5.4,0,Adult
18-29 (Young Adult),F,8.6,1,Adult
18-29 (Young Adult),F,3.5,0,Adult
30-45 (Adult),F,1.7,1,Adult
18-29 (Young Adult),M,7.0,1,Adult
18-29 (Young Adult),M,3.9,0,Adult
18-29 (Young Adult),F,8.4,1,Adult
18-29 (Young Adult),F,8.2,1,Adult
30-45 (Adult),F,8.4,1,Adult
30-45 (Adult),F,4.1,0,Adult
30-45 (Adult),M,5.1,1,Adult
30-45 (Adult),F,6.1,1,Adult
30-45 (Adult),M,1.1,1,Adult
30-45 (Adult),F,9.0,1,Adult
18-29 (Young Adult),F,1.2,0,Adult
30-45 (Adult),M,3.5,1,Adult
30-45 (Adult),F,2.3,1,Adult
30-45 (Adult),F,9.3,1,Adult
18-29 (Young Adult),M,8.3,0,Adult
30-45 (Adult),F,1.4,0,Adult
18-29 (Young Adult),M,4.1,1,Adult
30-45 (Adult),F,5.5,1,Adult
30-45 (Adult),M,4.3,1,Adult
30-45 (Adult),M,9.3,1,Adult
18-29 (Young Adult),F,9.3,0,Adult
30-45 (Adult),F,4.5,1,Adult
30-45 (Adult),F,6.8,1,Adult
30-45 (Adult),F,6.4,1,Adult
18-29 (Young Adult),M,10.0,0,Adult
18-29 (Young Adult),F,5.3,0,Adult
18-29 (Young Adult),M,1.8,0,Adult
30-45 (Adult),F,7.2,1,Adult
30-45 (Adult),F,1.2,1,Adult
30-45 (Adult),M,4.4,1,Adult
18-29 (Young Adult),F,6.9,1,Adult
30-45 (Adult),M,5.4,0,Adult
18-29 (Young Adult),F,1.5,1,Adult
18-29 (Young Adult),M,5.4,1,Adult
30-45 (Adult),F,3.3,1,Adult
18-29 (Young Adult),F,9.2,1,Adult
30-45 (Adult),M,9.5,1,Adult
18-29 (Young Adult),F,9.2,1,Adult
18-29 (Young Adult),F,2.2,1,Adult
18-29 (Young Adult),M,8.4,0,Adult
30-45 (Adult),F,7.9,0,Adult
30-45 (Adult),F,3.2,0,Adult
30-45 (Adult),F,7.0,0,Adult
30-45 (Adult),M,4.5,1,Adult
18-29 (Young Adult),M,7.6,0,Adult
30-45 (Adult),F,2.2,1,Adult
30-45 (Adult),M,1.5,1,Adult
18-29 (Young Adult),F,9.0,0,Adult
18-29 (Young Adult),M,4.1,1,Adult
30-45 (Adult),M,8.8,1,Adult
30-45 (Adult),M,2.6,1,Adult
30-45 (Adult),F,7.9,0,Adult
18-29 (Young Adult),F,5.4,1,Adult
30-45 (Adult),M,2.7,1,Adult
30-45 (Adult),F,7.8,1,Adult
30-45 (Adult),M,1.6,1,Adult
30-45 (Adult),F,4.1,1,Adult
18-29 (Young Adult),M,7.0,0,Adult
30-45 (Adult),M,7.3,0,Adult
30-45 (Adult),F,7.5,1,Adult
30-45 (Adult),M,6.3,0,Adult
30-45 (Adult),F,2.5,0,Adult
18-29 (Young Adult),F,3.1,0,Adult
18-29 (Young Adult),M,7.4,0,Adult
30-45 (Adult),F,8.6,1,Adult
18-29 (Young Adult),M,4.1,0,Adult
30-45 (Adult),M,8.3,1,Adult
30-45 (Adult),F,7.0,1,Adult
18-29 (Young Adult),F,6.4,1,Adult
30-45 (Adult),M,6.9,0,Adult
18-29 (Young Adult),M,4.8,0,Adult
30-45 (Adult),M,1.5,0,Adult
30-45 (Adult),M,7.2,0,Adult
18-29 (Young Adult),M,8.5,1,Adult
30-45 (Adult),M,3.3,1,Adult
30-45 (Adult),F,5.9,1,Adult
30-45 (Adult),F,8.9,1,Adult
18-29 (Young Adult),F,5.7,1,Adult
30-45 (Adult),M,9.8,1,Adult
30-45 (Adult),F,7.9,1,Adult
30-45 (Adult),M,1.2,0,Adult
18-29 (Young Adult),F,1.7,0,Adult
18-29 (Young Adult),F,9.9,1,Adult
18-29 (Young Adult),M,1.8,1,Adult
30-45 (Adult),F,6.4,1,Adult
18-29 (Young Adult),M,4.4,1,Adult
30-45 (Adult),F,1.8,1,Adult
30-45 (Adult),M,5.8,1,Adult
30-45 (Adult),M,1.6,1,Adult
30-45 (Adult),F,5.2,1,Adult
18-29 (Young Adult),F,9.8,0,Adult
18-29 (Young Adult),M,9.6,1,Adult
30-45 (Adult),M,9.9,1,Adult
30-45 (Adult),F,1.3,0,Adult
30-45 (Adult),M,2.2,1,Adult
30-45 (Adult),F,3.0,1,Adult
30-45 (Adult),M,6.4,0,Adult
30-45 (Adult),M,9.8,1,Adult
30-45 (Adult),F,8.7,1,Adult
30-45 (Adult),M,5.4,0,Adult
30-45 (Adult),F,8.9,0,Adult
30-45 (Adult),M,2.5,1,Adult
30-45 (Adult),M,5.5,1,Adult
30-45 (Adult),M,3.3,0,Adult
30-45 (Adult),F,6.1,1,Adult
30-45 (Adult),M,1.3,1,Adult
30-45 (Adult),M,4.0,0,Adult
30-45 (Adult),M,3.5,1,Adult
30-45 (Adult),F,4.4,0,Adult
18-29 (Young Adult),M,1.9,1,Adult
30-45 (Adult),M,1.7,0,Adult
18-29 (Young Adult),M,2.2,1,Adult
30-45 (Adult),M,7.7,0,Adult
30-45 (Adult),M,8.3,1,Adult
18-29 (Young Adult),M,5.3,1,Adult
30-45 (Adult),F,7.4,1,Adult
18-29 (Young Adult),F,3.1,1,Adult
18-29 (Young Adult),M,2.4,1,Adult
18-29 (Young Adult),M,4.5,0,Adult
30-45 (Adult),M,9.5,1,Adult
18-29 (Young Adult),F,1.1,0,Adult
18-29 (Young Adult),M,5.9,1,Adult
18-29 (Young Adult),M,8.2,0,Adult
30-45 (Adult),M,3.0,1,Adult
18-29 (Young Adult),M,1.5,0,Adult
18-29 (Young Adult),M,2.7,0,Adult
30-45 (Adult),F,8.6,0,Adult
18-29 (Young Adult),F,2.9,0,Adult
30-45 (Adult),F,9.8,0,Adult
18-29 (Young Adult),F,7.8,1,Adult
30-45 (Adult),F,8.0,0,Adult
30-45 (Adult),M,4.7,1,Adult
18-29 (Young Adult),M,2.3,0,Adult
18-29 (Young Adult),F,9.0,1,Adult
18-29 (Young Adult),M,6.7,1,Adult
30-45 (Adult),M,9.9,0,Adult
18-29 (Young Adult),F,5.3,1,Adult
30-45 (Adult),F,9.4,0,Adult
30-45 (Adult),M,2.9,1,Adult
18-29 (Young Adult),M,1.1,1,Adult
30-45 (Adult),F,3.7,1,Adult
30-45 (Adult),F,7.7,1,Adult
18-29 (Young Adult),M,9.9,0,Adult
30-45 (Adult),F,1.6,1,Adult
30-45 (Adult),M,5.4,1,Adult
18-29 (Young Adult),M,4.0,1,Adult
18-29 (Young Adult),F,7.6,1,Adult
30-45 (Adult),F,2.0,1,Adult
30-45 (Adult),M,3.2,1,Adult
18-29 (Young Adult),F,1.9,1,Adult
30-45 (Adult),M,8.0,0,Adult
18-29 (Young Adult),M,3.0,0,Adult
30-45 (Adult),M,8.8,0,Adult
30-45 (Adult),F,4.8,0,Adult
30-45 (Adult),F,5.5,1,Adult
30-45 (Adult),M,8.9,1,Adult
30-45 (Adult),M,4.0,0,Adult
30-45 (Adult),F,6.9,1,Adult
18-29 (Young Adult),F,3.0,1,Adult
30-45 (Adult),F,1.7,0,Adult
18-29 (Young Adult),F,3.1,1,Adult
30-45 (Adult),F,4.2,1,Adult
30-45 (Adult),M,5.3,0,Adult
30-45 (Adult),F,8.1,0,Adult
18-29 (Young Adult),F,1.1,1,Adult
30-45 (Adult),F,2.3,1,Adult
30-45 (Adult),F,5.2,0,Adult
18-29 (Young Adult),F,3.7,1,Adult
30-45 (Adult),M,1.1,0,Adult
30-45 (Adult),F,6.8,1,Adult
30-45 (Adult),F,9.3,1,Adult
30-45 (Adult),F,9.8,1,Adult
30-45 (Adult),M,4.9,0,Adult
30-45 (Adult),F,9.6,1,Adult
30-45 (Adult),M,4.8,1,Adult
30-45 (Adult),F,5.4,1,Adult
30-45 (Adult),F,1.3,1,Adult
18-29 (Young Adult),F,3.3,1,Adult
18-29 (Young Adult),F,6.2,0,Adult
18-29 (Young Adult),F,7.4,1,Adult
18-29 (Young Adult),M,2.3,1,Adult
30-45 (Adult),F,9.6,1,Adult
18-29 (Young Adult),M,5.4,1,Adult
30-45 (Adult),F,4.1,1,Adult
30-45 (Adult),F,2.9,0,Adult
18-29 (Young Adult),F,2.8,1,Adult
30-45 (Adult),F,9.9,1,Adult
30-45 (Adult),M,1.3,1,Adult
18-29 (Young Adult),M,2.7,1,Adult
18-29 (Young Adult),F,5.7,0,Adult
18-29 (Young Adult),M,4.9,1,Adult
18-29 (Young Adult),M,5.4,1,Adult
30-45 (Adult),F,2.5,0,Adult
18-29 (Young Adult),M,7.8,0,Adult
18-29 (Young Adult),F,3.4,1,Adult
30-45 (Adult),M,7.6,1,Adult
30-45 (Adult),F,8.4,1,Adult
30-45 (Adult),F,1.2,1,Adult
30-45 (Adult),M,3.5,1,Adult
18-29 (Young Adult),M,1.5,1,Adult
30-45 (Adult),M,2.0,1,Adult
30-45 (Adult),M,4.2,0,Adult
18-29 (Young Adult),F,6.9,1,Adult
18-29 (Young Adult),M,7.5,1,Adult
30-45 (Adult),M,3.6,0,Adult
30-45 (Adult),M,5.5,1,Adult
30-45 (Adult),M,2.1,1,Adult
30-45 (Adult),F,5.1,0,Adult
30-45 (Adult),M,6.6,1,Adult
30-45 (Adult),M,3.4,0,Adult
30-45 (Adult),M,1.6,1,Adult
30-45 (Adult),M,4.6,0,Adult
30-45 (Adult),M,1.1,1,Adult
18-29 (Young Adult),M,7.1,1,Adult
30-45 (Adult),M,2.6,1,Adult
30-45 (Adult),F,5.2,0,Adult
18-29 (Young Adult),M,9.3,1,Adult
30-45 (Adult),M,7.4,1,Adult
30-45 (Adult),M,7.7,0,Adult
30-45 (Adult),M,10.0,0,Adult
18-29 (Young Adult),M,9.0,1,Adult
30-45 (Adult),M,3.1,1,Adult
30-45 (Adult),M,2.4,1,Adult
18-29 (Young Adult),M,3.7,1,Adult
18-29 (Young Adult),F,9.0,0,Adult
30-45 (Adult),F,2.2,1,Adult
18-29 (Young Adult),M,4.6,1,Adult
30-45 (Adult),M,7.2,1,Adult
18-29 (Young Adult),F,5.7,1,Adult
18-29 (Young Adult),F,7.1,0,Adult
30-45 (Adult),F,4.2,1,Adult
18-29 (Young Adult),M,8.5,0,Adult
18-29 (Young Adult),M,9.9,1,Adult
30-45 (Adult),M,7.7,1,Adult
18-29 (Young Adult),F,5.4,1,Adult
18-29 (Young Adult),F,4.5,0,Adult
18-29 (Young Adult),F,1.8,0,Adult
18-29 (Young Adult),M,7.5,1,Adult
30-45 (Adult),F,7.1,1,Adult
18-29 (Young Adult),M,7.5,0,Adult
18-29 (Young Adult),F,5.2,1,Adult
30-45 (Adult),M,7.2,1,Adult
18-29 (Young Adult),F,7.1,1,Adult
30-45 (Adult),M,8.8,1,Adult
18-29 (Young Adult),F,6.6,0,Adult
18-29 (Young Adult),F,9.9,1,Adult
30-45 (Adult),M,4.8,1,Adult
18-29 (Young Adult),M,8.0,0,Adult
18-29 (Young Adult),M,6.0,1,Adult
18-29 (Young Adult),M,4.3,1,Adult
30-45 (Adult),M,7.6,1,Adult
18-29 (Young Adult),F,3.7,1,Adult
18-29 (Young Adult),F,1.0,0,Adult
18-29 (Young Adult),M,3.3,1,Adult
18-29 (Young Adult),M,9.5,1,Adult
30-45 (Adult),F,1.9,1,Adult
18-29 (Young Adult),F,7.2,1,Adult
18-29 (Young Adult),F,7.6,0,Adult
30-45 (Adult),M,7.1,1,Adult
30-45 (Adult),M,4.5,1,Adult
18-29 (Young Adult),M,5.8,0,Adult
18-29 (Young Adult),M,8.1,0,Adult
18-29 (Young Adult),F,9.4,0,Adult
30-45 (Adult),F,5.1,1,Adult
18-29 (Young Adult),F,4.4,0,Adult
18-29 (Young Adult),F,7.0,1,Adult
30-45 (Adult),M,2.2,1,Adult
30-45 (Adult),F,5.3,1,Adult
18-29 (Young Adult),M,8.8,1,Adult
30-45 (Adult),F,3.5,0,Adult
30-45 (Adult),M,7.2,0,Adult
30-45 (Adult),F,9.6,1,Adult
18-29 (Young Adult),M,7.7,1,Adult
30-45 (Adult),M,9.5,1,Adult
18-29 (Young Adult),F,7.2,0,Adult
30-45 (Adult),M,6.4,1,Adult
30-45 (Adult),M,4.5,1,Adult
30-45 (Adult),M,2.6,1,Adult
18-29 (Young Adult),F,3.9,0,Adult
30-45 (Adult),M,4.3,1,Adult
30-45 (Adult),F,2.3,0,Adult
30-45 (Adult),M,3.7,1,Adult
30-45 (Adult),F,3.3,1,Adult
30-45 (Adult),M,3.0,1,Adult
30-45 (Adult),F,3.0,1,Adult
30-45 (Adult),F,9.2,1,Adult
30-45 (Adult),M,7.0,1,Adult
18-29 (Young Adult),F,5.2,0,Adult
30-45 (Adult),F,2.0,0,Adult
30-45 (Adult),F,3.1,1,Adult
30-45 (Adult),M,5.8,0,Adult
30-45 (Adult),M,7.3,0,Adult
30-45 (Adult),F,9.3,0,Adult
30-45 (Adult),M,4.6,1,Adult
18-29 (Young Adult),F,9.3,1,Adult
30-45 (Adult),F,3.7,0,Adult
30-45 (Adult),M,6.1,0,Adult
18-29 (Young Adult),M,2.0,0,Adult
30-45 (Adult),F,2.6,1,Adult
18-29 (Young Adult),F,9.9,0,Adult
30-45 (Adult),F,6.4,1,Adult
30-45 (Adult),M,1.3,1,Adult
30-45 (Adult),M,3.4,0,Adult
30-45 (Adult),F,5.7,1,Adult
30-45 (Adult),F,9.9,0,Adult
18-29 (Young Adult),F,8.9,1,Adult
30-45 (Adult),M,4.0,1,Adult
18-29 (Young Adult),F,8.7,1,Adult
18-29 (Young Adult),F,1.7,1,Adult
18-29 (Young Adult),F,5.2,1,Adult
18-29 (Young Adult),M,4.9,1,Adult
18-29 (Young Adult),M,6.7,1,Adult
30-45 (Adult),M,1.3,1,Adult
30-45 (Adult),F,1.6,1,Adult
30-45 (Adult),M,7.3,1,Adult
18-29 (Young Adult),M,1.9,0,Adult
30-45 (Adult),M,2.5,1,Adult
30-45 (Adult),F,4.1,1,Adult
30-45 (Adult),F,5.1,0,Adult
18-29 (Young Adult),M,8.1,1,Adult
18-29 (Young Adult),M,1.1,1,Adult
30-45 (Adult),F,5.6,1,Adult
30-45 (Adult),M,3.0,1,Adult
18-29 (Young Adult),M,1.1,0,Adult
30-45 (Adult),F,2.9,0,Adult
18-29 (Young Adult),F,1.6,1,Adult
18-29 (Young Adult),M,4.9,1,Adult
18-29 (Young Adult),F,3.9,0,Adult
18-29 (Young Adult),F,7.0,1,Adult
30-45 (Adult),F,7.4,1,Adult
18-29 (Young Adult),M,9.5,1,Adult
18-29 (Young Adult),F,7.4,0,Adult
18-29 (Young Adult),F,6.8,1,Adult
30-45 (Adult),M,1.8,1,Adult
30-45 (Adult),F,8.4,1,Adult
30-45 (Adult),F,1.4,1,Adult
30-45 (Adult),F,9.6,1,Adult
30-45 (Adult),F,8.2,0,Adult
30-45 (Adult),M,4.8,1,Adult
18-29 (Young Adult),F,9.1,1,Adult
30-45 (Adult),F,5.1,0,Adult
30-45 (Adult),F,4.0,1,Adult
30-45 (Adult),F,5.3,1,Adult
18-29 (Young Adult),F,8.7,0,Adult
30-45 (Adult),F,9.1,1,Adult
30-45 (Adult),F,2.1,0,Adult
30-45 (Adult),M,2.2,1,Adult
30-45 (Adult),F,7.8,0,Adult
18-29 (Young Adult),F,4.1,1,Adult
18-29 (Young Adult),M,7.6,1,Adult
18-29 (Young Adult),F,3.8,0,Adult
30-45 (Adult),M,6.4,1,Adult
18-29 (Young Adult),M,9.7,1,Adult
18-29 (Young Adult),M,8.8,1,Adult
30-45 (Adult),M,6.9,0,Adult
30-45 (Adult),M,7.5,1,Adult
30-45 (Adult),F,1.3,1,Adult
30-45 (Adult),M,7.7,1,Adult
30-45 (Adult),F,4.3,1,Adult
30-45 (Adult),M,5.6,1,Adult
30-45 (Adult),F,2.2,1,Adult
30-45 (Adult),M,6.0,1,Adult
18-29 (Young Adult),M,8.0,1,Adult
18-29 (Young Adult),M,8.0,0,Adult
18-29 (Young Adult),F,5.8,1,Adult
18-29 (Young Adult),M,2.6,1,Adult
30-45 (Adult),F,9.9,1,Adult
30-45 (Adult),F,5.5,1,Adult
30-45 (Adult),F,4.9,1,Adult
18-29 (Young Adult),F,9.4,1,Adult
18-29 (Young Adult),F,4.6,1,Adult
30-45 (Adult),F,8.9,1,Adult
30-45 (Adult),M,4.3,0,Adult
18-29 (Young Adult),F,5.4,1,Adult
30-45 (Adult),F,3.7,1,Adult
18-29 (Young Adult),M,2.1,1,Adult
30-45 (Adult),F,7.8,0,Adult
30-45 (Adult),F,8.1,0,Adult
30-45 (Adult),F,4.4,1,Adult
30-45 (Adult),M,9.3,0,Adult
30-45 (Adult),M,7.7,0,Adult
30-45 (Adult),F,7.3,1,Adult
30-45 (Adult),M,8.9,1,Adult
18-29 (Young Adult),F,8.6,1,Adult
18-29 (Young Adult),F,1.5,1,Adult
30-45 (Adult),M,9.6,1,Adult
18-29 (Young Adult),F,1.7,1,Adult
30-45 (Adult),M,6.9,0,Adult
30-45 (Adult),F,6.8,1,Adult
30-45 (Adult),F,7.6,1,Adult
30-45 (Adult),M,2.6,0,Adult
30-45 (Adult),F,8.8,1,Adult
30-45 (Adult),F,5.8,0,Adult
30-45 (Adult),F,1.8,0,Adult
18-29 (Young Adult),F,7.2,0,Adult
30-45 (Adult),M,1.3,1,Adult
18-29 (Young Adult),F,2.9,0,Adult
30-45 (Adult),F,8.4,0,Adult
30-45 (Adult),F,6.3,1,Adult
18-29 (Young Adult),F,1.4,1,Adult
30-45 (Adult),F,4.2,0,Adult
18-29 (Young Adult),F,8.0,0,Adult
30-45 (Adult),F,5.6,1,Adult
30-45 (Adult),M,5.0,0,Adult
30-45 (Adult),F,2.1,0,Adult
18-29 (Young Adult),M,8.3,1,Adult
18-29 (Young Adult),M,7.5,1,Adult
18-29 (Young Adult),F,8.0,1,Adult
18-29 (Young Adult),F,4.2,0,Adult
18-29 (Young Adult),M,7.3,1,Adult
30-45 (Adult),M,7.4,1,Adult
30-45 (Adult),F,2.7,1,Adult
30-45 (Adult),M,7.0,0,Adult
18-29 (Young Adult),F,1.8,1,Adult
30-45 (Adult),F,5.0,1,Adult
30-45 (Adult),F,4.6,1,Adult
30-45 (Adult),M,8.0,1,Adult
30-45 (Adult),M,4.0,1,Adult
18-29 (Young Adult),M,4.5,1,Adult
30-45 (Adult),M,7.0,0,Adult
18-29 (Young Adult),M,8.8,0,Adult
30-45 (Adult),M,4.5,1,Adult
18-29 (Young Adult),M,2.7,1,Adult
18-29 (Young Adult),F,3.8,1,Adult
30-45 (Adult),M,4.1,0,Adult
18-29 (Young Adult),M,3.9,1,Adult
30-45 (Adult),M,2.1,0,Adult
18-29 (Young Adult),F,9.4,0,Adult
18-29 (Young Adult),F,9.1,1,Adult
30-45 (Adult),M,3.4,1,Adult
30-45 (Adult),M,7.7,1,Adult
18-29 (Young Adult),F,7.5,0,Adult
30-45 (Adult),M,1.1,0,Adult
30-45 (Adult),M,3.2,1,Adult
30-45 (Adult),F,2.4,1,Adult
30-45 (Adult),F,7.1,1,Adult
18-29 (Young Adult),M,6.2,0,Adult
30-45 (Adult),F,1.5,1,Adult
30-45 (Adult),M,8.1,1,Adult
18-29 (Young Adult),M,3.0,1,Adult
30-45 (Adult),M,6.9,0,Adult
18-29 (Young Adult),F,5.6,1,Adult
30-45 (Adult),M,2.5,1,Adult
30-45 (Adult),M,2.7,1,Adult
18-29 (Young Adult),M,4.4,1,Adult
30-45 (Adult),M,3.1,1,Adult
18-29 (Young Adult),F,5.7,1,Adult
30-45 (Adult),F,8.6,0,Adult
30-45 (Adult),F,1.3,1,Adult
30-45 (Adult),M,1.5,1,Adult
30-45 (Adult),F,7.3,1,Adult
30-45 (Adult),F,7.5,1,Adult
30-45 (Adult),M,9.8,1,Adult
30-45 (Adult),F,4.4,1,Adult
30-45 (Adult),M,3.8,1,Adult
18-29 (Young Adult),F,2.4,1,Adult
30-45 (Adult),M,1.4,1,Adult
30-45 (Adult),M,4.7,1,Adult
30-45 (Adult),M,1.5,1,Adult
30-45 (Adult),M,5.1,1,Adult
18-29 (Young Adult),M,9.6,1,Adult
30-45 (Adult),F,8.7,1,Adult
18-29 (Young Adult),M,1.4,0,Adult
30-45 (Adult),M,8.1,1,Adult
30-45 (Adult),F,8.2,0,Adult
30-45 (Adult),F,8.6,0,Adult
18-29 (Young Adult),M,4.7,1,Adult
18-29 (Young Adult),M,3.9,1,Adult
30-45 (Adult),M,7.0,1,Adult
30-45 (Adult),M,4.0,1,Adult
30-45 (Adult),F,8.8,0,Adult
30-45 (Adult),F,1.6,1,Adult
30-45 (Adult),F,8.2,1,Adult
18-29 (Young Adult),M,5.8,1,Adult
30-45 (Adult),F,5.8,1,Adult
18-29 (Young Adult),F,2.6,1,Adult
30-45 (Adult),F,7.9,1,Adult
30-45 (Adult),F,1.9,0,Adult
30-45 (Adult),M,2.3,1,Adult
18-29 (Young Adult),M,8.2,1,Adult
30-45 (Adult),F,7.0,0,Adult
18-29 (Young Adult),M,2.8,1,Adult
30-45 (Adult),F,10.0,1,Adult
30-45 (Adult),F,4.0,1,Adult
18-29 (Young Adult),F,5.2,1,Adult
18-29 (Young Adult),F,9.6,1,Adult
30-45 (Adult),M,9.3,1,Adult
30-45 (Adult),M,6.5,1,Adult
18-29 (Young Adult),F,3.1,0,Adult
30-45 (Adult),M,2.7,1,Adult
30-45 (Adult),F,6.6,1,Adult
18-29 (Young Adult),M,3.6,1,Adult
18-29 (Young Adult),F,8.8,1,Adult
30-45 (Adult),F,5.7,0,Adult
30-45 (Adult),M,8.3,1,Adult
18-29 (Young Adult),F,5.4,1,Adult
30-45 (Adult),F,1.2,1,Adult
18-29 (Young Adult),F,5.6,1,Adult
18-29 (Young Adult),F,8.7,1,Adult
18-29 (Young Adult),M,9.4,1,Adult
30-45 (Adult),F,9.8,0,Adult
18-29 (Young Adult),M,7.7,1,Adult
30-45 (Adult),M,5.1,1,Adult
18-29 (Young Adult),M,6.6,1,Adult
30-45 (Adult),F,9.3,0,Adult
30-45 (Adult),F,4.2,0,Adult
30-45 (Adult),F,6.7,1,Adult
18-29 (Young Adult),F,6.4,1,Adult
30-45 (Adult),M,2.6,0,Adult
18-29 (Young Adult),F,2.2,0,Adult
30-45 (Adult),M,2.3,1,Adult
30-45 (Adult),M,5.8,0,Adult
18-29 (Young Adult),F,10.0,1,Adult
18-29 (Young Adult),M,6.0,1,Adult
30-45 (Adult),F,7.8,1,Adult
18-29 (Young Adult),F,8.1,0,Adult
18-29 (Young Adult),F,1.8,0,Adult
30-45 (Adult),M,1.7,1,Adult
18-29 (Young Adult),M,8.7,0,Adult
18-29 (Young Adult),F,9.3,1,Adult
18-29 (Young Adult),F,7.2,1,Adult
18-29 (Young Adult),F,3.2,1,Adult
18-29 (Young Adult),F,9.2,0,Adult
30-45 (Adult),F,6.7,1,Adult
30-45 (Adult),F,2.0,1,Adult
18-29 (Young Adult),M,2.5,1,Adult
18-29 (Young Adult),M,4.8,1,Adult
18-29 (Young Adult),M,3.4,1,Adult
30-45 (Adult),M,8.0,1,Adult
18-29 (Young Adult),M,3.8,1,Adult
18-29 (Young Adult),M,2.2,0,Adult
18-29 (Young Adult),M,2.6,1,Adult
18-29 (Young Adult),M,2.2,1,Adult
30-45 (Adult),F,5.7,1,Adult
30-45 (Adult),F,6.8,0,Adult
30-45 (Adult),F,8.9,1,Adult
18-29 (Young Adult),M,6.1,1,Adult
30-45 (Adult),M,5.1,0,Adult
30-45 (Adult),F,8.6,1,Adult
18-29 (Young Adult),M,2.6,1,Adult
30-45 (Adult),F,9.9,1,Adult
18-29 (Young Adult),F,8.1,1,Adult
30-45 (Adult),F,6.5,1,Adult
30-45 (Adult),M,1.2,0,Adult
30-45 (Adult),F,9.7,1,Adult
30-45 (Adult),F,5.9,1,Adult
30-45 (Adult),F,3.3,0,Adult
30-45 (Adult),F,1.8,1,Adult
18-29 (Young Adult),F,4.8,1,Adult
30-45 (Adult),F,4.3,1,Adult
18-29 (Young Adult),M,4.3,1,Adult
18-29 (Young Adult),M,1.0,1,Adult
18-29 (Young Adult),M,4.9,0,Adult
18-29 (Young Adult),F,2.3,1,Adult
18-29 (Young Adult),M,3.6,0,Adult
30-45 (Adult),M,6.3,1,Adult
18-29 (Young Adult),F,5.6,1,Adult
30-45 (Adult),M,7.6,1,Adult
18-29 (Young Adult),M,7.3,1,Adult
18-29 (Young Adult),M,7.2,1,Adult
18-29 (Young Adult),F,7.7,1,Adult
30-45 (Adult),F,2.8,1,Adult
30-45 (Adult),M,7.4,1,Adult
18-29 (Young Adult),M,1.5,1,Adult
18-29 (Young Adult),M,1.7,1,Adult
18-29 (Young Adult),F,2.8,0,Adult
18-29 (Young Adult),F,5.6,0,Adult
18-29 (Young Adult),M,5.8,1,Adult
18-29 (Young Adult),M,8.9,0,Adult
18-29 (Young Adult),F,7.5,1,Adult
30-45 (Adult),F,3.9,1,Adult
30-45 (Adult),F,5.2,1,Adult
30-45 (Adult),F,2.1,0,Adult
30-45 (Adult),F,2.8,1,Adult
30-45 (Adult),F,5.1,0,Adult
18-29 (Young Adult),F,4.8,0,Adult
30-45 (Adult),F,2.4,1,Adult
18-29 (Young Adult),M,3.5,1,Adult
30-45 (Adult),F,7.6,0,Adult
30-45 (Adult),F,3.5,1,Adult
30-45 (Adult),F,7.8,1,Adult
30-45 (Adult),M,5.4,0,Adult
30-45 (Adult),F,7.9,1,Adult
30-45 (Adult),F,5.4,1,Adult
18-29 (Young Adult),F,7.5,1,Adult
30-45 (Adult),M,6.2,1,Adult
18-29 (Young Adult),F,1.3,0,Adult
18-29 (Young Adult),M,9.4,0,Adult
18-29 (Young Adult),M,1.1,1,Adult
30-45 (Adult),F,9.8,1,Adult
30-45 (Adult),M,5.9,1,Adult
18-29 (Young Adult),M,2.6,0,Adult
18-29 (Young Adult),F,3.5,1,Adult
30-45 (Adult),M,8.8,1,Adult
30-45 (Adult),M,7.6,0,Adult
18-29 (Young Adult),F,8.3,0,Adult
18-29 (Young Adult),M,8.9,1,Adult
30-45 (Adult),F,2.7,1,Adult
18-29 (Young Adult),F,8.0,0,Adult
18-29 (Young Adult),F,7.4,1,Adult
30-45 (Adult),M,8.8,1,Adult
30-45 (Adult),F,5.3,1,Adult
30-45 (Adult),F,3.4,1,Adult
18-29 (Young Adult),F,3.8,0,Adult
18-29 (Young Adult),F,4.4,1,Adult
18-29 (Young Adult),M,10.0,1,Adult
30-45 (Adult),M,2.4,0,Adult
30-45 (Adult),F,8.7,1,Adult
30-45 (Adult),F,7.6,1,Adult
18-29 (Young Adult),F,8.6,1,Adult
18-29 (Young Adult),F,7.9,1,Adult
18-29 (Young Adult),F,2.0,1,Adult
18-29 (Young Adult),M,9.4,0,Adult
30-45 (Adult),F,7.7,1,Adult
30-45 (Adult),M,2.8,0,Adult
18-29 (Young Adult),M,7.7,1,Adult
30-45 (Adult),M,2.4,1,Adult
18-29 (Young Adult),M,2.0,1,Adult
30-45 (Adult),F,9.9,1,Adult
18-29 (Young Adult),F,7.0,1,Adult
30-45 (Adult),F,2.7,1,Adult
30-45 (Adult),M,1.3,1,Adult
18-29 (Young Adult),M,9.5,1,Adult
30-45 (Adult),F,6.4,0,Adult
30-45 (Adult),M,3.9,1,Adult
18-29 (Young Adult),M,6.9,0,Adult
30-45 (Adult),M,2.4,1,Adult
18-29 (Young Adult),M,2.2,1,Adult
18-29 (Young Adult),F,3.2,1,Adult
30-45 (Adult),F,10.0,1,Adult
30-45 (Adult),F,9.6,0,Adult
18-29 (Young Adult),F,6.0,0,Adult
18-29 (Young Adult),F,6.4,1,Adult
18-29 (Young Adult),F,4.4,1,Adult
18-29 (Young Adult),F,5.4,1,Adult
18-29 (Young Adult),M,7.0,1,Adult
30-45 (Adult),M,3.2,1,Adult
18-29 (Young Adult),F,2.9,0,Adult
18-29 (Young Adult),M,9.1,1,Adult
18-29 (Young Adult),M,8.2,1,Adult
18-29 (Young Adult),M,4.8,1,Adult
30-45 (Adult),M,4.9,1,Adult
18-29 (Young Adult),F,5.4,1,Adult
30-45 (Adult),M,9.1,0,Adult
30-45 (Adult),F,2.3,1,Adult
18-29 (Young Adult),F,6.1,0,Adult
30-45 (Adult),F,1.4,1,Adult
18-29 (Young Adult),F,10.0,1,Adult
30-45 (Adult),F,4.8,1,Adult
18-29 (Young Adult),M,4.1,1,Adult
18-29 (Young Adult),F,4.5,1,Adult
18-29 (Young Adult),M,2.7,0,Adult
30-45 (Adult),F,5.6,1,Adult
18-29 (Young Adult),M,3.4,1,Adult
30-45 (Adult),F,5.2,0,Adult
30-45 (Adult),F,1.6,1,Adult
18-29 (Young Adult),M,2.5,1,Adult
30-45 (Adult),M,5.2,1,Adult
30-45 (Adult),M,2.0,1,Adult
18-29 (Young Adult),M,2.3,0,Adult
18-29 (Young Adult),F,8.6,0,Adult
30-45 (Adult),F,1.5,1,Adult
30-45 (Adult),M,3.4,1,Adult
18-29 (Young Adult),F,9.2,1,Adult
30-45 (Adult),F,7.3,1,Adult
18-29 (Young Adult),F,5.2,1,Adult
30-45 (Adult),M,8.5,1,Adult
18-29 (Young Adult),M,6.0,1,Adult
30-45 (Adult),M,8.1,1,Adult
18-29 (Young Adult),F,2.8,1,Adult
30-45 (Adult),F,5.0,1,Adult
18-29 (Young Adult),F,8.3,1,Adult
18-29 (Young Adult),F,5.5,1,Adult
18-29 (Young Adult),F,4.8,1,Adult
18-29 (Young Adult),F,3.0,0,Adult
30-45 (Adult),M,1.6,1,Adult
30-45 (Adult),F,2.4,1,Adult
30-45 (Adult),F,3.9,1,Adult
30-45 (Adult),F,1.2,1,Adult
30-45 (Adult),F,3.7,1,Adult
30-45 (Adult),M,9.8,0,Adult
18-29 (Young Adult),F,3.0,1,Adult
18-29 (Young Adult),F,7.6,1,Adult
18-29 (Young Adult),F,4.5,1,Adult
30-45 (Adult),F,6.7,1,Adult
18-29 (Young Adult),F,7.0,0,Adult
30-45 (Adult),M,7.3,1,Adult
30-45 (Adult),M,9.9,1,Adult
18-29 (Young Adult),M,2.4,0,Adult
30-45 (Adult),M,2.0,1,Adult
18-29 (Young Adult),F,9.4,1,Adult
18-29 (Young Adult),M,1.8,0,Adult
30-45 (Adult),F,3.1,1,Adult
18-29 (Young Adult),M,6.5,0,Adult
18-29 (Young Adult),F,9.2,0,Adult
30-45 (Adult),M,1.2,1,Adult
18-29 (Young Adult),M,2.2,1,Adult
30-45 (Adult),F,2.6,1,Adult
18-29 (Young Adult),F,4.8,1,Adult
30-45 (Adult),M,6.9,0,Adult
30-45 (Adult),F,8.4,0,Adult
18-29 (Young Adult),F,7.9,1,Adult
18-29 (Young Adult),M,9.4,1,Adult
18-29 (Young Adult),F,9.1,1,Adult
30-45 (Adult),F,7.4,0,Adult
30-45 (Adult),F,3.2,0,Adult
18-29 (Young Adult),F,8.4,1,Adult
30-45 (Adult),F,9.3,1,Adult
30-45 (Adult),F,7.2,1,Adult
18-29 (Young Adult),M,2.4,0,Adult
30-45 (Adult),M,6.9,1,Adult
30-45 (Adult),M,8.9,1,Adult
30-45 (Adult),M,1.8,0,Adult
30-45 (Adult),F,1.1,0,Adult
30-45 (Adult),M,8.8,1,Adult
30-45 (Adult),M,5.6,1,Adult
30-45 (Adult),F,1.4,0,Adult
30-45 (Adult),F,1.3,0,Adult
30-45 (Adult),M,1.9,0,Adult
30-45 (Adult),M,8.8,1,Adult
18-29 (Young Adult),F,5.0,1,Adult
18-29 (Young Adult),F,5.4,1,Adult
30-45 (Adult),M,6.0,1,Adult
18-29 (Young Adult),F,3.2,1,Adult
18-29 (Young Adult),M,2.6,1,Adult
30-45 (Adult),M,5.3,1,Adult
18-29 (Young Adult),M,3.5,1,Adult
18-29 (Young Adult),F,9.8,0,Adult
30-45 (Adult),M,6.5,1,Adult
30-45 (Adult),F,9.3,1,Adult
18-29 (Young Adult),F,3.4,1,Adult
30-45 (Adult),F,8.1,0,Adult
30-45 (Adult),F,5.6,0,Adult
30-45 (Adult),F,7.3,1,Adult
18-29 (Young Adult),F,1.7,0,Adult
18-29 (Young Adult),M,7.2,0,Adult
30-45 (Adult),F,3.0,1,Adult
30-45 (Adult),F,7.8,0,Adult
18-29 (Young Adult),F,3.6,1,Adult
30-45 (Adult),M,3.7,0,Adult
18-29 (Young Adult),F,7.9,0,Adult
18-29 (Young Adult),F,2.2,1,Adult
18-29 (Young Adult),M,5.4,1,Adult
18-29 (Young Adult),F,4.5,1,Adult
18-29 (Young Adult),F,6.6,1,Adult
18-29 (Young Adult),F,6.8,1,Adult
30-45 (Adult),F,7.5,0,Adult
30-45 (Adult),F,4.1,0,Adult
30-45 (Adult),M,3.6,1,Adult
30-45 (Adult),M,8.1,1,Adult
18-29 (Young Adult),F,3.2,1,Adult
30-45 (Adult),F,4.8,0,Adult
18-29 (Young Adult),M,6.0,0,Adult
30-45 (Adult),M,2.1,0,Adult
30-45 (Adult),M,8.0,1,Adult
30-45 (Adult),M,4.5,0,Adult
30-45 (Adult),F,7.9,1,Adult
30-45 (Adult),F,1.9,1,Adult
30-45 (Adult),F,5.3,0,Adult
30-45 (Adult),F,7.0,0,Adult
18-29 (Young Adult),F,8.2,0,Adult
18-29 (Young Adult),F,8.7,0,Adult
18-29 (Young Adult),F,6.6,0,Adult
18-29 (Young Adult),M,7.4,0,Adult
18-29 (Young Adult),F,8.9,0,Adult
30-45 (Adult),M,3.8,0,Adult
30-45 (Adult),F,1.5,0,Adult
30-45 (Adult),F,2.1,1,Adult
18-29 (Young Adult),M,2.7,1,Adult
18-29 (Young Adult),M,7.5,1,Adult
30-45 (Adult),M,4.6,1,Adult
30-45 (Adult),F,7.4,1,Adult
30-45 (Adult),F,7.6,1,Adult
30-45 (Adult),M,2.1,1,Adult
18-29 (Young Adult),M,9.4,1,Adult
18-29 (Young Adult),M,1.9,0,Adult
30-45 (Adult),F,3.4,0,Adult
18-29 (Young Adult),M,1.9,1,Adult
30-45 (Adult),M,4.7,1,Adult
30-45 (Adult),F,8.5,1,Adult
30-45 (Adult),F,3.0,1,Adult
18-29 (Young Adult),F,8.2,0,Adult
18-29 (Young Adult),M,9.1,1,Adult
30-45 (Adult),F,3.3,0,Adult
18-29 (Young Adult),M,8.9,0,Adult
30-45 (Adult),F,4.0,0,Adult
30-45 (Adult),F,4.6,1,Adult
30-45 (Adult),F,9.0,1,Adult
18-29 (Young Adult),F,9.5,1,Adult
18-29 (Young Adult),F,3.2,1,Adult
30-45 (Adult),M,1.2,1,Adult
18-29 (Young Adult),M,6.6,1,Adult
18-29 (Young Adult),F,2.2,1,Adult
18-29 (Young Adult),F,4.0,0,Adult
18-29 (Young Adult),M,2.6,1,Adult
30-45 (Adult),F,4.7,1,Adult
30-45 (Adult),M,7.2,0,Adult
30-45 (Adult),F,8.6,1,Adult
18-29 (Young Adult),M,8.1,1,Adult
30-45 (Adult),M,4.1,1,Adult
30-45 (Adult),F,8.6,1,Adult
30-45 (Adult),F,6.2,1,Adult
30-45 (Adult),F,2.1,1,Adult
18-29 (Young Adult),F,1.9,1,Adult
18-29 (Young Adult),F,5.2,0,Adult
18-29 (Young Adult),M,3.9,1,Adult
18-29 (Young Adult),F,5.0,1,Adult
18-29 (Young Adult),F,6.5,1,Adult
30-45 (Adult),F,1.0,1,Adult
30-45 (Adult),M,9.6,1,Adult
18-29 (Young Adult),F,6.8,1,Adult
30-45 (Adult),M,3.0,1,Adult
30-45 (Adult),F,3.3,1,Adult
18-29 (Young Adult),F,3.7,1,Adult
30-45 (Adult),M,3.6,1,Adult
18-29 (Young Adult),F,1.2,0,Adult
30-45 (Adult),F,5.7,1,Adult
18-29 (Young Adult),F,3.0,1,Adult
30-45 (Adult),M,9.6,1,Adult
30-45 (Adult),F,6.5,0,Adult
30-45 (Adult),M,2.2,1,Adult
18-29 (Young Adult),F,7.0,0,Adult
30-45 (Adult),M,3.4,1,Adult
18-29 (Young Adult),M,7.0,1,Adult
30-45 (Adult),M,3.5,1,Adult
18-29 (Young Adult),F,3.2,1,Adult
30-45 (Adult),F,8.0,1,Adult
30-45 (Adult),M,2.6,0,Adult
30-45 (Adult),M,6.4,1,Adult
30-45 (Adult),F,5.9,1,Adult
18-29 (Young Adult),F,8.9,1,Adult
30-45 (Adult),M,9.9,0,Adult
30-45 (Adult),F,9.5,1,Adult
30-45 (Adult),M,1.9,1,Adult
30-45 (Adult),F,7.6,1,Adult
30-45 (Adult),F,2.2,0,Adult
18-29 (Young Adult),M,2.1,1,Adult
18-29 (Young Adult),M,4.1,1,Adult
18-29 (Young Adult),M,6.5,1,Adult
30-45 (Adult),F,5.4,1,Adult
18-29 (Young Adult),M,2.4,1,Adult
30-45 (Adult),F,7.0,1,Adult
30-45 (Adult),F,6.7,0,Adult
30-45 (Adult),M,6.7,1,Adult
18-29 (Young Adult),M,8.8,1,Adult
30-45 (Adult),M,9.8,0,Adult
30-45 (Adult),F,2.1,0,Adult
30-45 (Adult),F,5.1,0,Adult
18-29 (Young Adult),M,2.7,1,Adult
30-45 (Adult),M,9.0,1,Adult
30-45 (Adult),F,6.9,1,Adult
30-45 (Adult),F,9.3,1,Adult
18-29 (Young Adult),M,5.2,1,Adult
30-45 (Adult),F,9.0,0,Adult
18-29 (Young Adult),F,2.4,1,Adult
30-45 (Adult),M,8.2,0,Adult
30-45 (Adult),F,8.8,1,Adult
18-29 (Young Adult),M,2.4,0,Adult
18-29 (Young Adult),M,2.3,1,Adult
18-29 (Young Adult),M,7.6,1,Adult
30-45 (Adult),M,7.5,0,Adult
18-29 (Young Adult),M,2.5,0,Adult
30-45 (Adult),F,5.4,0,Adult
30-45 (Adult),M,4.5,1,Adult
30-45 (Adult),F,2.6,1,Adult
30-45 (Adult),F,5.3,1,Adult
30-45 (Adult),F,8.7,1,Adult
30-45 (Adult),F,2.3,1,Adult
30-45 (Adult),F,6.2,1,Adult
30-45 (Adult),M,3.6,0,Adult
18-29 (Young Adult),F,6.9,0,Adult
18-29 (Young Adult),F,2.7,1,Adult
18-29 (Young Adult),M,3.9,1,Adult
18-29 (Young Adult),F,6.7,0,Adult
18-29 (Young Adult),F,9.3,1,Adult
30-45 (Adult),F,5.3,1,Adult
18-29 (Young Adult),F,6.4,1,Adult
18-29 (Young Adult),M,4.0,1,Adult
30-45 (Adult),M,4.6,0,Adult
18-29 (Young Adult),F,6.6,1,Adult
18-29 (Young Adult),M,5.8,0,Adult
30-45 (Adult),M,6.8,1,Adult
18-29 (Young Adult),M,2.8,1,Adult
30-45 (Adult),M,3.4,0,Adult
30-45 (Adult),M,6.8,1,Adult
30-45 (Adult),M,1.4,1,Adult
30-45 (Adult),F,4.7,0,Adult
18-29 (Young Adult),M,5.9,1,Adult
18-29 (Young Adult),F,4.3,0,Adult
30-45 (Adult),M,5.2,1,Adult
18-29 (Young Adult),M,4.9,1,Adult
18-29 (Young Adult),F,1.1,0,Adult
30-45 (Adult),M,1.5,1,Adult
30-45 (Adult),F,5.6,0,Adult
18-29 (Young Adult),M,4.2,0,Adult
30-45 (Adult),M,3.4,1,Adult
18-29 (Young Adult),M,5.9,1,Adult
30-45 (Adult),M,6.0,0,Adult
18-29 (Young Adult),F,6.8,1,Adult
18-29 (Young Adult),M,3.2,1,Adult
18-29 (Young Adult),F,9.4,1,Adult
30-45 (Adult),M,9.3,0,Adult
18-29 (Young Adult),M,5.0,0,Adult
30-45 (Adult),M,2.5,1,Adult
30-45 (Adult),M,1.9,1,Adult
30-45 (Adult),M,1.6,1,Adult
30-45 (Adult),F,8.3,1,Adult
18-29 (Young Adult),M,2.2,1,Adult
30-45 (Adult),F,6.3,1,Adult
18-29 (Young Adult),F,5.4,1,Adult
30-45 (Adult),F,7.4,1,Adult
30-45 (Adult),M,8.2,1,Adult
30-45 (Adult),F,8.0,1,Adult
18-29 (Young Adult),F,6.2,1,Adult
30-45 (Adult),M,9.1,1,Adult
30-45 (Adult),F,7.5,0,Adult
18-29 (Young Adult),F,7.7,1,Adult
30-45 (Adult),M,2.8,1,Adult
30-45 (Adult),M,9.6,0,Adult
18-29 (Young Adult),M,9.1,1,Adult
30-45 (Adult),M,3.0,1,Adult
18-29 (Young Adult),M,7.7,0,Adult
18-29 (Young Adult),F,8.1,1,Adult
18-29 (Young Adult),F,7.2,1,Adult
30-45 (Adult),F,1.5,1,Adult
30-45 (Adult),M,6.3,1,Adult
18-29 (Young Adult),F,1.5,0,Adult
18-29 (Young Adult),M,5.3,1,Adult
30-45 (Adult),F,7.2,0,Adult
30-45 (Adult),F,8.0,1,Adult
30-45 (Adult),M,7.5,1,Adult
30-45 (Adult),M,1.7,0,Adult
30-45 (Adult),M,1.6,1,Adult
30-45 (Adult),M,5.1,1,Adult
30-45 (Adult),F,2.1,1,Adult
18-29 (Young Adult),M,9.6,0,Adult
30-45 (Adult),F,8.0,1,Adult
18-29 (Young Adult),F,1.9,1,Adult
18-29 (Young Adult),M,5.5,1,Adult
30-45 (Adult),F,6.1,1,Adult
30-45 (Adult),F,7.0,1,Adult
18-29 (Young Adult),F,8.2,0,Adult
30-45 (Adult),F,9.8,0,Adult
30-45 (Adult),M,3.1,1,Adult
18-29 (Young Adult),F,9.6,1,Adult
30-45 (Adult),F,1.3,1,Adult
18-29 (Young Adult),M,2.7,1,Adult
30-45 (Adult),M,3.8,1,Adult
30-45 (Adult),F,8.1,1,Adult
18-29 (Young Adult),M,9.6,0,Adult
30-45 (Adult),M,5.3,1,Adult
18-29 (Young Adult),M,9.7,0,Adult
18-29 (Young Adult),M,7.4,1,Adult
30-45 (Adult),M,2.5,0,Adult
18-29 (Young Adult),M,5.3,1,Adult
30-45 (Adult),F,4.9,1,Adult
30-45 (Adult),F,7.3,0,Adult
30-45 (Adult),F,2.6,1,Adult
18-29 (Young Adult),M,7.7,0,Adult
30-45 (Adult),M,8.9,1,Adult
30-45 (Adult),F,8.7,1,Adult
30-45 (Adult),M,6.0,1,Adult
18-29 (Young Adult),F,4.9,1,Adult
18-29 (Young Adult),F,7.1,0,Adult
30-45 (Adult),F,4.5,1,Adult
18-29 (Young Adult),M,1.2,0,Adult
30-45 (Adult),F,7.4,1,Adult
18-29 (Young Adult),M,3.7,1,Adult
18-29 (Young Adult),F,5.4,0,Adult
18-29 (Young Adult),F,9.5,0,Adult
18-29 (Young Adult),M,3.3,1,Adult
30-45 (Adult),F,6.9,0,Adult
30-45 (Adult),F,6.1,1,Adult
18-29 (Young Adult),M,9.7,1,Adult
30-45 (Adult),F,5.3,1,Adult
30-45 (Adult),F,6.8,1,Adult
18-29 (Young Adult),M,4.6,1,Adult
30-45 (Adult),M,5.7,1,Adult
18-29 (Young Adult),F,7.2,0,Adult
18-29 (Young Adult),M,7.3,1,Adult
30-45 (Adult),F,9.6,1,Adult
30-45 (Adult),F,3.5,1,Adult
30-45 (Adult),M,2.0,1,Adult
30-45 (Adult),F,5.5,1,Adult
30-45 (Adult),M,6.4,0,Adult
30-45 (Adult),F,3.4,1,Adult
18-29 (Young Adult),F,3.4,0,Adult
18-29 (Young Adult),F,5.1,1,Adult
30-45 (Adult),M,9.8,1,Adult
30-45 (Adult),M,4.1,1,Adult
30-45 (Adult),F,10.0,0,Adult
30-45 (Adult),F,2.6,1,Adult
30-45 (Adult),F,9.0,1,Adult
18-29 (Young Adult),M,2.9,1,Adult
30-45 (Adult),M,9.2,0,Adult
18-29 (Young Adult),M,9.9,1,Adult
18-29 (Young Adult),M,2.6,1,Adult
30-45 (Adult),M,1.9,1,Adult
30-45 (Adult),M,2.1,1,Adult
30-45 (Adult),F,5.5,1,Adult
18-29 (Young Adult),F,8.5,1,Adult
30-45 (Adult),F,2.3,1,Adult
30-45 (Adult),F,7.4,1,Adult
30-45 (Adult),F,4.8,1,Adult
18-29 (Young Adult),F,5.9,1,Adult
18-29 (Young Adult),F,6.2,1,Adult
18-29 (Young Adult),M,5.0,1,Adult
18-29 (Young Adult),M,9.3,1,Adult
18-29 (Young Adult),M,6.5,0,Adult
30-45 (Adult),M,9.2,1,Adult
30-45 (Adult),F,8.4,0,Adult
30-45 (Adult),M,2.4,1,Adult
30-45 (Adult),M,1.0,0,Adult
30-45 (Adult),F,2.8,1,Adult
18-29 (Young Adult),F,2.1,0,Adult
30-45 (Adult),M,2.4,1,Adult
18-29 (Young Adult),M,6.6,1,Adult
30-45 (Adult),M,9.0,1,Adult
30-45 (Adult),M,2.3,1,Adult
30-45 (Adult),F,8.1,1,Adult
30-45 (Adult),F,6.6,1,Adult
30-45 (Adult),F,3.3,0,Adult
18-29 (Young Adult),F,6.8,0,Adult
30-45 (Adult),F,9.0,1,Adult
30-45 (Adult),F,1.9,0,Adult
18-29 (Young Adult),F,9.6,1,Adult
30-45 (Adult),F,6.5,1,Adult
30-45 (Adult),F,3.0,1,Adult
18-29 (Young Adult),M,1.8,1,Adult
18-29 (Young Adult),M,3.8,1,Adult
18-29 (Young Adult),F,3.9,1,Adult
30-45 (Adult),M,4.7,1,Adult
18-29 (Young Adult),F,4.3,1,Adult
18-29 (Young Adult),M,3.7,1,Adult
18-29 (Young Adult),M,1.8,1,Adult
18-29 (Young Adult),F,2.4,0,Adult
30-45 (Adult),M,4.0,1,Adult
18-29 (Young Adult),M,8.1,1,Adult
30-45 (Adult),F,4.4,1,Adult
18-29 (Young Adult),F,9.0,1,Adult
30-45 (Adult),M,7.1,1,Adult
30-45 (Adult),M,7.3,1,Adult
30-45 (Adult),M,8.3,0,Adult
30-45 (Adult),F,8.9,0,Adult
18-29 (Young Adult),F,4.4,1,Adult
30-45 (Adult),M,9.5,1,Adult
18-29 (Young Adult),M,4.4,0,Adult
18-29 (Young Adult),M,6.8,1,Adult
18-29 (Young Adult),F,9.3,1,Adult
30-45 (Adult),F,5.7,1,Adult
30-45 (Adult),F,1.2,0,Adult
30-45 (Adult),F,2.6,1,Adult
30-45 (Adult),F,5.4,1,Adult
30-45 (Adult),F,4.0,1,Adult
30-45 (Adult),F,3.3,1,Adult
18-29 (Young Adult),F,1.1,1,Adult
18-29 (Young Adult),F,2.3,1,Adult
30-45 (Adult),F,3.8,1,Adult
30-45 (Adult),F,4.2,1,Adult
30-45 (Adult),F,3.1,1,Adult
18-29 (Young Adult),F,5.3,0,Adult
18-29 (Young Adult),F,6.3,0,Adult
18-29 (Young Adult),M,4.3,1,Adult
30-45 (Adult),F,4.9,0,Adult
30-45 (Adult),M,2.0,1,Adult
18-29 (Young Adult),F,7.1,1,Adult
18-29 (Young Adult),M,4.1,1,Adult
18-29 (Young Adult),M,2.6,1,Adult
30-45 (Adult),M,7.3,1,Adult
30-45 (Adult),M,6.2,1,Adult
18-29 (Young Adult),F,2.3,1,Adult
30-45 (Adult),F,8.6,1,Adult
30-45 (Adult),F,2.9,1,Adult
30-45 (Adult),F,7.3,0,Adult
18-29 (Young Adult),F,8.6,0,Adult
30-45 (Adult),M,9.0,0,Adult
30-45 (Adult),M,5.7,0,Adult
18-29 (Young Adult),M,4.4,1,Adult
30-45 (Adult),F,4.8,1,Adult
18-29 (Young Adult),M,4.5,1,Adult
30-45 (Adult),F,3.1,1,Adult
18-29 (Young Adult),F,2.7,1,Adult
18-29 (Young Adult),F,8.4,1,Adult
18-29 (Young Adult),F,6.4,1,Adult
30-45 (Adult),M,5.8,1,Adult
30-45 (Adult),F,9.4,1,Adult
18-29 (Young Adult),F,7.8,1,Adult
30-45 (Adult),F,2.0,0,Adult
18-29 (Young Adult),F,1.1,1,Adult
30-45 (Adult),M,9.0,1,Adult
30-45 (Adult),F,7.2,1,Adult
30-45 (Adult),M,5.1,1,Adult
18-29 (Young Adult),F,9.8,0,Adult
30-45 (Adult),M,8.6,1,Adult
18-29 (Young Adult),M,9.9,0,Adult
18-29 (Young Adult),M,5.5,1,Adult
18-29 (Young Adult),F,5.5,0,Adult
30-45 (Adult),F,7.2,0,Adult
30-45 (Adult),M,6.7,1,Adult
30-45 (Adult),F,1.3,1,Adult
30-45 (Adult),F,4.8,0,Adult
30-45 (Adult),F,7.0,1,Adult
30-45 (Adult),F,8.6,0,Adult
18-29 (Young Adult),M,5.4,1,Adult
18-29 (Young Adult),F,8.8,1,Adult
18-29 (Young Adult),M,8.5,1,Adult
30-45 (Adult),F,8.0,1,Adult
30-45 (Adult),M,7.8,1,Adult
30-45 (Adult),F,7.6,1,Adult
18-29 (Young Adult),F,4.1,1,Adult
18-29 (Young Adult),M,4.6,1,Adult
30-45 (Adult),F,2.7,0,Adult
30-45 (Adult),F,3.2,1,Adult
18-29 (Young Adult),F,8.0,1,Adult
18-29 (Young Adult),F,7.1,0,Adult
30-45 (Adult),F,1.9,0,Adult
18-29 (Young Adult),M,5.4,1,Adult
18-29 (Young Adult),F,5.2,1,Adult
18-29 (Young Adult),F,8.1,0,Adult
30-45 (Adult),M,6.1,1,Adult
18-29 (Young Adult),F,7.7,1,Adult
18-29 (Young Adult),M,6.7,1,Adult
30-45 (Adult),F,6.8,1,Adult
18-29 (Young Adult),M,9.3,0,Adult
30-45 (Adult),M,5.5,1,Adult
30-45 (Adult),F,2.2,0,Adult
18-29 (Young Adult),F,7.5,0,Adult
18-29 (Young Adult),F,2.3,1,Adult
30-45 (Adult),M,3.2,1,Adult
30-45 (Adult),F,1.9,0,Adult
18-29 (Young Adult),F,2.7,0,Adult
18-29 (Young Adult),M,2.9,1,Adult
30-45 (Adult),F,5.1,0,Adult
18-29 (Young Adult),F,7.3,1,Adult
30-45 (Adult),F,4.3,1,Adult
30-45 (Adult),M,5.5,1,Adult
18-29 (Young Adult),M,9.8,1,Adult
30-45 (Adult),F,7.9,1,Adult
30-45 (Adult),F,9.7,0,Adult
18-29 (Young Adult),M,3.4,0,Adult
30-45 (Adult),F,3.4,1,Adult
18-29 (Young Adult),M,3.7,0,Adult
30-45 (Adult),F,8.5,1,Adult
30-45 (Adult),F,7.5,0,Adult
30-45 (Adult),M,3.3,1,Adult
18-29 (Young Adult),F,1.0,0,Adult
18-29 (Young Adult),F,8.9,1,Adult
18-29 (Young Adult),F,3.5,0,Adult
18-29 (Young Adult),M,6.2,1,Adult
30-45 (Adult),F,5.1,1,Adult
30-45 (Adult),F,6.4,1,Adult
30-45 (Adult),M,5.7,1,Adult
30-45 (Adult),M,6.6,0,Adult
30-45 (Adult),F,9.8,1,Adult
30-45 (Adult),F,4.9,0,Adult
18-29 (Young Adult),F,6.8,1,Adult
30-45 (Adult),F,4.3,1,Adult
18-29 (Young Adult),M,3.1,0,Adult
18-29 (Young Adult),M,5.3,1,Adult
18-29 (Young Adult),F,1.5,1,Adult
30-45 (Adult),F,3.7,0,Adult
18-29 (Young Adult),M,3.7,0,Adult
30-45 (Adult),F,6.8,1,Adult
30-45 (Adult),M,6.9,1,Adult
30-45 (Adult),M,9.5,1,Adult
18-29 (Young Adult),M,5.8,1,Adult
18-29 (Young Adult),F,1.8,0,Adult
30-45 (Adult),M,6.8,1,Adult
18-29 (Young Adult),M,1.0,1,Adult
18-29 (Young Adult),F,1.3,1,Adult
30-45 (Adult),F,9.3,1,Adult
30-45 (Adult),M,4.9,1,Adult
18-29 (Young Adult),M,9.7,1,Adult
18-29 (Young Adult),F,2.2,1,Adult
30-45 (Adult),F,1.6,1,Adult
30-45 (Adult),M,9.9,1,Adult
18-29 (Young Adult),M,6.7,0,Adult
18-29 (Young Adult),M,3.0,1,Adult
18-29 (Young Adult),M,4.1,1,Adult
30-45 (Adult),M,9.1,1,Adult
18-29 (Young Adult),F,9.9,0,Adult
18-29 (Young Adult),M,5.4,1,Adult
18-29 (Young Adult),F,1.8,1,Adult
18-29 (Young Adult),M,9.1,1,Adult
18-29 (Young Adult),F,2.6,1,Adult
18-29 (Young Adult),M,9.6,1,Adult
30-45 (Adult),M,3.2,1,Adult
18-29 (Young Adult),F,10.0,1,Adult
30-45 (Adult),M,3.0,1,Adult
18-29 (Young Adult),F,8.7,1,Adult
30-45 (Adult),M,8.6,0,Adult
30-45 (Adult),F,6.7,0,Adult
30-45 (Adult),F,4.0,1,Adult
30-45 (Adult),M,5.5,0,Adult
18-29 (Young Adult),M,9.9,1,Adult
18-29 (Young Adult),F,2.9,1,Adult
30-45 (Adult),M,6.6,1,Adult
30-45 (Adult),F,1.8,0,Adult
18-29 (Young Adult),F,9.7,1,Adult
30-45 (Adult),F,7.2,1,Adult
30-45 (Adult),F,8.2,1,Adult
30-45 (Adult),F,6.9,1,Adult
18-29 (Young Adult),F,1.4,0,Adult
18-29 (Young Adult),M,6.7,1,Adult
18-29 (Young Adult),M,8.1,1,Adult
30-45 (Adult),M,3.8,1,Adult
30-45 (Adult),M,7.8,1,Adult
30-45 (Adult),M,3.7,1,Adult
30-45 (Adult),F,4.3,1,Adult
30-45 (Adult),M,6.3,1,Adult
30-45 (Adult),M,7.1,1,Adult
30-45 (Adult),F,9.0,1,Adult
30-45 (Adult),F,1.5,1,Adult
30-45 (Adult),M,5.5,1,Adult
30-45 (Adult),F,3.9,1,Adult
30-45 (Adult),F,9.8,1,Adult
30-45 (Adult),F,2.1,1,Adult
18-29 (Young Adult),F,9.0,1,Adult
18-29 (Young Adult),F,7.8,1,Adult
18-29 (Young Adult),F,4.7,1,Adult
30-45 (Adult),F,5.5,1,Adult
18-29 (Young Adult),M,1.6,1,Adult
18-29 (Young Adult),F,6.4,0,Adult
18-29 (Young Adult),F,4.2,1,Adult
18-29 (Young Adult),F,3.3,1,Adult
18-29 (Young Adult),M,5.7,1,Adult
30-45 (Adult),F,7.2,1,Adult
30-45 (Adult),M,9.9,1,Adult
30-45 (Adult),M,9.8,1,Adult
18-29 (Young Adult),M,4.9,1,Adult
30-45 (Adult),F,4.7,0,Adult
30-45 (Adult),F,6.7,1,Adult
18-29 (Young Adult),M,6.7,1,Adult
30-45 (Adult),F,4.5,0,Adult
30-45 (Adult),M,8.0,1,Adult
18-29 (Young Adult),M,2.6,1,Adult
30-45 (Adult),F,6.7,1,Adult
18-29 (Young Adult),M,2.2,0,Adult
30-45 (Adult),F,8.1,0,Adult
30-45 (Adult),F,4.5,1,Adult
30-45 (Adult),F,4.6,0,Adult
18-29 (Young Adult),F,3.6,1,Adult
18-29 (Young Adult),M,3.6,1,Adult
18-29 (Young Adult),M,9.7,0,Adult
30-45 (Adult),F,3.6,1,Adult
30-45 (Adult),M,3.9,0,Adult
30-45 (Adult),F,5.7,0,Adult
18-29 (Young Adult),F,6.6,1,Adult
18-29 (Young Adult),M,7.7,0,Adult
18-29 (Young Adult),M,3.2,1,Adult
18-29 (Young Adult),F,5.4,1,Adult
18-29 (Young Adult),F,2.4,0,Adult
18-29 (Young Adult),F,3.4,1,Adult
30-45 (Adult),M,2.3,1,Adult
30-45 (Adult),F,4.7,1,Adult
30-45 (Adult),M,9.9,1,Adult
30-45 (Adult),M,7.4,1,Adult
30-45 (Adult),F,3.1,1,Adult
30-45 (Adult),M,5.8,1,Adult
30-45 (Adult),M,5.5,1,Adult
18-29 (Young Adult),F,9.6,1,Adult
18-29 (Young Adult),M,9.0,1,Adult
30-45 (Adult),M,2.4,0,Adult
18-29 (Young Adult),M,9.2,1,Adult
18-29 (Young Adult),M,8.4,1,Adult
18-29 (Young Adult),F,4.0,1,Adult
18-29 (Young Adult),F,4.7,1,Adult
30-45 (Adult),M,1.9,0,Adult
30-45 (Adult),F,2.4,1,Adult
30-45 (Adult),M,5.6,1,Adult
30-45 (Adult),F,4.5,1,Adult
18-29 (Young Adult),F,2.0,1,Adult
30-45 (Adult),M,2.2,1,Adult
18-29 (Young Adult),F,6.2,1,Adult
18-29 (Young Adult),M,1.3,1,Adult
18-29 (Young Adult),M,4.7,1,Adult
30-45 (Adult),M,2.9,0,Adult
30-45 (Adult),M,4.4,1,Adult
30-45 (Adult),F,2.1,1,Adult
18-29 (Young Adult),M,3.8,1,Adult
18-29 (Young Adult),F,3.0,1,Adult
18-29 (Young Adult),M,5.8,1,Adult
18-29 (Young Adult),M,5.8,0,Adult
18-29 (Young Adult),F,1.3,1,Adult
30-45 (Adult),M,2.9,0,Adult
18-29 (Young Adult),M,3.7,0,Adult
18-29 (Young Adult),M,4.0,1,Adult
30-45 (Adult),M,5.3,0,Adult
30-45 (Adult),M,6.5,1,Adult
30-45 (Adult),M,8.8,1,Adult
18-29 (Young Adult),M,5.4,1,Adult
18-29 (Young Adult),M,3.0,1,Adult
30-45 (Adult),F,7.5,1,Adult
30-45 (Adult),M,3.6,1,Adult
18-29 (Young Adult),F,5.9,1,Adult
30-45 (Adult),M,3.7,0,Adult
30-45 (Adult),F,7.6,1,Adult
30-45 (Adult),M,3.2,1,Adult
30-45 (Adult),M,6.5,0,Adult
30-45 (Adult),F,3.3,1,Adult
18-29 (Young Adult),F,1.4,1,Adult
18-29 (Young Adult),M,1.5,0,Adult
30-45 (Adult),F,2.8,1,Adult
18-29 (Young Adult),F,2.8,1,Adult
18-29 (Young Adult),M,8.8,1,Adult
30-45 (Adult),F,9.4,1,Adult
18-29 (Young Adult),M,8.3,1,Adult
18-29 (Young Adult),M,9.0,1,Adult
18-29 (Young Adult),M,8.2,1,Adult
18-29 (Young Adult),F,3.3,1,Adult
30-45 (Adult),M,7.6,1,Adult
18-29 (Young Adult),F,5.5,1,Adult
18-29 (Young Adult),M,10.0,1,Adult
18-29 (Young Adult),F,7.3,0,Adult
18-29 (Young Adult),M,3.5,0,Adult
18-29 (Young Adult),F,5.2,1,Adult
30-45 (Adult),F,4.4,1,Adult
18-29 (Young Adult),F,2.2,1,Adult
30-45 (Adult),M,9.0,1,Adult
30-45 (Adult),M,6.7,0,Adult
18-29 (Young Adult),M,4.2,1,Adult
30-45 (Adult),M,6.3,0,Adult
30-45 (Adult),F,2.8,1,Adult
18-29 (Young Adult),M,1.2,0,Adult
18-29 (Young Adult),M,4.2,1,Adult
30-45 (Adult),M,3.6,1,Adult
30-45 (Adult),M,5.8,1,Adult
18-29 (Young Adult),F,8.0,1,Adult
30-45 (Adult),F,9.9,0,Adult
30-45 (Adult),F,4.4,0,Adult
18-29 (Young Adult),M,7.1,1,Adult
30-45 (Adult),M,4.7,0,Adult
30-45 (Adult),F,8.5,1,Adult
18-29 (Young Adult),M,5.5,1,Adult
18-29 (Young Adult),M,1.0,0,Adult
30-45 (Adult),F,8.0,1,Adult
30-45 (Adult),F,7.0,0,Adult
18-29 (Young Adult),F,5.6,1,Adult
30-45 (Adult),F,8.1,1,Adult
18-29 (Young Adult),M,8.6,0,Adult
30-45 (Adult),M,9.2,1,Adult
18-29 (Young Adult),M,4.3,1,Adult
30-45 (Adult),F,9.8,1,Adult
18-29 (Young Adult),F,1.0,1,Adult
18-29 (Young Adult),F,8.9,0,Adult
30-45 (Adult),M,6.4,1,Adult
30-45 (Adult),M,6.8,1,Adult
30-45 (Adult),F,5.2,0,Adult
18-29 (Young Adult),M,3.1,0,Adult
30-45 (Adult),M,7.8,1,Adult
30-45 (Adult),M,4.5,1,Adult
18-29 (Young Adult),F,3.5,1,Adult
18-29 (Young Adult),M,3.9,1,Adult
30-45 (Adult),M,8.2,1,Adult
18-29 (Young Adult),F,7.7,1,Adult
18-29 (Young Adult),F,2.0,1,Adult
30-45 (Adult),M,3.5,1,Adult
30-45 (Adult),M,2.5,1,Adult
18-29 (Young Adult),M,1.5,1,Adult
30-45 (Adult),M,1.8,0,Adult
18-29 (Young Adult),M,4.1,1,Adult
18-29 (Young Adult),M,3.8,0,Adult
30-45 (Adult),M,1.8,0,Adult
30-45 (Adult),F,2.5,1,Adult
30-45 (Adult),F,4.6,1,Adult
30-45 (Adult),M,1.6,0,Adult
30-45 (Adult),F,4.4,1,Adult
30-45 (Adult),F,1.3,1,Adult
30-45 (Adult),F,7.2,0,Adult
18-29 (Young Adult),M,5.6,1,Adult
18-29 (Young Adult),M,3.9,0,Adult
30-45 (Adult),M,8.8,0,Adult
18-29 (Young Adult),M,4.3,1,Adult
18-29 (Young Adult),M,7.4,1,Adult
30-45 (Adult),M,6.2,0,Adult
18-29 (Young Adult),F,4.3,1,Adult
18-29 (Young Adult),F,3.7,1,Adult
18-29 (Young Adult),F,9.3,1,Adult
18-29 (Young Adult),M,7.7,1,Adult
18-29 (Young Adult),M,8.9,1,Adult
30-45 (Adult),M,5.4,1,Adult
30-45 (Adult),F,2.1,0,Adult
18-29 (Young Adult),M,3.2,1,Adult
30-45 (Adult),F,4.0,1,Adult
30-45 (Adult),F,3.7,0,Adult
18-29 (Young Adult),M,9.0,0,Adult
30-45 (Adult),F,2.0,0,Adult
30-45 (Adult),M,9.8,0,Adult
30-45 (Adult),M,3.6,1,Adult
30-45 (Adult),F,3.2,1,Adult
30-45 (Adult),F,1.7,0,Adult
30-45 (Adult),M,2.4,1,Adult
18-29 (Young Adult),F,6.1,1,Adult
18-29 (Young Adult),M,9.9,0,Adult
30-45 (Adult),M,4.0,1,Adult
30-45 (Adult),M,9.7,0,Adult
18-29 (Young Adult),F,6.0,1,Adult
30-45 (Adult),F,2.6,1,Adult
30-45 (Adult),F,8.7,0,Adult
30-45 (Adult),M,6.6,0,Adult
18-29 (Young Adult),F,6.9,1,Adult
30-45 (Adult),F,3.6,1,Adult
30-45 (Adult),F,5.7,1,Adult
18-29 (Young Adult),F,5.9,1,Adult
30-45 (Adult),F,7.6,1,Adult
18-29 (Young Adult),F,8.0,1,Adult
30-45 (Adult),F,9.6,1,Adult
30-45 (Adult),F,8.4,1,Adult
18-29 (Young Adult),M,2.8,0,Adult
18-29 (Young Adult),M,1.0,1,Adult
30-45 (Adult),M,8.1,1,Adult
30-45 (Adult),M,3.6,1,Adult
18-29 (Young Adult),M,1.9,0,Adult
18-29 (Young Adult),F,6.0,1,Adult
18-29 (Young Adult),M,3.5,1,Adult
30-45 (Adult),F,7.4,1,Adult
30-45 (Adult),M,7.1,1,Adult
30-45 (Adult),M,1.4,0,Adult
18-29 (Young Adult),F,3.8,1,Adult
30-45 (Adult),F,1.7,0,Adult
18-29 (Young Adult),M,7.4,1,Adult
18-29 (Young Adult),M,6.1,0,Adult
30-45 (Adult),M,3.6,1,Adult
18-29 (Young Adult),M,4.3,0,Adult
30-45 (Adult),F,4.8,1,Adult
30-45 (Adult),M,3.0,1,Adult
30-45 (Adult),M,8.7,0,Adult
30-45 (Adult),M,9.8,1,Adult
18-29 (Young Adult),M,5.4,1,Adult
18-29 (Young Adult),M,3.2,1,Adult
18-29 (Young Adult),M,3.4,0,Adult
30-45 (Adult),F,8.0,1,Adult
30-45 (Adult),F,2.9,1,Adult
18-29 (Young Adult),F,4.8,1,Adult
18-29 (Young Adult),M,6.0,0,Adult
18-29 (Young Adult),F,4.3,1,Adult
30-45 (Adult),F,10.0,1,Adult
30-45 (Adult),M,6.5,0,Adult
30-45 (Adult),M,1.6,0,Adult
18-29 (Young Adult),M,4.2,1,Adult
18-29 (Young Adult),M,6.0,1,Adult
30-45 (Adult),F,7.9,1,Adult
30-45 (Adult),M,8.6,1,Adult
18-29 (Young Adult),M,7.2,1,Adult
30-45 (Adult),M,2.8,0,Adult
30-45 (Adult),M,8.4,0,Adult
30-45 (Adult),M,6.1,0,Adult
30-45 (Adult),M,4.4,0,Adult
30-45 (Adult),M,5.4,0,Adult
30-45 (Adult),M,3.8,1,Adult
18-29 (Young Adult),M,6.9,0,Adult
18-29 (Young Adult),F,6.9,1,Adult
30-45 (Adult),M,7.8,1,Adult
18-29 (Young Adult),M,8.4,1,Adult
30-45 (Adult),M,1.8,1,Adult
30-45 (Adult),F,4.2,0,Adult
30-45 (Adult),F,3.1,1,Adult
30-45 (Adult),F,9.9,1,Adult
30-45 (Adult),M,5.0,1,Adult
18-29 (Young Adult),M,7.2,1,Adult
30-45 (Adult),M,9.2,1,Adult
18-29 (Young Adult),M,6.0,1,Adult
30-45 (Adult),M,2.4,1,Adult
30-45 (Adult),F,2.9,0,Adult
30-45 (Adult),F,2.3,1,Adult
30-45 (Adult),F,2.1,1,Adult
18-29 (Young Adult),M,2.6,0,Adult
30-45 (Adult),F,3.7,1,Adult
30-45 (Adult),F,3.6,1,Adult
30-45 (Adult),M,8.8,1,Adult
30-45 (Adult),M,3.5,1,Adult
18-29 (Young Adult),F,7.5,1,Adult
30-45 (Adult),F,4.4,1,Adult
18-29 (Young Adult),F,9.0,1,Adult
30-45 (Adult),F,6.3,1,Adult
18-29 (Young Adult),M,5.7,0,Adult
30-45 (Adult),F,2.8,1,Adult
30-45 (Adult),F,3.8,1,Adult
30-45 (Adult),F,2.3,1,Adult
30-45 (Adult),M,7.0,1,Adult
18-29 (Young Adult),M,4.3,0,Adult
18-29 (Young Adult),F,1.0,1,Adult
18-29 (Young Adult),M,9.2,1,Adult
18-29 (Young Adult),F,5.2,1,Adult
18-29 (Young Adult),M,4.6,1,Adult
18-29 (Young Adult),M,5.7,0,Adult
18-29 (Young Adult),F,3.3,1,Adult
30-45 (Adult),F,7.5,1,Adult
30-45 (Adult),M,4.0,1,Adult
30-45 (Adult),F,3.4,1,Adult
30-45 (Adult),F,1.6,0,Adult
30-45 (Adult),F,7.8,1,Adult
18-29 (Young Adult),F,1.5,0,Adult
30-45 (Adult),F,4.7,0,Adult
18-29 (Young Adult),M,2.3,0,Adult
30-45 (Adult),M,2.5,1,Adult
30-45 (Adult),M,2.8,0,Adult
18-29 (Young Adult),M,6.1,0,Adult
18-29 (Young Adult),F,2.3,1,Adult
30-45 (Adult),F,7.8,0,Adult
30-45 (Adult),F,1.2,1,Adult
18-29 (Young Adult),F,3.0,1,Adult
30-45 (Adult),F,1.7,1,Adult
30-45 (Adult),M,5.3,1,Adult
18-29 (Young Adult),F,6.8,1,Adult
30-45 (Adult),M,5.1,1,Adult
18-29 (Young Adult),M,1.9,0,Adult
30-45 (Adult),M,4.3,1,Adult
30-45 (Adult),F,8.7,1,Adult
30-45 (Adult),M,1.8,1,Adult
30-45 (Adult),F,7.8,1,Adult
30-45 (Adult),F,7.7,1,Adult
30-45 (Adult),M,5.6,1,Adult
30-45 (Adult),F,4.9,0,Adult
30-45 (Adult),M,8.7,1,Adult
18-29 (Young Adult),M,7.6,1,Adult
18-29 (Young Adult),M,9.1,1,Adult
30-45 (Adult),M,7.6,0,Adult
18-29 (Young Adult),M,1.7,0,Adult
18-29 (Young Adult),F,1.8,1,Adult
30-45 (Adult),M,1.0,1,Adult
30-45 (Adult),M,7.3,1,Adult
30-45 (Adult),M,9.2,1,Adult
30-45 (Adult),M,1.1,1,Adult
30-45 (Adult),M,4.6,1,Adult
30-45 (Adult),M,2.7,1,Adult
30-45 (Adult),M,2.5,0,Adult
18-29 (Young Adult),F,8.8,0,Adult
30-45 (Adult),M,3.0,1,Adult
30-45 (Adult),M,1.1,1,Adult
30-45 (Adult),M,2.2,1,Adult
30-45 (Adult),F,3.5,1,Adult
30-45 (Adult),M,1.3,0,Adult
18-29 (Young Adult),M,3.5,1,Adult
30-45 (Adult),M,1.0,1,Adult
30-45 (Adult),M,3.2,1,Adult
30-45 (Adult),F,2.2,1,Adult
18-29 (Young Adult),F,8.9,1,Adult
30-45 (Adult),M,2.9,0,Adult
30-45 (Adult),F,2.3,0,Adult
18-29 (Young Adult),F,6.3,1,Adult
30-45 (Adult),M,7.8,1,Adult
30-45 (Adult),F,6.8,1,Adult
18-29 (Young Adult),M,1.1,1,Adult
18-29 (Young Adult),F,2.1,1,Adult
18-29 (Young Adult),M,3.7,1,Adult
30-45 (Adult),F,7.0,0,Adult
18-29 (Young Adult),F,2.9,0,Adult
30-45 (Adult),F,4.6,1,Adult
18-29 (Young Adult),F,9.9,1,Adult
18-29 (Young Adult),F,9.6,1,Adult
18-29 (Young Adult),F,3.6,1,Adult
18-29 (Young Adult),F,2.2,1,Adult
30-45 (Adult),F,2.8,1,Adult
30-45 (Adult),M,4.0,0,Adult
30-45 (Adult),F,6.3,1,Adult
30-45 (Adult),M,4.6,1,Adult
18-29 (Young Adult),F,1.1,1,Adult
30-45 (Adult),M,3.1,0,Adult
18-29 (Young Adult),F,5.5,0,Adult
18-29 (Young Adult),F,9.5,0,Adult
18-29 (Young Adult),F,9.6,1,Adult
18-29 (Young Adult),M,8.4,0,Adult
18-29 (Young Adult),F,4.1,1,Adult
30-45 (Adult),F,2.9,1,Adult
18-29 (Young Adult),F,8.6,1,Adult
30-45 (Adult),M,4.2,1,Adult
18-29 (Young Adult),F,7.8,0,Adult
18-29 (Young Adult),F,4.7,0,Adult
30-45 (Adult),F,3.8,1,Adult
18-29 (Young Adult),F,5.5,0,Adult
30-45 (Adult),M,1.3,1,Adult
30-45 (Adult),M,8.1,1,Adult
30-45 (Adult),M,1.0,0,Adult
30-45 (Adult),F,5.2,1,Adult
30-45 (Adult),F,5.7,1,Adult
30-45 (Adult),F,8.0,1,Adult
18-29 (Young Adult),M,3.7,1,Adult
30-45 (Adult),M,5.6,1,Adult
30-45 (Adult),F,7.8,1,Adult
30-45 (Adult),F,5.6,0,Adult
18-29 (Young Adult),M,3.7,1,Adult
18-29 (Young Adult),M,3.1,1,Adult
30-45 (Adult),M,8.7,1,Adult
30-45 (Adult),M,4.3,0,Adult
18-29 (Young Adult),F,7.7,1,Adult
30-45 (Adult),F,4.3,1,Adult
30-45 (Adult),F,9.0,1,Adult
30-45 (Adult),M,3.8,1,Adult
30-45 (Adult),M,8.8,1,Adult
30-45 (Adult),M,7.0,1,Adult
30-45 (Adult),F,8.1,1,Adult
30-45 (Adult),M,1.9,1,Adult
18-29 (Young Adult),F,1.2,1,Adult
30-45 (Adult),F,3.0,1,Adult
18-29 (Young Adult),M,1.7,1,Adult
30-45 (Adult),M,3.5,1,Adult
30-45 (Adult),F,3.5,0,Adult
18-29 (Young Adult),M,5.2,1,Adult
30-45 (Adult),M,3.1,1,Adult
30-45 (Adult),F,5.3,1,Adult
18-29 (Young Adult),M,7.7,1,Adult
30-45 (Adult),M,1.5,1,Adult
18-29 (Young Adult),M,6.9,0,Adult
30-45 (Adult),F,3.2,1,Adult
18-29 (Young Adult),M,7.6,1,Adult
30-45 (Adult),M,7.6,1,Adult
30-45 (Adult),M,3.6,0,Adult
30-45 (Adult),M,5.6,0,Adult
30-45 (Adult),M,7.6,0,Adult
30-45 (Adult),M,9.2,1,Adult
30-45 (Adult),M,7.8,1,Adult
30-45 (Adult),F,2.5,0,Adult
18-29 (Young Adult),F,1.8,0,Adult
18-29 (Young Adult),M,7.9,1,Adult
18-29 (Young Adult),F,1.3,1,Adult
30-45 (Adult),M,8.6,1,Adult
18-29 (Young Adult),F,3.3,0,Adult
30-45 (Adult),F,8.2,1,Adult
30-45 (Adult),M,5.6,0,Adult
18-29 (Young Adult),M,2.4,1,Adult
18-29 (Young Adult),M,7.0,1,Adult
30-45 (Adult),F,4.3,1,Adult
30-45 (Adult),F,4.5,0,Adult
30-45 (Adult),M,5.2,0,Adult
30-45 (Adult),M,4.8,1,Adult
30-45 (Adult),F,8.0,0,Adult
18-29 (Young Adult),M,4.3,0,Adult
30-45 (Adult),F,4.2,1,Adult
18-29 (Young Adult),M,5.5,1,Adult
18-29 (Young Adult),F,6.0,1,Adult
30-45 (Adult),F,7.2,1,Adult
30-45 (Adult),M,4.1,1,Adult
30-45 (Adult),M,4.9,1,Adult
18-29 (Young Adult),M,5.6,1,Adult
18-29 (Young Adult),F,1.6,0,Adult
30-45 (Adult),M,7.0,1,Adult
18-29 (Young Adult),F,4.2,1,Adult
30-45 (Adult),F,5.0,1,Adult
18-29 (Young Adult),M,3.6,1,Adult
18-29 (Young Adult),F,6.9,1,Adult
18-29 (Young Adult),M,5.2,1,Adult
18-29 (Young Adult),F,6.0,0,Adult
18-29 (Young Adult),M,5.1,1,Adult
30-45 (Adult),M,5.0,0,Adult
30-45 (Adult),F,9.1,1,Adult
18-29 (Young Adult),M,4.3,0,Adult
30-45 (Adult),F,3.7,1,Adult
18-29 (Young Adult),F,1.0,0,Adult
30-45 (Adult),F,8.4,0,Adult
30-45 (Adult),M,2.3,1,Adult
18-29 (Young Adult),F,4.3,1,Adult
18-29 (Young Adult),M,8.3,1,Adult
18-29 (Young Adult),M,7.0,0,Adult
18-29 (Young Adult),F,1.6,0,Adult
18-29 (Young Adult),M,8.0,0,Adult
18-29 (Young Adult),M,8.6,1,Adult
30-45 (Adult),F,3.5,1,Adult
30-45 (Adult),M,6.2,1,Adult
18-29 (Young Adult),M,9.3,1,Adult
18-29 (Young Adult),M,8.5,1,Adult
18-29 (Young Adult),M,8.5,1,Adult
30-45 (Adult),F,4.2,1,Adult
30-45 (Adult),M,3.8,1,Adult
30-45 (Adult),M,5.8,1,Adult
18-29 (Young Adult),F,7.4,0,Adult
30-45 (Adult),M,3.4,1,Adult
30-45 (Adult),M,6.3,1,Adult
30-45 (Adult),F,7.9,1,Adult
30-45 (Adult),M,1.5,1,Adult
30-45 (Adult),F,8.4,1,Adult
30-45 (Adult),F,2.5,1,Adult
18-29 (Young Adult),M,2.6,0,Adult
30-45 (Adult),M,9.8,0,Adult
30-45 (Adult),M,7.2,1,Adult
18-29 (Young Adult),F,5.0,1,Adult
18-29 (Young Adult),F,6.4,0,Adult
18-29 (Young Adult),M,6.9,0,Adult
30-45 (Adult),M,1.5,1,Adult
18-29 (Young Adult),M,2.2,1,Adult
18-29 (Young Adult),F,7.8,0,Adult
18-29 (Young Adult),F,8.9,1,Adult
30-45 (Adult),M,6.2,1,Adult
18-29 (Young Adult),M,1.6,1,Adult
30-45 (Adult),M,7.6,1,Adult
30-45 (Adult),M,1.7,1,Adult
18-29 (Young Adult),M,2.6,0,Adult
30-45 (Adult),M,4.6,1,Adult
18-29 (Young Adult),M,9.9,0,Adult
30-45 (Adult),M,2.9,1,Adult
30-45 (Adult),F,4.5,1,Adult
18-29 (Young Adult),M,8.8,1,Adult
30-45 (Adult),F,4.4,1,Adult
30-45 (Adult),F,1.3,1,Adult
30-45 (Adult),M,4.7,1,Adult
30-45 (Adult),F,1.9,0,Adult
30-45 (Adult),M,9.8,1,Adult
30-45 (Adult),F,3.7,1,Adult
30-45 (Adult),F,5.2,1,Adult
18-29 (Young Adult),M,6.4,1,Adult
30-45 (Adult),F,2.1,0,Adult
18-29 (Young Adult),F,5.9,1,Adult
30-45 (Adult),M,6.9,1,Adult
30-45 (Adult),F,8.6,1,Adult
30-45 (Adult),M,7.8,1,Adult
30-45 (Adult),M,9.4,1,Adult
30-45 (Adult),F,9.1,1,Adult
30-45 (Adult),F,6.8,0,Adult
30-45 (Adult),M,5.5,1,Adult
18-29 (Young Adult),F,9.4,1,Adult
30-45 (Adult),F,8.6,1,Adult
18-29 (Young Adult),F,6.9,1,Adult
30-45 (Adult),F,6.7,1,Adult
30-45 (Adult),M,5.0,1,Adult
30-45 (Adult),M,5.5,0,Adult
18-29 (Young Adult),M,3.6,0,Adult
30-45 (Adult),M,6.0,1,Adult
30-45 (Adult),F,5.0,1,Adult
30-45 (Adult),F,5.1,1,Adult
30-45 (Adult),F,1.3,1,Adult
18-29 (Young Adult),F,3.2,0,Adult
30-45 (Adult),F,9.7,1,Adult
30-45 (Adult),M,9.7,0,Adult
18-29 (Young Adult),M,2.9,0,Adult
30-45 (Adult),M,1.1,1,Adult
18-29 (Young Adult),F,6.8,0,Adult
30-45 (Adult),M,6.7,1,Adult
30-45 (Adult),M,2.1,1,Adult
30-45 (Adult),F,2.7,1,Adult
30-45 (Adult),F,2.3,1,Adult
30-45 (Adult),F,5.2,1,Adult
18-29 (Young Adult),M,9.2,1,Adult
18-29 (Young Adult),M,9.1,0,Adult
18-29 (Young Adult),M,6.2,1,Adult
30-45 (Adult),M,3.3,0,Adult
18-29 (Young Adult),F,6.1,0,Adult
18-29 (Young Adult),F,4.9,0,Adult
30-45 (Adult),M,5.4,0,Adult
30-45 (Adult),F,7.1,1,Adult
18-29 (Young Adult),M,9.5,1,Adult
18-29 (Young Adult),M,5.8,0,Adult
30-45 (Adult),M,8.3,1,Adult
30-45 (Adult),F,7.4,0,Adult
30-45 (Adult),M,4.2,1,Adult
18-29 (Young Adult),M,4.5,1,Adult
18-29 (Young Adult),F,8.1,1,Adult
18-29 (Young Adult),M,4.2,1,Adult
30-45 (Adult),F,5.8,1,Adult
18-29 (Young Adult),F,7.2,1,Adult
30-45 (Adult),M,5.3,0,Adult
18-29 (Young Adult),F,9.1,1,Adult
30-45 (Adult),M,3.3,1,Adult
18-29 (Young Adult),M,7.0,1,Adult
18-29 (Young Adult),M,8.0,0,Adult
30-45 (Adult),F,6.8,1,Adult
18-29 (Young Adult),F,5.5,1,Adult
18-29 (Young Adult),F,2.4,1,Adult
30-45 (Adult),F,8.4,0,Adult
30-45 (Adult),F,2.6,1,Adult
18-29 (Young Adult),F,3.0,0,Adult
30-45 (Adult),M,3.8,1,Adult
18-29 (Young Adult),M,6.5,1,Adult
30-45 (Adult),F,3.9,1,Adult
30-45 (Adult),F,1.6,1,Adult
30-45 (Adult),F,3.1,1,Adult
30-45 (Adult),M,7.6,1,Adult
30-45 (Adult),F,7.8,1,Adult
30-45 (Adult),F,8.4,1,Adult
18-29 (Young Adult),F,2.6,1,Adult
18-29 (Young Adult),M,6.3,0,Adult
18-29 (Young Adult),M,3.1,1,Adult
18-29 (Young Adult),F,3.9,1,Adult
30-45 (Adult),F,7.1,1,Adult
30-45 (Adult),M,1.5,1,Adult
30-45 (Adult),M,9.9,0,Adult
18-29 (Young Adult),M,7.5,1,Adult
30-45 (Adult),F,8.3,0,Adult
30-45 (Adult),F,4.0,0,Adult
30-45 (Adult),M,4.7,1,Adult
18-29 (Young Adult),M,7.4,1,Adult
30-45 (Adult),M,7.8,0,Adult
30-45 (Adult),F,5.8,1,Adult
18-29 (Young Adult),M,2.4,0,Adult
30-45 (Adult),M,9.4,1,Adult
30-45 (Adult),F,8.4,1,Adult
30-45 (Adult),F,8.2,0,Adult
18-29 (Young Adult),F,2.7,0,Adult
18-29 (Young Adult),F,4.4,0,Adult
18-29 (Young Adult),M,1.5,1,Adult
18-29 (Young Adult),F,6.7,1,Adult
18-29 (Young Adult),F,3.6,0,Adult
18-29 (Young Adult),F,1.2,1,Adult
30-45 (Adult),M,9.9,1,Adult
18-29 (Young Adult),M,6.9,1,Adult
30-45 (Adult),F,8.8,1,Adult
18-29 (Young Adult),M,2.5,1,Adult
30-45 (Adult),F,4.6,1,Adult
18-29 (Young Adult),F,7.1,1,Adult
30-45 (Adult),M,3.0,0,Adult
30-45 (Adult),M,9.5,0,Adult
18-29 (Young Adult),F,9.6,1,Adult
30-45 (Adult),F,2.9,1,Adult
18-29 (Young Adult),F,8.6,1,Adult
18-29 (Young Adult),M,5.1,1,Adult
30-45 (Adult),F,7.2,0,Adult
30-45 (Adult),F,9.3,1,Adult
18-29 (Young Adult),M,9.6,1,Adult
30-45 (Adult),F,3.3,1,Adult
18-29 (Young Adult),M,9.7,1,Adult
30-45 (Adult),M,4.0,1,Adult
30-45 (Adult),M,4.7,0,Adult
18-29 (Young Adult),M,9.3,1,Adult
30-45 (Adult),F,2.0,1,Adult
30-45 (Adult),F,2.8,0,Adult
30-45 (Adult),M,2.8,1,Adult
18-29 (Young Adult),M,6.4,1,Adult
18-29 (Young Adult),M,4.2,1,Adult
18-29 (Young Adult),F,4.9,1,Adult
30-45 (Adult),F,4.1,1,Adult
18-29 (Young Adult),F,1.2,0,Adult
30-45 (Adult),M,2.4,1,Adult
30-45 (Adult),F,2.3,0,Adult
18-29 (Young Adult),M,9.6,1,Adult
30-45 (Adult),F,9.8,1,Adult
18-29 (Young Adult),F,4.6,1,Adult
18-29 (Young Adult),M,7.6,0,Adult
18-29 (Young Adult),M,7.4,1,Adult
18-29 (Young Adult),F,6.1,1,Adult
18-29 (Young Adult),M,10.0,1,Adult
30-45 (Adult),F,4.0,1,Adult
18-29 (Young Adult),F,9.7,1,Adult
30-45 (Adult),M,2.1,1,Adult
18-29 (Young Adult),F,3.1,1,Adult
18-29 (Young Adult),F,5.1,0,Adult
30-45 (Adult),M,4.3,1,Adult
30-45 (Adult),F,7.3,1,Adult
30-45 (Adult),F,4.9,0,Adult
18-29 (Young Adult),M,9.0,1,Adult
18-29 (Young Adult),M,6.9,1,Adult
30-45 (Adult),M,4.3,1,Adult
30-45 (Adult),M,9.1,1,Adult
18-29 (Young Adult),M,3.0,1,Adult
30-45 (Adult),M,6.3,1,Adult
18-29 (Young Adult),M,2.4,0,Adult
30-45 (Adult),M,1.7,1,Adult
18-29 (Young Adult),M,7.1,1,Adult
30-45 (Adult),F,4.8,0,Adult
30-45 (Adult),F,7.9,1,Adult
18-29 (Young Adult),M,6.8,0,Adult
30-45 (Adult),F,6.4,1,Adult
18-29 (Young Adult),M,7.1,0,Adult
30-45 (Adult),M,7.4,1,Adult
18-29 (Young Adult),M,7.7,1,Adult
30-45 (Adult),F,2.2,1,Adult
30-45 (Adult),F,9.8,1,Adult
18-29 (Young Adult),F,5.3,1,Adult
30-45 (Adult),M,3.1,0,Adult
30-45 (Adult),F,2.4,1,Adult
30-45 (Adult),M,2.8,0,Adult
18-29 (Young Adult),M,6.5,1,Adult
30-45 (Adult),M,2.8,1,Adult
18-29 (Young Adult),M,9.5,1,Adult
18-29 (Young Adult),F,1.6,0,Adult
18-29 (Young Adult),F,2.6,0,Adult
30-45 (Adult),F,1.5,1,Adult
18-29 (Young Adult),F,3.9,1,Adult
18-29 (Young Adult),M,7.1,1,Adult
18-29 (Young Adult),M,6.9,1,Adult
30-45 (Adult),F,1.7,0,Adult
18-29 (Young Adult),F,2.1,1,Adult
18-29 (Young Adult),F,2.5,1,Adult
30-45 (Adult),F,9.4,0,Adult
18-29 (Young Adult),F,9.3,1,Adult
30-45 (Adult),M,9.8,1,Adult
18-29 (Young Adult),F,10.0,1,Adult
30-45 (Adult),F,1.8,1,Adult
30-45 (Adult),M,9.9,1,Adult
18-29 (Young Adult),F,2.8,1,Adult
30-45 (Adult),M,4.7,1,Adult
30-45 (Adult),M,7.7,1,Adult
30-45 (Adult),F,4.6,1,Adult
18-29 (Young Adult),F,8.6,1,Adult
30-45 (Adult),F,7.7,1,Adult
30-45 (Adult),M,2.9,0,Adult
30-45 (Adult),F,2.1,0,Adult
18-29 (Young Adult),M,8.2,1,Adult
18-29 (Young Adult),M,3.0,0,Adult
30-45 (Adult),M,3.6,1,Adult
18-29 (Young Adult),F,8.0,1,Adult
30-45 (Adult),F,4.3,0,Adult
18-29 (Young Adult),M,8.3,1,Adult
18-29 (Young Adult),M,3.5,1,Adult
18-29 (Young Adult),M,8.3,0,Adult
18-29 (Young Adult),M,1.6,0,Adult
18-29 (Young Adult),M,1.7,1,Adult
18-29 (Young Adult),M,2.3,1,Adult
18-29 (Young Adult),F,7.0,1,Adult
30-45 (Adult),F,2.0,0,Adult
30-45 (Adult),F,5.0,0,Adult
18-29 (Young Adult),M,8.3,1,Adult
18-29 (Young Adult),F,6.0,0,Adult
18-29 (Young Adult),M,8.8,1,Adult
30-45 (Adult),F,5.2,1,Adult
18-29 (Young Adult),M,8.9,1,Adult
30-45 (Adult),F,8.2,1,Adult
30-45 (Adult),M,4.9,1,Adult
18-29 (Young Adult),F,5.7,0,Adult
18-29 (Young Adult),M,2.0,1,Adult
30-45 (Adult),F,3.0,0,Adult
18-29 (Young Adult),M,2.6,1,Adult
30-45 (Adult),F,8.8,1,Adult
18-29 (Young Adult),M,4.1,1,Adult
30-45 (Adult),M,1.7,1,Adult
18-29 (Young Adult),M,3.1,0,Adult
18-29 (Young Adult),M,10.0,1,Adult
30-45 (Adult),M,10.0,0,Adult
30-45 (Adult),M,2.8,1,Adult
18-29 (Young Adult),M,4.8,1,Adult
30-45 (Adult),F,8.0,1,Adult
30-45 (Adult),F,9.6,0,Adult
18-29 (Young Adult),F,7.6,1,Adult
18-29 (Young Adult),M,6.9,1,Adult
18-29 (Young Adult),F,7.8,0,Adult
18-29 (Young Adult),M,4.3,1,Adult
30-45 (Adult),M,5.1,1,Adult
18-29 (Young Adult),F,1.7,1,Adult
18-29 (Young Adult),F,4.4,1,Adult
18-29 (Young Adult),F,8.1,0,Adult
30-45 (Adult),M,6.8,1,Adult
30-45 (Adult),F,8.6,0,Adult
18-29 (Young Adult),F,2.5,0,Adult
30-45 (Adult),F,4.1,1,Adult
18-29 (Young Adult),M,7.7,1,Adult
18-29 (Young Adult),F,4.5,1,Adult
30-45 (Adult),M,6.6,0,Adult
30-45 (Adult),M,5.9,0,Adult
30-45 (Adult),M,8.0,1,Adult
30-45 (Adult),M,1.9,1,Adult
18-29 (Young Adult),M,8.3,1,Adult
18-29 (Young Adult),M,1.9,0,Adult
30-45 (Adult),M,9.9,0,Adult
30-45 (Adult),M,3.3,1,Adult
18-29 (Young Adult),M,3.6,1,Adult
18-29 (Young Adult),M,8.4,1,Adult
30-45 (Adult),M,6.9,1,Adult
18-29 (Young Adult),M,3.1,0,Adult
18-29 (Young Adult),M,6.4,1,Adult
30-45 (Adult),F,9.6,1,Adult
18-29 (Young Adult),M,5.0,1,Adult
30-45 (Adult),F,3.5,1,Adult
30-45 (Adult),F,7.5,1,Adult
30-45 (Adult),F,5.9,1,Adult
18-29 (Young Adult),F,6.8,1,Adult
30-45 (Adult),F,5.4,1,Adult
30-45 (Adult),F,6.4,1,Adult
18-29 (Young Adult),F,8.0,1,Adult
30-45 (Adult),M,8.4,1,Adult
30-45 (Adult),F,4.1,0,Adult
18-29 (Young Adult),F,6.4,1,Adult
18-29 (Young Adult),M,6.8,1,Adult
30-45 (Adult),F,6.4,1,Adult
30-45 (Adult),M,7.7,1,Adult
18-29 (Young Adult),F,1.6,1,Adult
30-45 (Adult),F,2.6,0,Adult
30-45 (Adult),M,5.6,0,Adult
30-45 (Adult),M,8.4,1,Adult
18-29 (Young Adult),M,6.2,0,Adult
18-29 (Young Adult),M,6.1,1,Adult
18-29 (Young Adult),M,9.5,1,Adult
30-45 (Adult),M,5.7,1,Adult
30-45 (Adult),F,7.7,1,Adult
30-45 (Adult),F,5.5,1,Adult
30-45 (Adult),F,9.2,1,Adult
18-29 (Young Adult),F,5.2,1,Adult
30-45 (Adult),M,1.6,1,Adult
30-45 (Adult),F,2.2,1,Adult
18-29 (Young Adult),M,7.0,1,Adult
30-45 (Adult),F,7.9,1,Adult
30-45 (Adult),F,2.2,1,Adult
30-45 (Adult),M,1.5,1,Adult
30-45 (Adult),M,1.1,1,Adult
30-45 (Adult),F,5.5,0,Adult
18-29 (Young Adult),F,7.5,1,Adult
30-45 (Adult),F,9.6,1,Adult
18-29 (Young Adult),M,1.6,0,Adult
18-29 (Young Adult),F,3.1,0,Adult
18-29 (Young Adult),M,9.4,1,Adult
18-29 (Young Adult),M,6.3,0,Adult
18-29 (Young Adult),M,5.5,1,Adult
30-45 (Adult),M,7.9,1,Adult
30-45 (Adult),F,1.2,1,Adult
30-45 (Adult),F,9.2,1,Adult
18-29 (Young Adult),M,2.0,1,Adult
30-45 (Adult),M,2.5,1,Adult
30-45 (Adult),F,9.5,0,Adult
18-29 (Young Adult),F,2.8,1,Adult
30-45 (Adult),M,10.0,1,Adult
30-45 (Adult),M,6.9,0,Adult
30-45 (Adult),F,2.0,1,Adult
18-29 (Young Adult),M,3.7,0,Adult
18-29 (Young Adult),F,7.1,1,Adult
30-45 (Adult),F,8.0,0,Adult
30-45 (Adult),F,2.8,1,Adult
30-45 (Adult),F,5.9,1,Adult
30-45 (Adult),F,1.9,1,Adult
18-29 (Young Adult),M,5.0,0,Adult
18-29 (Young Adult),M,8.8,1,Adult
30-45 (Adult),F,3.7,1,Adult
18-29 (Young Adult),F,8.2,0,Adult
30-45 (Adult),F,3.7,1,Adult
18-29 (Young Adult),F,3.4,0,Adult
18-29 (Young Adult),F,5.6,1,Adult
18-29 (Young Adult),M,1.9,1,Adult
30-45 (Adult),M,9.5,1,Adult
30-45 (Adult),M,8.4,1,Adult
30-45 (Adult),F,3.0,0,Adult
30-45 (Adult),F,8.4,0,Adult
18-29 (Young Adult),F,5.4,0,Adult
18-29 (Young Adult),F,1.7,1,Adult
30-45 (Adult),M,8.2,1,Adult
18-29 (Young Adult),M,1.6,1,Adult
30-45 (Adult),F,9.5,0,Adult
30-45 (Adult),M,4.5,0,Adult
30-45 (Adult),M,7.6,0,Adult
18-29 (Young Adult),M,1.1,0,Adult
30-45 (Adult),M,4.0,1,Adult
18-29 (Young Adult),M,9.3,1,Adult
30-45 (Adult),M,8.0,1,Adult
30-45 (Adult),M,7.0,1,Adult
30-45 (Adult),M,8.4,1,Adult
18-29 (Young Adult),F,5.9,1,Adult
30-45 (Adult),F,6.0,0,Adult
18-29 (Young Adult),F,9.1,1,Adult
30-45 (Adult),F,8.2,0,Adult
30-45 (Adult),M,6.1,1,Adult
30-45 (Adult),F,5.7,0,Adult
30-45 (Adult),M,2.8,0,Adult
30-45 (Adult),M,5.0,1,Adult
18-29 (Young Adult),M,2.5,1,Adult
30-45 (Adult),F,1.5,0,Adult
30-45 (Adult),M,1.7,0,Adult
30-45 (Adult),F,9.4,1,Adult
18-29 (Young Adult),F,3.8,0,Adult
30-45 (Adult),F,6.2,0,Adult
30-45 (Adult),F,5.7,1,Adult
18-29 (Young Adult),F,6.0,0,Adult
30-45 (Adult),M,5.9,0,Adult
18-29 (Young Adult),M,4.8,0,Adult
30-45 (Adult),M,5.3,1,Adult
30-45 (Adult),F,2.7,0,Adult
18-29 (Young Adult),F,5.2,1,Adult
30-45 (Adult),M,7.3,1,Adult
30-45 (Adult),M,4.3,0,Adult
30-45 (Adult),M,1.2,1,Adult
30-45 (Adult),M,9.0,0,Adult
18-29 (Young Adult),M,8.3,0,Adult
30-45 (Adult),M,9.7,1,Adult
18-29 (Young Adult),M,1.9,1,Adult
18-29 (Young Adult),F,7.0,1,Adult
30-45 (Adult),F,9.3,0,Adult
18-29 (Young Adult),M,1.1,1,Adult
18-29 (Young Adult),M,1.5,1,Adult
18-29 (Young Adult),F,2.0,1,Adult
18-29 (Young Adult),M,6.5,0,Adult
30-45 (Adult),F,8.2,1,Adult
30-45 (Adult),M,9.5,1,Adult
18-29 (Young Adult),M,8.5,1,Adult
18-29 (Young Adult),M,2.4,1,Adult
30-45 (Adult),M,8.2,1,Adult
30-45 (Adult),F,3.4,1,Adult
30-45 (Adult),M,6.5,1,Adult
30-45 (Adult),F,5.9,1,Adult
18-29 (Young Adult),F,8.6,1,Adult
18-29 (Young Adult),M,5.9,1,Adult
30-45 (Adult),F,5.4,0,Adult
18-29 (Young Adult),M,8.3,1,Adult
18-29 (Young Adult),F,6.1,1,Adult
18-29 (Young Adult),F,7.9,1,Adult
18-29 (Young Adult),F,1.4,1,Adult
30-45 (Adult),M,7.6,0,Adult
18-29 (Young Adult),F,6.1,0,Adult
30-45 (Adult),F,6.3,1,Adult
18-29 (Young Adult),M,1.9,1,Adult
30-45 (Adult),F,1.9,1,Adult
18-29 (Young Adult),F,3.4,1,Adult
18-29 (Young Adult),F,2.2,0,Adult
18-29 (Young Adult),M,6.1,1,Adult
30-45 (Adult),F,8.6,1,Adult
30-45 (Adult),M,7.3,1,Adult
30-45 (Adult),M,6.7,1,Adult
30-45 (Adult),F,8.1,0,Adult
18-29 (Young Adult),F,3.9,0,Adult
30-45 (Adult),F,5.7,1,Adult
18-29 (Young Adult),F,9.7,1,Adult
30-45 (Adult),F,9.2,1,Adult
18-29 (Young Adult),F,7.6,1,Adult
30-45 (Adult),F,5.2,0,Adult
18-29 (Young Adult),F,3.3,1,Adult
18-29 (Young Adult),F,7.2,1,Adult
18-29 (Young Adult),M,8.7,1,Adult
18-29 (Young Adult),M,2.5,1,Adult
30-45 (Adult),F,8.0,1,Adult
30-45 (Adult),F,4.7,0,Adult
18-29 (Young Adult),M,1.4,1,Adult
18-29 (Young Adult),M,6.3,1,Adult
30-45 (Adult),M,8.0,1,Adult
18-29 (Young Adult),F,3.0,0,Adult
30-45 (Adult),F,1.7,1,Adult
30-45 (Adult),M,1.1,1,Adult
18-29 (Young Adult),M,1.7,0,Adult
18-29 (Young Adult),M,5.9,1,Adult
30-45 (Adult),M,5.4,0,Adult
18-29 (Young Adult),M,8.4,1,Adult
18-29 (Young Adult),M,8.1,1,Adult
30-45 (Adult),F,7.1,0,Adult
18-29 (Young Adult),F,7.0,0,Adult
30-45 (Adult),F,1.7,1,Adult
18-29 (Young Adult),M,9.8,1,Adult
30-45 (Adult),F,9.1,1,Adult
18-29 (Young Adult),F,1.8,0,Adult
30-45 (Adult),M,6.5,0,Adult
30-45 (Adult),F,4.7,1,Adult
18-29 (Young Adult),F,5.7,0,Adult
30-45 (Adult),M,3.8,0,Adult
30-45 (Adult),F,5.2,1,Adult
18-29 (Young Adult),F,6.1,1,Adult
30-45 (Adult),F,3.4,0,Adult
30-45 (Adult),F,2.5,1,Adult
18-29 (Young Adult),M,9.3,1,Adult
18-29 (Young Adult),F,7.5,1,Adult
30-45 (Adult),F,5.8,1,Adult
30-45 (Adult),F,3.9,1,Adult
18-29 (Young Adult),M,6.6,0,Adult
30-45 (Adult),F,2.4,1,Adult
30-45 (Adult),M,9.5,0,Adult
18-29 (Young Adult),F,4.6,0,Adult
18-29 (Young Adult),M,9.2,1,Adult
30-45 (Adult),F,3.2,1,Adult
30-45 (Adult),F,5.2,1,Adult
30-45 (Adult),M,1.7,0,Adult
30-45 (Adult),M,7.7,1,Adult
30-45 (Adult),M,4.8,1,Adult
18-29 (Young Adult),F,9.8,1,Adult
30-45 (Adult),F,6.6,1,Adult
30-45 (Adult),M,5.2,1,Adult
18-29 (Young Adult),F,9.0,1,Adult
18-29 (Young Adult),F,6.5,1,Adult
18-29 (Young Adult),F,7.6,1,Adult
30-45 (Adult),M,6.8,0,Adult
18-29 (Young Adult),F,1.1,1,Adult
30-45 (Adult),F,3.1,1,Adult
18-29 (Young Adult),F,3.2,1,Adult
30-45 (Adult),F,4.7,1,Adult
30-45 (Adult),F,1.2,1,Adult
30-45 (Adult),F,5.1,1,Adult
30-45 (Adult),M,4.4,1,Adult
18-29 (Young Adult),M,5.0,1,Adult
18-29 (Young Adult),F,6.3,1,Adult
18-29 (Young Adult),M,6.6,1,Adult
30-45 (Adult),F,1.3,0,Adult
30-45 (Adult),F,7.9,1,Adult
30-45 (Adult),F,9.3,0,Adult
18-29 (Young Adult),F,2.5,1,Adult
18-29 (Young Adult),F,2.3,0,Adult
18-29 (Young Adult),F,9.9,1,Adult
30-45 (Adult),F,6.4,1,Adult
18-29 (Young Adult),M,2.8,1,Adult
18-29 (Young Adult),F,4.3,1,Adult
18-29 (Young Adult),M,5.4,1,Adult
30-45 (Adult),F,5.4,1,Adult
30-45 (Adult),M,5.8,1,Adult
30-45 (Adult),F,10.0,0,Adult
30-45 (Adult),M,3.9,0,Adult
30-45 (Adult),M,2.6,1,Adult
18-29 (Young Adult),F,3.2,0,Adult
30-45 (Adult),F,7.1,1,Adult
18-29 (Young Adult),F,1.5,1,Adult
18-29 (Young Adult),F,6.1,1,Adult
30-45 (Adult),M,7.6,1,Adult
30-45 (Adult),M,3.0,0,Adult
30-45 (Adult),F,2.4,1,Adult
18-29 (Young Adult),M,10.0,1,Adult
18-29 (Young Adult),M,8.0,1,Adult
18-29 (Young Adult),M,8.0,0,Adult
30-45 (Adult),M,3.5,1,Adult
18-29 (Young Adult),M,4.2,1,Adult
30-45 (Adult),M,6.4,1,Adult
18-29 (Young Adult),M,9.3,1,Adult
30-45 (Adult),F,6.0,1,Adult
30-45 (Adult),M,6.9,1,Adult
30-45 (Adult),F,3.2,0,Adult
18-29 (Young Adult),F,3.5,1,Adult
30-45 (Adult),F,1.3,0,Adult
18-29 (Young Adult),F,8.1,1,Adult
30-45 (Adult),M,2.0,1,Adult
18-29 (Young Adult),F,6.9,1,Adult
30-45 (Adult),F,6.4,1,Adult
18-29 (Young Adult),F,3.3,1,Adult
30-45 (Adult),M,1.4,1,Adult
18-29 (Young Adult),F,9.2,1,Adult
18-29 (Young Adult),M,4.2,1,Adult
30-45 (Adult),F,9.5,1,Adult
30-45 (Adult),F,1.6,1,Adult
30-45 (Adult),M,2.2,1,Adult
18-29 (Young Adult),M,1.6,1,Adult
18-29 (Young Adult),M,9.0,1,Adult
30-45 (Adult),M,2.6,0,Adult
30-45 (Adult),F,8.8,1,Adult
18-29 (Young Adult),F,5.0,1,Adult
18-29 (Young Adult),F,6.5,1,Adult
18-29 (Young Adult),M,1.6,1,Adult
18-29 (Young Adult),F,4.8,0,Adult
30-45 (Adult),F,4.7,0,Adult
30-45 (Adult),M,3.3,1,Adult
30-45 (Adult),M,2.2,0,Adult
30-45 (Adult),F,7.5,1,Adult
18-29 (Young Adult),M,8.2,1,Adult
30-45 (Adult),M,6.7,1,Adult
30-45 (Adult),F,2.6,0,Adult
30-45 (Adult),F,8.9,1,Adult
18-29 (Young Adult),M,3.5,1,Adult
18-29 (Young Adult),M,2.6,0,Adult
18-29 (Young Adult),M,2.2,1,Adult
30-45 (Adult),M,1.3,1,Adult
30-45 (Adult),M,9.6,1,Adult
30-45 (Adult),F,6.0,1,Adult
18-29 (Young Adult),M,8.9,1,Adult
30-45 (Adult),F,4.7,1,Adult
30-45 (Adult),M,6.6,0,Adult
18-29 (Young Adult),M,3.5,1,Adult
30-45 (Adult),M,1.1,0,Adult
30-45 (Adult),F,6.6,0,Adult
30-45 (Adult),F,9.9,1,Adult
30-45 (Adult),F,6.3,1,Adult
30-45 (Adult),M,5.9,1,Adult
30-45 (Adult),M,2.2,1,Adult
18-29 (Young Adult),F,9.9,1,Adult
18-29 (Young Adult),F,8.3,0,Adult
30-45 (Adult),F,10.0,0,Adult
18-29 (Young Adult),M,1.3,1,Adult
18-29 (Young Adult),F,5.4,1,Adult
30-45 (Adult),M,5.7,0,Adult
18-29 (Young Adult),M,3.2,1,Adult
18-29 (Young Adult),M,6.9,1,Adult
30-45 (Adult),F,8.2,0,Adult
18-29 (Young Adult),M,9.6,1,Adult
18-29 (Young Adult),F,9.8,1,Adult
30-45 (Adult),F,7.4,1,Adult
18-29 (Young Adult),M,5.1,1,Adult
18-29 (Young Adult),M,1.8,1,Adult
18-29 (Young Adult),F,9.0,1,Adult
30-45 (Adult),F,8.2,0,Adult
30-45 (Adult),F,6.7,0,Adult
30-45 (Adult),M,8.9,1,Adult
18-29 (Young Adult),F,9.4,1,Adult
30-45 (Adult),M,7.4,1,Adult
30-45 (Adult),M,5.8,1,Adult
30-45 (Adult),F,5.5,1,Adult
30-45 (Adult),M,3.7,1,Adult
30-45 (Adult),F,4.6,1,Adult
18-29 (Young Adult),F,4.4,1,Adult
18-29 (Young Adult),M,3.5,0,Adult
18-29 (Young Adult),F,8.7,1,Adult
18-29 (Young Adult),M,3.9,1,Adult
30-45 (Adult),M,5.6,0,Adult
18-29 (Young Adult),M,8.7,1,Adult
18-29 (Young Adult),M,5.0,1,Adult
30-45 (Adult),F,4.3,1,Adult
30-45 (Adult),F,5.5,1,Adult
30-45 (Adult),F,1.5,1,Adult
18-29 (Young Adult),M,8.0,0,Adult
18-29 (Young Adult),M,3.8,1,Adult
30-45 (Adult),F,4.3,1,Adult
18-29 (Young Adult),M,4.5,1,Adult
18-29 (Young Adult),F,7.8,0,Adult
30-45 (Adult),F,5.3,1,Adult
18-29 (Young Adult),M,4.3,1,Adult
18-29 (Young Adult),M,4.3,0,Adult
18-29 (Young Adult),F,4.8,0,Adult
30-45 (Adult),F,2.2,0,Adult
18-29 (Young Adult),F,2.9,1,Adult
30-45 (Adult),M,6.7,0,Adult
30-45 (Adult),F,5.7,1,Adult
30-45 (Adult),M,3.0,1,Adult
18-29 (Young Adult),F,5.6,0,Adult
18-29 (Young Adult),F,5.7,0,Adult
30-45 (Adult),F,4.8,0,Adult
18-29 (Young Adult),F,7.5,1,Adult
30-45 (Adult),F,6.9,1,Adult
30-45 (Adult),F,5.9,0,Adult
18-29 (Young Adult),M,9.7,0,Adult
30-45 (Adult),F,5.0,0,Adult
30-45 (Adult),F,4.2,1,Adult
18-29 (Young Adult),F,1.1,1,Adult
18-29 (Young Adult),M,4.8,0,Adult
30-45 (Adult),F,8.7,0,Adult
18-29 (Young Adult),M,9.2,1,Adult
30-45 (Adult),M,6.8,1,Adult
30-45 (Adult),F,8.8,1,Adult
18-29 (Young Adult),M,7.0,1,Adult
30-45 (Adult),M,1.6,1,Adult
30-45 (Adult),F,3.0,1,Adult
30-45 (Adult),F,1.1,0,Adult
30-45 (Adult),F,7.2,1,Adult
30-45 (Adult),M,3.6,1,Adult
30-45 (Adult),M,4.9,1,Adult
18-29 (Young Adult),M,5.2,1,Adult
18-29 (Young Adult),F,1.9,1,Adult
18-29 (Young Adult),F,6.9,0,Adult
18-29 (Young Adult),M,3.0,1,Adult
30-45 (Adult),F,6.0,0,Adult
18-29 (Young Adult),M,3.1,0,Adult
18-29 (Young Adult),F,6.3,1,Adult
30-45 (Adult),F,8.5,1,Adult
30-45 (Adult),F,1.1,0,Adult
30-45 (Adult),M,9.6,1,Adult
18-29 (Young Adult),F,4.9,1,Adult
18-29 (Young Adult),F,5.9,1,Adult
18-29 (Young Adult),M,4.3,1,Adult
30-45 (Adult),M,9.1,1,Adult
30-45 (Adult),F,5.0,1,Adult
30-45 (Adult),M,2.1,1,Adult
30-45 (Adult),M,1.8,1,Adult
18-29 (Young Adult),F,9.1,0,Adult
18-29 (Young Adult),F,3.4,1,Adult
30-45 (Adult),M,5.7,1,Adult
30-45 (Adult),F,5.2,1,Adult
30-45 (Adult),M,4.4,1,Adult
18-29 (Young Adult),F,4.5,1,Adult
30-45 (Adult),F,9.4,0,Adult
30-45 (Adult),M,2.6,0,Adult
18-29 (Young Adult),F,4.3,1,Adult
30-45 (Adult),M,5.9,1,Adult
30-45 (Adult),F,4.9,0,Adult
30-45 (Adult),M,6.2,1,Adult
18-29 (Young Adult),M,1.4,1,Adult
30-45 (Adult),F,6.2,1,Adult
18-29 (Young Adult),F,3.3,0,Adult
30-45 (Adult),M,6.3,1,Adult
30-45 (Adult),F,3.7,1,Adult
18-29 (Young Adult),F,7.0,1,Adult
30-45 (Adult),M,6.1,1,Adult
18-29 (Young Adult),F,7.6,1,Adult
30-45 (Adult),F,4.3,1,Adult
30-45 (Adult),M,8.8,1,Adult
18-29 (Young Adult),M,1.9,0,Adult
18-29 (Young Adult),M,5.8,1,Adult
30-45 (Adult),F,3.8,1,Adult
18-29 (Young Adult),M,7.2,1,Adult
30-45 (Adult),F,4.9,1,Adult
30-45 (Adult),M,8.6,1,Adult
30-45 (Adult),M,1.9,0,Adult
30-45 (Adult),M,2.9,0,Adult
30-45 (Adult),F,9.4,1,Adult
18-29 (Young Adult),F,6.4,1,Adult
30-45 (Adult),M,9.5,0,Adult
30-45 (Adult),F,9.7,1,Adult
30-45 (Adult),F,4.1,1,Adult
30-45 (Adult),F,1.4,1,Adult
30-45 (Adult),F,7.2,1,Adult
30-45 (Adult),F,3.0,1,Adult
30-45 (Adult),F,7.0,0,Adult
30-45 (Adult),M,6.2,0,Adult
30-45 (Adult),F,5.5,1,Adult
18-29 (Young Adult),M,8.8,1,Adult
30-45 (Adult),M,4.3,0,Adult
18-29 (Young Adult),M,8.6,1,Adult
30-45 (Adult),F,3.2,1,Adult
30-45 (Adult),F,6.7,0,Adult
18-29 (Young Adult),M,6.8,0,Adult
18-29 (Young Adult),M,8.6,1,Adult
30-45 (Adult),M,8.6,1,Adult
30-45 (Adult),M,5.1,0,Adult
18-29 (Young Adult),F,6.3,0,Adult
18-29 (Young Adult),M,2.3,0,Adult
18-29 (Young Adult),F,4.7,1,Adult
30-45 (Adult),M,9.3,0,Adult
18-29 (Young Adult),F,7.5,1,Adult
30-45 (Adult),F,8.4,0,Adult
30-45 (Adult),F,2.4,1,Adult
30-45 (Adult),M,5.4,1,Adult
30-45 (Adult),F,3.8,1,Adult
30-45 (Adult),F,2.8,1,Adult
30-45 (Adult),F,8.7,1,Adult
30-45 (Adult),M,8.7,1,Adult
18-29 (Young Adult),F,5.2,1,Adult
30-45 (Adult),F,8.8,1,Adult
30-45 (Adult),F,3.6,1,Adult
18-29 (Young Adult),F,3.8,0,Adult
18-29 (Young Adult),F,4.9,1,Adult
30-45 (Adult),M,2.5,0,Adult
30-45 (Adult),F,9.3,1,Adult
18-29 (Young Adult),F,6.5,1,Adult
30-45 (Adult),M,3.2,1,Adult
30-45 (Adult),F,4.9,1,Adult
30-45 (Adult),F,4.0,1,Adult
30-45 (Adult),F,9.1,0,Adult
18-29 (Young Adult),F,7.3,1,Adult
30-45 (Adult),M,7.9,1,Adult
18-29 (Young Adult),M,9.6,1,Adult
18-29 (Young Adult),M,8.9,0,Adult
18-29 (Young Adult),F,9.0,1,Adult
18-29 (Young Adult),M,8.0,0,Adult
18-29 (Young Adult),M,3.0,1,Adult
30-45 (Adult),F,4.2,1,Adult
30-45 (Adult),M,8.5,0,Adult
30-45 (Adult),F,5.0,0,Adult
18-29 (Young Adult),F,5.7,1,Adult
30-45 (Adult),M,5.1,1,Adult
30-45 (Adult),F,6.2,1,Adult
18-29 (Young Adult),M,3.5,1,Adult
18-29 (Young Adult),F,8.0,0,Adult
30-45 (Adult),F,1.7,1,Adult
18-29 (Young Adult),M,8.6,1,Adult
30-45 (Adult),M,2.7,1,Adult
30-45 (Adult),F,6.7,1,Adult
30-45 (Adult),F,2.9,1,Adult
18-29 (Young Adult),F,9.6,1,Adult
18-29 (Young Adult),M,3.0,1,Adult
30-45 (Adult),F,6.2,1,Adult
18-29 (Young Adult),M,3.9,1,Adult
30-45 (Adult),M,2.6,1,Adult
18-29 (Young Adult),F,1.6,1,Adult
30-45 (Adult),F,2.2,1,Adult
30-45 (Adult),M,6.1,0,Adult
18-29 (Young Adult),M,2.4,1,Adult
30-45 (Adult),M,7.6,1,Adult
30-45 (Adult),F,5.7,1,Adult
30-45 (Adult),F,1.8,0,Adult
18-29 (Young Adult),M,1.8,1,Adult
18-29 (Young Adult),F,4.3,1,Adult
30-45 (Adult),M,5.6,1,Adult
18-29 (Young Adult),M,9.3,1,Adult
30-45 (Adult),M,2.6,1,Adult
18-29 (Young Adult),M,7.0,0,Adult
18-29 (Young Adult),F,3.0,1,Adult
30-45 (Adult),M,3.9,1,Adult
18-29 (Young Adult),M,3.5,1,Adult
18-29 (Young Adult),F,6.2,0,Adult
30-45 (Adult),F,6.5,1,Adult
30-45 (Adult),M,4.9,0,Adult
18-29 (Young Adult),M,4.2,1,Adult
18-29 (Young Adult),M,1.1,1,Adult
18-29 (Young Adult),M,7.2,0,Adult
30-45 (Adult),F,9.7,1,Adult
30-45 (Adult),M,1.9,1,Adult
30-45 (Adult),M,3.5,0,Adult
18-29 (Young Adult),M,7.4,1,Adult
30-45 (Adult),F,4.4,1,Adult
30-45 (Adult),F,6.9,1,Adult
30-45 (Adult),F,3.1,1,Adult
18-29 (Young Adult),M,1.6,1,Adult
30-45 (Adult),M,5.7,1,Adult
18-29 (Young Adult),M,9.6,1,Adult
18-29 (Young Adult),F,8.9,0,Adult
30-45 (Adult),M,1.7,0,Adult
30-45 (Adult),F,1.5,1,Adult
18-29 (Young Adult),M,1.4,1,Adult
18-29 (Young Adult),M,1.8,0,Adult
18-29 (Young Adult),M,5.4,1,Adult
18-29 (Young Adult),F,4.0,1,Adult
30-45 (Adult),M,1.7,1,Adult
30-45 (Adult),F,4.8,1,Adult
30-45 (Adult),F,7.0,0,Adult
30-45 (Adult),F,7.5,1,Adult
30-45 (Adult),M,7.8,0,Adult
30-45 (Adult),M,7.9,0,Adult
30-45 (Adult),F,2.9,1,Adult
30-45 (Adult),M,8.4,0,Adult
18-29 (Young Adult),M,3.9,1,Adult
18-29 (Young Adult),M,7.5,1,Adult
30-45 (Adult),F,4.6,1,Adult
30-45 (Adult),F,9.1,0,Adult
30-45 (Adult),M,3.3,1,Adult
18-29 (Young Adult),M,1.8,1,Adult
30-45 (Adult),F,2.1,1,Adult
30-45 (Adult),M,9.2,1,Adult
18-29 (Young Adult),M,3.8,0,Adult
30-45 (Adult),M,2.1,1,Adult
30-45 (Adult),M,3.5,0,Adult
18-29 (Young Adult),F,9.7,0,Adult
18-29 (Young Adult),F,7.0,1,Adult
30-45 (Adult),F,5.6,1,Adult
18-29 (Young Adult),M,9.3,1,Adult
18-29 (Young Adult),M,7.0,1,Adult
18-29 (Young Adult),M,1.0,0,Adult
30-45 (Adult),F,3.3,0,Adult
30-45 (Adult),F,5.2,0,Adult
30-45 (Adult),F,3.8,0,Adult
30-45 (Adult),M,9.3,1,Adult
30-45 (Adult),M,10.0,1,Adult
30-45 (Adult),M,7.6,1,Adult
18-29 (Young Adult),F,4.7,1,Adult
30-45 (Adult),F,10.0,1,Adult
30-45 (Adult),M,5.2,1,Adult
18-29 (Young Adult),F,8.6,1,Adult
30-45 (Adult),M,5.7,1,Adult
30-45 (Adult),F,2.1,1,Adult
30-45 (Adult),M,7.5,0,Adult
18-29 (Young Adult),F,9.9,1,Adult
30-45 (Adult),F,3.5,1,Adult
30-45 (Adult),M,2.2,1,Adult
30-45 (Adult),F,3.6,0,Adult
30-45 (Adult),F,5.7,1,Adult
30-45 (Adult),F,2.5,0,Adult
30-45 (Adult),M,8.3,1,Adult
30-45 (Adult),F,8.5,0,Adult
18-29 (Young Adult),F,5.2,1,Adult
18-29 (Young Adult),F,8.5,1,Adult
18-29 (Young Adult),F,2.9,0,Adult
30-45 (Adult),F,5.9,1,Adult
18-29 (Young Adult),M,6.5,0,Adult
30-45 (Adult),F,4.8,1,Adult
30-45 (Adult),M,7.8,0,Adult
18-29 (Young Adult),M,7.8,1,Adult
30-45 (Adult),M,4.0,1,Adult
18-29 (Young Adult),F,7.1,1,Adult
30-45 (Adult),M,8.2,1,Adult
30-45 (Adult),M,6.5,1,Adult
18-29 (Young Adult),F,3.6,1,Adult
18-29 (Young Adult),M,5.1,0,Adult
30-45 (Adult),M,1.4,0,Adult
30-45 (Adult),M,2.4,1,Adult
30-45 (Adult),M,6.1,1,Adult
18-29 (Young Adult),M,4.9,1,Adult
30-45 (Adult),M,9.7,0,Adult
30-45 (Adult),F,9.6,0,Adult
30-45 (Adult),F,6.1,0,Adult
30-45 (Adult),F,5.6,1,Adult
30-45 (Adult),F,1.3,1,Adult
18-29 (Young Adult),M,4.4,1,Adult
30-45 (Adult),F,3.4,1,Adult
30-45 (Adult),M,7.6,1,Adult
18-29 (Young Adult),F,6.2,0,Adult
18-29 (Young Adult),F,4.2,0,Adult
30-45 (Adult),F,8.3,1,Adult
18-29 (Young Adult),M,1.9,0,Adult
18-29 (Young Adult),M,6.8,1,Adult
18-29 (Young Adult),M,4.6,0,Adult
30-45 (Adult),F,4.5,0,Adult
18-29 (Young Adult),F,4.8,1,Adult
18-29 (Young Adult),F,5.6,1,Adult
30-45 (Adult),F,7.7,1,Adult
30-45 (Adult),M,2.7,1,Adult
18-29 (Young Adult),F,5.3,1,Adult
30-45 (Adult),M,8.1,0,Adult
30-45 (Adult),M,5.2,1,Adult
30-45 (Adult),F,2.3,1,Adult
30-45 (Adult),M,7.2,1,Adult
30-45 (Adult),M,5.6,0,Adult
18-29 (Young Adult),F,2.0,1,Adult
18-29 (Young Adult),M,5.6,0,Adult
18-29 (Young Adult),F,6.1,1,Adult
18-29 (Young Adult),M,7.7,1,Adult
30-45 (Adult),F,9.6,0,Adult
18-29 (Young Adult),M,4.3,1,Adult
30-45 (Adult),M,8.2,1,Adult
30-45 (Adult),M,4.6,1,Adult
18-29 (Young Adult),F,2.3,0,Adult
30-45 (Adult),M,3.8,0,Adult
18-29 (Young Adult),F,9.5,1,Adult
18-29 (Young Adult),M,1.0,1,Adult
30-45 (Adult),F,8.1,0,Adult
30-45 (Adult),F,2.6,0,Adult
30-45 (Adult),F,8.7,0,Adult
30-45 (Adult),F,2.9,1,Adult
30-45 (Adult),F,8.9,1,Adult
18-29 (Young Adult),M,1.9,0,Adult
18-29 (Young Adult),F,3.0,0,Adult
30-45 (Adult),F,7.9,1,Adult
30-45 (Adult),M,9.4,1,Adult
18-29 (Young Adult),M,3.7,1,Adult
30-45 (Adult),F,4.2,1,Adult
18-29 (Young Adult),M,7.6,1,Adult
18-29 (Young Adult),F,5.5,1,Adult
18-29 (Young Adult),M,9.2,1,Adult
18-29 (Young Adult),F,2.8,1,Adult
30-45 (Adult),F,8.6,1,Adult
18-29 (Young Adult),F,6.3,1,Adult
30-45 (Adult),F,6.7,0,Adult
18-29 (Young Adult),F,8.8,0,Adult
30-45 (Adult),F,7.3,1,Adult
30-45 (Adult),M,9.0,1,Adult
30-45 (Adult),M,6.9,1,Adult
30-45 (Adult),F,6.4,0,Adult
30-45 (Adult),F,1.8,1,Adult
30-45 (Adult),M,8.5,1,Adult
18-29 (Young Adult),M,4.1,1,Adult
18-29 (Young Adult),M,9.9,1,Adult
18-29 (Young Adult),F,5.6,1,Adult
30-45 (Adult),F,2.6,0,Adult
18-29 (Young Adult),M,5.3,1,Adult
30-45 (Adult),F,6.1,1,Adult
18-29 (Young Adult),F,7.8,1,Adult
18-29 (Young Adult),F,4.7,1,Adult
30-45 (Adult),F,2.2,1,Adult
30-45 (Adult),M,2.5,1,Adult
30-45 (Adult),M,7.6,1,Adult
30-45 (Adult),M,7.9,1,Adult
18-29 (Young Adult),F,4.3,1,Adult
18-29 (Young Adult),M,3.0,1,Adult
30-45 (Adult),M,3.9,1,Adult
18-29 (Young Adult),M,9.5,1,Adult
30-45 (Adult),M,1.1,1,Adult
30-45 (Adult),M,8.8,1,Adult
18-29 (Young Adult),M,5.7,0,Adult
18-29 (Young Adult),F,2.8,1,Adult
18-29 (Young Adult),F,8.8,1,Adult
18-29 (Young Adult),M,7.3,1,Adult
18-29 (Young Adult),M,2.4,1,Adult
18-29 (Young Adult),M,9.3,0,Adult
18-29 (Young Adult),F,6.2,0,Adult
30-45 (Adult),F,6.6,1,Adult
30-45 (Adult),M,9.6,1,Adult
30-45 (Adult),M,5.1,1,Adult
30-45 (Adult),M,7.9,0,Adult
30-45 (Adult),F,1.2,1,Adult
18-29 (Young Adult),F,3.3,1,Adult
18-29 (Young Adult),F,7.8,1,Adult
18-29 (Young Adult),F,3.7,1,Adult
18-29 (Young Adult),F,2.8,0,Adult
18-29 (Young Adult),M,9.9,1,Adult
18-29 (Young Adult),F,6.4,1,Adult
18-29 (Young Adult),M,2.8,1,Adult
18-29 (Young Adult),M,4.2,1,Adult
30-45 (Adult),F,8.9,1,Adult
18-29 (Young Adult),M,5.4,0,Adult
18-29 (Young Adult),M,7.8,1,Adult
18-29 (Young Adult),F,3.0,1,Adult
30-45 (Adult),M,4.7,1,Adult
18-29 (Young Adult),M,1.7,0,Adult
18-29 (Young Adult),M,9.3,1,Adult
30-45 (Adult),M,3.4,0,Adult
18-29 (Young Adult),M,1.9,0,Adult
18-29 (Young Adult),F,3.1,0,Adult
18-29 (Young Adult),F,8.0,1,Adult
30-45 (Adult),F,5.2,0,Adult
18-29 (Young Adult),M,9.0,1,Adult
18-29 (Young Adult),F,1.1,1,Adult
30-45 (Adult),F,1.2,0,Adult
30-45 (Adult),F,5.1,1,Adult
30-45 (Adult),F,7.9,1,Adult
18-29 (Young Adult),M,3.5,1,Adult
30-45 (Adult),F,8.7,0,Adult
30-45 (Adult),F,8.5,0,Adult
18-29 (Young Adult),F,2.3,0,Adult
18-29 (Young Adult),M,8.7,0,Adult
30-45 (Adult),F,4.5,1,Adult
18-29 (Young Adult),M,6.2,1,Adult
18-29 (Young Adult),F,9.4,1,Adult
18-29 (Young Adult),M,6.6,0,Adult
30-45 (Adult),M,2.8,1,Adult
18-29 (Young Adult),M,5.0,1,Adult
30-45 (Adult),F,9.9,1,Adult
30-45 (Adult),F,9.6,1,Adult
18-29 (Young Adult),F,3.1,0,Adult
30-45 (Adult),M,3.0,0,Adult
30-45 (Adult),F,4.2,1,Adult
30-45 (Adult),F,2.3,0,Adult
30-45 (Adult),F,9.0,1,Adult
30-45 (Adult),M,5.3,1,Adult
18-29 (Young Adult),M,6.9,1,Adult
30-45 (Adult),M,6.5,1,Adult
30-45 (Adult),F,8.3,1,Adult
30-45 (Adult),F,4.9,1,Adult
30-45 (Adult),F,4.1,1,Adult
30-45 (Adult),F,5.0,1,Adult
18-29 (Young Adult),F,9.7,1,Adult
30-45 (Adult),M,2.7,1,Adult
30-45 (Adult),F,4.1,1,Adult
30-45 (Adult),F,1.1,0,Adult
18-29 (Young Adult),F,1.9,0,Adult
18-29 (Young Adult),M,8.1,0,Adult
30-45 (Adult),M,4.6,1,Adult
18-29 (Young Adult),F,4.5,0,Adult
18-29 (Young Adult),M,5.4,0,Adult
30-45 (Adult),M,9.6,0,Adult
30-45 (Adult),F,3.1,1,Adult
18-29 (Young Adult),M,3.6,1,Adult
30-45 (Adult),F,3.2,0,Adult
18-29 (Young Adult),M,1.5,1,Adult
18-29 (Young Adult),F,3.1,1,Adult
18-29 (Young Adult),F,8.5,1,Adult
30-45 (Adult),F,4.5,1,Adult
30-45 (Adult),M,1.5,1,Adult
18-29 (Young Adult),M,4.2,1,Adult
18-29 (Young Adult),M,8.2,0,Adult
18-29 (Young Adult),F,9.6,1,Adult
30-45 (Adult),F,7.2,0,Adult
18-29 (Young Adult),M,6.7,1,Adult
30-45 (Adult),M,1.5,1,Adult
18-29 (Young Adult),F,4.0,1,Adult
30-45 (Adult),F,7.4,1,Adult
30-45 (Adult),M,1.2,1,Adult
30-45 (Adult),M,9.3,1,Adult
30-45 (Adult),M,2.2,1,Adult
30-45 (Adult),M,5.6,1,Adult
18-29 (Young Adult),F,9.1,0,Adult
30-45 (Adult),F,6.7,1,Adult
30-45 (Adult),M,4.9,0,Adult
30-45 (Adult),M,9.2,1,Adult
18-29 (Young Adult),M,10.0,1,Adult
30-45 (Adult),F,1.3,1,Adult
30-45 (Adult),M,4.8,1,Adult
30-45 (Adult),M,1.6,1,Adult
18-29 (Young Adult),M,2.2,1,Adult
18-29 (Young Adult),M,1.7,1,Adult
30-45 (Adult),M,7.0,0,Adult
18-29 (Young Adult),M,8.6,1,Adult
18-29 (Young Adult),M,1.5,1,Adult
18-29 (Young Adult),F,9.0,1,Adult
30-45 (Adult),M,7.7,1,Adult
30-45 (Adult),M,8.0,1,Adult
18-29 (Young Adult),F,3.2,1,Adult
30-45 (Adult),M,2.0,0,Adult
30-45 (Adult),F,5.7,1,Adult
30-45 (Adult),M,4.0,1,Adult
30-45 (Adult),M,5.5,0,Adult
18-29 (Young Adult),F,1.6,1,Adult
18-29 (Young Adult),M,9.7,0,Adult
18-29 (Young Adult),M,7.1,1,Adult
30-45 (Adult),M,6.8,0,Adult
18-29 (Young Adult),F,3.4,1,Adult
30-45 (Adult),F,1.8,1,Adult
18-29 (Young Adult),F,3.6,1,Adult
30-45 (Adult),M,2.0,0,Adult
30-45 (Adult),M,9.5,1,Adult
30-45 (Adult),M,2.3,1,Adult
30-45 (Adult),F,4.6,1,Adult
18-29 (Young Adult),M,4.8,0,Adult
30-45 (Adult),F,3.0,1,Adult
30-45 (Adult),F,1.6,1,Adult
18-29 (Young Adult),F,3.2,1,Adult
18-29 (Young Adult),M,2.1,1,Adult
30-45 (Adult),M,7.7,1,Adult
18-29 (Young Adult),F,1.4,1,Adult
18-29 (Young Adult),F,4.1,1,Adult
18-29 (Young Adult),F,5.6,1,Adult
30-45 (Adult),M,7.4,0,Adult
18-29 (Young Adult),M,9.2,1,Adult
30-45 (Adult),M,10.0,0,Adult
30-45 (Adult),F,4.6,1,Adult
30-45 (Adult),M,3.6,1,Adult
30-45 (Adult),F,4.0,1,Adult
30-45 (Adult),F,2.3,1,Adult
30-45 (Adult),M,3.5,1,Adult
30-45 (Adult),F,3.3,1,Adult
30-45 (Adult),M,5.9,0,Adult
18-29 (Young Adult),M,3.0,1,Adult
30-45 (Adult),F,8.8,0,Adult
18-29 (Young Adult),M,1.9,0,Adult
30-45 (Adult),F,1.7,1,Adult
18-29 (Young Adult),F,6.8,0,Adult
30-45 (Adult),M,9.5,1,Adult
30-45 (Adult),M,8.5,1,Adult
30-45 (Adult),F,8.5,1,Adult
30-45 (Adult),M,8.5,0,Adult
30-45 (Adult),F,6.0,0,Adult
18-29 (Young Adult),M,1.2,1,Adult
18-29 (Young Adult),F,2.2,0,Adult
18-29 (Young Adult),M,4.4,1,Adult
30-45 (Adult),F,7.3,0,Adult
30-45 (Adult),M,9.9,1,Adult
18-29 (Young Adult),F,1.1,1,Adult
18-29 (Young Adult),M,8.1,1,Adult
18-29 (Young Adult),F,9.3,1,Adult
18-29 (Young Adult),M,8.3,0,Adult
30-45 (Adult),F,3.5,1,Adult
18-29 (Young Adult),F,5.5,1,Adult
30-45 (Adult),M,7.4,0,Adult
18-29 (Young Adult),M,8.6,1,Adult
18-29 (Young Adult),M,4.8,1,Adult
30-45 (Adult),M,3.6,1,Adult
18-29 (Young Adult),M,5.6,0,Adult
30-45 (Adult),M,5.9,1,Adult
18-29 (Young Adult),F,2.1,1,Adult
30-45 (Adult),F,2.7,1,Adult
18-29 (Young Adult),M,9.5,0,Adult
18-29 (Young Adult),M,7.4,1,Adult
18-29 (Young Adult),M,2.9,1,Adult
18-29 (Young Adult),M,5.2,1,Adult
18-29 (Young Adult),F,2.7,0,Adult
18-29 (Young Adult),M,1.1,1,Adult
30-45 (Adult),M,9.7,0,Adult
18-29 (Young Adult),F,4.6,1,Adult
30-45 (Adult),F,3.5,0,Adult
30-45 (Adult),F,7.3,1,Adult
18-29 (Young Adult),M,6.8,1,Adult
18-29 (Young Adult),F,3.9,1,Adult
30-45 (Adult),M,7.0,1,Adult
30-45 (Adult),M,8.6,1,Adult
30-45 (Adult),F,5.6,0,Adult
18-29 (Young Adult),M,6.4,1,Adult
18-29 (Young Adult),M,4.8,1,Adult
18-29 (Young Adult),F,3.4,0,Adult
30-45 (Adult),M,6.7,0,Adult
18-29 (Young Adult),M,1.2,1,Adult
18-29 (Young Adult),M,2.3,1,Adult
30-45 (Adult),F,9.4,0,Adult
18-29 (Young Adult),F,4.0,0,Adult
30-45 (Adult),M,5.8,0,Adult
30-45 (Adult),M,5.2,0,Adult
18-29 (Young Adult),F,7.8,1,Adult
18-29 (Young Adult),M,5.5,1,Adult
30-45 (Adult),M,8.7,1,Adult
30-45 (Adult),F,5.3,1,Adult
30-45 (Adult),M,8.5,1,Adult
18-29 (Young Adult),F,2.6,1,Adult
18-29 (Young Adult),M,9.2,1,Adult
18-29 (Young Adult),F,2.9,0,Adult
30-45 (Adult),M,9.9,0,Adult
18-29 (Young Adult),F,4.2,1,Adult
18-29 (Young Adult),F,7.0,0,Adult
30-45 (Adult),F,4.7,0,Adult
18-29 (Young Adult),F,4.4,1,Adult
30-45 (Adult),F,5.8,0,Adult
30-45 (Adult),F,8.8,1,Adult
18-29 (Young Adult),M,7.5,1,Adult
30-45 (Adult),F,4.9,1,Adult
30-45 (Adult),F,8.2,0,Adult
30-45 (Adult),F,3.4,1,Adult
30-45 (Adult),F,9.5,0,Adult
30-45 (Adult),F,7.7,0,Adult
30-45 (Adult),F,7.9,1,Adult
30-45 (Adult),M,9.8,0,Adult
30-45 (Adult),M,2.1,0,Adult
30-45 (Adult),M,6.9,1,Adult
18-29 (Young Adult),M,6.4,0,Adult
18-29 (Young Adult),M,7.2,1,Adult
18-29 (Young Adult),M,5.2,1,Adult
30-45 (Adult),F,5.0,1,Adult
30-45 (Adult),M,7.8,1,Adult
30-45 (Adult),M,2.2,1,Adult
30-45 (Adult),M,3.2,0,Adult
18-29 (Young Adult),M,5.5,0,Adult
30-45 (Adult),F,9.2,0,Adult
18-29 (Young Adult),F,7.9,1,Adult
18-29 (Young Adult),F,2.4,1,Adult
30-45 (Adult),F,7.8,0,Adult
30-45 (Adult),F,4.9,1,Adult
18-29 (Young Adult),F,6.4,1,Adult
30-45 (Adult),F,6.1,1,Adult
30-45 (Adult),F,1.8,1,Adult
18-29 (Young Adult),F,2.3,1,Adult
30-45 (Adult),M,9.6,0,Adult
30-45 (Adult),F,6.0,1,Adult
30-45 (Adult),M,6.5,1,Adult
18-29 (Young Adult),M,1.6,1,Adult
18-29 (Young Adult),F,8.1,0,Adult
30-45 (Adult),M,3.6,1,Adult
30-45 (Adult),F,2.7,1,Adult
30-45 (Adult),F,6.3,1,Adult
30-45 (Adult),M,2.7,0,Adult
30-45 (Adult),F,2.3,1,Adult
30-45 (Adult),F,2.8,1,Adult
30-45 (Adult),M,7.0,0,Adult
30-45 (Adult),F,5.8,1,Adult
30-45 (Adult),F,7.2,1,Adult
30-45 (Adult),F,8.7,0,Adult
18-29 (Young Adult),M,6.2,1,Adult
30-45 (Adult),F,6.1,0,Adult
30-45 (Adult),F,7.7,1,Adult
30-45 (Adult),F,7.1,1,Adult
18-29 (Young Adult),F,8.4,0,Adult
18-29 (Young Adult),F,3.4,0,Adult
30-45 (Adult),F,1.7,1,Adult
18-29 (Young Adult),F,3.3,1,Adult
30-45 (Adult),M,1.2,1,Adult
30-45 (Adult),M,2.4,1,Adult
30-45 (Adult),F,5.9,1,Adult
30-45 (Adult),M,3.1,1,Adult
30-45 (Adult),M,9.7,1,Adult
18-29 (Young Adult),M,7.1,1,Adult
30-45 (Adult),M,2.4,0,Adult
30-45 (Adult),F,8.9,1,Adult
30-45 (Adult),F,9.1,1,Adult
18-29 (Young Adult),M,4.4,1,Adult
30-45 (Adult),M,8.4,0,Adult
18-29 (Young Adult),F,2.5,0,Adult
30-45 (Adult),M,3.6,1,Adult
18-29 (Young Adult),M,3.8,0,Adult
18-29 (Young Adult),M,5.3,0,Adult
30-45 (Adult),M,5.6,1,Adult
30-45 (Adult),F,9.8,0,Adult
30-45 (Adult),M,1.3,0,Adult
18-29 (Young Adult),F,4.7,0,Adult
18-29 (Young Adult),F,9.4,1,Adult
18-29 (Young Adult),F,4.6,1,Adult
18-29 (Young Adult),F,1.5,1,Adult
30-45 (Adult),F,6.7,0,Adult
30-45 (Adult),F,1.4,1,Adult
18-29 (Young Adult),F,7.9,1,Adult
18-29 (Young Adult),M,2.6,0,Adult
30-45 (Adult),M,3.2,1,Adult
30-45 (Adult),F,2.7,0,Adult
30-45 (Adult),M,3.5,0,Adult
30-45 (Adult),M,3.3,0,Adult
18-29 (Young Adult),M,7.0,0,Adult
30-45 (Adult),F,8.9,0,Adult
18-29 (Young Adult),M,2.7,1,Adult
18-29 (Young Adult),M,1.3,1,Adult
30-45 (Adult),F,2.5,1,Adult
18-29 (Young Adult),M,7.2,1,Adult
18-29 (Young Adult),F,1.9,0,Adult
30-45 (Adult),M,2.7,1,Adult
30-45 (Adult),M,3.0,1,Adult
30-45 (Adult),M,7.3,0,Adult
18-29 (Young Adult),M,5.0,1,Adult
30-45 (Adult),M,4.2,1,Adult
18-29 (Young Adult),M,2.9,1,Adult
18-29 (Young Adult),M,7.5,1,Adult
18-29 (Young Adult),M,4.1,0,Adult
30-45 (Adult),F,9.0,1,Adult
18-29 (Young Adult),F,7.4,1,Adult
18-29 (Young Adult),M,7.0,1,Adult
30-45 (Adult),F,8.6,1,Adult
30-45 (Adult),F,8.0,1,Adult
18-29 (Young Adult),F,6.4,1,Adult
18-29 (Young Adult),F,4.4,1,Adult
18-29 (Young Adult),F,1.1,1,Adult
30-45 (Adult),M,2.1,1,Adult
18-29 (Young Adult),M,7.8,1,Adult
30-45 (Adult),F,7.8,0,Adult
30-45 (Adult),M,6.7,0,Adult
18-29 (Young Adult),F,2.5,1,Adult
30-45 (Adult),F,1.3,1,Adult
30-45 (Adult),F,3.6,0,Adult
18-29 (Young Adult),M,2.2,1,Adult
30-45 (Adult),F,9.3,1,Adult
18-29 (Young Adult),F,4.7,0,Adult
30-45 (Adult),M,8.4,0,Adult
18-29 (Young Adult),M,4.0,1,Adult
30-45 (Adult),M,2.0,1,Adult
18-29 (Young Adult),M,6.2,1,Adult
18-29 (Young Adult),M,9.5,1,Adult
30-45 (Adult),F,5.8,1,Adult
18-29 (Young Adult),F,7.4,1,Adult
30-45 (Adult),F,5.5,0,Adult
18-29 (Young Adult),F,1.3,1,Adult
18-29 (Young Adult),F,9.3,1,Adult
18-29 (Young Adult),F,6.8,1,Adult
18-29 (Young Adult),M,2.1,1,Adult
18-29 (Young Adult),M,3.4,1,Adult
18-29 (Young Adult),F,5.2,1,Adult
30-45 (Adult),F,3.7,0,Adult
30-45 (Adult),F,4.1,0,Adult
18-29 (Young Adult),M,3.2,0,Adult
18-29 (Young Adult),M,7.8,1,Adult
18-29 (Young Adult),F,2.3,1,Adult
18-29 (Young Adult),F,8.3,1,Adult
18-29 (Young Adult),M,9.4,0,Adult
30-45 (Adult),F,3.8,1,Adult
18-29 (Young Adult),F,7.0,1,Adult
30-45 (Adult),F,6.5,1,Adult
18-29 (Young Adult),F,3.1,1,Adult
18-29 (Young Adult),F,1.7,1,Adult
30-45 (Adult),M,6.1,1,Adult
18-29 (Young Adult),F,4.4,1,Adult
30-45 (Adult),F,5.2,1,Adult
30-45 (Adult),F,6.0,1,Adult
18-29 (Young Adult),F,2.0,1,Adult
30-45 (Adult),F,9.2,1,Adult
18-29 (Young Adult),M,1.8,1,Adult
30-45 (Adult),F,9.4,1,Adult
18-29 (Young Adult),M,3.0,1,Adult
18-29 (Young Adult),M,4.9,1,Adult
18-29 (Young Adult),F,6.8,1,Adult
18-29 (Young Adult),M,1.4,1,Adult
30-45 (Adult),M,8.3,1,Adult
18-29 (Young Adult),F,2.1,0,Adult
30-45 (Adult),F,3.7,1,Adult
30-45 (Adult),F,7.6,1,Adult
30-45 (Adult),F,4.7,1,Adult
18-29 (Young Adult),M,10.0,0,Adult
30-45 (Adult),M,5.8,0,Adult
30-45 (Adult),F,6.1,1,Adult
30-45 (Adult),M,9.9,0,Adult
30-45 (Adult),F,5.3,0,Adult
30-45 (Adult),M,2.3,1,Adult
18-29 (Young Adult),F,5.8,1,Adult
30-45 (Adult),F,1.9,1,Adult
30-45 (Adult),F,1.8,1,Adult
18-29 (Young Adult),F,9.3,1,Adult
30-45 (Adult),M,2.2,0,Adult
30-45 (Adult),M,4.9,1,Adult
18-29 (Young Adult),M,6.2,0,Adult
18-29 (Young Adult),F,8.1,0,Adult
18-29 (Young Adult),M,2.2,1,Adult
30-45 (Adult),F,8.0,1,Adult
30-45 (Adult),F,6.9,1,Adult
30-45 (Adult),F,1.4,1,Adult
18-29 (Young Adult),M,9.0,0,Adult
18-29 (Young Adult),M,7.8,1,Adult
30-45 (Adult),F,2.7,0,Adult
30-45 (Adult),F,6.9,1,Adult
30-45 (Adult),F,3.2,0,Adult
30-45 (Adult),M,3.9,1,Adult
18-29 (Young Adult),F,8.8,1,Adult
30-45 (Adult),M,6.3,0,Adult
18-29 (Young Adult),F,5.1,1,Adult
18-29 (Young Adult),M,6.1,1,Adult
30-45 (Adult),M,2.9,1,Adult
18-29 (Young Adult),F,7.8,1,Adult
18-29 (Young Adult),F,1.5,1,Adult
30-45 (Adult),M,8.3,0,Adult
30-45 (Adult),M,2.6,0,Adult
18-29 (Young Adult),M,5.7,0,Adult
18-29 (Young Adult),M,2.5,1,Adult
30-45 (Adult),M,9.9,1,Adult
30-45 (Adult),M,8.4,1,Adult
18-29 (Young Adult),F,8.7,1,Adult
18-29 (Young Adult),F,5.9,1,Adult
30-45 (Adult),F,4.8,1,Adult
18-29 (Young Adult),F,3.8,1,Adult
30-45 (Adult),F,8.5,0,Adult
30-45 (Adult),F,7.1,1,Adult
30-45 (Adult),M,3.2,1,Adult
30-45 (Adult),F,5.5,1,Adult
30-45 (Adult),F,3.6,0,Adult
30-45 (Adult),F,7.0,0,Adult
30-45 (Adult),F,1.1,1,Adult
30-45 (Adult),F,8.1,1,Adult
18-29 (Young Adult),M,1.4,1,Adult
30-45 (Adult),M,5.2,1,Adult
30-45 (Adult),M,2.5,0,Adult
18-29 (Young Adult),F,2.3,1,Adult
18-29 (Young Adult),M,2.5,0,Adult
30-45 (Adult),F,5.5,1,Adult
30-45 (Adult),F,8.2,0,Adult
30-45 (Adult),M,7.6,1,Adult
30-45 (Adult),M,5.7,0,Adult
30-45 (Adult),F,9.3,1,Adult
18-29 (Young Adult),F,7.4,1,Adult
30-45 (Adult),F,6.7,0,Adult
30-45 (Adult),M,6.1,0,Adult
18-29 (Young Adult),M,5.7,1,Adult
30-45 (Adult),F,9.3,1,Adult
18-29 (Young Adult),M,1.0,0,Adult
18-29 (Young Adult),F,4.1,0,Adult
30-45 (Adult),M,9.3,1,Adult
30-45 (Adult),F,8.0,1,Adult
18-29 (Young Adult),F,9.7,1,Adult
18-29 (Young Adult),M,4.8,0,Adult
30-45 (Adult),F,1.9,1,Adult
30-45 (Adult),F,1.5,1,Adult
30-45 (Adult),M,8.9,0,Adult
18-29 (Young Adult),M,4.8,0,Adult
30-45 (Adult),M,3.6,1,Adult
30-45 (Adult),M,4.5,1,Adult
30-45 (Adult),M,9.8,1,Adult
30-45 (Adult),M,3.3,1,Adult
30-45 (Adult),F,5.8,1,Adult
30-45 (Adult),M,9.0,0,Adult
18-29 (Young Adult),F,8.0,0,Adult
18-29 (Young Adult),M,2.2,0,Adult
30-45 (Adult),F,7.6,0,Adult
30-45 (Adult),M,6.1,0,Adult
30-45 (Adult),F,3.1,1,Adult
30-45 (Adult),M,5.6,0,Adult
18-29 (Young Adult),M,2.0,0,Adult
18-29 (Young Adult),M,6.9,0,Adult
30-45 (Adult),M,1.3,1,Adult
30-45 (Adult),F,7.8,0,Adult
18-29 (Young Adult),F,6.8,0,Adult
18-29 (Young Adult),M,8.4,0,Adult
30-45 (Adult),M,1.3,0,Adult
18-29 (Young Adult),F,1.7,1,Adult
18-29 (Young Adult),F,8.2,1,Adult
18-29 (Young Adult),F,5.0,1,Adult
18-29 (Young Adult),F,2.7,1,Adult
18-29 (Young Adult),M,9.9,0,Adult
30-45 (Adult),F,1.8,1,Adult
30-45 (Adult),M,5.1,1,Adult
30-45 (Adult),M,3.3,0,Adult
30-45 (Adult),M,1.0,0,Adult
30-45 (Adult),F,5.6,1,Adult
30-45 (Adult),F,10.0,1,Adult
18-29 (Young Adult),F,4.3,0,Adult
18-29 (Young Adult),F,8.3,1,Adult
18-29 (Young Adult),F,6.6,1,Adult
30-45 (Adult),M,1.3,1,Adult
18-29 (Young Adult),F,3.4,1,Adult
30-45 (Adult),F,5.5,1,Adult
18-29 (Young Adult),F,8.1,1,Adult
18-29 (Young Adult),F,1.1,1,Adult
18-29 (Young Adult),F,4.6,0,Adult
30-45 (Adult),F,5.3,1,Adult
30-45 (Adult),M,4.3,0,Adult
30-45 (Adult),M,2.9,1,Adult
30-45 (Adult),F,4.5,0,Adult
18-29 (Young Adult),F,8.8,1,Adult
18-29 (Young Adult),F,1.2,1,Adult
18-29 (Young Adult),M,3.9,1,Adult
18-29 (Young Adult),F,1.2,1,Adult
18-29 (Young Adult),M,3.4,0,Adult
30-45 (Adult),F,7.1,1,Adult
30-45 (Adult),M,7.4,1,Adult
30-45 (Adult),F,1.9,1,Adult
18-29 (Young Adult),F,6.9,1,Adult
30-45 (Adult),M,3.7,1,Adult
30-45 (Adult),M,3.4,0,Adult
18-29 (Young Adult),F,3.1,0,Adult
30-45 (Adult),M,3.3,1,Adult
30-45 (Adult),F,8.8,1,Adult
18-29 (Young Adult),M,9.8,0,Adult
30-45 (Adult),M,1.4,0,Adult
30-45 (Adult),F,9.0,1,Adult
30-45 (Adult),M,6.7,0,Adult
30-45 (Adult),F,7.2,0,Adult
30-45 (Adult),M,2.2,1,Adult
30-45 (Adult),M,6.3,0,Adult
18-29 (Young Adult),F,5.1,1,Adult
30-45 (Adult),F,9.0,1,Adult
30-45 (Adult),F,9.4,0,Adult
18-29 (Young Adult),M,4.1,0,Adult
30-45 (Adult),M,7.5,1,Adult
30-45 (Adult),M,9.2,0,Adult
30-45 (Adult),M,2.9,1,Adult
30-45 (Adult),M,8.1,1,Adult
30-45 (Adult),F,5.2,0,Adult
18-29 (Young Adult),M,7.9,1,Adult
30-45 (Adult),M,7.6,1,Adult
30-45 (Adult),F,4.6,1,Adult
18-29 (Young Adult),F,1.7,1,Adult
30-45 (Adult),F,4.9,1,Adult
18-29 (Young Adult),M,4.2,1,Adult
30-45 (Adult),F,3.3,1,Adult
30-45 (Adult),F,9.3,0,Adult
30-45 (Adult),M,4.9,1,Adult
30-45 (Adult),M,2.6,1,Adult
18-29 (Young Adult),M,8.2,1,Adult
18-29 (Young Adult),M,3.6,1,Adult
30-45 (Adult),F,5.1,0,Adult
30-45 (Adult),F,6.7,0,Adult
30-45 (Adult),M,4.5,1,Adult
30-45 (Adult),F,8.3,0,Adult
30-45 (Adult),F,4.6,1,Adult
30-45 (Adult),F,6.1,0,Adult
30-45 (Adult),M,9.1,1,Adult
30-45 (Adult),M,5.4,1,Adult
18-29 (Young Adult),F,1.8,1,Adult
18-29 (Young Adult),F,4.4,0,Adult
30-45 (Adult),M,5.3,1,Adult
30-45 (Adult),M,7.3,0,Adult
30-45 (Adult),M,1.8,0,Adult
18-29 (Young Adult),M,5.8,1,Adult
30-45 (Adult),M,8.6,1,Adult
18-29 (Young Adult),M,8.2,1,Adult
30-45 (Adult),F,4.2,1,Adult
30-45 (Adult),F,7.6,0,Adult
30-45 (Adult),F,6.8,1,Adult
30-45 (Adult),M,2.2,1,Adult
30-45 (Adult),M,4.0,1,Adult
30-45 (Adult),F,1.7,1,Adult
30-45 (Adult),F,9.8,0,Adult
30-45 (Adult),M,8.1,0,Adult
30-45 (Adult),M,5.7,1,Adult
18-29 (Young Adult),F,6.9,0,Adult
18-29 (Young Adult),F,9.0,1,Adult
30-45 (Adult),F,1.2,1,Adult
18-29 (Young Adult),F,7.2,0,Adult
30-45 (Adult),M,7.3,1,Adult
18-29 (Young Adult),M,1.8,1,Adult
18-29 (Young Adult),F,9.5,0,Adult
30-45 (Adult),F,5.1,1,Adult
18-29 (Young Adult),F,9.3,1,Adult
18-29 (Young Adult),M,1.9,1,Adult
30-45 (Adult),F,2.6,1,Adult
30-45 (Adult),M,5.0,1,Adult
30-45 (Adult),M,7.5,1,Adult
18-29 (Young Adult),M,4.2,1,Adult
30-45 (Adult),F,3.1,0,Adult
18-29 (Young Adult),M,1.7,0,Adult
18-29 (Young Adult),F,1.7,1,Adult
18-29 (Young Adult),F,5.2,1,Adult
30-45 (Adult),F,1.4,1,Adult
18-29 (Young Adult),F,2.3,1,Adult
30-45 (Adult),M,4.2,1,Adult
30-45 (Adult),M,3.9,1,Adult
18-29 (Young Adult),M,2.2,1,Adult
18-29 (Young Adult),F,6.3,1,Adult
18-29 (Young Adult),F,3.7,1,Adult
18-29 (Young Adult),M,3.5,1,Adult
30-45 (Adult),M,9.3,1,Adult
30-45 (Adult),F,8.4,0,Adult
30-45 (Adult),F,2.1,1,Adult
18-29 (Young Adult),F,4.7,0,Adult
30-45 (Adult),M,3.5,0,Adult
30-45 (Adult),F,4.6,0,Adult
30-45 (Adult),F,1.5,0,Adult
18-29 (Young Adult),M,9.8,1,Adult
18-29 (Young Adult),F,4.0,1,Adult
30-45 (Adult),F,1.4,1,Adult
30-45 (Adult),F,9.2,1,Adult
30-45 (Adult),F,9.4,1,Adult
30-45 (Adult),M,4.5,0,Adult
18-29 (Young Adult),F,7.0,1,Adult
30-45 (Adult),F,6.8,1,Adult
18-29 (Young Adult),M,2.1,1,Adult
30-45 (Adult),M,7.2,1,Adult
18-29 (Young Adult),F,4.8,1,Adult
18-29 (Young Adult),M,5.0,1,Adult
30-45 (Adult),M,7.4,0,Adult
30-45 (Adult),M,2.0,0,Adult
30-45 (Adult),M,1.6,1,Adult
18-29 (Young Adult),M,7.1,0,Adult
18-29 (Young Adult),M,7.0,1,Adult
30-45 (Adult),F,1.7,0,Adult
30-45 (Adult),M,7.5,1,Adult
30-45 (Adult),M,1.3,1,Adult
30-45 (Adult),F,8.6,1,Adult
30-45 (Adult),M,9.6,0,Adult
18-29 (Young Adult),M,2.0,1,Adult
18-29 (Young Adult),F,2.9,1,Adult
30-45 (Adult),F,8.8,1,Adult
30-45 (Adult),F,7.3,0,Adult
30-45 (Adult),M,2.9,1,Adult
30-45 (Adult),M,1.4,1,Adult
18-29 (Young Adult),F,8.0,1,Adult
18-29 (Young Adult),F,4.8,1,Adult
30-45 (Adult),M,6.0,1,Adult
18-29 (Young Adult),M,6.8,0,Adult
30-45 (Adult),F,3.6,0,Adult
18-29 (Young Adult),M,4.5,1,Adult
18-29 (Young Adult),F,8.9,1,Adult
18-29 (Young Adult),F,2.3,1,Adult
30-45 (Adult),F,7.4,1,Adult
30-45 (Adult),F,5.5,1,Adult
18-29 (Young Adult),F,3.2,0,Adult
30-45 (Adult),F,6.9,1,Adult
30-45 (Adult),M,7.3,0,Adult
18-29 (Young Adult),M,7.6,1,Adult
30-45 (Adult),F,7.6,1,Adult
18-29 (Young Adult),M,9.1,1,Adult
18-29 (Young Adult),M,3.0,0,Adult
30-45 (Adult),F,5.0,1,Adult
30-45 (Adult),M,5.5,0,Adult
30-45 (Adult),M,3.6,1,Adult
18-29 (Young Adult),F,7.7,1,Adult
18-29 (Young Adult),M,5.8,0,Adult
18-29 (Young Adult),M,8.5,0,Adult
30-45 (Adult),M,2.9,0,Adult
18-29 (Young Adult),M,7.4,1,Adult
30-45 (Adult),F,4.5,1,Adult
18-29 (Young Adult),M,5.2,1,Adult
30-45 (Adult),M,8.0,0,Adult
18-29 (Young Adult),M,6.8,0,Adult
30-45 (Adult),F,9.6,1,Adult
18-29 (Young Adult),F,8.6,1,Adult
30-45 (Adult),M,7.1,1,Adult
18-29 (Young Adult),M,4.6,1,Adult
30-45 (Adult),M,4.6,0,Adult
30-45 (Adult),F,9.8,0,Adult
18-29 (Young Adult),M,9.5,0,Adult
18-29 (Young Adult),M,6.5,1,Adult
30-45 (Adult),M,9.6,1,Adult
30-45 (Adult),F,9.8,1,Adult
18-29 (Young Adult),F,8.1,1,Adult
18-29 (Young Adult),F,4.2,1,Adult
30-45 (Adult),M,7.9,0,Adult
18-29 (Young Adult),M,8.2,1,Adult
30-45 (Adult),F,2.0,1,Adult
30-45 (Adult),F,6.4,1,Adult
18-29 (Young Adult),M,8.0,1,Adult
30-45 (Adult),M,1.4,1,Adult
18-29 (Young Adult),M,7.0,0,Adult
18-29 (Young Adult),M,4.9,1,Adult
18-29 (Young Adult),M,5.0,1,Adult
30-45 (Adult),M,8.3,0,Adult
18-29 (Young Adult),M,2.0,1,Adult
30-45 (Adult),M,3.6,0,Adult
30-45 (Adult),F,6.4,0,Adult
18-29 (Young Adult),M,4.0,0,Adult
18-29 (Young Adult),M,7.5,1,Adult
30-45 (Adult),M,4.2,1,Adult
30-45 (Adult),M,8.1,0,Adult
18-29 (Young Adult),F,8.2,1,Adult
30-45 (Adult),M,8.5,1,Adult
30-45 (Adult),F,5.6,1,Adult
18-29 (Young Adult),F,5.2,1,Adult
30-45 (Adult),F,4.6,0,Adult
30-45 (Adult),M,4.4,1,Adult
18-29 (Young Adult),M,7.9,1,Adult
18-29 (Young Adult),M,7.0,1,Adult
18-29 (Young Adult),M,6.6,1,Adult
18-29 (Young Adult),F,9.6,1,Adult
18-29 (Young Adult),F,4.3,1,Adult
18-29 (Young Adult),F,4.1,0,Adult
18-29 (Young Adult),F,8.8,1,Adult
18-29 (Young Adult),M,5.5,1,Adult
18-29 (Young Adult),M,3.2,0,Adult
18-29 (Young Adult),F,3.2,0,Adult
18-29 (Young Adult),M,5.7,0,Adult
18-29 (Young Adult),F,7.9,1,Adult
18-29 (Young Adult),M,3.7,0,Adult
30-45 (Adult),F,9.6,1,Adult
30-45 (Adult),M,5.4,1,Adult
30-45 (Adult),F,5.9,0,Adult
30-45 (Adult),M,1.3,0,Adult
30-45 (Adult),F,8.4,1,Adult
30-45 (Adult),F,2.1,1,Adult
30-45 (Adult),M,1.4,1,Adult
30-45 (Adult),F,5.4,1,Adult
30-45 (Adult),F,8.6,1,Adult
18-29 (Young Adult),F,8.1,1,Adult
30-45 (Adult),M,7.8,1,Adult
18-29 (Young Adult),F,7.6,1,Adult
18-29 (Young Adult),M,4.2,1,Adult
30-45 (Adult),F,9.2,1,Adult
30-45 (Adult),F,5.4,1,Adult
30-45 (Adult),M,6.5,0,Adult
30-45 (Adult),M,1.6,1,Adult
30-45 (Adult),F,2.5,1,Adult
30-45 (Adult),F,2.3,1,Adult
18-29 (Young Adult),M,5.6,1,Adult
18-29 (Young Adult),F,9.0,0,Adult
18-29 (Young Adult),M,4.2,1,Adult
18-29 (Young Adult),F,5.8,1,Adult
18-29 (Young Adult),F,1.3,1,Adult
18-29 (Young Adult),M,2.1,1,Adult
18-29 (Young Adult),M,2.8,0,Adult
18-29 (Young Adult),M,1.3,1,Adult
30-45 (Adult),F,7.0,0,Adult
30-45 (Adult),F,2.7,1,Adult
30-45 (Adult),M,2.1,1,Adult
30-45 (Adult),M,1.8,1,Adult
18-29 (Young Adult),M,3.6,1,Adult
18-29 (Young Adult),M,4.0,1,Adult
18-29 (Young Adult),F,9.6,1,Adult
30-45 (Adult),M,1.5,1,Adult
30-45 (Adult),M,4.6,1,Adult
30-45 (Adult),M,8.2,0,Adult
18-29 (Young Adult),M,1.5,0,Adult
18-29 (Young Adult),M,5.0,1,Adult
30-45 (Adult),M,2.1,1,Adult
30-45 (Adult),F,1.8,0,Adult
18-29 (Young Adult),F,8.4,0,Adult
18-29 (Young Adult),M,7.7,1,Adult
30-45 (Adult),M,3.5,0,Adult
18-29 (Young Adult),F,2.9,0,Adult
30-45 (Adult),F,4.5,1,Adult
18-29 (Young Adult),F,4.0,1,Adult
18-29 (Young Adult),F,6.7,0,Adult
18-29 (Young Adult),M,7.0,1,Adult
18-29 (Young Adult),F,2.9,1,Adult
18-29 (Young Adult),M,2.2,0,Adult
18-29 (Young Adult),F,6.0,1,Adult
30-45 (Adult),M,5.0,0,Adult
30-45 (Adult),F,2.9,1,Adult
30-45 (Adult),M,5.8,1,Adult
18-29 (Young Adult),F,7.3,0,Adult
30-45 (Adult),M,2.0,1,Adult
30-45 (Adult),M,5.4,1,Adult
18-29 (Young Adult),M,6.9,0,Adult
30-45 (Adult),F,7.3,0,Adult
18-29 (Young Adult),F,9.1,0,Adult
30-45 (Adult),M,1.9,1,Adult
18-29 (Young Adult),F,6.4,0,Adult
30-45 (Adult),F,2.5,1,Adult
18-29 (Young Adult),F,1.5,0,Adult
30-45 (Adult),M,4.9,1,Adult
18-29 (Young Adult),F,1.7,1,Adult
18-29 (Young Adult),F,8.9,0,Adult
30-45 (Adult),M,3.4,1,Adult
30-45 (Adult),M,7.6,1,Adult
30-45 (Adult),F,3.5,0,Adult
18-29 (Young Adult),M,2.7,1,Adult
30-45 (Adult),M,4.1,1,Adult
30-45 (Adult),F,3.8,0,Adult
30-45 (Adult),F,6.8,0,Adult
18-29 (Young Adult),F,3.7,1,Adult
18-29 (Young Adult),F,7.4,1,Adult
30-45 (Adult),M,8.1,1,Adult
30-45 (Adult),M,3.9,1,Adult
30-45 (Adult),F,1.0,1,Adult
18-29 (Young Adult),F,2.8,1,Adult
18-29 (Young Adult),F,3.3,1,Adult
18-29 (Young Adult),F,3.9,0,Adult
18-29 (Young Adult),F,3.6,1,Adult
30-45 (Adult),M,6.3,1,Adult
30-45 (Adult),M,6.0,1,Adult
18-29 (Young Adult),F,5.8,0,Adult
30-45 (Adult),F,5.7,1,Adult
30-45 (Adult),F,5.0,1,Adult
30-45 (Adult),M,3.4,1,Adult
18-29 (Young Adult),F,7.7,1,Adult
30-45 (Adult),F,9.4,1,Adult
30-45 (Adult),M,8.9,0,Adult
30-45 (Adult),F,8.2,1,Adult
18-29 (Young Adult),M,6.0,1,Adult
18-29 (Young Adult),M,6.9,0,Adult
30-45 (Adult),M,1.2,0,Adult
30-45 (Adult),M,8.0,1,Adult
18-29 (Young Adult),M,9.9,1,Adult
18-29 (Young Adult),M,2.4,0,Adult
30-45 (Adult),M,3.7,1,Adult
18-29 (Young Adult),F,2.1,0,Adult
30-45 (Adult),M,1.1,1,Adult
18-29 (Young Adult),M,6.2,1,Adult
30-45 (Adult),M,4.6,1,Adult
30-45 (Adult),M,5.2,1,Adult
30-45 (Adult),M,3.7,1,Adult
30-45 (Adult),F,9.9,1,Adult
18-29 (Young Adult),F,3.8,1,Adult
18-29 (Young Adult),M,5.9,0,Adult
18-29 (Young Adult),F,4.1,0,Adult
18-29 (Young Adult),F,8.9,0,Adult
30-45 (Adult),F,7.9,0,Adult
30-45 (Adult),F,2.3,1,Adult
30-45 (Adult),M,4.4,1,Adult
30-45 (Adult),M,9.7,1,Adult
30-45 (Adult),M,7.1,0,Adult
18-29 (Young Adult),M,6.0,0,Adult
30-45 (Adult),M,8.9,1,Adult
30-45 (Adult),M,1.9,1,Adult
18-29 (Young Adult),M,3.2,1,Adult
18-29 (Young Adult),M,4.9,0,Adult
18-29 (Young Adult),M,2.1,1,Adult
18-29 (Young Adult),F,6.5,1,Adult
18-29 (Young Adult),F,3.5,0,Adult
30-45 (Adult),M,6.5,1,Adult
18-29 (Young Adult),M,9.2,1,Adult
30-45 (Adult),M,3.6,1,Adult
18-29 (Young Adult),M,1.7,1,Adult
30-45 (Adult),F,7.0,0,Adult
18-29 (Young Adult),M,5.2,0,Adult
18-29 (Young Adult),F,1.1,1,Adult
30-45 (Adult),M,8.7,1,Adult
18-29 (Young Adult),F,6.4,1,Adult
18-29 (Young Adult),F,8.1,1,Adult
18-29 (Young Adult),M,10.0,1,Adult
18-29 (Young Adult),F,5.2,0,Adult
18-29 (Young Adult),F,3.6,1,Adult
18-29 (Young Adult),F,2.0,1,Adult
30-45 (Adult),M,6.0,0,Adult
30-45 (Adult),F,9.9,0,Adult
30-45 (Adult),M,3.5,1,Adult
18-29 (Young Adult),M,3.6,1,Adult
18-29 (Young Adult),F,3.9,0,Adult
30-45 (Adult),F,5.9,1,Adult
30-45 (Adult),M,5.7,1,Adult
18-29 (Young Adult),F,6.2,0,Adult
18-29 (Young Adult),F,1.6,0,Adult
18-29 (Young Adult),F,8.2,0,Adult
30-45 (Adult),F,8.6,1,Adult
30-45 (Adult),F,1.5,0,Adult
30-45 (Adult),M,6.9,1,Adult
30-45 (Adult),M,3.8,1,Adult
18-29 (Young Adult),F,2.3,0,Adult
30-45 (Adult),F,6.8,1,Adult
18-29 (Young Adult),M,1.8,1,Adult
18-29 (Young Adult),F,3.9,0,Adult
30-45 (Adult),F,4.0,1,Adult
30-45 (Adult),F,7.6,0,Adult
30-45 (Adult),F,4.7,1,Adult
30-45 (Adult),F,4.7,1,Adult
30-45 (Adult),F,6.1,1,Adult
30-45 (Adult),M,5.2,1,Adult
18-29 (Young Adult),F,1.2,1,Adult
30-45 (Adult),F,1.4,1,Adult
30-45 (Adult),M,4.4,0,Adult
30-45 (Adult),F,8.5,1,Adult
30-45 (Adult),F,5.6,0,Adult
18-29 (Young Adult),M,1.7,1,Adult
30-45 (Adult),M,4.2,0,Adult
30-45 (Adult),M,9.5,1,Adult
30-45 (Adult),M,3.8,1,Adult
30-45 (Adult),F,9.0,0,Adult
30-45 (Adult),M,9.2,1,Adult
30-45 (Adult),F,1.8,1,Adult
30-45 (Adult),F,3.4,1,Adult
30-45 (Adult),F,1.1,0,Adult
18-29 (Young Adult),M,2.7,1,Adult
18-29 (Young Adult),M,9.2,1,Adult
18-29 (Young Adult),F,9.7,1,Adult
18-29 (Young Adult),M,3.0,0,Adult
30-45 (Adult),M,2.9,1,Adult
30-45 (Adult),F,5.6,1,Adult
30-45 (Adult),F,9.4,0,Adult
18-29 (Young Adult),F,2.9,1,Adult
18-29 (Young Adult),M,6.6,1,Adult
30-45 (Adult),F,7.2,0,Adult
30-45 (Adult),M,4.8,0,Adult
18-29 (Young Adult),M,5.6,0,Adult
30-45 (Adult),M,6.9,1,Adult
30-45 (Adult),M,8.3,0,Adult
18-29 (Young Adult),F,3.9,1,Adult
18-29 (Young Adult),M,9.9,1,Adult
30-45 (Adult),M,6.8,1,Adult
18-29 (Young Adult),F,1.4,1,Adult
18-29 (Young Adult),F,6.9,1,Adult
18-29 (Young Adult),F,5.2,0,Adult
30-45 (Adult),M,1.6,1,Adult
30-45 (Adult),M,2.5,1,Adult
18-29 (Young Adult),M,8.7,1,Adult
18-29 (Young Adult),M,3.5,1,Adult
18-29 (Young Adult),F,4.1,1,Adult
18-29 (Young Adult),M,3.1,1,Adult
30-45 (Adult),M,5.8,1,Adult
30-45 (Adult),M,7.7,0,Adult
30-45 (Adult),F,2.8,1,Adult
30-45 (Adult),F,5.4,1,Adult
30-45 (Adult),M,2.3,0,Adult
18-29 (Young Adult),F,7.9,0,Adult
30-45 (Adult),M,5.6,0,Adult
30-45 (Adult),F,9.3,0,Adult
18-29 (Young Adult),M,6.2,1,Adult
30-45 (Adult),F,4.5,1,Adult
18-29 (Young Adult),F,2.0,1,Adult
30-45 (Adult),M,3.6,1,Adult
18-29 (Young Adult),F,6.9,1,Adult
30-45 (Adult),M,8.9,0,Adult
18-29 (Young Adult),M,2.7,1,Adult
30-45 (Adult),M,2.8,1,Adult
30-45 (Adult),F,9.8,1,Adult
30-45 (Adult),F,5.8,1,Adult
18-29 (Young Adult),M,3.8,1,Adult
30-45 (Adult),F,1.2,0,Adult
30-45 (Adult),F,6.8,1,Adult
18-29 (Young Adult),F,6.1,1,Adult
18-29 (Young Adult),M,1.7,1,Adult
30-45 (Adult),M,7.5,0,Adult
30-45 (Adult),F,2.4,0,Adult
18-29 (Young Adult),M,4.0,1,Adult
30-45 (Adult),M,7.5,1,Adult
18-29 (Young Adult),M,7.6,1,Adult
30-45 (Adult),F,8.8,1,Adult
30-45 (Adult),M,3.6,0,Adult
18-29 (Young Adult),F,6.2,1,Adult
18-29 (Young Adult),M,4.7,1,Adult
30-45 (Adult),M,4.9,1,Adult
18-29 (Young Adult),F,10.0,0,Adult
18-29 (Young Adult),F,5.1,1,Adult
30-45 (Adult),F,3.8,0,Adult
18-29 (Young Adult),M,8.6,0,Adult
18-29 (Young Adult),M,4.0,0,Adult
30-45 (Adult),F,8.6,0,Adult
30-45 (Adult),F,5.5,1,Adult
30-45 (Adult),M,5.2,0,Adult
30-45 (Adult),M,5.7,1,Adult
30-45 (Adult),F,7.0,1,Adult
18-29 (Young Adult),M,2.0,1,Adult
18-29 (Young Adult),M,9.0,1,Adult
30-45 (Adult),F,6.9,0,Adult
30-45 (Adult),M,2.4,0,Adult
18-29 (Young Adult),F,6.6,0,Adult
18-29 (Young Adult),M,1.2,1,Adult
30-45 (Adult),M,3.5,0,Adult
30-45 (Adult),M,7.4,1,Adult
30-45 (Adult),F,8.5,1,Adult
30-45 (Adult),F,8.6,1,Adult
30-45 (Adult),M,3.3,1,Adult
30-45 (Adult),M,2.4,0,Adult
18-29 (Young Adult),F,6.8,1,Adult
18-29 (Young Adult),M,1.1,0,Adult
18-29 (Young Adult),F,3.8,1,Adult
18-29 (Young Adult),F,3.5,1,Adult
30-45 (Adult),M,3.6,1,Adult
30-45 (Adult),F,4.0,1,Adult
30-45 (Adult),M,4.6,0,Adult
18-29 (Young Adult),M,3.9,0,Adult
30-45 (Adult),F,4.0,0,Adult
18-29 (Young Adult),M,9.1,1,Adult
18-29 (Young Adult),M,3.7,1,Adult
30-45 (Adult),M,1.5,1,Adult
18-29 (Young Adult),F,9.2,1,Adult
30-45 (Adult),M,6.8,1,Adult
30-45 (Adult),F,10.0,1,Adult
18-29 (Young Adult),F,9.9,1,Adult
18-29 (Young Adult),M,5.9,1,Adult
30-45 (Adult),F,1.7,1,Adult
30-45 (Adult),F,2.5,1,Adult
18-29 (Young Adult),F,1.9,0,Adult
18-29 (Young Adult),F,3.3,0,Adult
30-45 (Adult),M,1.1,1,Adult
18-29 (Young Adult),F,6.0,1,Adult
30-45 (Adult),F,5.8,1,Adult
30-45 (Adult),M,8.3,1,Adult
18-29 (Young Adult),F,5.5,1,Adult
18-29 (Young Adult),M,4.8,1,Adult
18-29 (Young Adult),M,5.6,0,Adult
30-45 (Adult),M,5.7,0,Adult
30-45 (Adult),F,1.4,0,Adult
30-45 (Adult),M,7.4,0,Adult
18-29 (Young Adult),F,9.0,1,Adult
30-45 (Adult),F,4.9,1,Adult
30-45 (Adult),M,6.7,0,Adult
18-29 (Young Adult),M,9.1,0,Adult
30-45 (Adult),F,9.3,0,Adult
30-45 (Adult),M,5.7,1,Adult
30-45 (Adult),M,3.6,0,Adult
18-29 (Young Adult),M,1.5,0,Adult
18-29 (Young Adult),F,8.5,1,Adult
30-45 (Adult),M,8.6,1,Adult
30-45 (Adult),M,5.4,1,Adult
18-29 (Young Adult),M,4.9,0,Adult
30-45 (Adult),F,2.4,1,Adult
18-29 (Young Adult),F,5.4,1,Adult
30-45 (Adult),M,9.9,1,Adult
30-45 (Adult),M,8.8,1,Adult
18-29 (Young Adult),M,4.1,1,Adult
30-45 (Adult),F,6.2,1,Adult
30-45 (Adult),M,9.8,1,Adult
18-29 (Young Adult),F,6.3,0,Adult
30-45 (Adult),F,8.3,0,Adult
30-45 (Adult),F,4.0,0,Adult
30-45 (Adult),M,4.9,0,Adult
30-45 (Adult),M,7.5,0,Adult
30-45 (Adult),M,2.6,1,Adult
30-45 (Adult),F,9.0,1,Adult
18-29 (Young Adult),F,3.1,1,Adult
18-29 (Young Adult),M,7.1,1,Adult
30-45 (Adult),F,6.8,0,Adult
30-45 (Adult),F,9.4,1,Adult
30-45 (Adult),F,7.7,1,Adult
18-29 (Young Adult),F,8.1,1,Adult
18-29 (Young Adult),F,5.3,1,Adult
18-29 (Young Adult),M,8.4,1,Adult
18-29 (Young Adult),F,6.6,1,Adult
18-29 (Young Adult),M,5.2,1,Adult
18-29 (Young Adult),F,7.8,1,Adult
18-29 (Young Adult),F,7.0,1,Adult
18-29 (Young Adult),M,7.2,1,Adult
18-29 (Young Adult),M,7.8,1,Adult
30-45 (Adult),F,5.6,1,Adult
18-29 (Young Adult),M,4.7,1,Adult
18-29 (Young Adult),M,4.6,1,Adult
18-29 (Young Adult),F,2.3,0,Adult
30-45 (Adult),M,4.3,1,Adult
30-45 (Adult),M,4.5,1,Adult
18-29 (Young Adult),F,2.9,1,Adult
18-29 (Young Adult),F,8.2,1,Adult
30-45 (Adult),M,9.4,0,Adult
30-45 (Adult),M,5.4,1,Adult
18-29 (Young Adult),M,1.1,0,Adult
18-29 (Young Adult),M,4.8,1,Adult
18-29 (Young Adult),M,3.3,0,Adult
18-29 (Young Adult),F,2.1,1,Adult
18-29 (Young Adult),M,2.5,1,Adult
18-29 (Young Adult),F,1.7,0,Adult
18-29 (Young Adult),F,3.8,1,Adult
30-45 (Adult),M,2.1,1,Adult
18-29 (Young Adult),F,4.2,1,Adult
18-29 (Young Adult),M,6.6,1,Adult
18-29 (Young Adult),M,3.3,0,Adult
18-29 (Young Adult),M,1.5,1,Adult
18-29 (Young Adult),F,5.1,1,Adult
18-29 (Young Adult),F,1.2,1,Adult
30-45 (Adult),F,4.9,1,Adult
30-45 (Adult),F,7.7,0,Adult
30-45 (Adult),M,2.0,1,Adult
30-45 (Adult),F,2.2,1,Adult
18-29 (Young Adult),F,8.0,1,Adult
18-29 (Young Adult),F,8.3,1,Adult
18-29 (Young Adult),F,7.8,1,Adult
30-45 (Adult),M,8.4,0,Adult
18-29 (Young Adult),F,1.3,1,Adult
18-29 (Young Adult),M,1.8,1,Adult
18-29 (Young Adult),F,9.0,1,Adult
30-45 (Adult),M,2.7,0,Adult
30-45 (Adult),M,6.5,1,Adult
30-45 (Adult),F,2.9,1,Adult
18-29 (Young Adult),F,3.4,1,Adult
30-45 (Adult),F,2.1,1,Adult
18-29 (Young Adult),F,6.8,1,Adult
30-45 (Adult),M,1.9,1,Adult
30-45 (Adult),F,1.2,1,Adult
18-29 (Young Adult),M,3.4,1,Adult
30-45 (Adult),F,4.8,0,Adult
30-45 (Adult),M,4.6,0,Adult
30-45 (Adult),M,2.5,1,Adult
30-45 (Adult),F,3.2,1,Adult
30-45 (Adult),F,5.6,1,Adult
30-45 (Adult),M,9.8,1,Adult
30-45 (Adult),M,3.8,1,Adult
30-45 (Adult),F,6.8,1,Adult
30-45 (Adult),M,9.9,0,Adult
30-45 (Adult),F,9.7,1,Adult
30-45 (Adult),M,4.0,0,Adult
30-45 (Adult),M,5.3,0,Adult
30-45 (Adult),M,2.3,1,Adult
18-29 (Young Adult),M,8.3,1,Adult
30-45 (Adult),M,8.3,1,Adult
30-45 (Adult),F,2.5,1,Adult
30-45 (Adult),F,6.2,0,Adult
30-45 (Adult),M,8.5,0,Adult
18-29 (Young Adult),F,9.3,1,Adult
30-45 (Adult),M,7.5,0,Adult
30-45 (Adult),M,1.1,0,Adult
30-45 (Adult),M,7.6,0,Adult
30-45 (Adult),F,1.2,1,Adult
30-45 (Adult),F,1.3,0,Adult
30-45 (Adult),F,7.6,0,Adult
18-29 (Young Adult),M,4.0,1,Adult
30-45 (Adult),M,8.1,1,Adult
30-45 (Adult),F,7.6,1,Adult
18-29 (Young Adult),F,9.5,0,Adult
18-29 (Young Adult),F,8.3,1,Adult
18-29 (Young Adult),F,5.7,1,Adult
18-29 (Young Adult),F,9.4,1,Adult
30-45 (Adult),M,6.8,1,Adult
30-45 (Adult),F,9.1,0,Adult
18-29 (Young Adult),M,8.9,0,Adult
30-45 (Adult),F,2.2,1,Adult
30-45 (Adult),M,1.9,1,Adult
18-29 (Young Adult),F,2.7,1,Adult
18-29 (Young Adult),F,1.5,1,Adult
18-29 (Young Adult),F,8.4,0,Adult
30-45 (Adult),F,1.1,1,Adult
30-45 (Adult),M,3.7,1,Adult
30-45 (Adult),M,8.9,1,Adult
18-29 (Young Adult),F,5.8,1,Adult
30-45 (Adult),F,4.4,1,Adult
30-45 (Adult),F,4.0,1,Adult
30-45 (Adult),M,2.8,1,Adult
18-29 (Young Adult),M,6.4,1,Adult
18-29 (Young Adult),M,8.5,0,Adult
18-29 (Young Adult),M,3.6,1,Adult
18-29 (Young Adult),F,7.9,1,Adult
18-29 (Young Adult),M,2.1,1,Adult
30-45 (Adult),F,5.2,1,Adult
18-29 (Young Adult),F,3.7,1,Adult
30-45 (Adult),F,5.8,1,Adult
18-29 (Young Adult),F,2.0,1,Adult
18-29 (Young Adult),M,4.3,1,Adult
18-29 (Young Adult),M,6.1,0,Adult
18-29 (Young Adult),F,3.5,0,Adult
30-45 (Adult),F,9.7,1,Adult
18-29 (Young Adult),M,6.2,1,Adult
30-45 (Adult),M,9.2,1,Adult
30-45 (Adult),M,2.1,1,Adult
30-45 (Adult),F,1.8,0,Adult
18-29 (Young Adult),M,6.8,0,Adult
18-29 (Young Adult),F,6.7,0,Adult
30-45 (Adult),M,9.0,1,Adult
30-45 (Adult),F,2.5,0,Adult
30-45 (Adult),M,1.3,1,Adult
18-29 (Young Adult),M,8.6,1,Adult
18-29 (Young Adult),F,1.3,1,Adult
18-29 (Young Adult),M,5.5,1,Adult
30-45 (Adult),F,2.9,0,Adult
18-29 (Young Adult),F,2.9,0,Adult
30-45 (Adult),M,5.1,1,Adult
18-29 (Young Adult),M,5.4,1,Adult
18-29 (Young Adult),F,7.6,0,Adult
30-45 (Adult),M,1.9,1,Adult
30-45 (Adult),M,6.7,1,Adult
30-45 (Adult),F,1.0,0,Adult
18-29 (Young Adult),F,4.1,1,Adult
18-29 (Young Adult),F,2.9,0,Adult
30-45 (Adult),M,5.8,1,Adult
30-45 (Adult),M,8.3,0,Adult
30-45 (Adult),F,8.4,0,Adult
30-45 (Adult),M,2.2,1,Adult
18-29 (Young Adult),F,2.5,0,Adult
30-45 (Adult),M,2.0,0,Adult
30-45 (Adult),F,2.7,1,Adult
30-45 (Adult),M,9.8,0,Adult
18-29 (Young Adult),F,7.8,1,Adult
30-45 (Adult),F,7.1,1,Adult
18-29 (Young Adult),M,4.5,1,Adult
18-29 (Young Adult),F,10.0,0,Adult
30-45 (Adult),F,1.1,1,Adult
30-45 (Adult),M,5.1,0,Adult
30-45 (Adult),M,8.2,1,Adult
30-45 (Adult),F,4.6,0,Adult
18-29 (Young Adult),F,6.8,1,Adult
18-29 (Young Adult),F,9.7,0,Adult
18-29 (Young Adult),F,8.2,1,Adult
18-29 (Young Adult),M,3.6,1,Adult
18-29 (Young Adult),M,1.8,0,Adult
30-45 (Adult),F,1.7,1,Adult
18-29 (Young Adult),F,1.4,0,Adult
30-45 (Adult),F,1.9,1,Adult
30-45 (Adult),M,8.8,0,Adult
30-45 (Adult),F,4.1,0,Adult
30-45 (Adult),F,9.9,0,Adult
18-29 (Young Adult),M,8.3,1,Adult
18-29 (Young Adult),F,1.5,0,Adult
18-29 (Young Adult),M,6.2,1,Adult
30-45 (Adult),F,6.7,1,Adult
30-45 (Adult),F,8.5,1,Adult
30-45 (Adult),M,7.6,1,Adult
30-45 (Adult),M,4.9,1,Adult
30-45 (Adult),F,5.8,0,Adult
30-45 (Adult),F,8.3,0,Adult
18-29 (Young Adult),M,4.2,1,Adult
30-45 (Adult),M,3.2,1,Adult
30-45 (Adult),M,7.3,0,Adult
30-45 (Adult),F,9.7,0,Adult
30-45 (Adult),F,9.3,0,Adult
30-45 (Adult),M,5.9,0,Adult
30-45 (Adult),F,9.2,0,Adult
18-29 (Young Adult),F,4.1,1,Adult
30-45 (Adult),M,7.9,0,Adult
30-45 (Adult),F,7.8,1,Adult
30-45 (Adult),M,3.7,0,Adult
30-45 (Adult),F,9.4,1,Adult
18-29 (Young Adult),M,2.1,1,Adult
30-45 (Adult),M,6.0,1,Adult
30-45 (Adult),M,6.9,0,Adult
30-45 (Adult),M,1.2,1,Adult
30-45 (Adult),M,8.5,1,Adult
30-45 (Adult),M,4.0,0,Adult
30-45 (Adult),M,9.8,0,Adult
18-29 (Young Adult),M,2.3,1,Adult
18-29 (Young Adult),M,8.8,0,Adult
30-45 (Adult),M,3.4,1,Adult
30-45 (Adult),M,8.1,0,Adult
30-45 (Adult),M,3.6,1,Adult
18-29 (Young Adult),M,1.4,0,Adult
18-29 (Young Adult),F,9.8,1,Adult
18-29 (Young Adult),M,8.7,1,Adult
30-45 (Adult),F,3.1,0,Adult
18-29 (Young Adult),F,9.0,1,Adult
18-29 (Young Adult),M,1.9,1,Adult
30-45 (Adult),F,7.8,1,Adult
18-29 (Young Adult),M,8.7,1,Adult
18-29 (Young Adult),M,1.7,0,Adult
30-45 (Adult),M,7.3,1,Adult
30-45 (Adult),M,5.5,1,Adult
18-29 (Young Adult),F,3.2,1,Adult
30-45 (Adult),M,6.9,1,Adult
18-29 (Young Adult),M,9.8,1,Adult
18-29 (Young Adult),M,6.1,1,Adult
30-45 (Adult),M,5.5,1,Adult
30-45 (Adult),F,4.9,0,Adult
30-45 (Adult),F,6.5,1,Adult
30-45 (Adult),F,3.2,1,Adult
30-45 (Adult),F,1.1,1,Adult
30-45 (Adult),M,4.7,0,Adult
18-29 (Young Adult),M,6.9,0,Adult
18-29 (Young Adult),M,5.7,0,Adult
18-29 (Young Adult),F,5.5,1,Adult
30-45 (Adult),M,8.0,1,Adult
18-29 (Young Adult),F,1.4,1,Adult
18-29 (Young Adult),F,1.3,1,Adult
30-45 (Adult),M,9.9,1,Adult
30-45 (Adult),F,4.4,0,Adult
18-29 (Young Adult),F,9.1,1,Adult
30-45 (Adult),F,6.6,0,Adult
18-29 (Young Adult),F,1.2,1,Adult
30-45 (Adult),M,4.7,1,Adult
18-29 (Young Adult),M,1.3,0,Adult
30-45 (Adult),M,1.9,1,Adult
18-29 (Young Adult),F,5.7,0,Adult
30-45 (Adult),F,1.1,1,Adult
18-29 (Young Adult),M,5.4,1,Adult
30-45 (Adult),F,7.0,0,Adult
18-29 (Young Adult),F,3.4,1,Adult
30-45 (Adult),F,4.3,1,Adult
18-29 (Young Adult),M,5.4,0,Adult
30-45 (Adult),M,1.4,1,Adult
30-45 (Adult),M,6.5,1,Adult
30-45 (Adult),F,6.9,0,Adult
30-45 (Adult),M,6.6,1,Adult
30-45 (Adult),M,7.9,1,Adult
30-45 (Adult),F,6.4,0,Adult
30-45 (Adult),M,6.6,1,Adult
30-45 (Adult),F,4.0,0,Adult
30-45 (Adult),F,9.5,0,Adult
30-45 (Adult),F,5.8,1,Adult
30-45 (Adult),M,8.3,1,Adult
18-29 (Young Adult),F,4.6,0,Adult
30-45 (Adult),M,7.9,1,Adult
30-45 (Adult),F,2.5,1,Adult
18-29 (Young Adult),F,4.9,1,Adult
30-45 (Adult),F,9.0,1,Adult
18-29 (Young Adult),F,5.6,1,Adult
30-45 (Adult),F,9.7,1,Adult
18-29 (Young Adult),F,5.5,1,Adult
18-29 (Young Adult),M,1.5,0,Adult
30-45 (Adult),M,6.1,1,Adult
30-45 (Adult),M,4.1,0,Adult
18-29 (Young Adult),M,3.8,0,Adult
18-29 (Young Adult),M,7.3,1,Adult
18-29 (Young Adult),M,5.5,1,Adult
30-45 (Adult),F,1.1,0,Adult
30-45 (Adult),F,3.7,1,Adult
30-45 (Adult),F,6.3,0,Adult
30-45 (Adult),F,4.5,1,Adult
18-29 (Young Adult),M,1.7,0,Adult
18-29 (Young Adult),M,4.6,1,Adult
18-29 (Young Adult),F,3.1,0,Adult
18-29 (Young Adult),M,7.7,0,Adult
30-45 (Adult),F,9.5,0,Adult
18-29 (Young Adult),M,1.5,1,Adult
30-45 (Adult),F,1.9,1,Adult
30-45 (Adult),F,4.7,0,Adult
30-45 (Adult),F,4.9,1,Adult
30-45 (Adult),M,9.9,0,Adult
30-45 (Adult),F,7.4,1,Adult
18-29 (Young Adult),M,7.3,1,Adult
18-29 (Young Adult),F,5.7,0,Adult
30-45 (Adult),M,9.3,0,Adult
30-45 (Adult),F,6.9,0,Adult
30-45 (Adult),M,8.5,0,Adult
18-29 (Young Adult),M,7.6,0,Adult
30-45 (Adult),M,6.9,1,Adult
30-45 (Adult),M,3.6,1,Adult
18-29 (Young Adult),F,6.0,0,Adult
30-45 (Adult),M,8.8,1,Adult
30-45 (Adult),F,3.5,1,Adult
18-29 (Young Adult),F,3.6,0,Adult
30-45 (Adult),M,9.6,1,Adult
30-45 (Adult),F,3.9,1,Adult
30-45 (Adult),M,3.9,1,Adult
30-45 (Adult),F,7.9,1,Adult
18-29 (Young Adult),M,4.7,1,Adult
18-29 (Young Adult),M,3.8,1,Adult
30-45 (Adult),M,7.8,1,Adult
18-29 (Young Adult),F,1.6,1,Adult
30-45 (Adult),F,5.5,1,Adult
30-45 (Adult),F,2.9,1,Adult
18-29 (Young Adult),M,2.0,0,Adult
30-45 (Adult),M,6.9,1,Adult
18-29 (Young Adult),M,8.3,1,Adult
30-45 (Adult),M,6.5,1,Adult
30-45 (Adult),M,2.8,1,Adult
18-29 (Young Adult),F,4.4,0,Adult
30-45 (Adult),F,1.8,0,Adult
18-29 (Young Adult),M,2.2,1,Adult
18-29 (Young Adult),F,1.4,1,Adult
18-29 (Young Adult),M,8.5,1,Adult
30-45 (Adult),M,8.8,1,Adult
18-29 (Young Adult),M,4.7,1,Adult
18-29 (Young Adult),M,5.1,1,Adult
18-29 (Young Adult),M,1.7,1,Adult
30-45 (Adult),M,4.5,0,Adult
30-45 (Adult),F,8.8,1,Adult
30-45 (Adult),M,3.3,1,Adult
18-29 (Young Adult),M,2.9,1,Adult
30-45 (Adult),M,5.9,1,Adult
30-45 (Adult),M,8.8,1,Adult
30-45 (Adult),M,4.6,1,Adult
18-29 (Young Adult),M,5.1,0,Adult
18-29 (Young Adult),M,6.1,1,Adult
18-29 (Young Adult),M,1.8,1,Adult
18-29 (Young Adult),M,4.0,1,Adult
30-45 (Adult),M,3.8,1,Adult
18-29 (Young Adult),F,6.9,1,Adult
18-29 (Young Adult),F,7.5,1,Adult
18-29 (Young Adult),M,1.7,0,Adult
30-45 (Adult),F,3.4,0,Adult
18-29 (Young Adult),F,6.2,0,Adult
18-29 (Young Adult),M,2.9,1,Adult
30-45 (Adult),M,6.7,0,Adult
18-29 (Young Adult),F,8.4,1,Adult
30-45 (Adult),M,9.0,0,Adult
18-29 (Young Adult),M,2.6,1,Adult
18-29 (Young Adult),F,3.4,1,Adult
30-45 (Adult),F,4.3,1,Adult
30-45 (Adult),F,6.9,1,Adult
18-29 (Young Adult),M,3.8,1,Adult
30-45 (Adult),M,9.8,0,Adult
18-29 (Young Adult),F,7.8,0,Adult
18-29 (Young Adult),M,9.5,0,Adult
18-29 (Young Adult),F,4.9,1,Adult
18-29 (Young Adult),M,8.5,1,Adult
18-29 (Young Adult),F,1.4,1,Adult
30-45 (Adult),F,2.3,1,Adult
18-29 (Young Adult),M,8.8,1,Adult
30-45 (Adult),F,2.1,1,Adult
30-45 (Adult),M,1.6,0,Adult
18-29 (Young Adult),M,8.2,1,Adult
30-45 (Adult),F,7.8,0,Adult
30-45 (Adult),F,5.8,0,Adult
30-45 (Adult),F,2.3,0,Adult
30-45 (Adult),F,8.3,0,Adult
18-29 (Young Adult),M,3.0,1,Adult
30-45 (Adult),F,9.4,0,Adult
30-45 (Adult),M,8.1,0,Adult
30-45 (Adult),M,3.3,1,Adult
18-29 (Young Adult),F,7.0,0,Adult
18-29 (Young Adult),M,5.5,1,Adult
30-45 (Adult),M,9.6,1,Adult
30-45 (Adult),M,3.1,0,Adult
30-45 (Adult),F,6.8,0,Adult
18-29 (Young Adult),F,8.5,1,Adult
18-29 (Young Adult),M,10.0,1,Adult
30-45 (Adult),F,2.7,1,Adult
30-45 (Adult),F,9.0,0,Adult
30-45 (Adult),F,3.8,0,Adult
18-29 (Young Adult),M,1.3,0,Adult
18-29 (Young Adult),M,7.7,0,Adult
18-29 (Young Adult),F,4.3,0,Adult
30-45 (Adult),F,4.6,0,Adult
18-29 (Young Adult),F,5.4,1,Adult
18-29 (Young Adult),F,8.8,1,Adult
18-29 (Young Adult),F,4.0,1,Adult
30-45 (Adult),M,1.6,1,Adult
30-45 (Adult),F,6.3,1,Adult
18-29 (Young Adult),F,5.9,1,Adult
30-45 (Adult),F,1.1,1,Adult
18-29 (Young Adult),M,6.8,1,Adult
30-45 (Adult),F,9.6,1,Adult
30-45 (Adult),F,7.8,1,Adult
30-45 (Adult),F,2.8,1,Adult
18-29 (Young Adult),F,6.5,1,Adult
18-29 (Young Adult),F,2.2,0,Adult
18-29 (Young Adult),F,8.1,1,Adult
30-45 (Adult),F,7.4,1,Adult
30-45 (Adult),F,6.5,0,Adult
30-45 (Adult),F,2.0,1,Adult
18-29 (Young Adult),M,8.7,1,Adult
30-45 (Adult),F,9.5,1,Adult
18-29 (Young Adult),F,8.2,0,Adult
30-45 (Adult),F,2.6,1,Adult
30-45 (Adult),M,6.5,1,Adult
30-45 (Adult),F,2.9,1,Adult
18-29 (Young Adult),M,4.4,1,Adult
18-29 (Young Adult),F,4.4,1,Adult
30-45 (Adult),M,8.1,1,Adult
18-29 (Young Adult),M,3.6,0,Adult
30-45 (Adult),M,3.5,1,Adult
18-29 (Young Adult),M,2.7,1,Adult
30-45 (Adult),F,3.3,0,Adult
18-29 (Young Adult),F,1.9,0,Adult
18-29 (Young Adult),M,6.9,1,Adult
30-45 (Adult),F,3.6,0,Adult
18-29 (Young Adult),F,7.3,1,Adult
30-45 (Adult),F,8.8,1,Adult
30-45 (Adult),M,9.3,0,Adult
30-45 (Adult),M,8.4,1,Adult
18-29 (Young Adult),F,8.2,1,Adult
30-45 (Adult),M,7.8,1,Adult
18-29 (Young Adult),F,5.1,0,Adult
18-29 (Young Adult),F,2.4,1,Adult
30-45 (Adult),F,7.5,1,Adult
18-29 (Young Adult),F,9.2,1,Adult
30-45 (Adult),M,6.2,1,Adult
30-45 (Adult),M,8.1,0,Adult
30-45 (Adult),F,4.9,1,Adult
30-45 (Adult),M,3.7,0,Adult
30-45 (Adult),F,4.0,1,Adult
18-29 (Young Adult),M,7.7,1,Adult
18-29 (Young Adult),F,5.5,1,Adult
30-45 (Adult),M,6.6,1,Adult
18-29 (Young Adult),F,1.5,0,Adult
18-29 (Young Adult),M,4.5,1,Adult
30-45 (Adult),F,5.9,1,Adult
18-29 (Young Adult),F,9.8,0,Adult
30-45 (Adult),F,5.6,0,Adult
18-29 (Young Adult),F,6.4,1,Adult
30-45 (Adult),M,6.5,1,Adult
30-45 (Adult),M,5.3,1,Adult
18-29 (Young Adult),F,8.9,1,Adult
18-29 (Young Adult),M,6.1,0,Adult
18-29 (Young Adult),M,3.1,0,Adult
18-29 (Young Adult),F,6.4,1,Adult
18-29 (Young Adult),M,7.5,1,Adult
30-45 (Adult),F,6.3,1,Adult
18-29 (Young Adult),F,9.1,1,Adult
18-29 (Young Adult),F,7.9,1,Adult
30-45 (Adult),M,4.1,0,Adult
18-29 (Young Adult),M,1.9,0,Adult
30-45 (Adult),F,8.7,1,Adult
18-29 (Young Adult),F,7.6,1,Adult
30-45 (Adult),M,5.7,1,Adult
30-45 (Adult),F,3.2,0,Adult
18-29 (Young Adult),F,6.4,1,Adult
30-45 (Adult),M,8.4,1,Adult
30-45 (Adult),F,2.0,1,Adult
18-29 (Young Adult),M,8.0,1,Adult
30-45 (Adult),F,6.4,1,Adult
30-45 (Adult),F,5.3,1,Adult
18-29 (Young Adult),F,3.5,0,Adult
30-45 (Adult),F,7.8,0,Adult
30-45 (Adult),F,8.2,0,Adult
30-45 (Adult),M,3.5,1,Adult
30-45 (Adult),M,2.2,0,Adult
18-29 (Young Adult),M,2.8,1,Adult
30-45 (Adult),M,1.7,1,Adult
30-45 (Adult),M,1.4,1,Adult
30-45 (Adult),M,2.2,1,Adult
18-29 (Young Adult),F,7.8,1,Adult
30-45 (Adult),F,4.4,1,Adult
18-29 (Young Adult),M,1.3,0,Adult
30-45 (Adult),M,9.8,1,Adult
18-29 (Young Adult),F,5.8,1,Adult
18-29 (Young Adult),M,6.9,1,Adult
30-45 (Adult),M,7.7,1,Adult
18-29 (Young Adult),F,3.6,0,Adult
30-45 (Adult),M,4.7,0,Adult
18-29 (Young Adult),F,8.0,0,Adult
18-29 (Young Adult),F,8.4,0,Adult
18-29 (Young Adult),M,3.4,0,Adult
18-29 (Young Adult),F,5.8,1,Adult
30-45 (Adult),F,5.4,0,Adult
30-45 (Adult),F,2.0,0,Adult
30-45 (Adult),F,1.9,1,Adult
18-29 (Young Adult),M,7.2,1,Adult
30-45 (Adult),F,9.0,1,Adult
30-45 (Adult),F,4.6,1,Adult
30-45 (Adult),F,9.5,1,Adult
30-45 (Adult),F,2.0,0,Adult
18-29 (Young Adult),M,6.7,0,Adult
18-29 (Young Adult),M,2.5,0,Adult
30-45 (Adult),F,9.8,1,Adult
18-29 (Young Adult),M,6.4,1,Adult
30-45 (Adult),F,9.3,1,Adult
18-29 (Young Adult),M,10.0,1,Adult
30-45 (Adult),F,3.6,0,Adult
18-29 (Young Adult),F,6.6,0,Adult
18-29 (Young Adult),M,8.6,1,Adult
30-45 (Adult),F,8.9,0,Adult
30-45 (Adult),M,6.2,0,Adult
30-45 (Adult),M,3.3,1,Adult
30-45 (Adult),M,2.3,0,Adult
18-29 (Young Adult),M,4.0,0,Adult
18-29 (Young Adult),M,8.2,1,Adult
30-45 (Adult),F,2.5,1,Adult
30-45 (Adult),M,7.8,0,Adult
30-45 (Adult),F,3.8,1,Adult
30-45 (Adult),M,5.5,1,Adult
30-45 (Adult),F,4.3,0,Adult
30-45 (Adult),F,2.3,1,Adult
30-45 (Adult),F,4.6,1,Adult
30-45 (Adult),M,1.5,1,Adult
18-29 (Young Adult),M,1.6,1,Adult
18-29 (Young Adult),M,9.5,0,Adult
18-29 (Young Adult),M,1.3,0,Adult
30-45 (Adult),F,7.5,1,Adult
18-29 (Young Adult),F,5.1,0,Adult
30-45 (Adult),M,1.6,1,Adult
30-45 (Adult),M,7.2,0,Adult
18-29 (Young Adult),M,1.1,1,Adult
18-29 (Young Adult),M,2.5,0,Adult
18-29 (Young Adult),F,2.9,1,Adult
30-45 (Adult),F,2.7,1,Adult
18-29 (Young Adult),M,5.3,1,Adult
18-29 (Young Adult),M,5.4,1,Adult
30-45 (Adult),F,7.9,1,Adult
30-45 (Adult),F,4.8,1,Adult
18-29 (Young Adult),F,5.0,1,Adult
18-29 (Young Adult),F,7.0,1,Adult
30-45 (Adult),F,6.1,1,Adult
18-29 (Young Adult),M,3.8,1,Adult
30-45 (Adult),M,6.9,1,Adult
30-45 (Adult),F,1.7,1,Adult
18-29 (Young Adult),M,2.5,0,Adult
30-45 (Adult),M,5.3,1,Adult
30-45 (Adult),F,6.3,1,Adult
18-29 (Young Adult),M,9.9,1,Adult
18-29 (Young Adult),F,8.9,1,Adult
30-45 (Adult),F,6.3,0,Adult
18-29 (Young Adult),F,9.1,1,Adult
30-45 (Adult),F,7.3,1,Adult
30-45 (Adult),M,9.7,0,Adult
30-45 (Adult),F,4.3,1,Adult
18-29 (Young Adult),M,5.5,1,Adult
30-45 (Adult),M,7.9,1,Adult
18-29 (Young Adult),F,1.2,1,Adult
30-45 (Adult),F,7.7,0,Adult
18-29 (Young Adult),M,3.1,1,Adult
30-45 (Adult),M,2.0,1,Adult
18-29 (Young Adult),M,10.0,1,Adult
18-29 (Young Adult),F,2.9,1,Adult
30-45 (Adult),F,5.9,1,Adult
30-45 (Adult),M,5.3,1,Adult
30-45 (Adult),M,8.6,1,Adult
18-29 (Young Adult),M,6.0,1,Adult
18-29 (Young Adult),M,3.4,1,Adult
30-45 (Adult),M,4.4,1,Adult
18-29 (Young Adult),M,1.2,0,Adult
18-29 (Young Adult),M,5.2,1,Adult
18-29 (Young Adult),M,5.4,0,Adult
18-29 (Young Adult),F,4.7,1,Adult
30-45 (Adult),F,2.5,1,Adult
30-45 (Adult),M,5.7,1,Adult
18-29 (Young Adult),M,1.2,1,Adult
18-29 (Young Adult),M,2.6,1,Adult
18-29 (Young Adult),M,4.8,1,Adult
30-45 (Adult),M,1.5,1,Adult
30-45 (Adult),M,7.4,0,Adult
18-29 (Young Adult),M,1.2,0,Adult
30-45 (Adult),F,7.1,1,Adult
30-45 (Adult),F,9.1,0,Adult
30-45 (Adult),F,5.0,0,Adult
30-45 (Adult),M,2.2,1,Adult
18-29 (Young Adult),F,8.0,1,Adult
30-45 (Adult),M,3.4,1,Adult
18-29 (Young Adult),F,1.8,1,Adult
18-29 (Young Adult),F,3.0,1,Adult
18-29 (Young Adult),M,1.2,1,Adult
18-29 (Young Adult),F,4.3,1,Adult
30-45 (Adult),F,7.0,0,Adult
30-45 (Adult),M,3.4,1,Adult
30-45 (Adult),F,9.0,1,Adult
30-45 (Adult),F,6.7,1,Adult
18-29 (Young Adult),F,7.6,1,Adult
30-45 (Adult),F,7.5,1,Adult
18-29 (Young Adult),M,5.9,1,Adult
30-45 (Adult),M,9.8,0,Adult
30-45 (Adult),M,9.1,0,Adult
18-29 (Young Adult),M,2.5,0,Adult
18-29 (Young Adult),F,5.6,0,Adult
18-29 (Young Adult),F,8.3,1,Adult
30-45 (Adult),F,2.3,0,Adult
18-29 (Young Adult),F,7.4,0,Adult
18-29 (Young Adult),M,1.3,1,Adult
30-45 (Adult),F,4.1,1,Adult
18-29 (Young Adult),F,1.4,1,Adult
30-45 (Adult),F,5.8,1,Adult
30-45 (Adult),F,5.8,1,Adult
30-45 (Adult),M,6.0,1,Adult
18-29 (Young Adult),F,8.8,1,Adult
30-45 (Adult),F,3.8,1,Adult
30-45 (Adult),M,5.8,1,Adult
18-29 (Young Adult),M,8.8,0,Adult
30-45 (Adult),M,7.2,0,Adult
30-45 (Adult),F,4.5,1,Adult
18-29 (Young Adult),F,3.8,1,Adult
30-45 (Adult),M,7.8,1,Adult
30-45 (Adult),M,8.2,1,Adult
18-29 (Young Adult),F,7.6,0,Adult
30-45 (Adult),M,4.5,1,Adult
30-45 (Adult),F,1.9,1,Adult
30-45 (Adult),F,2.7,1,Adult
18-29 (Young Adult),F,9.5,0,Adult
30-45 (Adult),M,4.4,1,Adult
18-29 (Young Adult),M,1.7,1,Adult
30-45 (Adult),F,9.5,1,Adult
30-45 (Adult),F,4.5,0,Adult
30-45 (Adult),F,8.2,0,Adult
18-29 (Young Adult),F,7.0,1,Adult
30-45 (Adult),M,2.0,1,Adult
30-45 (Adult),F,7.6,0,Adult
18-29 (Young Adult),M,4.7,1,Adult
30-45 (Adult),M,4.8,1,Adult
18-29 (Young Adult),M,3.3,0,Adult
30-45 (Adult),M,4.4,1,Adult
18-29 (Young Adult),M,6.9,1,Adult
30-45 (Adult),M,3.7,0,Adult
30-45 (Adult),M,4.9,1,Adult
30-45 (Adult),F,4.1,1,Adult
18-29 (Young Adult),F,8.9,1,Adult
30-45 (Adult),F,1.2,1,Adult
18-29 (Young Adult),F,6.7,1,Adult
30-45 (Adult),M,5.3,0,Adult
30-45 (Adult),M,8.9,1,Adult
30-45 (Adult),F,3.3,1,Adult
30-45 (Adult),M,6.9,0,Adult
30-45 (Adult),M,3.9,0,Adult
18-29 (Young Adult),F,6.6,1,Adult
30-45 (Adult),M,1.3,1,Adult
30-45 (Adult),F,8.1,1,Adult
18-29 (Young Adult),F,2.0,1,Adult
30-45 (Adult),M,6.4,1,Adult
30-45 (Adult),F,9.5,0,Adult
18-29 (Young Adult),F,5.2,1,Adult
30-45 (Adult),M,9.3,0,Adult
30-45 (Adult),M,3.0,0,Adult
18-29 (Young Adult),F,5.9,0,Adult
18-29 (Young Adult),F,7.3,1,Adult
30-45 (Adult),M,5.4,0,Adult
30-45 (Adult),M,5.3,0,Adult
30-45 (Adult),F,5.7,1,Adult
18-29 (Young Adult),M,6.5,1,Adult
30-45 (Adult),F,9.5,1,Adult
18-29 (Young Adult),M,5.7,1,Adult
30-45 (Adult),M,6.6,1,Adult
18-29 (Young Adult),M,1.7,0,Adult
30-45 (Adult),M,2.6,1,Adult
30-45 (Adult),F,2.5,1,Adult
18-29 (Young Adult),F,8.0,1,Adult
30-45 (Adult),F,7.5,0,Adult
30-45 (Adult),F,5.0,1,Adult
18-29 (Young Adult),M,9.6,0,Adult
18-29 (Young Adult),F,1.6,1,Adult
30-45 (Adult),F,8.3,1,Adult
18-29 (Young Adult),F,2.5,0,Adult
30-45 (Adult),M,9.4,1,Adult
18-29 (Young Adult),F,1.3,1,Adult
30-45 (Adult),F,5.4,1,Adult
30-45 (Adult),M,8.1,0,Adult
30-45 (Adult),M,5.0,1,Adult
18-29 (Young Adult),M,4.2,0,Adult
30-45 (Adult),F,2.8,1,Adult
18-29 (Young Adult),M,3.9,0,Adult
30-45 (Adult),F,9.4,1,Adult
18-29 (Young Adult),F,8.5,1,Adult
18-29 (Young Adult),F,1.7,0,Adult
30-45 (Adult),M,5.9,1,Adult
18-29 (Young Adult),M,4.6,1,Adult
30-45 (Adult),F,6.5,1,Adult
30-45 (Adult),F,9.6,0,Adult
18-29 (Young Adult),F,9.2,0,Adult
30-45 (Adult),M,3.0,1,Adult
18-29 (Young Adult),M,7.8,1,Adult
30-45 (Adult),M,5.5,1,Adult
18-29 (Young Adult),M,4.7,1,Adult
30-45 (Adult),F,7.1,1,Adult
30-45 (Adult),F,6.2,1,Adult
18-29 (Young Adult),M,4.8,1,Adult
30-45 (Adult),F,7.1,0,Adult
18-29 (Young Adult),F,3.2,0,Adult
18-29 (Young Adult),M,3.5,1,Adult
30-45 (Adult),M,9.3,1,Adult
30-45 (Adult),F,2.6,1,Adult
30-45 (Adult),F,3.9,1,Adult
18-29 (Young Adult),M,9.6,1,Adult
18-29 (Young Adult),F,9.4,0,Adult
30-45 (Adult),F,5.1,1,Adult
18-29 (Young Adult),M,4.1,1,Adult
18-29 (Young Adult),M,8.6,1,Adult
30-45 (Adult),M,9.6,1,Adult
30-45 (Adult),F,3.3,1,Adult
30-45 (Adult),M,2.3,0,Adult
30-45 (Adult),M,4.1,1,Adult
18-29 (Young Adult),M,9.5,1,Adult
18-29 (Young Adult),F,2.6,1,Adult
18-29 (Young Adult),F,5.7,1,Adult
30-45 (Adult),F,2.7,1,Adult
18-29 (Young Adult),F,8.8,1,Adult
30-45 (Adult),M,8.6,1,Adult
30-45 (Adult),F,6.0,0,Adult
30-45 (Adult),M,3.9,1,Adult
30-45 (Adult),F,7.0,0,Adult
30-45 (Adult),F,2.8,1,Adult
30-45 (Adult),M,4.9,1,Adult
18-29 (Young Adult),M,9.5,1,Adult
30-45 (Adult),F,2.9,0,Adult
30-45 (Adult),F,2.9,0,Adult
18-29 (Young Adult),F,9.3,1,Adult
30-45 (Adult),F,3.4,1,Adult
18-29 (Young Adult),F,5.8,1,Adult
30-45 (Adult),M,8.3,1,Adult
30-45 (Adult),M,4.6,1,Adult
30-45 (Adult),F,9.8,0,Adult
18-29 (Young Adult),M,8.9,1,Adult
18-29 (Young Adult),F,9.6,1,Adult
18-29 (Young Adult),F,5.9,0,Adult
18-29 (Young Adult),F,8.8,1,Adult
30-45 (Adult),M,2.1,0,Adult
18-29 (Young Adult),F,9.8,0,Adult
18-29 (Young Adult),M,1.8,1,Adult
30-45 (Adult),F,1.8,0,Adult
30-45 (Adult),M,6.3,1,Adult
18-29 (Young Adult),F,8.1,0,Adult
18-29 (Young Adult),M,2.0,1,Adult
18-29 (Young Adult),F,7.7,0,Adult
18-29 (Young Adult),F,7.2,1,Adult
30-45 (Adult),F,6.0,1,Adult
30-45 (Adult),F,9.4,0,Adult
18-29 (Young Adult),F,7.0,1,Adult
30-45 (Adult),M,6.5,1,Adult
30-45 (Adult),M,6.8,0,Adult
18-29 (Young Adult),M,9.8,1,Adult
18-29 (Young Adult),M,1.5,0,Adult
30-45 (Adult),F,2.4,0,Adult
30-45 (Adult),M,3.8,0,Adult
18-29 (Young Adult),F,8.0,0,Adult
30-45 (Adult),F,5.8,1,Adult
18-29 (Young Adult),F,5.2,1,Adult
18-29 (Young Adult),F,4.7,0,Adult
18-29 (Young Adult),F,3.5,1,Adult
18-29 (Young Adult),M,5.7,1,Adult
30-45 (Adult),M,1.5,1,Adult
18-29 (Young Adult),M,9.6,0,Adult
18-29 (Young Adult),F,5.0,1,Adult
30-45 (Adult),M,1.1,1,Adult
18-29 (Young Adult),M,7.2,1,Adult
30-45 (Adult),M,6.5,0,Adult
18-29 (Young Adult),F,3.3,0,Adult
30-45 (Adult),M,2.9,1,Adult
18-29 (Young Adult),M,4.3,1,Adult
30-45 (Adult),F,8.2,1,Adult
18-29 (Young Adult),M,4.1,0,Adult
18-29 (Young Adult),F,8.2,0,Adult
30-45 (Adult),M,5.6,1,Adult
18-29 (Young Adult),F,8.5,0,Adult
30-45 (Adult),F,8.1,1,Adult
30-45 (Adult),M,9.3,1,Adult
30-45 (Adult),F,8.1,1,Adult
30-45 (Adult),M,7.7,1,Adult
30-45 (Adult),F,8.4,1,Adult
18-29 (Young Adult),F,9.0,0,Adult
18-29 (Young Adult),M,1.3,1,Adult
18-29 (Young Adult),F,3.3,1,Adult
18-29 (Young Adult),F,2.9,1,Adult
18-29 (Young Adult),F,8.2,0,Adult
18-29 (Young Adult),M,7.8,1,Adult
18-29 (Young Adult),F,8.0,1,Adult
30-45 (Adult),M,6.3,1,Adult
30-45 (Adult),M,5.0,1,Adult
18-29 (Young Adult),M,6.4,1,Adult
18-29 (Young Adult),M,8.4,1,Adult
18-29 (Young Adult),M,4.7,1,Adult
30-45 (Adult),M,4.7,1,Adult
30-45 (Adult),M,9.2,0,Adult
30-45 (Adult),M,5.7,1,Adult
30-45 (Adult),F,1.7,1,Adult
30-45 (Adult),M,8.4,1,Adult
30-45 (Adult),F,4.9,0,Adult
30-45 (Adult),F,8.4,1,Adult
18-29 (Young Adult),F,8.5,0,Adult
30-45 (Adult),M,1.5,1,Adult
30-45 (Adult),F,3.5,0,Adult
30-45 (Adult),M,5.2,1,Adult
18-29 (Young Adult),M,5.5,1,Adult
30-45 (Adult),F,8.4,1,Adult
30-45 (Adult),F,1.8,0,Adult
18-29 (Young Adult),F,4.8,1,Adult
18-29 (Young Adult),F,8.8,1,Adult
18-29 (Young Adult),F,9.3,1,Adult
30-45 (Adult),M,5.8,1,Adult
30-45 (Adult),F,6.8,1,Adult
18-29 (Young Adult),M,7.9,1,Adult
18-29 (Young Adult),M,2.8,1,Adult
18-29 (Young Adult),M,6.1,1,Adult
30-45 (Adult),M,3.0,0,Adult
18-29 (Young Adult),F,6.9,1,Adult
18-29 (Young Adult),M,8.3,1,Adult
18-29 (Young Adult),F,5.8,1,Adult
18-29 (Young Adult),M,7.6,1,Adult
30-45 (Adult),F,2.2,0,Adult
18-29 (Young Adult),M,2.8,1,Adult
30-45 (Adult),M,4.5,0,Adult
30-45 (Adult),M,8.0,0,Adult
18-29 (Young Adult),M,6.8,1,Adult
30-45 (Adult),F,7.5,0,Adult
18-29 (Young Adult),F,4.5,0,Adult
30-45 (Adult),F,3.1,0,Adult
30-45 (Adult),F,3.7,1,Adult
30-45 (Adult),M,7.8,1,Adult
30-45 (Adult),F,7.7,1,Adult
18-29 (Young Adult),M,7.2,1,Adult
30-45 (Adult),F,2.1,0,Adult
18-29 (Young Adult),F,6.0,1,Adult
18-29 (Young Adult),F,5.1,1,Adult
18-29 (Young Adult),F,9.3,0,Adult
18-29 (Young Adult),M,1.5,0,Adult
30-45 (Adult),M,1.6,0,Adult
18-29 (Young Adult),M,5.9,0,Adult
30-45 (Adult),M,6.8,1,Adult
30-45 (Adult),M,1.9,1,Adult
30-45 (Adult),M,7.9,1,Adult
18-29 (Young Adult),F,3.0,1,Adult
30-45 (Adult),F,6.5,1,Adult
30-45 (Adult),F,2.6,0,Adult
30-45 (Adult),F,4.5,1,Adult
18-29 (Young Adult),F,9.9,1,Adult
30-45 (Adult),F,7.4,0,Adult
18-29 (Young Adult),F,3.7,0,Adult
30-45 (Adult),M,6.2,0,Adult
30-45 (Adult),F,7.8,0,Adult
30-45 (Adult),F,1.6,0,Adult
18-29 (Young Adult),F,6.0,0,Adult
30-45 (Adult),F,8.6,1,Adult
18-29 (Young Adult),M,9.8,1,Adult
30-45 (Adult),F,4.9,1,Adult
18-29 (Young Adult),M,8.8,1,Adult
30-45 (Adult),M,4.9,1,Adult
30-45 (Adult),F,6.6,0,Adult
30-45 (Adult),M,5.3,0,Adult
30-45 (Adult),F,2.9,0,Adult
18-29 (Young Adult),M,3.2,1,Adult
30-45 (Adult),F,8.1,1,Adult
18-29 (Young Adult),M,2.2,1,Adult
18-29 (Young Adult),F,7.1,0,Adult
30-45 (Adult),M,8.5,1,Adult
30-45 (Adult),M,3.0,1,Adult
30-45 (Adult),M,4.8,1,Adult
30-45 (Adult),M,1.3,0,Adult
18-29 (Young Adult),F,8.5,1,Adult
18-29 (Young Adult),M,9.0,1,Adult
30-45 (Adult),F,7.6,1,Adult
18-29 (Young Adult),F,2.9,1,Adult
18-29 (Young Adult),F,2.7,1,Adult
30-45 (Adult),F,5.1,1,Adult
18-29 (Young Adult),M,1.2,1,Adult
18-29 (Young Adult),F,7.2,1,Adult
30-45 (Adult),M,5.6,1,Adult
18-29 (Young Adult),F,8.1,1,Adult
30-45 (Adult),M,9.7,0,Adult
18-29 (Young Adult),M,6.0,1,Adult
18-29 (Young Adult),M,9.0,0,Adult
30-45 (Adult),F,4.0,1,Adult
30-45 (Adult),F,8.3,1,Adult
30-45 (Adult),M,8.7,1,Adult
18-29 (Young Adult),F,8.3,1,Adult
18-29 (Young Adult),M,7.9,1,Adult
30-45 (Adult),M,8.2,0,Adult
18-29 (Young Adult),F,2.9,1,Adult
30-45 (Adult),M,4.6,1,Adult
30-45 (Adult),F,7.9,1,Adult
18-29 (Young Adult),M,2.9,1,Adult
18-29 (Young Adult),M,2.5,1,Adult
30-45 (Adult),F,8.2,0,Adult
18-29 (Young Adult),F,7.5,0,Adult
30-45 (Adult),M,4.5,1,Adult
30-45 (Adult),M,4.7,1,Adult
30-45 (Adult),M,9.5,1,Adult
18-29 (Young Adult),M,2.7,0,Adult
30-45 (Adult),F,1.6,1,Adult
30-45 (Adult),F,7.9,1,Adult
30-45 (Adult),M,1.8,1,Adult
18-29 (Young Adult),M,2.6,1,Adult
30-45 (Adult),M,6.1,1,Adult
18-29 (Young Adult),F,4.0,0,Adult
30-45 (Adult),F,6.1,1,Adult
30-45 (Adult),M,9.8,1,Adult
18-29 (Young Adult),M,8.7,1,Adult
30-45 (Adult),M,2.7,0,Adult
30-45 (Adult),M,1.7,1,Adult
18-29 (Young Adult),M,5.1,1,Adult
18-29 (Young Adult),F,2.2,0,Adult
18-29 (Young Adult),M,2.8,1,Adult
18-29 (Young Adult),F,2.8,1,Adult
30-45 (Adult),F,2.0,0,Adult
30-45 (Adult),M,4.4,1,Adult
18-29 (Young Adult),M,5.9,1,Adult
18-29 (Young Adult),M,2.2,1,Adult
18-29 (Young Adult),M,7.0,0,Adult
18-29 (Young Adult),M,7.0,0,Adult
18-29 (Young Adult),F,2.0,1,Adult
18-29 (Young Adult),F,6.8,1,Adult
18-29 (Young Adult),M,6.0,1,Adult
30-45 (Adult),M,4.2,1,Adult
18-29 (Young Adult),F,3.5,1,Adult
30-45 (Adult),F,7.8,1,Adult
18-29 (Young Adult),M,2.2,0,Adult
30-45 (Adult),F,7.9,1,Adult
30-45 (Adult),M,6.7,0,Adult
18-29 (Young Adult),F,3.0,0,Adult
18-29 (Young Adult),M,7.0,1,Adult
30-45 (Adult),F,1.5,0,Adult
30-45 (Adult),F,9.5,1,Adult
18-29 (Young Adult),F,8.0,1,Adult
30-45 (Adult),F,2.8,1,Adult
30-45 (Adult),M,2.4,1,Adult
30-45 (Adult),M,6.5,1,Adult
18-29 (Young Adult),M,1.6,1,Adult
30-45 (Adult),M,7.3,1,Adult
30-45 (Adult),M,6.1,1,Adult
18-29 (Young Adult),M,1.7,0,Adult
18-29 (Young Adult),M,6.4,1,Adult
30-45 (Adult),M,3.9,1,Adult
18-29 (Young Adult),F,4.0,1,Adult
30-45 (Adult),M,5.1,0,Adult
18-29 (Young Adult),F,4.4,0,Adult
30-45 (Adult),M,5.9,1,Adult
30-45 (Adult),M,7.0,1,Adult
30-45 (Adult),M,3.4,1,Adult
18-29 (Young Adult),M,3.6,1,Adult
18-29 (Young Adult),F,5.1,0,Adult
30-45 (Adult),F,10.0,0,Adult
18-29 (Young Adult),M,8.3,0,Adult
30-45 (Adult),M,7.6,1,Adult
18-29 (Young Adult),F,6.6,0,Adult
30-45 (Adult),M,8.7,1,Adult
30-45 (Adult),M,1.7,0,Adult
30-45 (Adult),M,8.5,1,Adult
30-45 (Adult),F,1.3,1,Adult
30-45 (Adult),M,5.7,1,Adult
18-29 (Young Adult),M,3.9,1,Adult
30-45 (Adult),M,4.2,1,Adult
18-29 (Young Adult),F,9.9,1,Adult
18-29 (Young Adult),M,9.8,1,Adult
18-29 (Young Adult),F,3.4,1,Adult
30-45 (Adult),M,3.8,0,Adult
18-29 (Young Adult),M,7.8,1,Adult
30-45 (Adult),M,4.3,0,Adult
30-45 (Adult),M,6.7,1,Adult
30-45 (Adult),M,1.5,1,Adult
18-29 (Young Adult),F,7.3,1,Adult
18-29 (Young Adult),M,9.2,1,Adult
18-29 (Young Adult),M,2.1,0,Adult
30-45 (Adult),F,9.8,0,Adult
30-45 (Adult),F,8.6,1,Adult
30-45 (Adult),F,6.9,1,Adult
30-45 (Adult),F,9.7,1,Adult
18-29 (Young Adult),F,3.4,1,Adult
30-45 (Adult),M,1.3,0,Adult
30-45 (Adult),M,5.4,1,Adult
30-45 (Adult),M,5.9,1,Adult
18-29 (Young Adult),F,1.7,1,Adult
30-45 (Adult),F,2.5,0,Adult
30-45 (Adult),M,1.7,1,Adult
30-45 (Adult),F,9.3,1,Adult
30-45 (Adult),F,6.0,0,Adult
30-45 (Adult),M,8.5,0,Adult
30-45 (Adult),F,6.4,1,Adult
18-29 (Young Adult),F,1.6,1,Adult
18-29 (Young Adult),F,1.5,0,Adult
30-45 (Adult),F,3.0,1,Adult
30-45 (Adult),F,9.7,0,Adult
18-29 (Young Adult),M,9.9,0,Adult
30-45 (Adult),F,3.9,1,Adult
30-45 (Adult),M,9.9,1,Adult
18-29 (Young Adult),F,3.9,1,Adult
18-29 (Young Adult),F,5.0,0,Adult
18-29 (Young Adult),M,5.0,1,Adult
18-29 (Young Adult),F,8.3,0,Adult
30-45 (Adult),M,9.0,1,Adult
18-29 (Young Adult),F,8.7,1,Adult
18-29 (Young Adult),F,8.2,1,Adult
18-29 (Young Adult),M,10.0,1,Adult
18-29 (Young Adult),F,6.4,1,Adult
18-29 (Young Adult),F,2.0,1,Adult
30-45 (Adult),M,6.0,1,Adult
30-45 (Adult),M,2.4,0,Adult
18-29 (Young Adult),F,6.8,1,Adult
18-29 (Young Adult),F,8.2,1,Adult
30-45 (Adult),M,8.0,1,Adult
30-45 (Adult),M,2.3,1,Adult
30-45 (Adult),M,4.6,1,Adult
18-29 (Young Adult),M,7.5,0,Adult
30-45 (Adult),F,4.9,1,Adult
30-45 (Adult),M,4.5,1,Adult
30-45 (Adult),M,5.9,1,Adult
30-45 (Adult),M,1.4,1,Adult
18-29 (Young Adult),M,3.6,0,Adult
30-45 (Adult),F,2.0,1,Adult
30-45 (Adult),F,6.7,0,Adult
18-29 (Young Adult),M,5.1,0,Adult
30-45 (Adult),M,2.0,1,Adult
18-29 (Young Adult),F,1.9,0,Adult
30-45 (Adult),M,2.7,1,Adult
18-29 (Young Adult),M,8.0,1,Adult
30-45 (Adult),M,3.5,1,Adult
18-29 (Young Adult),F,9.2,1,Adult
18-29 (Young Adult),M,6.1,0,Adult
30-45 (Adult),F,3.3,1,Adult
30-45 (Adult),M,9.6,1,Adult
30-45 (Adult),F,2.7,1,Adult
30-45 (Adult),F,8.9,1,Adult
30-45 (Adult),F,3.6,1,Adult
30-45 (Adult),F,7.7,1,Adult
30-45 (Adult),F,4.7,0,Adult
18-29 (Young Adult),F,3.3,1,Adult
30-45 (Adult),M,6.5,1,Adult
18-29 (Young Adult),F,7.7,1,Adult
18-29 (Young Adult),M,4.5,0,Adult
30-45 (Adult),M,2.6,0,Adult
30-45 (Adult),M,5.9,1,Adult
30-45 (Adult),M,3.6,0,Adult
30-45 (Adult),F,2.6,0,Adult
18-29 (Young Adult),F,3.5,0,Adult
30-45 (Adult),F,4.6,1,Adult
30-45 (Adult),M,9.3,1,Adult
30-45 (Adult),F,2.4,1,Adult
18-29 (Young Adult),M,8.4,0,Adult
30-45 (Adult),F,7.1,0,Adult
30-45 (Adult),F,6.4,1,Adult
18-29 (Young Adult),F,7.3,1,Adult
18-29 (Young Adult),M,3.0,1,Adult
30-45 (Adult),F,6.9,0,Adult
30-45 (Adult),F,7.0,1,Adult
18-29 (Young Adult),M,1.0,1,Adult
30-45 (Adult),M,9.0,0,Adult
30-45 (Adult),M,6.3,1,Adult
18-29 (Young Adult),F,3.5,1,Adult
30-45 (Adult),M,6.1,1,Adult
30-45 (Adult),M,1.5,0,Adult
18-29 (Young Adult),F,3.1,1,Adult
30-45 (Adult),M,2.0,1,Adult
30-45 (Adult),M,6.7,1,Adult
30-45 (Adult),M,2.3,1,Adult
30-45 (Adult),M,1.1,1,Adult
30-45 (Adult),M,1.9,1,Adult
18-29 (Young Adult),M,6.1,0,Adult
30-45 (Adult),F,1.5,0,Adult
18-29 (Young Adult),F,5.5,1,Adult
18-29 (Young Adult),F,9.8,1,Adult
30-45 (Adult),F,6.5,1,Adult
18-29 (Young Adult),M,4.1,0,Adult
30-45 (Adult),F,1.4,1,Adult
30-45 (Adult),M,3.7,1,Adult
30-45 (Adult),M,2.3,1,Adult
18-29 (Young Adult),M,2.3,1,Adult
30-45 (Adult),F,6.5,0,Adult
18-29 (Young Adult),F,4.9,0,Adult
18-29 (Young Adult),F,8.9,1,Adult
30-45 (Adult),F,4.8,1,Adult
30-45 (Adult),F,7.3,0,Adult
18-29 (Young Adult),M,7.6,1,Adult
30-45 (Adult),M,6.0,0,Adult
18-29 (Young Adult),M,3.2,1,Adult
30-45 (Adult),M,4.0,1,Adult
30-45 (Adult),M,3.6,1,Adult
18-29 (Young Adult),F,1.0,0,Adult
18-29 (Young Adult),F,9.4,0,Adult
30-45 (Adult),F,8.8,1,Adult
30-45 (Adult),M,8.6,0,Adult
18-29 (Young Adult),M,3.9,1,Adult
30-45 (Adult),M,3.2,1,Adult
18-29 (Young Adult),F,8.3,0,Adult
30-45 (Adult),F,5.6,1,Adult
30-45 (Adult),M,4.8,1,Adult
30-45 (Adult),F,8.2,1,Adult
30-45 (Adult),M,2.2,1,Adult
18-29 (Young Adult),M,6.3,1,Adult
18-29 (Young Adult),M,9.0,1,Adult
30-45 (Adult),M,8.9,1,Adult
30-45 (Adult),F,7.2,1,Adult
18-29 (Young Adult),F,8.3,0,Adult
18-29 (Young Adult),F,5.4,1,Adult
30-45 (Adult),F,9.9,1,Adult
18-29 (Young Adult),M,5.2,0,Adult
30-45 (Adult),M,9.3,1,Adult
30-45 (Adult),F,1.8,1,Adult
18-29 (Young Adult),F,4.1,1,Adult
18-29 (Young Adult),F,1.8,1,Adult
18-29 (Young Adult),M,6.0,1,Adult
18-29 (Young Adult),M,2.7,1,Adult
30-45 (Adult),F,4.5,0,Adult
18-29 (Young Adult),M,9.9,1,Adult
30-45 (Adult),F,5.9,1,Adult
18-29 (Young Adult),M,6.4,1,Adult
30-45 (Adult),F,2.8,0,Adult
18-29 (Young Adult),F,7.0,1,Adult
18-29 (Young Adult),F,5.1,1,Adult
30-45 (Adult),M,3.4,1,Adult
30-45 (Adult),M,1.3,1,Adult
18-29 (Young Adult),M,6.0,1,Adult
18-29 (Young Adult),F,4.1,1,Adult
30-45 (Adult),M,1.9,0,Adult
30-45 (Adult),M,6.0,0,Adult
18-29 (Young Adult),M,4.4,1,Adult
18-29 (Young Adult),M,4.1,1,Adult
18-29 (Young Adult),M,6.9,0,Adult
18-29 (Young Adult),M,2.6,1,Adult
30-45 (Adult),M,5.7,0,Adult
18-29 (Young Adult),F,7.8,0,Adult
18-29 (Young Adult),M,4.2,1,Adult
18-29 (Young Adult),F,2.5,0,Adult
30-45 (Adult),M,1.1,1,Adult
30-45 (Adult),F,4.8,1,Adult
30-45 (Adult),M,7.3,1,Adult
30-45 (Adult),M,7.2,1,Adult
18-29 (Young Adult),F,7.6,1,Adult
18-29 (Young Adult),F,9.8,0,Adult
30-45 (Adult),M,4.1,1,Adult
18-29 (Young Adult),F,5.3,1,Adult
18-29 (Young Adult),M,3.6,1,Adult
30-45 (Adult),F,1.5,0,Adult
30-45 (Adult),F,6.9,1,Adult
30-45 (Adult),M,8.1,0,Adult
18-29 (Young Adult),F,7.2,1,Adult
30-45 (Adult),F,7.3,1,Adult
18-29 (Young Adult),F,6.7,1,Adult
18-29 (Young Adult),M,8.4,1,Adult
30-45 (Adult),M,1.5,1,Adult
30-45 (Adult),M,9.1,1,Adult
30-45 (Adult),F,3.3,1,Adult
18-29 (Young Adult),F,5.7,1,Adult
18-29 (Young Adult),F,8.4,1,Adult
18-29 (Young Adult),M,5.4,1,Adult
30-45 (Adult),M,3.7,0,Adult
18-29 (Young Adult),F,1.7,0,Adult
30-45 (Adult),M,9.1,0,Adult
18-29 (Young Adult),F,4.9,1,Adult
30-45 (Adult),F,2.9,1,Adult
18-29 (Young Adult),F,4.7,1,Adult
18-29 (Young Adult),M,9.9,1,Adult
18-29 (Young Adult),F,7.0,0,Adult
30-45 (Adult),F,3.5,0,Adult
30-45 (Adult),M,6.6,0,Adult
30-45 (Adult),M,9.3,0,Adult
18-29 (Young Adult),F,7.6,1,Adult
18-29 (Young Adult),M,3.9,1,Adult
30-45 (Adult),M,5.3,1,Adult
30-45 (Adult),M,4.3,1,Adult
30-45 (Adult),M,3.9,1,Adult
18-29 (Young Adult),M,4.5,1,Adult
18-29 (Young Adult),M,5.7,0,Adult
30-45 (Adult),F,2.3,1,Adult
30-45 (Adult),F,8.5,0,Adult
30-45 (Adult),F,1.8,0,Adult
18-29 (Young Adult),F,9.8,1,Adult
18-29 (Young Adult),M,4.8,0,Adult
30-45 (Adult),F,1.6,0,Adult
18-29 (Young Adult),M,4.1,0,Adult
30-45 (Adult),F,3.6,0,Adult
18-29 (Young Adult),M,7.5,1,Adult
30-45 (Adult),M,5.7,1,Adult
18-29 (Young Adult),M,5.0,1,Adult
30-45 (Adult),F,8.0,1,Adult
30-45 (Adult),M,2.9,1,Adult
30-45 (Adult),F,7.4,1,Adult
30-45 (Adult),M,9.1,1,Adult
30-45 (Adult),F,6.2,1,Adult
18-29 (Young Adult),M,4.3,1,Adult
30-45 (Adult),F,8.5,0,Adult
30-45 (Adult),F,8.3,1,Adult
18-29 (Young Adult),M,9.6,1,Adult
30-45 (Adult),F,6.3,1,Adult
18-29 (Young Adult),F,2.6,1,Adult
18-29 (Young Adult),M,5.8,0,Adult
18-29 (Young Adult),M,9.8,1,Adult
30-45 (Adult),F,5.6,1,Adult
18-29 (Young Adult),M,9.5,0,Adult
30-45 (Adult),F,3.3,1,Adult
30-45 (Adult),F,1.4,1,Adult
30-45 (Adult),F,3.2,1,Adult
30-45 (Adult),M,3.6,1,Adult
18-29 (Young Adult),F,6.4,0,Adult
18-29 (Young Adult),M,5.1,0,Adult
18-29 (Young Adult),M,2.8,1,Adult
18-29 (Young Adult),M,9.1,0,Adult
30-45 (Adult),F,9.4,1,Adult
30-45 (Adult),M,1.3,1,Adult
18-29 (Young Adult),F,2.2,1,Adult
18-29 (Young Adult),F,9.9,1,Adult
30-45 (Adult),F,5.2,1,Adult
30-45 (Adult),M,2.9,0,Adult
18-29 (Young Adult),F,5.5,1,Adult
18-29 (Young Adult),F,4.4,1,Adult
30-45 (Adult),F,5.0,0,Adult
30-45 (Adult),F,2.2,1,Adult
30-45 (Adult),F,7.3,1,Adult
18-29 (Young Adult),M,7.1,1,Adult
30-45 (Adult),M,5.7,0,Adult
30-45 (Adult),M,3.7,1,Adult
30-45 (Adult),M,3.0,1,Adult
30-45 (Adult),M,1.0,1,Adult
18-29 (Young Adult),M,5.2,1,Adult
18-29 (Young Adult),F,9.2,1,Adult
18-29 (Young Adult),M,6.6,0,Adult
30-45 (Adult),F,1.6,1,Adult
30-45 (Adult),M,8.0,1,Adult
30-45 (Adult),M,9.4,1,Adult
18-29 (Young Adult),M,7.9,0,Adult
30-45 (Adult),M,4.4,0,Adult
30-45 (Adult),M,3.6,1,Adult
30-45 (Adult),M,2.3,1,Adult
30-45 (Adult),F,4.5,1,Adult
30-45 (Adult),M,2.9,1,Adult
18-29 (Young Adult),M,1.3,0,Adult
18-29 (Young Adult),M,8.1,1,Adult
18-29 (Young Adult),M,9.3,0,Adult
30-45 (Adult),F,8.9,1,Adult
30-45 (Adult),F,7.8,1,Adult
18-29 (Young Adult),M,7.9,1,Adult
30-45 (Adult),F,7.2,1,Adult
30-45 (Adult),M,4.4,1,Adult
30-45 (Adult),M,1.1,1,Adult
30-45 (Adult),M,2.2,1,Adult
30-45 (Adult),M,1.5,1,Adult
18-29 (Young Adult),M,7.2,1,Adult
18-29 (Young Adult),F,9.2,1,Adult
30-45 (Adult),F,8.1,1,Adult
30-45 (Adult),F,8.9,0,Adult
30-45 (Adult),M,3.9,1,Adult
30-45 (Adult),M,8.8,0,Adult
30-45 (Adult),F,7.5,1,Adult
18-29 (Young Adult),M,4.4,1,Adult
30-45 (Adult),M,6.1,1,Adult
18-29 (Young Adult),F,6.3,1,Adult
30-45 (Adult),M,7.3,0,Adult
30-45 (Adult),F,8.9,1,Adult
18-29 (Young Adult),F,6.2,1,Adult
18-29 (Young Adult),F,8.8,1,Adult
30-45 (Adult),F,9.4,1,Adult
18-29 (Young Adult),F,9.6,1,Adult
30-45 (Adult),M,2.3,1,Adult
18-29 (Young Adult),F,4.8,1,Adult
30-45 (Adult),M,5.1,1,Adult
30-45 (Adult),F,1.8,1,Adult
30-45 (Adult),M,2.8,1,Adult
18-29 (Young Adult),F,1.6,1,Adult
30-45 (Adult),M,4.2,1,Adult
30-45 (Adult),F,5.1,1,Adult
30-45 (Adult),F,1.4,1,Adult
18-29 (Young Adult),M,6.4,1,Adult
30-45 (Adult),F,5.8,1,Adult
18-29 (Young Adult),M,2.0,0,Adult
30-45 (Adult),F,5.8,0,Adult
18-29 (Young Adult),M,2.0,1,Adult
30-45 (Adult),M,9.0,1,Adult
30-45 (Adult),F,3.6,1,Adult
30-45 (Adult),F,2.0,1,Adult
30-45 (Adult),M,7.2,0,Adult
18-29 (Young Adult),M,1.2,0,Adult
18-29 (Young Adult),M,2.3,0,Adult
30-45 (Adult),M,5.1,1,Adult
18-29 (Young Adult),F,8.0,1,Adult
30-45 (Adult),M,9.9,1,Adult
18-29 (Young Adult),F,8.4,1,Adult
30-45 (Adult),M,2.6,0,Adult
30-45 (Adult),M,5.7,0,Adult
30-45 (Adult),F,5.9,1,Adult
30-45 (Adult),M,3.7,0,Adult
30-45 (Adult),M,5.6,0,Adult
30-45 (Adult),F,1.4,1,Adult
30-45 (Adult),M,2.8,1,Adult
18-29 (Young Adult),F,5.4,0,Adult
30-45 (Adult),M,9.6,1,Adult
30-45 (Adult),M,8.9,1,Adult
30-45 (Adult),M,9.0,0,Adult
18-29 (Young Adult),F,4.3,0,Adult
18-29 (Young Adult),F,3.0,1,Adult
18-29 (Young Adult),F,4.9,1,Adult
30-45 (Adult),F,1.8,1,Adult
30-45 (Adult),F,10.0,1,Adult
18-29 (Young Adult),M,6.2,0,Adult
18-29 (Young Adult),M,8.2,0,Adult
18-29 (Young Adult),M,8.9,1,Adult
30-45 (Adult),F,5.3,0,Adult
30-45 (Adult),F,8.3,1,Adult
30-45 (Adult),F,4.2,1,Adult
30-45 (Adult),F,6.6,1,Adult
18-29 (Young Adult),F,8.5,1,Adult
18-29 (Young Adult),M,3.8,0,Adult
18-29 (Young Adult),M,9.3,1,Adult
18-29 (Young Adult),F,4.9,1,Adult
30-45 (Adult),F,3.1,1,Adult
30-45 (Adult),F,8.6,1,Adult
18-29 (Young Adult),F,5.3,0,Adult
30-45 (Adult),F,2.7,1,Adult
30-45 (Adult),M,1.3,1,Adult
30-45 (Adult),M,3.4,1,Adult
30-45 (Adult),M,1.6,1,Adult
18-29 (Young Adult),M,8.5,0,Adult
18-29 (Young Adult),M,3.6,0,Adult
30-45 (Adult),F,4.3,1,Adult
18-29 (Young Adult),F,4.9,1,Adult
18-29 (Young Adult),F,2.5,1,Adult
30-45 (Adult),F,5.9,0,Adult
30-45 (Adult),F,6.5,1,Adult
30-45 (Adult),F,6.3,1,Adult
30-45 (Adult),M,7.7,0,Adult
30-45 (Adult),M,9.4,0,Adult
18-29 (Young Adult),F,4.6,0,Adult
18-29 (Young Adult),F,7.8,1,Adult
30-45 (Adult),F,2.8,1,Adult
30-45 (Adult),F,3.6,1,Adult
30-45 (Adult),F,7.9,0,Adult
18-29 (Young Adult),F,2.4,1,Adult
18-29 (Young Adult),F,7.0,1,Adult
30-45 (Adult),F,4.5,1,Adult
30-45 (Adult),M,3.0,1,Adult
18-29 (Young Adult),M,4.8,1,Adult
30-45 (Adult),M,9.3,0,Adult
30-45 (Adult),M,6.3,0,Adult
30-45 (Adult),F,8.6,1,Adult
30-45 (Adult),F,6.2,1,Adult
30-45 (Adult),M,4.2,1,Adult
18-29 (Young Adult),M,8.6,0,Adult
30-45 (Adult),M,8.3,1,Adult
18-29 (Young Adult),F,2.7,0,Adult
18-29 (Young Adult),M,4.0,1,Adult
30-45 (Adult),F,8.6,1,Adult
30-45 (Adult),F,5.3,1,Adult
30-45 (Adult),M,3.9,1,Adult
18-29 (Young Adult),F,9.1,0,Adult
30-45 (Adult),M,1.7,1,Adult
30-45 (Adult),M,2.7,0,Adult
30-45 (Adult),F,6.4,1,Adult
30-45 (Adult),F,4.3,1,Adult
30-45 (Adult),M,9.1,1,Adult
18-29 (Young Adult),M,8.6,1,Adult
30-45 (Adult),F,5.0,1,Adult
30-45 (Adult),M,4.2,1,Adult
30-45 (Adult),F,2.6,1,Adult
30-45 (Adult),M,4.5,1,Adult
18-29 (Young Adult),M,6.1,1,Adult
30-45 (Adult),F,1.9,1,Adult
18-29 (Young Adult),M,4.7,1,Adult
30-45 (Adult),F,2.8,1,Adult
18-29 (Young Adult),M,4.7,1,Adult
30-45 (Adult),F,8.2,1,Adult
30-45 (Adult),F,7.6,0,Adult
18-29 (Young Adult),F,1.2,1,Adult
30-45 (Adult),M,10.0,1,Adult
30-45 (Adult),M,6.4,1,Adult
18-29 (Young Adult),M,3.9,0,Adult
18-29 (Young Adult),M,2.1,0,Adult
30-45 (Adult),M,5.2,1,Adult
30-45 (Adult),M,2.0,0,Adult
30-45 (Adult),F,4.5,0,Adult
30-45 (Adult),F,8.8,1,Adult
18-29 (Young Adult),F,4.0,1,Adult
18-29 (Young Adult),F,4.6,0,Adult
18-29 (Young Adult),F,5.9,1,Adult
30-45 (Adult),F,1.5,1,Adult
30-45 (Adult),F,2.7,1,Adult
30-45 (Adult),M,4.8,1,Adult
18-29 (Young Adult),M,3.8,1,Adult
30-45 (Adult),F,4.3,0,Adult
18-29 (Young Adult),F,3.5,0,Adult
30-45 (Adult),F,1.3,1,Adult
30-45 (Adult),F,8.7,1,Adult
30-45 (Adult),M,1.6,1,Adult
18-29 (Young Adult),F,5.7,1,Adult
30-45 (Adult),F,4.6,1,Adult
18-29 (Young Adult),F,4.8,0,Adult
18-29 (Young Adult),M,3.7,1,Adult
18-29 (Young Adult),M,1.6,1,Adult
18-29 (Young Adult),F,6.7,1,Adult
18-29 (Young Adult),F,8.1,1,Adult
18-29 (Young Adult),F,7.5,1,Adult
18-29 (Young Adult),F,1.4,1,Adult
30-45 (Adult),M,6.0,1,Adult
18-29 (Young Adult),F,7.6,0,Adult
30-45 (Adult),M,4.2,0,Adult
30-45 (Adult),F,9.1,1,Adult
30-45 (Adult),M,3.5,1,Adult
18-29 (Young Adult),M,9.4,1,Adult
18-29 (Young Adult),F,7.7,1,Adult
30-45 (Adult),M,9.9,0,Adult
30-45 (Adult),F,1.1,1,Adult
30-45 (Adult),F,1.4,0,Adult
18-29 (Young Adult),M,3.8,1,Adult
30-45 (Adult),F,6.7,0,Adult
18-29 (Young Adult),M,6.0,1,Adult
30-45 (Adult),F,6.3,1,Adult
18-29 (Young Adult),M,9.4,1,Adult
18-29 (Young Adult),M,5.1,0,Adult
30-45 (Adult),M,3.9,1,Adult
30-45 (Adult),M,3.4,1,Adult
18-29 (Young Adult),M,4.1,1,Adult
30-45 (Adult),M,9.8,0,Adult
18-29 (Young Adult),M,5.5,1,Adult
18-29 (Young Adult),F,9.5,1,Adult
18-29 (Young Adult),M,6.0,0,Adult
30-45 (Adult),M,6.0,1,Adult
30-45 (Adult),F,1.1,1,Adult
30-45 (Adult),F,7.7,0,Adult
18-29 (Young Adult),F,5.9,0,Adult
18-29 (Young Adult),F,4.7,1,Adult
18-29 (Young Adult),F,2.0,1,Adult
30-45 (Adult),F,2.0,1,Adult
18-29 (Young Adult),F,5.3,1,Adult
18-29 (Young Adult),F,3.2,1,Adult
30-45 (Adult),M,6.3,0,Adult
18-29 (Young Adult),F,1.3,0,Adult
30-45 (Adult),M,5.1,1,Adult
18-29 (Young Adult),M,4.4,0,Adult
30-45 (Adult),F,7.1,1,Adult
18-29 (Young Adult),F,2.8,1,Adult
18-29 (Young Adult),M,2.5,1,Adult
30-45 (Adult),F,6.5,0,Adult
30-45 (Adult),F,8.9,1,Adult
30-45 (Adult),F,1.0,1,Adult
18-29 (Young Adult),M,6.3,0,Adult
30-45 (Adult),F,3.5,1,Adult
30-45 (Adult),F,1.9,0,Adult
30-45 (Adult),F,2.2,0,Adult
18-29 (Young Adult),F,2.8,0,Adult
30-45 (Adult),M,3.9,1,Adult
30-45 (Adult),F,1.0,1,Adult
30-45 (Adult),M,1.3,1,Adult
30-45 (Adult),M,9.8,1,Adult
30-45 (Adult),M,1.5,1,Adult
30-45 (Adult),F,4.1,1,Adult
30-45 (Adult),F,5.3,1,Adult
30-45 (Adult),F,9.5,1,Adult
30-45 (Adult),F,2.1,0,Adult
30-45 (Adult),F,2.9,0,Adult
30-45 (Adult),M,6.7,1,Adult
18-29 (Young Adult),M,9.3,1,Adult
18-29 (Young Adult),F,5.0,1,Adult
18-29 (Young Adult),M,7.1,1,Adult
30-45 (Adult),M,4.9,1,Adult
30-45 (Adult),M,3.0,1,Adult
30-45 (Adult),F,5.9,1,Adult
30-45 (Adult),M,8.1,1,Adult
18-29 (Young Adult),M,1.9,1,Adult
18-29 (Young Adult),M,6.1,0,Adult
30-45 (Adult),M,6.6,0,Adult
30-45 (Adult),M,3.9,1,Adult
30-45 (Adult),M,2.7,1,Adult
30-45 (Adult),M,10.0,1,Adult
30-45 (Adult),F,3.5,1,Adult
30-45 (Adult),M,7.6,1,Adult
18-29 (Young Adult),F,9.4,0,Adult
30-45 (Adult),F,4.6,1,Adult
30-45 (Adult),M,5.2,1,Adult
18-29 (Young Adult),F,2.4,1,Adult
30-45 (Adult),F,8.6,1,Adult
18-29 (Young Adult),M,8.3,1,Adult
30-45 (Adult),F,6.3,1,Adult
18-29 (Young Adult),M,3.6,1,Adult
18-29 (Young Adult),F,9.9,1,Adult
18-29 (Young Adult),M,3.1,0,Adult
30-45 (Adult),M,2.0,1,Adult
30-45 (Adult),F,8.8,1,Adult
18-29 (Young Adult),M,4.4,1,Adult
30-45 (Adult),M,2.4,0,Adult
18-29 (Young Adult),F,6.2,0,Adult
30-45 (Adult),F,5.6,1,Adult
30-45 (Adult),F,2.0,1,Adult
30-45 (Adult),F,7.4,0,Adult
30-45 (Adult),M,9.3,1,Adult
18-29 (Young Adult),M,8.2,1,Adult
18-29 (Young Adult),M,8.1,1,Adult
18-29 (Young Adult),F,5.6,1,Adult
18-29 (Young Adult),F,2.7,1,Adult
30-45 (Adult),M,9.3,1,Adult
18-29 (Young Adult),F,1.4,0,Adult
30-45 (Adult),F,6.5,0,Adult
30-45 (Adult),F,3.8,1,Adult
30-45 (Adult),F,7.1,1,Adult
18-29 (Young Adult),M,2.7,0,Adult
30-45 (Adult),M,2.1,1,Adult
30-45 (Adult),M,2.7,1,Adult
18-29 (Young Adult),M,9.8,0,Adult
18-29 (Young Adult),M,6.3,1,Adult
18-29 (Young Adult),F,9.0,1,Adult
30-45 (Adult),F,7.2,1,Adult
18-29 (Young Adult),M,2.4,1,Adult
18-29 (Young Adult),F,4.6,0,Adult
30-45 (Adult),M,7.8,1,Adult
30-45 (Adult),M,5.1,1,Adult
30-45 (Adult),F,5.6,1,Adult
30-45 (Adult),M,6.3,1,Adult
30-45 (Adult),F,4.3,1,Adult
30-45 (Adult),M,1.4,1,Adult
30-45 (Adult),F,2.0,0,Adult
18-29 (Young Adult),F,2.1,1,Adult
18-29 (Young Adult),M,9.9,1,Adult
18-29 (Young Adult),M,3.6,1,Adult
18-29 (Young Adult),M,2.5,0,Adult
18-29 (Young Adult),M,4.8,1,Adult
30-45 (Adult),M,9.9,1,Adult
30-45 (Adult),M,8.1,1,Adult
18-29 (Young Adult),F,8.0,1,Adult
18-29 (Young Adult),F,7.2,0,Adult
30-45 (Adult),F,6.7,1,Adult
18-29 (Young Adult),M,2.9,0,Adult
30-45 (Adult),F,9.5,0,Adult
30-45 (Adult),M,9.6,1,Adult
30-45 (Adult),F,9.5,0,Adult
18-29 (Young Adult),F,8.2,1,Adult
30-45 (Adult),M,3.8,1,Adult
30-45 (Adult),M,4.7,0,Adult
18-29 (Young Adult),F,9.4,1,Adult
30-45 (Adult),M,7.7,1,Adult
30-45 (Adult),M,9.8,1,Adult
30-45 (Adult),F,2.6,0,Adult
18-29 (Young Adult),F,4.7,1,Adult
18-29 (Young Adult),F,9.8,0,Adult
30-45 (Adult),F,7.1,0,Adult
30-45 (Adult),F,1.3,1,Adult
30-45 (Adult),M,6.3,1,Adult
30-45 (Adult),F,6.8,1,Adult
18-29 (Young Adult),F,1.4,1,Adult
18-29 (Young Adult),F,7.2,1,Adult
30-45 (Adult),M,4.1,1,Adult
18-29 (Young Adult),M,8.3,1,Adult
18-29 (Young Adult),M,9.1,1,Adult
18-29 (Young Adult),M,9.8,0,Adult
30-45 (Adult),F,5.3,1,Adult
30-45 (Adult),F,4.9,0,Adult
30-45 (Adult),M,3.5,1,Adult
18-29 (Young Adult),M,1.5,1,Adult
30-45 (Adult),M,3.4,1,Adult
30-45 (Adult),F,8.5,1,Adult
18-29 (Young Adult),F,6.5,0,Adult
30-45 (Adult),M,6.3,1,Adult
30-45 (Adult),F,2.9,1,Adult
30-45 (Adult),M,8.3,1,Adult
18-29 (Young Adult),M,3.9,0,Adult
30-45 (Adult),F,9.5,0,Adult
30-45 (Adult),M,2.2,1,Adult
30-45 (Adult),M,4.4,0,Adult
30-45 (Adult),F,7.9,0,Adult
18-29 (Young Adult),M,6.5,1,Adult
18-29 (Young Adult),M,8.0,1,Adult
18-29 (Young Adult),M,5.1,1,Adult
30-45 (Adult),F,4.5,1,Adult
18-29 (Young Adult),F,4.1,1,Adult
30-45 (Adult),F,9.7,1,Adult
18-29 (Young Adult),F,3.8,1,Adult
30-45 (Adult),M,6.2,0,Adult
30-45 (Adult),F,9.2,1,Adult
30-45 (Adult),F,2.1,0,Adult
18-29 (Young Adult),F,7.2,1,Adult
18-29 (Young Adult),F,7.6,1,Adult
18-29 (Young Adult),F,6.9,1,Adult
18-29 (Young Adult),M,2.7,1,Adult
30-45 (Adult),M,1.5,0,Adult
30-45 (Adult),M,5.4,0,Adult
30-45 (Adult),M,9.9,1,Adult
18-29 (Young Adult),F,7.5,1,Adult
30-45 (Adult),M,9.0,0,Adult
18-29 (Young Adult),F,9.2,0,Adult
18-29 (Young Adult),M,5.8,1,Adult
30-45 (Adult),M,7.2,1,Adult
30-45 (Adult),M,8.3,0,Adult
18-29 (Young Adult),M,6.0,1,Adult
30-45 (Adult),F,9.7,1,Adult
18-29 (Young Adult),F,1.2,1,Adult
18-29 (Young Adult),F,6.2,1,Adult
30-45 (Adult),F,3.5,0,Adult
30-45 (Adult),F,4.2,0,Adult
30-45 (Adult),M,7.4,0,Adult
18-29 (Young Adult),F,8.9,1,Adult
30-45 (Adult),M,3.6,0,Adult
18-29 (Young Adult),F,7.0,1,Adult
30-45 (Adult),M,4.0,1,Adult
18-29 (Young Adult),M,7.9,0,Adult
30-45 (Adult),M,5.4,1,Adult
18-29 (Young Adult),M,7.1,0,Adult
30-45 (Adult),F,4.6,1,Adult
30-45 (Adult),M,4.1,1,Adult
30-45 (Adult),F,3.7,1,Adult
30-45 (Adult),M,8.3,1,Adult
18-29 (Young Adult),M,3.0,0,Adult
18-29 (Young Adult),F,8.3,1,Adult
30-45 (Adult),F,6.9,1,Adult
18-29 (Young Adult),F,5.3,1,Adult
18-29 (Young Adult),F,4.4,1,Adult
30-45 (Adult),M,3.8,1,Adult
18-29 (Young Adult),F,9.3,1,Adult
30-45 (Adult),M,5.8,1,Adult
18-29 (Young Adult),M,6.1,1,Adult
18-29 (Young Adult),F,9.7,0,Adult
30-45 (Adult),M,5.0,1,Adult
18-29 (Young Adult),F,1.7,1,Adult
18-29 (Young Adult),F,2.2,1,Adult
30-45 (Adult),M,5.4,1,Adult
18-29 (Young Adult),F,2.5,1,Adult
30-45 (Adult),F,2.0,1,Adult
30-45 (Adult),M,6.8,1,Adult
30-45 (Adult),F,8.2,1,Adult
30-45 (Adult),M,6.3,1,Adult
18-29 (Young Adult),M,6.6,1,Adult
30-45 (Adult),M,7.1,1,Adult
18-29 (Young Adult),M,8.1,1,Adult
30-45 (Adult),F,8.8,1,Adult
30-45 (Adult),F,6.6,1,Adult
30-45 (Adult),F,6.1,1,Adult
30-45 (Adult),M,3.8,1,Adult
18-29 (Young Adult),F,9.5,1,Adult
30-45 (Adult),M,1.0,1,Adult
30-45 (Adult),F,3.6,1,Adult
18-29 (Young Adult),F,9.6,0,Adult
30-45 (Adult),F,3.3,1,Adult
30-45 (Adult),F,6.7,1,Adult
18-29 (Young Adult),M,5.5,1,Adult
30-45 (Adult),M,2.5,1,Adult
30-45 (Adult),F,1.1,1,Adult
18-29 (Young Adult),M,7.6,1,Adult
30-45 (Adult),M,8.6,0,Adult
30-45 (Adult),F,6.5,1,Adult
30-45 (Adult),F,7.6,1,Adult
30-45 (Adult),M,1.7,1,Adult
18-29 (Young Adult),M,3.4,1,Adult
30-45 (Adult),F,9.7,1,Adult
18-29 (Young Adult),M,7.8,1,Adult
30-45 (Adult),M,2.4,0,Adult
30-45 (Adult),M,7.0,1,Adult
18-29 (Young Adult),M,7.9,1,Adult
18-29 (Young Adult),M,1.0,1,Adult
18-29 (Young Adult),M,1.1,1,Adult
30-45 (Adult),F,5.1,1,Adult
30-45 (Adult),F,4.9,1,Adult
18-29 (Young Adult),F,8.0,1,Adult
18-29 (Young Adult),F,5.3,1,Adult
18-29 (Young Adult),M,7.4,1,Adult
30-45 (Adult),F,7.1,0,Adult
30-45 (Adult),F,4.3,1,Adult
30-45 (Adult),F,5.2,0,Adult
30-45 (Adult),M,6.3,0,Adult
30-45 (Adult),M,7.6,1,Adult
18-29 (Young Adult),M,5.6,0,Adult
30-45 (Adult),F,2.8,1,Adult
30-45 (Adult),M,8.1,1,Adult
18-29 (Young Adult),F,2.2,0,Adult
30-45 (Adult),M,5.2,0,Adult
30-45 (Adult),M,1.3,1,Adult
18-29 (Young Adult),M,6.2,1,Adult
30-45 (Adult),F,9.1,1,Adult
18-29 (Young Adult),F,4.2,1,Adult
30-45 (Adult),M,1.8,1,Adult
30-45 (Adult),F,8.4,1,Adult
30-45 (Adult),F,4.6,1,Adult
18-29 (Young Adult),M,7.3,1,Adult
30-45 (Adult),M,1.5,1,Adult
30-45 (Adult),M,5.7,1,Adult
30-45 (Adult),F,3.1,1,Adult
18-29 (Young Adult),M,9.1,0,Adult
18-29 (Young Adult),M,5.1,1,Adult
18-29 (Young Adult),F,8.5,0,Adult
30-45 (Adult),F,4.1,1,Adult
18-29 (Young Adult),F,3.4,1,Adult
30-45 (Adult),M,5.3,1,Adult
30-45 (Adult),M,1.2,0,Adult
18-29 (Young Adult),F,2.8,0,Adult
18-29 (Young Adult),F,3.6,0,Adult
18-29 (Young Adult),M,4.9,1,Adult
18-29 (Young Adult),F,9.9,1,Adult
18-29 (Young Adult),F,7.6,1,Adult
30-45 (Adult),F,8.2,0,Adult
30-45 (Adult),M,2.9,1,Adult
18-29 (Young Adult),M,3.5,1,Adult
18-29 (Young Adult),M,9.3,1,Adult
30-45 (Adult),F,9.4,1,Adult
30-45 (Adult),F,9.9,1,Adult
30-45 (Adult),F,9.1,0,Adult
30-45 (Adult),M,9.1,1,Adult
18-29 (Young Adult),M,9.5,1,Adult
18-29 (Young Adult),F,2.2,1,Adult
30-45 (Adult),F,7.3,1,Adult
30-45 (Adult),F,5.2,1,Adult
30-45 (Adult),M,2.2,1,Adult
30-45 (Adult),M,6.6,1,Adult
30-45 (Adult),M,6.1,0,Adult
30-45 (Adult),M,1.4,0,Adult
30-45 (Adult),M,8.7,1,Adult
18-29 (Young Adult),M,2.0,0,Adult
18-29 (Young Adult),M,2.3,1,Adult
30-45 (Adult),M,9.8,1,Adult
30-45 (Adult),F,8.0,1,Adult
18-29 (Young Adult),F,5.8,0,Adult
30-45 (Adult),M,2.0,1,Adult
18-29 (Young Adult),F,3.0,1,Adult
18-29 (Young Adult),M,7.3,0,Adult
18-29 (Young Adult),F,6.6,1,Adult
30-45 (Adult),F,4.5,1,Adult
18-29 (Young Adult),M,5.1,0,Adult
18-29 (Young Adult),M,2.5,0,Adult
18-29 (Young Adult),M,5.7,0,Adult
18-29 (Young Adult),F,9.4,0,Adult
30-45 (Adult),M,5.3,1,Adult
18-29 (Young Adult),M,4.2,0,Adult
30-45 (Adult),F,6.9,0,Adult
30-45 (Adult),F,3.4,0,Adult
30-45 (Adult),M,5.9,1,Adult
30-45 (Adult),F,9.7,0,Adult
30-45 (Adult),F,8.5,1,Adult
30-45 (Adult),F,6.9,1,Adult
30-45 (Adult),F,4.0,1,Adult
18-29 (Young Adult),M,1.4,1,Adult
30-45 (Adult),M,9.3,1,Adult
18-29 (Young Adult),M,3.1,0,Adult
30-45 (Adult),F,1.6,1,Adult
30-45 (Adult),M,7.8,0,Adult
18-29 (Young Adult),M,2.3,1,Adult
30-45 (Adult),M,6.7,1,Adult
30-45 (Adult),F,9.9,0,Adult
30-45 (Adult),M,9.7,1,Adult
18-29 (Young Adult),M,5.4,0,Adult
30-45 (Adult),M,4.5,0,Adult
18-29 (Young Adult),F,6.5,1,Adult
18-29 (Young Adult),F,1.4,1,Adult
30-45 (Adult),M,7.9,1,Adult
30-45 (Adult),M,6.6,1,Adult
18-29 (Young Adult),F,2.1,1,Adult
30-45 (Adult),M,5.8,1,Adult
30-45 (Adult),F,2.5,1,Adult
30-45 (Adult),M,5.1,0,Adult
30-45 (Adult),M,2.8,0,Adult
18-29 (Young Adult),F,7.3,0,Adult
18-29 (Young Adult),M,7.9,0,Adult
18-29 (Young Adult),F,5.0,0,Adult
30-45 (Adult),M,1.3,1,Adult
18-29 (Young Adult),F,9.7,1,Adult
30-45 (Adult),F,7.4,1,Adult
30-45 (Adult),M,2.2,1,Adult
18-29 (Young Adult),M,8.1,1,Adult
30-45 (Adult),F,5.1,1,Adult
18-29 (Young Adult),M,6.5,0,Adult
18-29 (Young Adult),F,7.8,0,Adult
30-45 (Adult),F,5.1,1,Adult
30-45 (Adult),F,6.9,1,Adult
18-29 (Young Adult),M,8.1,1,Adult
30-45 (Adult),M,3.7,1,Adult
18-29 (Young Adult),F,6.2,1,Adult
30-45 (Adult),F,9.6,1,Adult
18-29 (Young Adult),F,7.6,1,Adult
18-29 (Young Adult),M,1.9,1,Adult
30-45 (Adult),M,3.8,1,Adult
18-29 (Young Adult),M,1.2,1,Adult
30-45 (Adult),F,5.6,1,Adult
30-45 (Adult),F,8.9,0,Adult
30-45 (Adult),M,7.8,1,Adult
30-45 (Adult),F,7.2,1,Adult
18-29 (Young Adult),M,1.6,0,Adult
18-29 (Young Adult),M,3.9,1,Adult
18-29 (Young Adult),M,5.1,0,Adult
30-45 (Adult),F,4.3,0,Adult
30-45 (Adult),F,9.6,0,Adult
30-45 (Adult),M,6.2,1,Adult
18-29 (Young Adult),F,2.3,1,Adult
30-45 (Adult),M,1.6,1,Adult
18-29 (Young Adult),F,6.8,1,Adult
30-45 (Adult),M,3.7,1,Adult
30-45 (Adult),M,5.1,0,Adult
30-45 (Adult),F,5.6,1,Adult
30-45 (Adult),M,2.0,1,Adult
30-45 (Adult),M,9.7,1,Adult
18-29 (Young Adult),F,6.1,0,Adult
18-29 (Young Adult),F,3.2,1,Adult
18-29 (Young Adult),M,1.5,1,Adult
30-45 (Adult),M,7.3,1,Adult
18-29 (Young Adult),M,1.5,1,Adult
30-45 (Adult),F,1.9,1,Adult
18-29 (Young Adult),M,6.8,0,Adult
30-45 (Adult),F,3.4,0,Adult
18-29 (Young Adult),M,6.8,1,Adult
30-45 (Adult),F,9.9,1,Adult
18-29 (Young Adult),F,5.2,1,Adult
18-29 (Young Adult),F,9.9,1,Adult
30-45 (Adult),M,7.5,0,Adult
18-29 (Young Adult),F,6.2,0,Adult
30-45 (Adult),M,7.0,1,Adult
30-45 (Adult),F,5.6,1,Adult
30-45 (Adult),M,2.3,1,Adult
30-45 (Adult),F,9.2,1,Adult
30-45 (Adult),M,1.3,1,Adult
18-29 (Young Adult),F,7.7,0,Adult
30-45 (Adult),M,1.1,0,Adult
18-29 (Young Adult),M,5.5,1,Adult
18-29 (Young Adult),M,5.5,0,Adult
18-29 (Young Adult),M,3.6,0,Adult
30-45 (Adult),F,8.9,1,Adult
18-29 (Young Adult),F,4.7,1,Adult
18-29 (Young Adult),M,9.5,1,Adult
18-29 (Young Adult),F,6.6,0,Adult
30-45 (Adult),F,8.5,0,Adult
30-45 (Adult),M,8.9,1,Adult
30-45 (Adult),M,6.6,1,Adult
30-45 (Adult),F,4.8,1,Adult
18-29 (Young Adult),F,7.5,1,Adult
30-45 (Adult),M,6.6,1,Adult
30-45 (Adult),M,8.5,1,Adult
30-45 (Adult),M,8.0,0,Adult
18-29 (Young Adult),F,8.9,1,Adult
30-45 (Adult),M,9.1,1,Adult
30-45 (Adult),F,6.0,1,Adult
30-45 (Adult),M,4.4,1,Adult
18-29 (Young Adult),M,6.0,1,Adult
30-45 (Adult),F,9.7,0,Adult
18-29 (Young Adult),M,9.9,1,Adult
30-45 (Adult),F,7.0,1,Adult
18-29 (Young Adult),M,4.5,1,Adult
18-29 (Young Adult),F,5.9,1,Adult
30-45 (Adult),M,8.7,1,Adult
18-29 (Young Adult),F,9.2,0,Adult
30-45 (Adult),M,2.8,1,Adult
18-29 (Young Adult),M,2.8,0,Adult
18-29 (Young Adult),M,6.4,1,Adult
30-45 (Adult),M,9.0,1,Adult
30-45 (Adult),M,9.2,1,Adult
30-45 (Adult),F,3.2,1,Adult
30-45 (Adult),F,9.0,1,Adult
18-29 (Young Adult),F,5.2,0,Adult
30-45 (Adult),F,6.9,1,Adult
30-45 (Adult),F,7.3,1,Adult
30-45 (Adult),F,1.3,0,Adult
30-45 (Adult),M,2.4,1,Adult
30-45 (Adult),F,4.5,0,Adult
18-29 (Young Adult),M,3.2,0,Adult
30-45 (Adult),F,3.7,1,Adult
30-45 (Adult),F,1.9,1,Adult
30-45 (Adult),M,8.7,1,Adult
18-29 (Young Adult),F,7.8,0,Adult
18-29 (Young Adult),F,8.4,0,Adult
18-29 (Young Adult),F,9.5,1,Adult
30-45 (Adult),M,7.7,1,Adult
18-29 (Young Adult),M,5.3,1,Adult
18-29 (Young Adult),F,3.3,0,Adult
30-45 (Adult),M,5.8,1,Adult
30-45 (Adult),M,5.6,0,Adult
18-29 (Young Adult),F,5.3,1,Adult
18-29 (Young Adult),F,8.1,1,Adult
30-45 (Adult),M,3.7,1,Adult
30-45 (Adult),F,1.7,1,Adult
30-45 (Adult),F,9.4,0,Adult
30-45 (Adult),M,7.1,1,Adult
30-45 (Adult),F,5.8,1,Adult
18-29 (Young Adult),M,9.8,1,Adult
18-29 (Young Adult),M,5.3,1,Adult
30-45 (Adult),F,8.0,1,Adult
30-45 (Adult),M,2.7,1,Adult
30-45 (Adult),M,1.3,1,Adult
30-45 (Adult),M,9.8,1,Adult
30-45 (Adult),M,5.1,1,Adult
18-29 (Young Adult),F,3.9,1,Adult
30-45 (Adult),F,1.2,0,Adult
18-29 (Young Adult),M,2.8,1,Adult
18-29 (Young Adult),M,4.5,1,Adult
18-29 (Young Adult),F,2.2,1,Adult
30-45 (Adult),F,9.5,1,Adult
18-29 (Young Adult),F,8.2,1,Adult
30-45 (Adult),F,4.1,1,Adult
18-29 (Young Adult),M,9.4,1,Adult
30-45 (Adult),F,3.1,0,Adult
18-29 (Young Adult),F,1.1,1,Adult
30-45 (Adult),M,4.1,0,Adult
30-45 (Adult),F,2.7,1,Adult
18-29 (Young Adult),M,8.6,0,Adult
18-29 (Young Adult),F,5.2,1,Adult
30-45 (Adult),F,4.0,1,Adult
30-45 (Adult),M,8.8,1,Adult
18-29 (Young Adult),F,2.5,1,Adult
30-45 (Adult),F,7.7,0,Adult
18-29 (Young Adult),F,9.6,1,Adult
18-29 (Young Adult),F,4.8,1,Adult
18-29 (Young Adult),F,4.9,1,Adult
30-45 (Adult),M,8.4,1,Adult
18-29 (Young Adult),M,4.9,0,Adult
30-45 (Adult),F,9.1,1,Adult
30-45 (Adult),M,6.0,1,Adult
18-29 (Young Adult),M,8.8,0,Adult
30-45 (Adult),M,3.0,1,Adult
30-45 (Adult),F,4.7,1,Adult
30-45 (Adult),M,1.6,1,Adult
18-29 (Young Adult),M,5.1,1,Adult
30-45 (Adult),M,8.8,1,Adult
30-45 (Adult),F,2.3,1,Adult
18-29 (Young Adult),F,6.9,0,Adult
30-45 (Adult),M,9.5,1,Adult
30-45 (Adult),F,2.2,1,Adult
18-29 (Young Adult),M,3.7,1,Adult
30-45 (Adult),F,1.9,0,Adult
30-45 (Adult),M,7.5,1,Adult
18-29 (Young Adult),M,1.9,0,Adult
30-45 (Adult),F,1.4,1,Adult
30-45 (Adult),F,5.0,1,Adult
30-45 (Adult),M,6.7,1,Adult
30-45 (Adult),M,3.0,1,Adult
18-29 (Young Adult),M,5.0,1,Adult
30-45 (Adult),F,1.2,1,Adult
18-29 (Young Adult),F,6.0,1,Adult
18-29 (Young Adult),F,3.0,1,Adult
30-45 (Adult),M,8.6,1,Adult
18-29 (Young Adult),F,8.2,0,Adult
30-45 (Adult),M,3.7,1,Adult
18-29 (Young Adult),F,7.4,1,Adult
30-45 (Adult),M,4.9,1,Adult
30-45 (Adult),M,3.7,1,Adult
30-45 (Adult),M,2.3,1,Adult
18-29 (Young Adult),F,3.3,0,Adult
30-45 (Adult),F,7.1,1,Adult
30-45 (Adult),M,5.7,1,Adult
18-29 (Young Adult),F,9.5,1,Adult
30-45 (Adult),F,4.1,1,Adult
30-45 (Adult),F,6.1,1,Adult
18-29 (Young Adult),F,6.1,0,Adult
30-45 (Adult),M,5.6,1,Adult
30-45 (Adult),F,4.7,1,Adult
30-45 (Adult),M,1.1,1,Adult
30-45 (Adult),F,9.3,1,Adult
18-29 (Young Adult),F,4.3,1,Adult
30-45 (Adult),F,4.2,0,Adult
30-45 (Adult),M,7.5,1,Adult
18-29 (Young Adult),M,9.0,1,Adult
18-29 (Young Adult),M,7.5,0,Adult
30-45 (Adult),M,8.0,1,Adult
30-45 (Adult),F,6.5,1,Adult
18-29 (Young Adult),F,9.7,1,Adult
18-29 (Young Adult),M,2.3,1,Adult
18-29 (Young Adult),F,2.7,0,Adult
18-29 (Young Adult),M,9.6,0,Adult
18-29 (Young Adult),F,3.5,1,Adult
30-45 (Adult),M,4.6,0,Adult
30-45 (Adult),F,7.6,0,Adult
30-45 (Adult),M,1.0,1,Adult
30-45 (Adult),M,7.7,1,Adult
30-45 (Adult),F,7.3,1,Adult
30-45 (Adult),M,4.3,1,Adult
18-29 (Young Adult),F,5.1,1,Adult
30-45 (Adult),M,3.2,0,Adult
30-45 (Adult),F,9.9,0,Adult
30-45 (Adult),F,8.5,1,Adult
30-45 (Adult),M,6.5,1,Adult
18-29 (Young Adult),F,7.6,1,Adult
18-29 (Young Adult),F,7.1,0,Adult
18-29 (Young Adult),M,2.3,0,Adult
18-29 (Young Adult),M,8.1,0,Adult
18-29 (Young Adult),F,8.9,1,Adult
18-29 (Young Adult),M,2.5,1,Adult
18-29 (Young Adult),M,1.9,1,Adult
30-45 (Adult),M,1.4,1,Adult
30-45 (Adult),F,4.3,1,Adult
30-45 (Adult),M,1.6,1,Adult
30-45 (Adult),F,9.6,1,Adult
18-29 (Young Adult),F,6.4,1,Adult
30-45 (Adult),F,4.2,1,Adult
30-45 (Adult),F,7.8,0,Adult
30-45 (Adult),M,5.8,1,Adult
18-29 (Young Adult),F,3.2,0,Adult
18-29 (Young Adult),F,9.4,1,Adult
30-45 (Adult),F,5.5,0,Adult
30-45 (Adult),M,6.4,0,Adult
30-45 (Adult),M,7.8,0,Adult
18-29 (Young Adult),F,7.7,1,Adult
30-45 (Adult),F,4.1,1,Adult
18-29 (Young Adult),F,6.8,1,Adult
30-45 (Adult),F,4.0,0,Adult
18-29 (Young Adult),F,5.3,0,Adult
18-29 (Young Adult),M,8.6,0,Adult
18-29 (Young Adult),F,8.6,0,Adult
30-45 (Adult),M,8.5,0,Adult
30-45 (Adult),F,3.2,0,Adult
18-29 (Young Adult),M,7.6,0,Adult
18-29 (Young Adult),F,9.1,0,Adult
30-45 (Adult),F,2.8,1,Adult
18-29 (Young Adult),M,4.3,1,Adult
18-29 (Young Adult),F,9.2,1,Adult
30-45 (Adult),M,6.0,0,Adult
30-45 (Adult),F,2.5,0,Adult
30-45 (Adult),F,4.4,0,Adult
18-29 (Young Adult),M,6.1,1,Adult
18-29 (Young Adult),F,7.2,1,Adult
18-29 (Young Adult),F,6.8,1,Adult
30-45 (Adult),F,7.8,1,Adult
18-29 (Young Adult),M,9.4,0,Adult
30-45 (Adult),M,5.8,0,Adult
18-29 (Young Adult),F,6.9,1,Adult
18-29 (Young Adult),F,4.7,1,Adult
18-29 (Young Adult),F,9.1,1,Adult
18-29 (Young Adult),M,5.8,0,Adult
18-29 (Young Adult),M,9.2,0,Adult
30-45 (Adult),F,6.2,1,Adult
30-45 (Adult),F,5.0,1,Adult
18-29 (Young Adult),M,3.8,1,Adult
18-29 (Young Adult),F,4.1,1,Adult
30-45 (Adult),M,2.1,1,Adult
30-45 (Adult),F,2.8,1,Adult
30-45 (Adult),F,4.4,0,Adult
30-45 (Adult),M,8.7,0,Adult
30-45 (Adult),M,9.1,1,Adult
18-29 (Young Adult),F,1.2,0,Adult
30-45 (Adult),M,9.2,1,Adult
30-45 (Adult),F,5.2,1,Adult
30-45 (Adult),M,8.8,1,Adult
30-45 (Adult),F,9.7,0,Adult
30-45 (Adult),M,7.3,1,Adult
30-45 (Adult),M,3.3,1,Adult
18-29 (Young Adult),F,6.8,1,Adult
30-45 (Adult),F,1.4,0,Adult
18-29 (Young Adult),F,2.5,0,Adult
30-45 (Adult),M,4.8,1,Adult
18-29 (Young Adult),M,8.9,0,Adult
18-29 (Young Adult),F,5.2,0,Adult
18-29 (Young Adult),M,1.2,1,Adult
30-45 (Adult),M,9.0,1,Adult
18-29 (Young Adult),F,2.1,1,Adult
18-29 (Young Adult),M,5.1,1,Adult
18-29 (Young Adult),F,7.4,1,Adult
30-45 (Adult),M,7.4,1,Adult
30-45 (Adult),M,1.0,1,Adult
30-45 (Adult),F,8.0,1,Adult
30-45 (Adult),F,9.5,1,Adult
30-45 (Adult),M,8.2,1,Adult
30-45 (Adult),F,2.9,1,Adult
30-45 (Adult),M,4.2,1,Adult
30-45 (Adult),M,9.5,0,Adult
18-29 (Young Adult),F,4.7,1,Adult
30-45 (Adult),F,6.2,1,Adult
30-45 (Adult),F,6.8,0,Adult
30-45 (Adult),M,6.8,1,Adult
30-45 (Adult),F,9.6,0,Adult
18-29 (Young Adult),F,2.9,1,Adult
18-29 (Young Adult),M,5.5,1,Adult
30-45 (Adult),F,9.8,0,Adult
30-45 (Adult),F,4.7,1,Adult
30-45 (Adult),F,5.5,0,Adult
18-29 (Young Adult),F,6.4,1,Adult
30-45 (Adult),M,8.1,1,Adult
30-45 (Adult),F,3.7,1,Adult
30-45 (Adult),F,3.0,0,Adult
18-29 (Young Adult),F,1.6,1,Adult
18-29 (Young Adult),M,5.5,1,Adult
18-29 (Young Adult),F,9.7,1,Adult
18-29 (Young Adult),F,9.1,1,Adult
18-29 (Young Adult),M,3.3,0,Adult
30-45 (Adult),F,8.3,1,Adult
18-29 (Young Adult),F,9.4,1,Adult
30-45 (Adult),M,6.5,1,Adult
18-29 (Young Adult),M,2.7,1,Adult
18-29 (Young Adult),M,1.3,1,Adult
18-29 (Young Adult),M,8.8,1,Adult
30-45 (Adult),M,8.5,1,Adult
30-45 (Adult),M,6.0,1,Adult
30-45 (Adult),F,2.5,0,Adult
30-45 (Adult),M,6.5,1,Adult
18-29 (Young Adult),M,5.7,1,Adult
30-45 (Adult),M,4.6,1,Adult
30-45 (Adult),F,5.8,1,Adult
30-45 (Adult),F,8.1,1,Adult
18-29 (Young Adult),F,2.2,1,Adult
30-45 (Adult),F,8.1,0,Adult
30-45 (Adult),M,3.9,1,Adult
30-45 (Adult),M,6.0,1,Adult
30-45 (Adult),F,9.8,1,Adult
18-29 (Young Adult),M,4.7,0,Adult
18-29 (Young Adult),F,1.4,1,Adult
18-29 (Young Adult),M,9.4,1,Adult
30-45 (Adult),F,7.1,1,Adult
18-29 (Young Adult),M,1.6,1,Adult
18-29 (Young Adult),M,3.6,1,Adult
18-29 (Young Adult),F,7.1,1,Adult
30-45 (Adult),M,8.7,1,Adult
18-29 (Young Adult),F,7.3,1,Adult
18-29 (Young Adult),F,2.8,1,Adult
30-45 (Adult),F,8.8,1,Adult
30-45 (Adult),M,2.7,1,Adult
30-45 (Adult),F,6.6,1,Adult
30-45 (Adult),M,7.2,1,Adult
30-45 (Adult),M,2.8,1,Adult
30-45 (Adult),F,9.1,1,Adult
18-29 (Young Adult),F,2.9,1,Adult
30-45 (Adult),F,3.0,1,Adult
18-29 (Young Adult),M,5.0,0,Adult
30-45 (Adult),M,1.8,1,Adult
30-45 (Adult),F,8.6,1,Adult
30-45 (Adult),F,8.7,1,Adult
18-29 (Young Adult),F,7.3,1,Adult
18-29 (Young Adult),M,3.0,1,Adult
30-45 (Adult),M,8.9,0,Adult
30-45 (Adult),F,1.8,1,Adult
30-45 (Adult),M,4.0,0,Adult
30-45 (Adult),F,9.9,1,Adult
30-45 (Adult),F,4.0,1,Adult
30-45 (Adult),M,4.0,0,Adult
30-45 (Adult),F,1.1,1,Adult
30-45 (Adult),M,1.1,0,Adult
30-45 (Adult),F,2.4,1,Adult
30-45 (Adult),F,9.4,1,Adult
30-45 (Adult),M,3.1,1,Adult
30-45 (Adult),M,2.7,0,Adult
18-29 (Young Adult),M,3.2,1,Adult
30-45 (Adult),M,2.8,1,Adult
18-29 (Young Adult),M,7.7,1,Adult
30-45 (Adult),F,8.7,0,Adult
30-45 (Adult),F,4.8,1,Adult
18-29 (Young Adult),F,4.8,1,Adult
30-45 (Adult),M,3.0,1,Adult
18-29 (Young Adult),M,2.4,1,Adult
18-29 (Young Adult),F,4.0,1,Adult
18-29 (Young Adult),F,8.1,1,Adult
30-45 (Adult),F,2.1,0,Adult
18-29 (Young Adult),M,3.7,0,Adult
30-45 (Adult),F,9.0,1,Adult
30-45 (Adult),M,1.0,1,Adult
30-45 (Adult),F,2.4,0,Adult
18-29 (Young Adult),M,2.8,1,Adult
30-45 (Adult),F,7.2,1,Adult
30-45 (Adult),M,8.3,1,Adult
30-45 (Adult),F,6.2,1,Adult
30-45 (Adult),M,5.9,1,Adult
30-45 (Adult),M,9.1,0,Adult
30-45 (Adult),M,5.0,1,Adult
18-29 (Young Adult),F,1.9,1,Adult
30-45 (Adult),M,3.1,1,Adult
18-29 (Young Adult),M,5.3,1,Adult
30-45 (Adult),M,2.5,1,Adult
30-45 (Adult),F,3.1,1,Adult
30-45 (Adult),F,8.8,1,Adult
30-45 (Adult),M,1.5,1,Adult
30-45 (Adult),F,4.9,1,Adult
18-29 (Young Adult),M,8.5,1,Adult
18-29 (Young Adult),M,4.2,0,Adult
30-45 (Adult),M,8.9,1,Adult
18-29 (Young Adult),M,9.1,1,Adult
18-29 (Young Adult),F,6.0,1,Adult
18-29 (Young Adult),M,9.3,1,Adult
30-45 (Adult),F,8.3,0,Adult
30-45 (Adult),M,5.6,0,Adult
18-29 (Young Adult),F,4.1,1,Adult
30-45 (Adult),F,6.7,1,Adult
30-45 (Adult),F,9.8,0,Adult
18-29 (Young Adult),F,3.5,1,Adult
18-29 (Young Adult),M,1.4,0,Adult
18-29 (Young Adult),F,4.1,1,Adult
30-45 (Adult),M,1.1,1,Adult
18-29 (Young Adult),M,3.9,1,Adult
18-29 (Young Adult),F,7.2,0,Adult
18-29 (Young Adult),F,4.7,1,Adult
30-45 (Adult),M,5.5,0,Adult
30-45 (Adult),M,8.0,1,Adult
30-45 (Adult),M,6.6,0,Adult
18-29 (Young Adult),F,3.7,0,Adult
18-29 (Young Adult),M,1.1,1,Adult
30-45 (Adult),F,9.4,0,Adult
30-45 (Adult),M,2.6,1,Adult
30-45 (Adult),M,1.4,0,Adult
30-45 (Adult),M,8.7,1,Adult
18-29 (Young Adult),F,8.6,1,Adult
18-29 (Young Adult),M,2.4,1,Adult
30-45 (Adult),M,4.0,1,Adult
30-45 (Adult),F,1.8,1,Adult
18-29 (Young Adult),F,8.9,1,Adult
30-45 (Adult),M,6.1,1,Adult
30-45 (Adult),M,3.4,1,Adult
30-45 (Adult),F,10.0,1,Adult
30-45 (Adult),M,6.2,1,Adult
18-29 (Young Adult),F,9.8,1,Adult
30-45 (Adult),F,7.7,1,Adult
30-45 (Adult),M,5.0,1,Adult
30-45 (Adult),M,5.9,1,Adult
18-29 (Young Adult),M,1.2,0,Adult
30-45 (Adult),F,9.7,1,Adult
30-45 (Adult),M,2.2,1,Adult
30-45 (Adult),F,7.6,1,Adult
18-29 (Young Adult),M,8.5,1,Adult
30-45 (Adult),M,7.3,1,Adult
18-29 (Young Adult),M,3.6,1,Adult
30-45 (Adult),M,8.2,1,Adult
18-29 (Young Adult),M,9.7,1,Adult
18-29 (Young Adult),F,1.7,1,Adult
30-45 (Adult),M,6.0,1,Adult
30-45 (Adult),M,1.1,0,Adult
18-29 (Young Adult),M,7.8,1,Adult
18-29 (Young Adult),F,1.7,1,Adult
18-29 (Young Adult),M,9.7,1,Adult
18-29 (Young Adult),F,6.8,0,Adult
18-29 (Young Adult),M,8.3,1,Adult
30-45 (Adult),M,2.6,0,Adult
30-45 (Adult),F,3.9,1,Adult
18-29 (Young Adult),M,2.2,1,Adult
30-45 (Adult),M,6.9,1,Adult
30-45 (Adult),F,2.1,0,Adult
18-29 (Young Adult),M,9.2,0,Adult
18-29 (Young Adult),M,2.6,1,Adult
18-29 (Young Adult),F,3.0,1,Adult
18-29 (Young Adult),M,6.3,1,Adult
18-29 (Young Adult),F,4.9,1,Adult
30-45 (Adult),M,5.2,0,Adult
18-29 (Young Adult),M,6.1,1,Adult
30-45 (Adult),F,3.5,1,Adult
30-45 (Adult),F,1.0,0,Adult
18-29 (Young Adult),F,5.6,1,Adult
30-45 (Adult),F,7.2,1,Adult
30-45 (Adult),F,2.2,1,Adult
18-29 (Young Adult),M,1.7,1,Adult
18-29 (Young Adult),F,8.3,0,Adult
30-45 (Adult),M,5.6,1,Adult
30-45 (Adult),F,1.8,1,Adult
18-29 (Young Adult),F,4.0,1,Adult
18-29 (Young Adult),M,1.3,0,Adult
18-29 (Young Adult),M,2.0,0,Adult
30-45 (Adult),F,4.3,1,Adult
30-45 (Adult),M,4.4,0,Adult
18-29 (Young Adult),M,1.6,0,Adult
18-29 (Young Adult),M,7.0,1,Adult
18-29 (Young Adult),M,8.7,0,Adult
30-45 (Adult),M,2.0,1,Adult
18-29 (Young Adult),M,3.7,1,Adult
18-29 (Young Adult),F,7.7,0,Adult
30-45 (Adult),F,6.0,1,Adult
18-29 (Young Adult),F,1.4,1,Adult
30-45 (Adult),F,2.8,1,Adult
30-45 (Adult),F,8.7,1,Adult
30-45 (Adult),M,4.0,0,Adult
18-29 (Young Adult),M,6.8,1,Adult
30-45 (Adult),M,7.3,1,Adult
30-45 (Adult),F,9.2,1,Adult
18-29 (Young Adult),F,1.5,1,Adult
18-29 (Young Adult),M,9.5,0,Adult
30-45 (Adult),F,3.6,1,Adult
30-45 (Adult),M,2.5,1,Adult
30-45 (Adult),F,7.6,1,Adult
30-45 (Adult),M,6.4,1,Adult
30-45 (Adult),F,2.9,1,Adult
18-29 (Young Adult),M,5.6,0,Adult
18-29 (Young Adult),F,3.4,0,Adult
30-45 (Adult),M,9.6,0,Adult
30-45 (Adult),M,3.3,1,Adult
18-29 (Young Adult),M,4.3,0,Adult
30-45 (Adult),F,9.4,0,Adult
18-29 (Young Adult),M,6.8,0,Adult
18-29 (Young Adult),F,2.0,0,Adult
18-29 (Young Adult),F,3.3,1,Adult
30-45 (Adult),F,7.9,1,Adult
30-45 (Adult),M,8.3,0,Adult
18-29 (Young Adult),M,8.1,0,Adult
30-45 (Adult),F,9.6,0,Adult
30-45 (Adult),F,5.5,1,Adult
18-29 (Young Adult),M,2.6,1,Adult
18-29 (Young Adult),F,6.1,0,Adult
30-45 (Adult),F,2.2,1,Adult
30-45 (Adult),M,5.4,1,Adult
30-45 (Adult),M,8.2,1,Adult
30-45 (Adult),M,5.9,0,Adult
30-45 (Adult),M,5.4,0,Adult
30-45 (Adult),M,2.1,1,Adult
30-45 (Adult),F,9.0,1,Adult
18-29 (Young Adult),M,8.5,0,Adult
18-29 (Young Adult),F,4.2,1,Adult
30-45 (Adult),M,6.9,1,Adult
30-45 (Adult),F,6.9,1,Adult
30-45 (Adult),F,3.6,1,Adult
18-29 (Young Adult),M,2.0,0,Adult
30-45 (Adult),F,4.6,0,Adult
18-29 (Young Adult),F,9.4,0,Adult
18-29 (Young Adult),M,9.5,0,Adult
30-45 (Adult),M,6.7,1,Adult
30-45 (Adult),F,9.8,1,Adult
18-29 (Young Adult),F,5.4,0,Adult
30-45 (Adult),M,9.3,0,Adult
18-29 (Young Adult),F,6.2,1,Adult
30-45 (Adult),M,9.2,0,Adult
30-45 (Adult),M,1.0,1,Adult
18-29 (Young Adult),M,6.0,1,Adult
30-45 (Adult),M,10.0,1,Adult
18-29 (Young Adult),M,3.5,1,Adult
18-29 (Young Adult),M,2.6,1,Adult
30-45 (Adult),M,7.5,1,Adult
30-45 (Adult),F,4.1,0,Adult
18-29 (Young Adult),F,1.7,1,Adult
18-29 (Young Adult),F,6.4,0,Adult
30-45 (Adult),F,5.4,1,Adult
30-45 (Adult),M,2.7,0,Adult
30-45 (Adult),F,6.5,1,Adult
30-45 (Adult),F,5.3,1,Adult
18-29 (Young Adult),F,3.8,1,Adult
30-45 (Adult),F,4.5,1,Adult
18-29 (Young Adult),F,4.1,0,Adult
30-45 (Adult),M,7.8,0,Adult
18-29 (Young Adult),M,6.8,1,Adult
18-29 (Young Adult),M,4.6,0,Adult
30-45 (Adult),M,7.6,1,Adult
30-45 (Adult),F,7.3,0,Adult
30-45 (Adult),M,8.6,1,Adult
30-45 (Adult),M,7.4,1,Adult
30-45 (Adult),F,1.3,1,Adult
30-45 (Adult),F,7.4,1,Adult
30-45 (Adult),F,1.4,0,Adult
30-45 (Adult),M,1.7,1,Adult
30-45 (Adult),F,6.5,1,Adult
18-29 (Young Adult),M,7.5,1,Adult
18-29 (Young Adult),M,1.5,1,Adult
30-45 (Adult),F,6.9,1,Adult
30-45 (Adult),M,1.3,1,Adult
18-29 (Young Adult),M,9.0,1,Adult
18-29 (Young Adult),F,9.0,1,Adult
30-45 (Adult),M,4.8,1,Adult
30-45 (Adult),M,4.1,1,Adult
30-45 (Adult),M,3.7,0,Adult
18-29 (Young Adult),M,10.0,1,Adult
18-29 (Young Adult),M,7.9,0,Adult
30-45 (Adult),F,2.5,1,Adult
18-29 (Young Adult),F,9.0,1,Adult
18-29 (Young Adult),F,4.6,1,Adult
18-29 (Young Adult),F,4.4,0,Adult
18-29 (Young Adult),F,1.6,1,Adult
30-45 (Adult),F,4.2,1,Adult
18-29 (Young Adult),F,2.3,1,Adult
18-29 (Young Adult),F,4.2,1,Adult
30-45 (Adult),M,4.6,1,Adult
30-45 (Adult),M,2.6,0,Adult
18-29 (Young Adult),F,3.3,1,Adult
30-45 (Adult),M,9.3,0,Adult
30-45 (Adult),M,8.1,0,Adult
18-29 (Young Adult),M,8.7,0,Adult
18-29 (Young Adult),M,2.9,0,Adult
30-45 (Adult),M,1.1,1,Adult
30-45 (Adult),M,1.4,1,Adult
30-45 (Adult),F,3.8,1,Adult
18-29 (Young Adult),F,6.0,1,Adult
30-45 (Adult),F,8.2,1,Adult
30-45 (Adult),F,8.7,1,Adult
18-29 (Young Adult),M,4.1,1,Adult
30-45 (Adult),M,4.0,0,Adult
30-45 (Adult),M,3.2,1,Adult
30-45 (Adult),F,3.1,1,Adult
18-29 (Young Adult),M,8.1,0,Adult
18-29 (Young Adult),F,8.5,1,Adult
18-29 (Young Adult),F,6.0,0,Adult
18-29 (Young Adult),M,6.7,0,Adult
18-29 (Young Adult),F,3.5,1,Adult
30-45 (Adult),M,9.2,1,Adult
30-45 (Adult),F,9.0,1,Adult
18-29 (Young Adult),F,9.4,1,Adult
18-29 (Young Adult),M,2.3,1,Adult
18-29 (Young Adult),F,4.6,1,Adult
18-29 (Young Adult),F,1.0,1,Adult
18-29 (Young Adult),F,4.4,1,Adult
18-29 (Young Adult),M,2.8,0,Adult
30-45 (Adult),M,1.7,1,Adult
30-45 (Adult),M,4.3,0,Adult
30-45 (Adult),M,4.4,0,Adult
30-45 (Adult),F,7.2,1,Adult
18-29 (Young Adult),F,9.6,1,Adult
30-45 (Adult),M,5.3,1,Adult
30-45 (Adult),M,8.3,1,Adult
30-45 (Adult),M,2.8,1,Adult
30-45 (Adult),M,2.3,1,Adult
30-45 (Adult),F,4.9,1,Adult
18-29 (Young Adult),F,8.7,1,Adult
30-45 (Adult),F,4.6,1,Adult
30-45 (Adult),M,5.3,1,Adult
30-45 (Adult),M,1.5,1,Adult
18-29 (Young Adult),M,8.3,0,Adult
18-29 (Young Adult),M,7.5,1,Adult
30-45 (Adult),F,9.8,1,Adult
18-29 (Young Adult),F,8.0,1,Adult
18-29 (Young Adult),M,3.4,1,Adult
30-45 (Adult),M,3.6,1,Adult
18-29 (Young Adult),F,5.1,0,Adult
30-45 (Adult),F,5.4,1,Adult
30-45 (Adult),F,1.4,1,Adult
18-29 (Young Adult),M,4.8,1,Adult
18-29 (Young Adult),M,2.9,1,Adult
30-45 (Adult),M,6.8,1,Adult
30-45 (Adult),F,6.0,1,Adult
30-45 (Adult),F,1.8,1,Adult
30-45 (Adult),M,7.8,1,Adult
18-29 (Young Adult),F,4.7,0,Adult
18-29 (Young Adult),M,9.8,1,Adult
18-29 (Young Adult),F,6.0,0,Adult
18-29 (Young Adult),F,3.9,1,Adult
18-29 (Young Adult),F,3.5,0,Adult
18-29 (Young Adult),F,6.7,1,Adult
18-29 (Young Adult),F,8.9,0,Adult
30-45 (Adult),F,9.4,1,Adult
30-45 (Adult),F,4.7,0,Adult
18-29 (Young Adult),M,3.1,0,Adult
30-45 (Adult),F,8.2,0,Adult
18-29 (Young Adult),M,3.3,1,Adult
18-29 (Young Adult),F,4.2,0,Adult
18-29 (Young Adult),M,5.4,1,Adult
18-29 (Young Adult),F,7.8,1,Adult
18-29 (Young Adult),F,2.9,1,Adult
30-45 (Adult),F,1.1,1,Adult
18-29 (Young Adult),M,1.1,0,Adult
18-29 (Young Adult),F,4.9,1,Adult
18-29 (Young Adult),F,8.5,0,Adult
30-45 (Adult),F,5.0,1,Adult
30-45 (Adult),F,3.3,1,Adult
30-45 (Adult),M,4.7,1,Adult
18-29 (Young Adult),F,7.3,1,Adult
18-29 (Young Adult),F,4.9,0,Adult
18-29 (Young Adult),F,9.0,1,Adult
30-45 (Adult),F,8.7,1,Adult
18-29 (Young Adult),M,8.6,0,Adult
30-45 (Adult),M,4.6,1,Adult
18-29 (Young Adult),M,1.1,1,Adult
18-29 (Young Adult),F,8.3,1,Adult
18-29 (Young Adult),F,8.1,0,Adult
30-45 (Adult),F,6.0,1,Adult
18-29 (Young Adult),F,6.2,1,Adult
30-45 (Adult),F,4.0,1,Adult
30-45 (Adult),F,8.6,1,Adult
18-29 (Young Adult),F,8.1,1,Adult
18-29 (Young Adult),M,7.7,1,Adult
30-45 (Adult),M,9.8,1,Adult
30-45 (Adult),F,2.4,0,Adult
30-45 (Adult),F,2.6,1,Adult
18-29 (Young Adult),F,1.4,1,Adult
18-29 (Young Adult),M,9.2,0,Adult
18-29 (Young Adult),M,7.3,0,Adult
30-45 (Adult),M,7.6,1,Adult
18-29 (Young Adult),F,7.3,1,Adult
30-45 (Adult),F,4.7,0,Adult
18-29 (Young Adult),M,3.9,1,Adult
18-29 (Young Adult),M,9.0,0,Adult
30-45 (Adult),M,4.8,1,Adult
30-45 (Adult),M,1.8,1,Adult
18-29 (Young Adult),F,3.9,1,Adult
18-29 (Young Adult),F,5.7,1,Adult
30-45 (Adult),F,6.7,1,Adult
18-29 (Young Adult),M,7.5,0,Adult
18-29 (Young Adult),M,3.3,1,Adult
18-29 (Young Adult),M,5.9,1,Adult
30-45 (Adult),F,7.9,1,Adult
18-29 (Young Adult),M,7.1,1,Adult
30-45 (Adult),M,6.8,1,Adult
30-45 (Adult),F,2.0,0,Adult
30-45 (Adult),M,6.9,0,Adult
30-45 (Adult),F,2.8,1,Adult
18-29 (Young Adult),F,8.9,0,Adult
18-29 (Young Adult),M,3.4,0,Adult
18-29 (Young Adult),F,5.3,1,Adult
30-45 (Adult),F,6.5,1,Adult
30-45 (Adult),M,2.6,1,Adult
18-29 (Young Adult),F,1.3,1,Adult
30-45 (Adult),F,5.2,0,Adult
30-45 (Adult),M,1.8,1,Adult
30-45 (Adult),M,9.3,1,Adult
30-45 (Adult),M,6.8,1,Adult
18-29 (Young Adult),M,7.0,0,Adult
18-29 (Young Adult),F,5.3,1,Adult
30-45 (Adult),M,2.2,1,Adult
30-45 (Adult),F,2.1,1,Adult
30-45 (Adult),M,7.9,1,Adult
18-29 (Young Adult),M,8.2,1,Adult
18-29 (Young Adult),M,7.3,1,Adult
30-45 (Adult),F,4.2,0,Adult
30-45 (Adult),F,1.5,1,Adult
30-45 (Adult),M,1.4,1,Adult
30-45 (Adult),F,7.7,1,Adult
30-45 (Adult),F,2.0,1,Adult
18-29 (Young Adult),F,9.0,0,Adult
30-45 (Adult),M,6.2,1,Adult
30-45 (Adult),M,5.8,0,Adult
30-45 (Adult),M,1.3,1,Adult
30-45 (Adult),F,9.2,0,Adult
18-29 (Young Adult),M,4.2,0,Adult
30-45 (Adult),F,5.8,1,Adult
18-29 (Young Adult),M,1.4,1,Adult
30-45 (Adult),F,2.0,1,Adult
30-45 (Adult),M,6.0,0,Adult
18-29 (Young Adult),F,2.5,1,Adult
30-45 (Adult),M,9.3,1,Adult
18-29 (Young Adult),M,4.4,0,Adult
30-45 (Adult),M,9.3,1,Adult
30-45 (Adult),F,6.1,1,Adult
30-45 (Adult),M,5.5,1,Adult
18-29 (Young Adult),F,6.6,0,Adult
30-45 (Adult),M,6.3,1,Adult
18-29 (Young Adult),F,4.7,1,Adult
30-45 (Adult),M,6.4,1,Adult
30-45 (Adult),F,3.2,0,Adult
30-45 (Adult),F,4.1,0,Adult
30-45 (Adult),M,5.4,1,Adult
30-45 (Adult),M,4.6,1,Adult
18-29 (Young Adult),F,7.6,0,Adult
18-29 (Young Adult),F,3.4,1,Adult
18-29 (Young Adult),M,1.6,1,Adult
18-29 (Young Adult),M,9.7,1,Adult
30-45 (Adult),M,9.7,0,Adult
30-45 (Adult),M,1.1,1,Adult
30-45 (Adult),F,9.6,1,Adult
30-45 (Adult),F,9.7,0,Adult
30-45 (Adult),F,8.5,0,Adult
30-45 (Adult),F,2.8,1,Adult
30-45 (Adult),F,8.7,0,Adult
18-29 (Young Adult),M,3.7,1,Adult
30-45 (Adult),M,4.3,0,Adult
18-29 (Young Adult),M,9.0,1,Adult
30-45 (Adult),F,5.4,1,Adult
30-45 (Adult),M,1.3,1,Adult
30-45 (Adult),M,5.9,1,Adult
18-29 (Young Adult),F,8.5,1,Adult
30-45 (Adult),F,9.8,1,Adult
30-45 (Adult),M,6.8,1,Adult
30-45 (Adult),F,3.2,1,Adult
18-29 (Young Adult),F,6.8,1,Adult
18-29 (Young Adult),F,3.2,1,Adult
30-45 (Adult),F,6.5,0,Adult
30-45 (Adult),M,4.3,0,Adult
30-45 (Adult),F,5.9,1,Adult
18-29 (Young Adult),M,1.4,1,Adult
30-45 (Adult),F,9.4,1,Adult
30-45 (Adult),M,2.1,1,Adult
18-29 (Young Adult),M,3.8,1,Adult
18-29 (Young Adult),F,5.8,1,Adult
18-29 (Young Adult),M,5.9,1,Adult
30-45 (Adult),M,7.9,1,Adult
18-29 (Young Adult),M,5.8,1,Adult
18-29 (Young Adult),F,9.6,1,Adult
18-29 (Young Adult),M,4.7,1,Adult
30-45 (Adult),M,7.3,0,Adult
18-29 (Young Adult),M,2.3,1,Adult
18-29 (Young Adult),M,4.4,1,Adult
30-45 (Adult),M,3.1,0,Adult
18-29 (Young Adult),M,6.2,0,Adult
30-45 (Adult),M,4.6,0,Adult
30-45 (Adult),M,8.5,1,Adult
30-45 (Adult),M,3.3,1,Adult
30-45 (Adult),F,6.7,1,Adult
18-29 (Young Adult),M,4.7,0,Adult
30-45 (Adult),F,1.9,0,Adult
30-45 (Adult),M,4.5,1,Adult
30-45 (Adult),M,8.2,0,Adult
30-45 (Adult),M,3.0,1,Adult
18-29 (Young Adult),M,1.7,1,Adult
18-29 (Young Adult),F,3.2,1,Adult
30-45 (Adult),F,7.0,1,Adult
30-45 (Adult),M,1.6,1,Adult
30-45 (Adult),F,4.0,1,Adult
18-29 (Young Adult),M,2.1,1,Adult
30-45 (Adult),M,2.4,1,Adult
18-29 (Young Adult),F,2.9,1,Adult
30-45 (Adult),M,2.7,1,Adult
18-29 (Young Adult),M,7.1,1,Adult
30-45 (Adult),F,2.6,0,Adult
18-29 (Young Adult),M,6.1,0,Adult
30-45 (Adult),F,7.7,0,Adult
18-29 (Young Adult),M,5.6,1,Adult
30-45 (Adult),F,4.3,0,Adult
30-45 (Adult),M,7.7,1,Adult
30-45 (Adult),F,9.0,0,Adult
30-45 (Adult),M,3.2,1,Adult
18-29 (Young Adult),F,4.7,1,Adult
18-29 (Young Adult),M,2.7,1,Adult
30-45 (Adult),F,3.8,1,Adult
30-45 (Adult),F,3.6,0,Adult
18-29 (Young Adult),F,3.7,1,Adult
18-29 (Young Adult),F,2.9,1,Adult
18-29 (Young Adult),M,6.6,1,Adult
30-45 (Adult),F,3.0,1,Adult
30-45 (Adult),M,4.9,0,Adult
30-45 (Adult),M,9.9,0,Adult
30-45 (Adult),M,4.8,1,Adult
30-45 (Adult),M,3.6,1,Adult
30-45 (Adult),M,5.3,1,Adult
18-29 (Young Adult),M,3.3,1,Adult
30-45 (Adult),M,8.4,1,Adult
18-29 (Young Adult),M,7.2,0,Adult
18-29 (Young Adult),F,9.9,1,Adult
18-29 (Young Adult),M,9.6,1,Adult
18-29 (Young Adult),F,4.7,0,Adult
30-45 (Adult),M,2.4,1,Adult
18-29 (Young Adult),F,8.5,1,Adult
30-45 (Adult),F,2.4,1,Adult
30-45 (Adult),M,7.0,0,Adult
30-45 (Adult),F,2.4,1,Adult
18-29 (Young Adult),F,8.0,1,Adult
30-45 (Adult),M,1.9,0,Adult
18-29 (Young Adult),M,2.4,1,Adult
30-45 (Adult),F,3.9,0,Adult
30-45 (Adult),F,7.9,1,Adult
18-29 (Young Adult),M,9.0,0,Adult
18-29 (Young Adult),F,5.8,1,Adult
30-45 (Adult),F,6.3,0,Adult
18-29 (Young Adult),F,6.0,1,Adult
30-45 (Adult),F,1.5,1,Adult
30-45 (Adult),M,5.9,1,Adult
18-29 (Young Adult),M,4.8,1,Adult
30-45 (Adult),M,1.1,1,Adult
30-45 (Adult),M,8.9,1,Adult
30-45 (Adult),F,1.4,1,Adult
18-29 (Young Adult),F,3.6,1,Adult
18-29 (Young Adult),F,7.4,1,Adult
30-45 (Adult),M,2.7,0,Adult
18-29 (Young Adult),M,6.4,1,Adult
30-45 (Adult),M,7.8,1,Adult
30-45 (Adult),M,6.3,1,Adult
18-29 (Young Adult),M,1.6,1,Adult
30-45 (Adult),M,8.8,1,Adult
30-45 (Adult),M,5.3,1,Adult
30-45 (Adult),M,7.8,1,Adult
18-29 (Young Adult),M,8.1,1,Adult
30-45 (Adult),M,7.4,1,Adult
18-29 (Young Adult),F,9.3,1,Adult
18-29 (Young Adult),F,3.8,0,Adult
30-45 (Adult),M,8.6,1,Adult
30-45 (Adult),F,5.5,0,Adult
18-29 (Young Adult),F,6.2,1,Adult
30-45 (Adult),M,9.3,1,Adult
30-45 (Adult),M,9.0,0,Adult
30-45 (Adult),M,4.4,1,Adult
18-29 (Young Adult),F,6.8,1,Adult
18-29 (Young Adult),F,1.0,1,Adult
30-45 (Adult),F,4.4,0,Adult
18-29 (Young Adult),M,5.7,0,Adult
30-45 (Adult),F,6.0,0,Adult
18-29 (Young Adult),M,5.8,1,Adult
30-45 (Adult),F,4.8,1,Adult
18-29 (Young Adult),F,8.6,0,Adult
30-45 (Adult),M,9.5,1,Adult
18-29 (Young Adult),F,8.5,1,Adult
30-45 (Adult),F,3.8,1,Adult
18-29 (Young Adult),F,9.5,1,Adult
30-45 (Adult),M,7.7,1,Adult
18-29 (Young Adult),M,8.6,1,Adult
30-45 (Adult),F,5.7,0,Adult
30-45 (Adult),F,8.2,1,Adult
18-29 (Young Adult),F,1.7,1,Adult
18-29 (Young Adult),F,4.1,1,Adult
18-29 (Young Adult),M,4.2,1,Adult
30-45 (Adult),M,8.6,0,Adult
18-29 (Young Adult),M,7.1,1,Adult
18-29 (Young Adult),M,8.8,1,Adult
30-45 (Adult),M,7.9,1,Adult
30-45 (Adult),M,9.9,1,Adult
18-29 (Young Adult),M,4.1,0,Adult
18-29 (Young Adult),M,5.3,0,Adult
18-29 (Young Adult),M,5.6,1,Adult
30-45 (Adult),M,3.0,1,Adult
18-29 (Young Adult),F,3.4,0,Adult
18-29 (Young Adult),M,5.3,1,Adult
18-29 (Young Adult),M,1.2,0,Adult
30-45 (Adult),M,8.6,0,Adult
18-29 (Young Adult),F,3.6,0,Adult
18-29 (Young Adult),F,9.1,1,Adult
18-29 (Young Adult),M,1.2,1,Adult
30-45 (Adult),F,10.0,1,Adult
30-45 (Adult),F,6.2,1,Adult
30-45 (Adult),F,1.8,0,Adult
18-29 (Young Adult),F,2.6,1,Adult
18-29 (Young Adult),F,8.3,1,Adult
18-29 (Young Adult),F,3.3,0,Adult
30-45 (Adult),F,6.4,1,Adult
18-29 (Young Adult),M,1.3,1,Adult
30-45 (Adult),M,7.6,1,Adult
18-29 (Young Adult),F,3.0,1,Adult
18-29 (Young Adult),F,5.5,1,Adult
30-45 (Adult),F,4.5,1,Adult
18-29 (Young Adult),F,6.1,1,Adult
18-29 (Young Adult),F,1.8,1,Adult
18-29 (Young Adult),F,8.0,1,Adult
18-29 (Young Adult),F,6.7,1,Adult
30-45 (Adult),M,2.3,1,Adult
18-29 (Young Adult),M,3.2,1,Adult
18-29 (Young Adult),M,4.6,1,Adult
30-45 (Adult),M,8.3,1,Adult
30-45 (Adult),F,9.8,1,Adult
30-45 (Adult),F,6.5,0,Adult
18-29 (Young Adult),M,2.0,1,Adult
30-45 (Adult),F,2.9,0,Adult
18-29 (Young Adult),F,9.6,1,Adult
18-29 (Young Adult),M,1.5,1,Adult
30-45 (Adult),F,9.6,1,Adult
30-45 (Adult),F,9.1,0,Adult
18-29 (Young Adult),F,7.2,0,Adult
18-29 (Young Adult),F,4.2,1,Adult
18-29 (Young Adult),M,8.1,1,Adult
30-45 (Adult),F,8.0,1,Adult
18-29 (Young Adult),F,4.8,0,Adult
30-45 (Adult),M,4.3,0,Adult
30-45 (Adult),F,4.3,1,Adult
30-45 (Adult),F,3.0,1,Adult
18-29 (Young Adult),M,2.7,1,Adult
18-29 (Young Adult),F,7.6,1,Adult
18-29 (Young Adult),F,8.0,0,Adult
30-45 (Adult),M,2.0,0,Adult
30-45 (Adult),M,3.2,1,Adult
18-29 (Young Adult),M,8.2,1,Adult
30-45 (Adult),M,1.9,0,Adult
18-29 (Young Adult),F,1.7,1,Adult
30-45 (Adult),F,6.7,0,Adult
30-45 (Adult),F,2.8,1,Adult
18-29 (Young Adult),M,3.1,1,Adult
18-29 (Young Adult),M,4.7,1,Adult
18-29 (Young Adult),M,2.7,1,Adult
30-45 (Adult),M,5.4,1,Adult
30-45 (Adult),M,6.1,0,Adult
30-45 (Adult),M,3.4,1,Adult
18-29 (Young Adult),M,9.8,1,Adult
18-29 (Young Adult),F,3.7,1,Adult
18-29 (Young Adult),M,8.1,1,Adult
18-29 (Young Adult),M,1.1,1,Adult
30-45 (Adult),F,2.3,1,Adult
18-29 (Young Adult),F,6.8,1,Adult
30-45 (Adult),F,6.2,1,Adult
30-45 (Adult),F,3.3,1,Adult
30-45 (Adult),F,4.7,1,Adult
30-45 (Adult),F,3.4,1,Adult
30-45 (Adult),M,2.4,1,Adult
30-45 (Adult),M,7.8,1,Adult
30-45 (Adult),M,8.5,1,Adult
18-29 (Young Adult),F,6.1,1,Adult
30-45 (Adult),F,7.9,1,Adult
30-45 (Adult),M,1.6,0,Adult
30-45 (Adult),M,8.3,1,Adult
30-45 (Adult),F,8.9,0,Adult
18-29 (Young Adult),F,6.3,1,Adult
18-29 (Young Adult),F,9.5,1,Adult
30-45 (Adult),F,9.8,1,Adult
30-45 (Adult),F,5.8,1,Adult
18-29 (Young Adult),M,9.9,0,Adult
30-45 (Adult),F,7.9,1,Adult
30-45 (Adult),F,4.8,1,Adult
18-29 (Young Adult),F,2.3,1,Adult
30-45 (Adult),M,8.5,1,Adult
30-45 (Adult),F,8.4,0,Adult
18-29 (Young Adult),F,5.1,1,Adult
18-29 (Young Adult),F,5.8,1,Adult
30-45 (Adult),F,6.5,1,Adult
18-29 (Young Adult),M,8.7,1,Adult
30-45 (Adult),F,5.0,1,Adult
30-45 (Adult),M,5.0,0,Adult
30-45 (Adult),F,5.1,1,Adult
18-29 (Young Adult),F,6.6,1,Adult
30-45 (Adult),F,7.3,1,Adult
30-45 (Adult),F,3.0,1,Adult
18-29 (Young Adult),M,9.9,1,Adult
18-29 (Young Adult),F,2.8,0,Adult
18-29 (Young Adult),F,6.1,1,Adult
18-29 (Young Adult),F,4.1,1,Adult
18-29 (Young Adult),F,7.3,0,Adult
18-29 (Young Adult),M,2.1,1,Adult
30-45 (Adult),M,8.3,1,Adult
18-29 (Young Adult),F,3.6,1,Adult
18-29 (Young Adult),M,2.2,1,Adult
30-45 (Adult),M,4.1,1,Adult
18-29 (Young Adult),M,7.5,0,Adult
30-45 (Adult),F,6.9,1,Adult
18-29 (Young Adult),M,3.2,0,Adult
18-29 (Young Adult),M,6.7,0,Adult
30-45 (Adult),F,5.3,1,Adult
30-45 (Adult),F,8.5,1,Adult
18-29 (Young Adult),F,4.3,1,Adult
30-45 (Adult),M,2.9,0,Adult
18-29 (Young Adult),M,9.2,0,Adult
18-29 (Young Adult),F,2.4,1,Adult
30-45 (Adult),M,2.5,0,Adult
18-29 (Young Adult),F,1.1,0,Adult
30-45 (Adult),M,5.4,1,Adult
30-45 (Adult),M,4.8,1,Adult
30-45 (Adult),F,3.4,0,Adult
30-45 (Adult),F,7.9,0,Adult
30-45 (Adult),F,2.0,1,Adult
18-29 (Young Adult),M,4.5,1,Adult
30-45 (Adult),M,7.2,1,Adult
30-45 (Adult),F,5.3,1,Adult
30-45 (Adult),F,10.0,1,Adult
18-29 (Young Adult),M,5.1,0,Adult
30-45 (Adult),F,2.3,0,Adult
18-29 (Young Adult),F,8.0,1,Adult
30-45 (Adult),M,2.6,1,Adult
18-29 (Young Adult),M,7.7,0,Adult
18-29 (Young Adult),M,4.0,1,Adult
30-45 (Adult),M,10.0,0,Adult
18-29 (Young Adult),M,9.9,1,Adult
18-29 (Young Adult),F,6.2,1,Adult
30-45 (Adult),M,4.0,0,Adult
30-45 (Adult),F,4.9,0,Adult
30-45 (Adult),F,9.3,0,Adult
30-45 (Adult),M,1.8,1,Adult
18-29 (Young Adult),F,7.7,1,Adult
30-45 (Adult),F,4.2,0,Adult
30-45 (Adult),M,2.3,1,Adult
30-45 (Adult),M,8.3,0,Adult
18-29 (Young Adult),F,9.9,1,Adult
18-29 (Young Adult),M,7.0,1,Adult
30-45 (Adult),F,3.2,0,Adult
30-45 (Adult),M,9.8,1,Adult
30-45 (Adult),F,8.7,0,Adult
30-45 (Adult),M,8.4,0,Adult
30-45 (Adult),M,6.4,1,Adult
30-45 (Adult),F,8.7,1,Adult
18-29 (Young Adult),M,6.1,0,Adult
30-45 (Adult),M,1.9,1,Adult
18-29 (Young Adult),M,4.2,1,Adult
30-45 (Adult),M,9.9,0,Adult
30-45 (Adult),F,9.5,1,Adult
30-45 (Adult),M,3.0,1,Adult
30-45 (Adult),M,8.4,1,Adult
30-45 (Adult),F,9.0,1,Adult
30-45 (Adult),M,2.2,1,Adult
18-29 (Young Adult),F,8.7,1,Adult
18-29 (Young Adult),F,6.7,1,Adult
30-45 (Adult),F,3.5,1,Adult
30-45 (Adult),F,2.1,1,Adult
30-45 (Adult),M,9.9,1,Adult
30-45 (Adult),M,10.0,1,Adult
30-45 (Adult),F,1.6,1,Adult
30-45 (Adult),M,5.8,0,Adult
18-29 (Young Adult),M,1.4,1,Adult
30-45 (Adult),M,9.7,1,Adult
18-29 (Young Adult),F,7.2,1,Adult
30-45 (Adult),M,1.2,1,Adult
18-29 (Young Adult),M,9.4,1,Adult
18-29 (Young Adult),F,3.8,1,Adult
30-45 (Adult),F,3.2,1,Adult
18-29 (Young Adult),F,1.6,1,Adult
18-29 (Young Adult),M,7.4,1,Adult
18-29 (Young Adult),F,3.1,1,Adult
18-29 (Young Adult),M,8.0,1,Adult
18-29 (Young Adult),M,1.6,1,Adult
30-45 (Adult),F,2.0,1,Adult
30-45 (Adult),F,4.6,1,Adult
30-45 (Adult),M,8.5,1,Adult
18-29 (Young Adult),M,9.2,1,Adult
30-45 (Adult),F,9.4,0,Adult
30-45 (Adult),F,2.5,0,Adult
30-45 (Adult),M,7.2,1,Adult
30-45 (Adult),F,1.2,0,Adult
30-45 (Adult),F,6.4,1,Adult
30-45 (Adult),F,7.8,1,Adult
18-29 (Young Adult),F,5.7,1,Adult
18-29 (Young Adult),F,9.7,1,Adult
18-29 (Young Adult),F,1.7,0,Adult
30-45 (Adult),F,2.9,1,Adult
30-45 (Adult),F,2.0,1,Adult
18-29 (Young Adult),F,3.2,1,Adult
18-29 (Young Adult),F,6.3,1,Adult
30-45 (Adult),F,3.5,1,Adult
30-45 (Adult),F,8.7,1,Adult
30-45 (Adult),F,3.1,1,Adult
18-29 (Young Adult),F,7.6,1,Adult
30-45 (Adult),M,1.5,0,Adult
30-45 (Adult),M,3.8,1,Adult
30-45 (Adult),F,3.6,0,Adult
18-29 (Young Adult),F,3.3,0,Adult
18-29 (Young Adult),F,6.8,1,Adult
30-45 (Adult),F,8.3,1,Adult
30-45 (Adult),F,4.6,1,Adult
18-29 (Young Adult),M,2.8,1,Adult
30-45 (Adult),M,4.7,1,Adult
30-45 (Adult),M,7.0,0,Adult
30-45 (Adult),F,8.1,1,Adult
18-29 (Young Adult),F,2.9,0,Adult
30-45 (Adult),F,1.6,1,Adult
18-29 (Young Adult),F,9.4,1,Adult
30-45 (Adult),F,2.0,1,Adult
18-29 (Young Adult),F,4.5,1,Adult
30-45 (Adult),F,1.6,1,Adult
18-29 (Young Adult),F,7.9,1,Adult
30-45 (Adult),F,4.2,1,Adult
30-45 (Adult),M,8.5,1,Adult
30-45 (Adult),M,5.2,1,Adult
30-45 (Adult),M,9.2,0,Adult
18-29 (Young Adult),F,9.7,1,Adult
30-45 (Adult),M,1.7,1,Adult
30-45 (Adult),F,4.4,0,Adult
18-29 (Young Adult),F,4.9,1,Adult
18-29 (Young Adult),F,4.1,1,Adult
30-45 (Adult),F,7.6,1,Adult
30-45 (Adult),M,5.4,0,Adult
30-45 (Adult),F,2.2,1,Adult
30-45 (Adult),F,4.5,1,Adult
30-45 (Adult),M,2.5,0,Adult
30-45 (Adult),F,6.2,1,Adult
18-29 (Young Adult),F,6.1,0,Adult
30-45 (Adult),F,5.2,1,Adult
30-45 (Adult),F,9.1,1,Adult
30-45 (Adult),M,5.4,0,Adult
30-45 (Adult),M,6.3,1,Adult
18-29 (Young Adult),M,2.9,1,Adult
18-29 (Young Adult),M,5.1,1,Adult
30-45 (Adult),M,7.6,1,Adult
18-29 (Young Adult),M,1.2,0,Adult
30-45 (Adult),M,1.5,0,Adult
30-45 (Adult),F,4.0,1,Adult
18-29 (Young Adult),M,7.8,0,Adult
18-29 (Young Adult),F,1.9,1,Adult
30-45 (Adult),M,5.2,1,Adult
30-45 (Adult),F,1.7,1,Adult
30-45 (Adult),F,7.6,1,Adult
18-29 (Young Adult),M,7.2,1,Adult
18-29 (Young Adult),M,7.6,1,Adult
30-45 (Adult),F,6.7,1,Adult
18-29 (Young Adult),M,3.1,1,Adult
30-45 (Adult),M,3.1,0,Adult
30-45 (Adult),M,2.5,1,Adult
30-45 (Adult),M,7.8,1,Adult
30-45 (Adult),M,2.8,1,Adult
30-45 (Adult),F,6.6,1,Adult
30-45 (Adult),M,2.4,0,Adult
30-45 (Adult),F,1.1,1,Adult
18-29 (Young Adult),M,7.6,1,Adult
18-29 (Young Adult),M,6.3,1,Adult
18-29 (Young Adult),M,3.0,1,Adult
18-29 (Young Adult),F,8.4,1,Adult
30-45 (Adult),F,7.4,1,Adult
18-29 (Young Adult),M,3.5,1,Adult
30-45 (Adult),F,1.7,1,Adult
30-45 (Adult),M,4.2,1,Adult
18-29 (Young Adult),F,6.5,0,Adult
30-45 (Adult),F,3.1,0,Adult
18-29 (Young Adult),M,8.2,1,Adult
30-45 (Adult),M,7.0,1,Adult
30-45 (Adult),F,3.2,0,Adult
30-45 (Adult),M,2.8,0,Adult
30-45 (Adult),F,7.5,1,Adult
18-29 (Young Adult),F,6.3,0,Adult
18-29 (Young Adult),F,1.1,0,Adult
18-29 (Young Adult),F,9.0,1,Adult
30-45 (Adult),M,3.2,1,Adult
30-45 (Adult),M,4.1,0,Adult
18-29 (Young Adult),F,5.9,1,Adult
30-45 (Adult),F,7.7,1,Adult
30-45 (Adult),F,8.7,1,Adult
30-45 (Adult),M,5.5,0,Adult
18-29 (Young Adult),M,2.1,0,Adult
18-29 (Young Adult),M,1.5,1,Adult
30-45 (Adult),F,5.5,1,Adult
30-45 (Adult),M,4.6,1,Adult
18-29 (Young Adult),M,2.3,1,Adult
18-29 (Young Adult),F,7.4,1,Adult
18-29 (Young Adult),F,2.9,1,Adult
30-45 (Adult),M,1.1,1,Adult
30-45 (Adult),M,9.1,1,Adult
30-45 (Adult),F,7.4,1,Adult
30-45 (Adult),F,7.9,1,Adult
18-29 (Young Adult),F,6.9,1,Adult
18-29 (Young Adult),F,7.4,1,Adult
30-45 (Adult),F,9.8,0,Adult
18-29 (Young Adult),F,7.3,1,Adult
18-29 (Young Adult),M,7.6,1,Adult
30-45 (Adult),M,2.2,0,Adult
30-45 (Adult),M,5.2,1,Adult
30-45 (Adult),F,2.3,0,Adult
30-45 (Adult),M,1.9,1,Adult
18-29 (Young Adult),F,5.0,1,Adult
18-29 (Young Adult),F,7.8,1,Adult
18-29 (Young Adult),F,3.3,0,Adult
18-29 (Young Adult),M,9.0,0,Adult
18-29 (Young Adult),M,10.0,1,Adult
30-45 (Adult),F,6.3,1,Adult
30-45 (Adult),F,6.6,1,Adult
30-45 (Adult),F,3.1,1,Adult
30-45 (Adult),M,7.9,1,Adult
30-45 (Adult),F,3.1,0,Adult
18-29 (Young Adult),M,8.6,1,Adult
18-29 (Young Adult),M,6.2,1,Adult
18-29 (Young Adult),F,7.3,1,Adult
18-29 (Young Adult),M,2.6,1,Adult
18-29 (Young Adult),F,6.4,1,Adult
18-29 (Young Adult),M,9.2,1,Adult
30-45 (Adult),F,7.9,1,Adult
30-45 (Adult),F,8.2,0,Adult
18-29 (Young Adult),F,8.3,1,Adult
30-45 (Adult),M,4.0,1,Adult
30-45 (Adult),F,4.6,1,Adult
30-45 (Adult),F,9.3,1,Adult
30-45 (Adult),F,2.9,1,Adult
30-45 (Adult),M,9.2,1,Adult
30-45 (Adult),F,5.5,1,Adult
18-29 (Young Adult),M,7.1,0,Adult
30-45 (Adult),F,1.1,1,Adult
18-29 (Young Adult),F,8.3,1,Adult
30-45 (Adult),M,1.8,1,Adult
18-29 (Young Adult),M,5.3,0,Adult
18-29 (Young Adult),F,3.9,1,Adult
30-45 (Adult),M,3.3,0,Adult
18-29 (Young Adult),F,2.9,1,Adult
18-29 (Young Adult),F,3.7,1,Adult
30-45 (Adult),F,2.5,1,Adult
18-29 (Young Adult),F,8.0,1,Adult
30-45 (Adult),F,3.0,1,Adult
30-45 (Adult),F,1.6,0,Adult
30-45 (Adult),M,9.1,1,Adult
30-45 (Adult),F,8.1,0,Adult
18-29 (Young Adult),F,5.4,1,Adult
18-29 (Young Adult),F,9.9,1,Adult
18-29 (Young Adult),F,3.2,1,Adult
30-45 (Adult),M,3.7,0,Adult
30-45 (Adult),F,9.3,0,Adult
30-45 (Adult),F,2.8,1,Adult
18-29 (Young Adult),F,3.8,0,Adult
30-45 (Adult),F,4.7,0,Adult
18-29 (Young Adult),M,5.5,0,Adult
30-45 (Adult),M,7.8,1,Adult
30-45 (Adult),F,9.8,0,Adult
18-29 (Young Adult),M,4.1,0,Adult
30-45 (Adult),F,7.6,1,Adult
30-45 (Adult),M,3.6,1,Adult
30-45 (Adult),M,5.2,1,Adult
30-45 (Adult),F,2.5,1,Adult
30-45 (Adult),M,1.8,1,Adult
30-45 (Adult),M,8.6,1,Adult
18-29 (Young Adult),M,7.7,0,Adult
30-45 (Adult),M,3.3,1,Adult
18-29 (Young Adult),F,8.1,1,Adult
30-45 (Adult),F,5.8,0,Adult
30-45 (Adult),F,9.5,1,Adult
30-45 (Adult),F,1.1,1,Adult
18-29 (Young Adult),M,2.8,1,Adult
18-29 (Young Adult),F,9.0,1,Adult
18-29 (Young Adult),F,7.8,1,Adult
30-45 (Adult),F,3.6,1,Adult
30-45 (Adult),M,3.6,1,Adult
18-29 (Young Adult),F,8.3,0,Adult
18-29 (Young Adult),F,5.3,1,Adult
30-45 (Adult),M,9.9,1,Adult
18-29 (Young Adult),F,6.9,1,Adult
30-45 (Adult),M,7.4,1,Adult
30-45 (Adult),M,6.6,1,Adult
18-29 (Young Adult),F,4.3,1,Adult
30-45 (Adult),F,1.7,0,Adult
30-45 (Adult),F,9.8,1,Adult
30-45 (Adult),M,1.4,0,Adult
30-45 (Adult),F,9.8,1,Adult
18-29 (Young Adult),M,4.6,0,Adult
18-29 (Young Adult),M,9.0,1,Adult
30-45 (Adult),F,3.0,0,Adult
30-45 (Adult),F,9.4,1,Adult
18-29 (Young Adult),F,7.4,0,Adult
30-45 (Adult),F,6.3,0,Adult
18-29 (Young Adult),M,8.1,1,Adult
30-45 (Adult),F,3.7,1,Adult
30-45 (Adult),M,8.5,0,Adult
18-29 (Young Adult),F,3.8,0,Adult
30-45 (Adult),F,9.9,1,Adult
18-29 (Young Adult),M,9.7,1,Adult
18-29 (Young Adult),M,6.7,0,Adult
18-29 (Young Adult),F,5.1,1,Adult
30-45 (Adult),F,4.0,1,Adult
18-29 (Young Adult),F,4.0,0,Adult
18-29 (Young Adult),M,9.0,1,Adult
18-29 (Young Adult),F,6.6,0,Adult
30-45 (Adult),M,5.1,1,Adult
30-45 (Adult),M,4.8,0,Adult
18-29 (Young Adult),F,6.8,1,Adult
30-45 (Adult),M,8.9,1,Adult
18-29 (Young Adult),F,1.1,1,Adult
18-29 (Young Adult),M,3.3,1,Adult
18-29 (Young Adult),F,9.8,1,Adult
30-45 (Adult),M,3.7,1,Adult
18-29 (Young Adult),M,5.2,1,Adult
18-29 (Young Adult),F,4.9,0,Adult
30-45 (Adult),M,3.7,1,Adult
18-29 (Young Adult),M,5.9,1,Adult
18-29 (Young Adult),M,1.3,1,Adult
18-29 (Young Adult),F,6.7,1,Adult
30-45 (Adult),F,2.2,1,Adult
30-45 (Adult),F,4.0,1,Adult
30-45 (Adult),F,8.6,1,Adult
30-45 (Adult),M,2.3,1,Adult
30-45 (Adult),M,6.6,0,Adult
18-29 (Young Adult),M,4.7,1,Adult
30-45 (Adult),F,2.5,0,Adult
30-45 (Adult),F,2.5,1,Adult
30-45 (Adult),M,8.3,0,Adult
18-29 (Young Adult),M,1.7,1,Adult
30-45 (Adult),M,9.3,0,Adult
30-45 (Adult),F,6.6,1,Adult
30-45 (Adult),F,5.6,0,Adult
18-29 (Young Adult),M,9.9,1,Adult
18-29 (Young Adult),F,6.7,1,Adult
30-45 (Adult),F,9.4,0,Adult
18-29 (Young Adult),F,6.4,1,Adult
30-45 (Adult),F,7.6,1,Adult
30-45 (Adult),F,4.2,1,Adult
30-45 (Adult),F,5.5,1,Adult
18-29 (Young Adult),F,7.0,0,Adult
18-29 (Young Adult),F,8.4,1,Adult
18-29 (Young Adult),F,9.3,0,Adult
18-29 (Young Adult),F,9.2,1,Adult
30-45 (Adult),M,5.2,1,Adult
30-45 (Adult),M,6.0,0,Adult
18-29 (Young Adult),M,9.1,1,Adult
30-45 (Adult),F,9.3,1,Adult
30-45 (Adult),M,9.3,1,Adult
18-29 (Young Adult),M,8.3,1,Adult
30-45 (Adult),F,7.3,1,Adult
18-29 (Young Adult),M,7.9,1,Adult
30-45 (Adult),F,9.6,1,Adult
30-45 (Adult),F,8.6,1,Adult
30-45 (Adult),M,3.5,1,Adult
18-29 (Young Adult),M,7.7,0,Adult
30-45 (Adult),F,6.7,1,Adult
30-45 (Adult),F,5.6,1,Adult
18-29 (Young Adult),M,5.6,1,Adult
30-45 (Adult),M,4.4,1,Adult
30-45 (Adult),F,8.0,1,Adult
18-29 (Young Adult),F,5.4,1,Adult
18-29 (Young Adult),M,7.0,1,Adult
30-45 (Adult),M,4.7,0,Adult
30-45 (Adult),F,8.9,1,Adult
18-29 (Young Adult),F,2.4,1,Adult
30-45 (Adult),M,1.2,1,Adult
18-29 (Young Adult),F,9.7,0,Adult
18-29 (Young Adult),F,2.1,1,Adult
30-45 (Adult),F,5.1,1,Adult
18-29 (Young Adult),M,4.3,1,Adult
18-29 (Young Adult),M,4.2,1,Adult
30-45 (Adult),F,2.0,1,Adult
30-45 (Adult),F,4.2,1,Adult
30-45 (Adult),F,6.3,1,Adult
30-45 (Adult),M,1.7,1,Adult
30-45 (Adult),F,4.1,0,Adult
30-45 (Adult),F,8.1,1,Adult
30-45 (Adult),F,7.3,1,Adult
18-29 (Young Adult),F,6.7,1,Adult
30-45 (Adult),M,4.0,1,Adult
30-45 (Adult),M,2.9,0,Adult
30-45 (Adult),F,8.3,1,Adult
30-45 (Adult),F,9.6,0,Adult
30-45 (Adult),M,3.8,0,Adult
18-29 (Young Adult),F,6.7,0,Adult
18-29 (Young Adult),M,1.4,1,Adult
30-45 (Adult),F,9.1,0,Adult
30-45 (Adult),M,1.9,1,Adult
30-45 (Adult),F,7.9,0,Adult
30-45 (Adult),M,7.8,1,Adult
18-29 (Young Adult),M,1.4,1,Adult
18-29 (Young Adult),M,2.0,0,Adult
18-29 (Young Adult),F,1.7,1,Adult
30-45 (Adult),F,3.5,1,Adult
30-45 (Adult),F,3.4,1,Adult
18-29 (Young Adult),M,1.3,1,Adult
30-45 (Adult),M,8.5,0,Adult
18-29 (Young Adult),F,3.5,1,Adult
30-45 (Adult),F,3.0,0,Adult
30-45 (Adult),F,6.0,1,Adult
30-45 (Adult),M,7.3,1,Adult
30-45 (Adult),F,7.9,0,Adult
30-45 (Adult),F,9.4,1,Adult
30-45 (Adult),F,4.2,0,Adult
18-29 (Young Adult),M,4.7,1,Adult
30-45 (Adult),F,1.3,1,Adult
18-29 (Young Adult),F,1.1,1,Adult
18-29 (Young Adult),M,8.9,0,Adult
18-29 (Young Adult),F,7.4,0,Adult
30-45 (Adult),F,3.4,1,Adult
30-45 (Adult),M,9.1,1,Adult
18-29 (Young Adult),M,9.7,1,Adult
30-45 (Adult),M,9.2,1,Adult
30-45 (Adult),M,7.0,1,Adult
18-29 (Young Adult),M,6.2,1,Adult
30-45 (Adult),F,9.2,1,Adult
30-45 (Adult),F,4.4,0,Adult
30-45 (Adult),M,2.7,0,Adult
30-45 (Adult),M,8.4,0,Adult
30-45 (Adult),M,4.5,1,Adult
30-45 (Adult),M,9.2,1,Adult
30-45 (Adult),M,3.3,1,Adult
30-45 (Adult),M,9.2,1,Adult
30-45 (Adult),M,3.8,0,Adult
30-45 (Adult),F,6.6,1,Adult
18-29 (Young Adult),F,7.5,1,Adult
18-29 (Young Adult),M,6.8,0,Adult
30-45 (Adult),M,5.2,1,Adult
30-45 (Adult),M,5.1,0,Adult
18-29 (Young Adult),M,8.2,1,Adult
30-45 (Adult),F,7.8,1,Adult
18-29 (Young Adult),M,9.7,0,Adult
30-45 (Adult),F,3.2,1,Adult
30-45 (Adult),M,6.0,1,Adult
30-45 (Adult),F,6.6,1,Adult
30-45 (Adult),M,9.0,1,Adult
30-45 (Adult),M,5.0,0,Adult
30-45 (Adult),M,4.7,1,Adult
18-29 (Young Adult),M,2.7,1,Adult
30-45 (Adult),F,2.4,1,Adult
30-45 (Adult),F,3.3,1,Adult
30-45 (Adult),F,2.8,1,Adult
30-45 (Adult),M,4.8,1,Adult
30-45 (Adult),F,8.3,1,Adult
18-29 (Young Adult),M,2.4,0,Adult
18-29 (Young Adult),F,9.8,0,Adult
30-45 (Adult),F,7.6,1,Adult
18-29 (Young Adult),M,2.4,0,Adult
18-29 (Young Adult),F,8.6,0,Adult
30-45 (Adult),F,2.8,0,Adult
18-29 (Young Adult),M,1.2,1,Adult
18-29 (Young Adult),F,4.9,0,Adult
30-45 (Adult),M,7.2,1,Adult
30-45 (Adult),F,6.8,0,Adult
18-29 (Young Adult),F,5.0,1,Adult
30-45 (Adult),F,7.9,1,Adult
30-45 (Adult),M,3.8,1,Adult
30-45 (Adult),F,1.2,1,Adult
18-29 (Young Adult),M,1.9,1,Adult
18-29 (Young Adult),M,6.7,1,Adult
18-29 (Young Adult),F,8.6,1,Adult
30-45 (Adult),F,5.6,1,Adult
30-45 (Adult),M,7.7,0,Adult
18-29 (Young Adult),F,1.8,0,Adult
30-45 (Adult),M,4.5,1,Adult
30-45 (Adult),M,8.2,1,Adult
30-45 (Adult),M,3.1,0,Adult
30-45 (Adult),M,8.7,0,Adult
30-45 (Adult),M,5.8,0,Adult
18-29 (Young Adult),F,9.6,1,Adult
18-29 (Young Adult),F,4.2,0,Adult
30-45 (Adult),M,2.9,1,Adult
30-45 (Adult),M,7.3,1,Adult
18-29 (Young Adult),F,1.3,1,Adult
18-29 (Young Adult),F,1.6,0,Adult
30-45 (Adult),F,7.3,1,Adult
18-29 (Young Adult),M,4.3,1,Adult
18-29 (Young Adult),F,2.3,1,Adult
18-29 (Young Adult),M,9.2,1,Adult
30-45 (Adult),M,4.9,0,Adult
18-29 (Young Adult),F,2.2,1,Adult
30-45 (Adult),F,6.2,1,Adult
18-29 (Young Adult),F,7.0,1,Adult
30-45 (Adult),M,1.8,0,Adult
30-45 (Adult),M,8.5,0,Adult
30-45 (Adult),M,3.0,0,Adult
18-29 (Young Adult),M,7.6,1,Adult
18-29 (Young Adult),M,4.3,1,Adult
30-45 (Adult),F,3.5,1,Adult
18-29 (Young Adult),M,7.9,1,Adult
18-29 (Young Adult),M,3.1,1,Adult
18-29 (Young Adult),M,9.0,1,Adult
30-45 (Adult),M,8.6,1,Adult
18-29 (Young Adult),M,1.5,1,Adult
18-29 (Young Adult),M,8.1,0,Adult
18-29 (Young Adult),F,7.2,0,Adult
18-29 (Young Adult),F,2.5,0,Adult
18-29 (Young Adult),F,6.3,0,Adult
30-45 (Adult),M,3.5,1,Adult
30-45 (Adult),M,2.7,1,Adult
30-45 (Adult),M,2.8,0,Adult
30-45 (Adult),M,7.9,1,Adult
18-29 (Young Adult),M,4.3,0,Adult
30-45 (Adult),M,8.3,1,Adult
30-45 (Adult),M,9.5,1,Adult
18-29 (Young Adult),M,5.1,1,Adult
18-29 (Young Adult),M,9.0,1,Adult
30-45 (Adult),M,7.6,1,Adult
30-45 (Adult),F,9.6,0,Adult
30-45 (Adult),M,3.9,1,Adult
18-29 (Young Adult),F,6.2,1,Adult
18-29 (Young Adult),M,8.5,1,Adult
30-45 (Adult),M,4.0,1,Adult
18-29 (Young Adult),M,1.2,1,Adult
30-45 (Adult),F,9.7,1,Adult
18-29 (Young Adult),M,6.7,1,Adult
30-45 (Adult),F,9.1,1,Adult
30-45 (Adult),F,4.6,1,Adult
18-29 (Young Adult),M,6.0,1,Adult
18-29 (Young Adult),F,2.2,1,Adult
18-29 (Young Adult),F,3.3,1,Adult
18-29 (Young Adult),F,6.6,1,Adult
30-45 (Adult),F,3.0,1,Adult
18-29 (Young Adult),F,7.3,1,Adult
30-45 (Adult),F,2.2,0,Adult
30-45 (Adult),M,8.4,1,Adult
30-45 (Adult),M,5.0,1,Adult
30-45 (Adult),F,8.9,1,Adult
30-45 (Adult),M,2.2,0,Adult
30-45 (Adult),F,2.3,1,Adult
30-45 (Adult),F,3.1,1,Adult
18-29 (Young Adult),F,4.2,1,Adult
30-45 (Adult),F,4.8,0,Adult
30-45 (Adult),M,4.4,1,Adult
30-45 (Adult),M,9.5,0,Adult
18-29 (Young Adult),M,7.4,1,Adult
30-45 (Adult),M,6.7,0,Adult
30-45 (Adult),F,9.3,1,Adult
18-29 (Young Adult),F,7.2,1,Adult
18-29 (Young Adult),M,8.7,0,Adult
30-45 (Adult),M,2.1,1,Adult
18-29 (Young Adult),M,5.6,0,Adult
30-45 (Adult),M,8.5,1,Adult
18-29 (Young Adult),F,8.6,1,Adult
30-45 (Adult),F,6.4,0,Adult
18-29 (Young Adult),F,8.7,1,Adult
30-45 (Adult),F,2.0,1,Adult
30-45 (Adult),M,3.3,0,Adult
30-45 (Adult),F,2.7,0,Adult
18-29 (Young Adult),F,5.9,0,Adult
18-29 (Young Adult),M,6.8,1,Adult
30-45 (Adult),M,3.1,0,Adult
18-29 (Young Adult),F,5.5,0,Adult
18-29 (Young Adult),F,6.6,1,Adult
30-45 (Adult),F,8.8,1,Adult
30-45 (Adult),F,3.7,0,Adult
30-45 (Adult),F,2.5,1,Adult
30-45 (Adult),M,5.0,1,Adult
18-29 (Young Adult),M,7.0,0,Adult
30-45 (Adult),F,3.3,0,Adult
30-45 (Adult),F,7.9,1,Adult
18-29 (Young Adult),M,5.0,1,Adult
30-45 (Adult),M,3.3,1,Adult
18-29 (Young Adult),M,5.6,0,Adult
18-29 (Young Adult),M,3.3,1,Adult
30-45 (Adult),M,4.5,0,Adult
30-45 (Adult),M,1.9,1,Adult
18-29 (Young Adult),F,5.6,0,Adult
30-45 (Adult),F,6.8,1,Adult
30-45 (Adult),F,8.6,1,Adult
30-45 (Adult),M,8.4,1,Adult
30-45 (Adult),M,6.6,1,Adult
18-29 (Young Adult),F,3.8,0,Adult
30-45 (Adult),M,1.6,1,Adult
18-29 (Young Adult),M,3.8,1,Adult
30-45 (Adult),M,5.7,0,Adult
30-45 (Adult),M,6.4,0,Adult
30-45 (Adult),M,2.1,0,Adult
30-45 (Adult),F,2.2,0,Adult
30-45 (Adult),M,5.1,0,Adult
18-29 (Young Adult),M,4.2,0,Adult
18-29 (Young Adult),F,8.5,0,Adult
18-29 (Young Adult),F,8.1,1,Adult
18-29 (Young Adult),M,4.5,0,Adult
30-45 (Adult),M,4.2,1,Adult
18-29 (Young Adult),F,4.1,0,Adult
30-45 (Adult),M,6.7,1,Adult
18-29 (Young Adult),M,2.9,1,Adult
18-29 (Young Adult),F,2.0,0,Adult
30-45 (Adult),F,1.6,1,Adult
18-29 (Young Adult),M,5.3,1,Adult
18-29 (Young Adult),F,6.8,1,Adult
30-45 (Adult),M,1.2,0,Adult
18-29 (Young Adult),F,8.0,1,Adult
18-29 (Young Adult),F,2.7,0,Adult
18-29 (Young Adult),M,3.5,1,Adult
18-29 (Young Adult),M,5.0,1,Adult
18-29 (Young Adult),F,8.0,1,Adult
30-45 (Adult),M,3.3,1,Adult
30-45 (Adult),M,7.5,0,Adult
18-29 (Young Adult),M,9.9,1,Adult
30-45 (Adult),M,7.5,1,Adult
30-45 (Adult),M,3.1,0,Adult
30-45 (Adult),F,8.2,0,Adult
18-29 (Young Adult),F,7.3,1,Adult
30-45 (Adult),F,9.3,0,Adult
30-45 (Adult),M,6.5,0,Adult
30-45 (Adult),F,1.6,0,Adult
18-29 (Young Adult),M,8.3,1,Adult
30-45 (Adult),F,4.4,1,Adult
30-45 (Adult),M,8.7,1,Adult
30-45 (Adult),F,8.9,0,Adult
18-29 (Young Adult),M,2.7,0,Adult
30-45 (Adult),F,5.1,0,Adult
18-29 (Young Adult),M,2.2,0,Adult
18-29 (Young Adult),F,2.7,0,Adult
30-45 (Adult),M,2.7,1,Adult
18-29 (Young Adult),F,7.1,0,Adult
18-29 (Young Adult),F,6.3,1,Adult
30-45 (Adult),M,9.9,0,Adult
30-45 (Adult),F,4.0,0,Adult
30-45 (Adult),F,1.9,1,Adult
30-45 (Adult),F,6.7,0,Adult
30-45 (Adult),F,1.5,1,Adult
30-45 (Adult),F,1.1,0,Adult
30-45 (Adult),F,4.6,1,Adult
18-29 (Young Adult),F,6.3,0,Adult
30-45 (Adult),F,2.0,0,Adult
18-29 (Young Adult),M,6.2,0,Adult
18-29 (Young Adult),M,2.7,1,Adult
30-45 (Adult),M,7.6,0,Adult
18-29 (Young Adult),F,3.0,1,Adult
30-45 (Adult),M,8.5,1,Adult
18-29 (Young Adult),M,8.2,0,Adult
30-45 (Adult),M,4.8,1,Adult
30-45 (Adult),F,4.7,0,Adult
30-45 (Adult),F,9.7,0,Adult
18-29 (Young Adult),M,4.8,1,Adult
18-29 (Young Adult),F,8.4,0,Adult
18-29 (Young Adult),F,6.5,0,Adult
30-45 (Adult),M,8.2,0,Adult
18-29 (Young Adult),F,7.3,0,Adult
18-29 (Young Adult),M,5.2,1,Adult
30-45 (Adult),M,8.0,1,Adult
18-29 (Young Adult),F,3.4,1,Adult
30-45 (Adult),M,9.3,0,Adult
18-29 (Young Adult),M,9.5,0,Adult
30-45 (Adult),F,9.1,1,Adult
18-29 (Young Adult),F,1.0,1,Adult
30-45 (Adult),M,7.3,1,Adult
18-29 (Young Adult),M,8.3,1,Adult
30-45 (Adult),M,6.8,1,Adult
18-29 (Young Adult),M,3.7,0,Adult
30-45 (Adult),M,8.2,0,Adult
30-45 (Adult),F,4.7,0,Adult
30-45 (Adult),M,4.8,1,Adult
18-29 (Young Adult),F,3.7,1,Adult
18-29 (Young Adult),M,5.9,1,Adult
18-29 (Young Adult),F,9.7,1,Adult
18-29 (Young Adult),M,8.7,1,Adult
30-45 (Adult),M,7.3,0,Adult
30-45 (Adult),M,6.2,1,Adult
30-45 (Adult),M,8.2,0,Adult
18-29 (Young Adult),M,6.7,0,Adult
30-45 (Adult),M,7.6,1,Adult
18-29 (Young Adult),M,6.6,1,Adult
30-45 (Adult),M,4.1,1,Adult
18-29 (Young Adult),F,8.6,0,Adult
30-45 (Adult),F,5.6,0,Adult
30-45 (Adult),M,9.6,0,Adult
30-45 (Adult),F,3.9,1,Adult
18-29 (Young Adult),M,6.0,1,Adult
30-45 (Adult),M,3.5,1,Adult
18-29 (Young Adult),M,9.8,1,Adult
18-29 (Young Adult),F,6.0,1,Adult
30-45 (Adult),F,8.7,1,Adult
30-45 (Adult),M,5.7,1,Adult
18-29 (Young Adult),F,3.0,1,Adult
18-29 (Young Adult),F,8.8,1,Adult
30-45 (Adult),M,6.8,0,Adult
30-45 (Adult),F,6.7,1,Adult
18-29 (Young Adult),F,5.9,1,Adult
30-45 (Adult),M,4.2,1,Adult
30-45 (Adult),M,1.8,1,Adult
18-29 (Young Adult),F,9.1,0,Adult
18-29 (Young Adult),F,5.9,1,Adult
18-29 (Young Adult),F,5.5,0,Adult
30-45 (Adult),M,2.3,1,Adult
30-45 (Adult),F,6.9,0,Adult
30-45 (Adult),M,8.7,1,Adult
18-29 (Young Adult),F,5.2,0,Adult
30-45 (Adult),M,6.0,0,Adult
30-45 (Adult),M,3.4,0,Adult
30-45 (Adult),M,9.3,0,Adult
30-45 (Adult),F,7.5,1,Adult
18-29 (Young Adult),F,8.0,1,Adult
18-29 (Young Adult),F,1.2,1,Adult
30-45 (Adult),M,8.8,1,Adult
30-45 (Adult),F,5.6,0,Adult
30-45 (Adult),F,9.0,0,Adult
30-45 (Adult),M,4.6,1,Adult
18-29 (Young Adult),F,7.2,1,Adult
18-29 (Young Adult),F,1.3,1,Adult
30-45 (Adult),M,6.1,1,Adult
30-45 (Adult),M,4.4,1,Adult
30-45 (Adult),F,2.5,1,Adult
30-45 (Adult),M,4.5,1,Adult
18-29 (Young Adult),F,4.6,0,Adult
30-45 (Adult),F,2.6,1,Adult
18-29 (Young Adult),F,3.7,1,Adult
30-45 (Adult),F,6.4,0,Adult
30-45 (Adult),F,8.6,0,Adult
30-45 (Adult),F,6.4,1,Adult
30-45 (Adult),F,7.1,1,Adult
30-45 (Adult),M,9.0,1,Adult
30-45 (Adult),F,8.4,1,Adult
30-45 (Adult),F,7.6,1,Adult
18-29 (Young Adult),F,6.4,1,Adult
30-45 (Adult),F,7.6,1,Adult
30-45 (Adult),M,4.7,0,Adult
18-29 (Young Adult),M,2.9,1,Adult
18-29 (Young Adult),M,6.4,1,Adult
18-29 (Young Adult),M,9.2,0,Adult
30-45 (Adult),M,5.1,0,Adult
18-29 (Young Adult),M,1.2,0,Adult
18-29 (Young Adult),F,1.8,1,Adult
30-45 (Adult),M,8.7,1,Adult
18-29 (Young Adult),M,8.8,1,Adult
30-45 (Adult),F,6.0,1,Adult
30-45 (Adult),M,7.6,0,Adult
18-29 (Young Adult),F,1.7,0,Adult
18-29 (Young Adult),M,7.9,1,Adult
30-45 (Adult),M,1.1,0,Adult
30-45 (Adult),M,3.4,1,Adult
30-45 (Adult),M,9.9,1,Adult
18-29 (Young Adult),F,7.7,1,Adult
18-29 (Young Adult),F,5.5,1,Adult
30-45 (Adult),M,2.1,1,Adult
18-29 (Young Adult),M,1.4,0,Adult
30-45 (Adult),F,6.0,1,Adult
18-29 (Young Adult),M,4.7,0,Adult
18-29 (Young Adult),F,6.1,1,Adult
18-29 (Young Adult),F,8.9,1,Adult
18-29 (Young Adult),F,6.3,1,Adult
30-45 (Adult),M,5.1,0,Adult
30-45 (Adult),F,8.8,1,Adult
30-45 (Adult),M,1.0,1,Adult
30-45 (Adult),F,2.9,1,Adult
30-45 (Adult),F,7.9,1,Adult
30-45 (Adult),F,9.5,1,Adult
30-45 (Adult),M,4.6,1,Adult
30-45 (Adult),M,2.8,0,Adult
18-29 (Young Adult),M,3.6,1,Adult
30-45 (Adult),M,5.7,0,Adult
30-45 (Adult),M,1.9,1,Adult
30-45 (Adult),M,2.3,1,Adult
18-29 (Young Adult),M,6.4,0,Adult
30-45 (Adult),M,6.3,0,Adult
30-45 (Adult),M,4.8,1,Adult
30-45 (Adult),F,2.2,1,Adult
18-29 (Young Adult),F,1.6,1,Adult
30-45 (Adult),M,9.8,1,Adult
30-45 (Adult),F,8.5,1,Adult
30-45 (Adult),F,6.0,1,Adult
18-29 (Young Adult),F,8.9,1,Adult
30-45 (Adult),M,9.3,0,Adult
30-45 (Adult),F,1.8,0,Adult
30-45 (Adult),F,2.0,1,Adult
18-29 (Young Adult),F,4.4,0,Adult
30-45 (Adult),M,2.5,1,Adult
30-45 (Adult),M,4.1,1,Adult
30-45 (Adult),F,6.0,0,Adult
30-45 (Adult),F,5.3,1,Adult
30-45 (Adult),F,3.7,1,Adult
18-29 (Young Adult),F,3.4,1,Adult
18-29 (Young Adult),M,8.6,0,Adult
30-45 (Adult),F,5.2,0,Adult
30-45 (Adult),M,5.4,1,Adult
30-45 (Adult),F,7.0,1,Adult
18-29 (Young Adult),M,4.2,0,Adult
30-45 (Adult),M,8.6,1,Adult
18-29 (Young Adult),F,2.7,0,Adult
18-29 (Young Adult),M,3.1,1,Adult
18-29 (Young Adult),M,3.0,1,Adult
30-45 (Adult),F,2.8,1,Adult
30-45 (Adult),F,9.6,0,Adult
30-45 (Adult),M,8.6,0,Adult
30-45 (Adult),F,4.3,1,Adult
30-45 (Adult),M,1.2,0,Adult
18-29 (Young Adult),F,7.9,0,Adult
18-29 (Young Adult),F,2.3,0,Adult
30-45 (Adult),F,5.8,0,Adult
30-45 (Adult),M,9.2,1,Adult
30-45 (Adult),F,2.3,0,Adult
18-29 (Young Adult),F,5.7,1,Adult
18-29 (Young Adult),M,2.7,1,Adult
30-45 (Adult),M,1.8,1,Adult
18-29 (Young Adult),F,9.3,1,Adult
30-45 (Adult),F,4.7,1,Adult
18-29 (Young Adult),F,9.5,1,Adult
30-45 (Adult),F,6.1,1,Adult
18-29 (Young Adult),M,9.7,1,Adult
30-45 (Adult),M,8.0,1,Adult
18-29 (Young Adult),F,8.4,1,Adult
30-45 (Adult),F,2.3,1,Adult
18-29 (Young Adult),F,10.0,1,Adult
18-29 (Young Adult),M,9.9,0,Adult
30-45 (Adult),M,2.5,1,Adult
30-45 (Adult),M,8.5,0,Adult
18-29 (Young Adult),F,5.1,0,Adult
30-45 (Adult),M,2.0,0,Adult
30-45 (Adult),M,3.0,1,Adult
18-29 (Young Adult),F,1.6,1,Adult
30-45 (Adult),F,5.3,0,Adult
18-29 (Young Adult),F,5.4,0,Adult
18-29 (Young Adult),F,8.5,1,Adult
30-45 (Adult),M,9.3,1,Adult
30-45 (Adult),M,4.5,1,Adult
18-29 (Young Adult),M,9.9,1,Adult
18-29 (Young Adult),M,8.8,1,Adult
18-29 (Young Adult),F,7.7,1,Adult
18-29 (Young Adult),M,5.1,1,Adult
18-29 (Young Adult),M,7.1,1,Adult
30-45 (Adult),F,2.7,0,Adult
30-45 (Adult),M,6.9,1,Adult
18-29 (Young Adult),M,4.9,1,Adult
30-45 (Adult),M,2.5,1,Adult
18-29 (Young Adult),M,5.9,0,Adult
30-45 (Adult),M,6.9,1,Adult
30-45 (Adult),M,2.7,0,Adult
30-45 (Adult),F,3.2,0,Adult
30-45 (Adult),F,5.3,1,Adult
30-45 (Adult),M,4.1,1,Adult
18-29 (Young Adult),M,6.7,1,Adult
18-29 (Young Adult),M,5.7,1,Adult
30-45 (Adult),M,3.4,1,Adult
18-29 (Young Adult),F,5.6,0,Adult
30-45 (Adult),F,8.2,1,Adult
30-45 (Adult),M,8.4,1,Adult
30-45 (Adult),F,1.5,1,Adult
18-29 (Young Adult),F,1.3,1,Adult
18-29 (Young Adult),F,8.7,1,Adult
30-45 (Adult),M,1.4,1,Adult
30-45 (Adult),M,3.7,1,Adult
30-45 (Adult),F,3.7,1,Adult
30-45 (Adult),F,5.6,1,Adult
30-45 (Adult),M,10.0,1,Adult
30-45 (Adult),F,3.2,1,Adult
18-29 (Young Adult),F,8.4,1,Adult
18-29 (Young Adult),F,2.0,1,Adult
18-29 (Young Adult),M,8.3,1,Adult
18-29 (Young Adult),M,2.6,1,Adult
30-45 (Adult),M,1.8,1,Adult
30-45 (Adult),M,9.8,0,Adult
30-45 (Adult),F,9.9,1,Adult
18-29 (Young Adult),F,3.2,1,Adult
18-29 (Young Adult),F,2.3,0,Adult
30-45 (Adult),F,1.4,1,Adult
18-29 (Young Adult),F,4.4,1,Adult
30-45 (Adult),F,4.1,0,Adult
18-29 (Young Adult),F,6.4,0,Adult
30-45 (Adult),F,7.4,1,Adult
30-45 (Adult),F,9.9,0,Adult
18-29 (Young Adult),M,7.8,1,Adult
18-29 (Young Adult),M,10.0,1,Adult
30-45 (Adult),F,6.7,1,Adult
18-29 (Young Adult),M,1.6,1,Adult
30-45 (Adult),F,5.2,0,Adult
30-45 (Adult),M,7.1,1,Adult
30-45 (Adult),M,5.8,1,Adult
30-45 (Adult),F,3.7,1,Adult
30-45 (Adult),F,2.0,1,Adult
30-45 (Adult),M,6.3,1,Adult
30-45 (Adult),F,5.1,1,Adult
30-45 (Adult),F,9.3,0,Adult
30-45 (Adult),F,2.6,1,Adult
18-29 (Young Adult),M,9.8,0,Adult
30-45 (Adult),M,4.8,1,Adult
18-29 (Young Adult),F,9.7,0,Adult
18-29 (Young Adult),M,2.6,1,Adult
18-29 (Young Adult),M,7.1,0,Adult
30-45 (Adult),M,9.8,1,Adult
18-29 (Young Adult),F,8.6,1,Adult
30-45 (Adult),F,2.1,0,Adult
30-45 (Adult),F,5.7,1,Adult
30-45 (Adult),M,5.0,1,Adult
18-29 (Young Adult),F,6.0,0,Adult
30-45 (Adult),M,2.1,0,Adult
30-45 (Adult),M,6.0,0,Adult
30-45 (Adult),F,1.9,1,Adult
30-45 (Adult),F,9.8,0,Adult
30-45 (Adult),F,9.7,1,Adult
18-29 (Young Adult),F,1.0,1,Adult
18-29 (Young Adult),M,5.2,1,Adult
30-45 (Adult),M,3.2,1,Adult
18-29 (Young Adult),M,8.4,1,Adult
30-45 (Adult),M,3.9,1,Adult
30-45 (Adult),F,1.1,1,Adult
30-45 (Adult),F,5.2,1,Adult
18-29 (Young Adult),F,1.0,1,Adult
30-45 (Adult),F,3.4,1,Adult
18-29 (Young Adult),F,5.0,1,Adult
18-29 (Young Adult),M,7.6,1,Adult
30-45 (Adult),F,7.5,1,Adult
18-29 (Young Adult),M,4.4,1,Adult
30-45 (Adult),M,2.4,1,Adult
30-45 (Adult),M,7.0,0,Adult
18-29 (Young Adult),F,9.1,1,Adult
30-45 (Adult),F,3.5,1,Adult
30-45 (Adult),F,2.0,1,Adult
30-45 (Adult),F,1.1,1,Adult
30-45 (Adult),F,9.1,1,Adult
30-45 (Adult),M,5.1,0,Adult
18-29 (Young Adult),F,8.5,1,Adult
18-29 (Young Adult),M,4.5,1,Adult
18-29 (Young Adult),M,2.0,1,Adult
30-45 (Adult),M,5.1,1,Adult
30-45 (Adult),F,7.3,1,Adult
18-29 (Young Adult),F,5.1,0,Adult
18-29 (Young Adult),F,7.0,1,Adult
18-29 (Young Adult),F,1.9,1,Adult
30-45 (Adult),F,2.5,1,Adult
30-45 (Adult),F,2.0,1,Adult
18-29 (Young Adult),M,8.6,1,Adult
30-45 (Adult),F,5.7,1,Adult
18-29 (Young Adult),M,4.2,1,Adult
30-45 (Adult),F,6.4,1,Adult
30-45 (Adult),M,4.9,1,Adult
18-29 (Young Adult),M,2.5,0,Adult
30-45 (Adult),F,1.2,1,Adult
18-29 (Young Adult),M,8.1,0,Adult
30-45 (Adult),F,7.4,1,Adult
30-45 (Adult),M,7.7,1,Adult
18-29 (Young Adult),M,7.1,0,Adult
18-29 (Young Adult),M,8.2,1,Adult
30-45 (Adult),F,8.8,1,Adult
30-45 (Adult),F,5.7,0,Adult
30-45 (Adult),M,6.2,1,Adult
30-45 (Adult),M,2.7,0,Adult
18-29 (Young Adult),F,9.4,1,Adult
30-45 (Adult),F,5.5,0,Adult
18-29 (Young Adult),M,8.2,0,Adult
18-29 (Young Adult),M,1.2,1,Adult
18-29 (Young Adult),F,6.0,1,Adult
18-29 (Young Adult),F,6.9,1,Adult
30-45 (Adult),F,6.5,0,Adult
18-29 (Young Adult),F,8.0,0,Adult
18-29 (Young Adult),M,2.8,1,Adult
18-29 (Young Adult),M,9.8,1,Adult
18-29 (Young Adult),F,7.7,0,Adult
18-29 (Young Adult),F,1.6,0,Adult
30-45 (Adult),F,8.6,1,Adult
30-45 (Adult),M,4.1,1,Adult
30-45 (Adult),M,9.5,0,Adult
18-29 (Young Adult),M,1.6,1,Adult
30-45 (Adult),F,9.5,0,Adult
18-29 (Young Adult),M,1.8,1,Adult
30-45 (Adult),M,4.7,0,Adult
30-45 (Adult),F,6.1,1,Adult
18-29 (Young Adult),F,6.7,1,Adult
18-29 (Young Adult),M,7.1,1,Adult
18-29 (Young Adult),M,3.1,1,Adult
30-45 (Adult),M,8.3,0,Adult
30-45 (Adult),M,7.3,0,Adult
30-45 (Adult),F,8.0,1,Adult
30-45 (Adult),F,2.9,1,Adult
18-29 (Young Adult),F,1.5,1,Adult
18-29 (Young Adult),F,8.0,1,Adult
18-29 (Young Adult),F,5.7,0,Adult
30-45 (Adult),M,7.7,1,Adult
30-45 (Adult),F,9.3,1,Adult
30-45 (Adult),F,5.6,0,Adult
18-29 (Young Adult),M,6.4,1,Adult
18-29 (Young Adult),F,8.5,1,Adult
30-45 (Adult),M,8.3,0,Adult
30-45 (Adult),M,9.0,1,Adult
30-45 (Adult),F,9.2,1,Adult
30-45 (Adult),F,1.1,0,Adult
30-45 (Adult),M,2.6,1,Adult
30-45 (Adult),M,9.5,1,Adult
30-45 (Adult),M,6.3,1,Adult
30-45 (Adult),F,9.9,1,Adult
18-29 (Young Adult),F,4.9,1,Adult
30-45 (Adult),F,5.7,0,Adult
30-45 (Adult),M,5.3,1,Adult
18-29 (Young Adult),F,7.5,1,Adult
30-45 (Adult),F,4.8,1,Adult
18-29 (Young Adult),F,2.7,0,Adult
18-29 (Young Adult),F,9.4,1,Adult
30-45 (Adult),F,9.9,0,Adult
30-45 (Adult),F,4.1,1,Adult
30-45 (Adult),M,6.3,1,Adult
18-29 (Young Adult),M,7.0,1,Adult
18-29 (Young Adult),M,4.3,1,Adult
30-45 (Adult),M,7.3,1,Adult
30-45 (Adult),F,8.3,0,Adult
18-29 (Young Adult),M,4.3,0,Adult
18-29 (Young Adult),M,4.0,1,Adult
30-45 (Adult),M,5.8,1,Adult
30-45 (Adult),F,4.6,1,Adult
30-45 (Adult),M,9.5,0,Adult
18-29 (Young Adult),F,4.5,1,Adult
30-45 (Adult),F,6.5,1,Adult
30-45 (Adult),F,10.0,0,Adult
30-45 (Adult),M,5.4,1,Adult
30-45 (Adult),M,5.6,1,Adult
30-45 (Adult),F,2.3,1,Adult
18-29 (Young Adult),F,4.2,0,Adult
18-29 (Young Adult),F,3.6,1,Adult
30-45 (Adult),F,8.2,0,Adult
18-29 (Young Adult),F,7.2,1,Adult
18-29 (Young Adult),F,2.5,1,Adult
18-29 (Young Adult),F,1.2,0,Adult
18-29 (Young Adult),F,7.2,1,Adult
30-45 (Adult),F,9.4,1,Adult
30-45 (Adult),F,3.6,0,Adult
18-29 (Young Adult),F,7.4,1,Adult
30-45 (Adult),F,6.3,0,Adult
18-29 (Young Adult),F,5.5,1,Adult
30-45 (Adult),F,4.4,1,Adult
18-29 (Young Adult),M,2.4,1,Adult
30-45 (Adult),F,5.4,1,Adult
30-45 (Adult),F,5.4,0,Adult
18-29 (Young Adult),M,9.9,0,Adult
18-29 (Young Adult),M,7.5,1,Adult
30-45 (Adult),M,1.7,1,Adult
30-45 (Adult),M,5.4,0,Adult
18-29 (Young Adult),M,8.6,1,Adult
30-45 (Adult),M,5.1,1,Adult
18-29 (Young Adult),F,2.0,0,Adult
30-45 (Adult),M,3.0,1,Adult
18-29 (Young Adult),M,9.1,1,Adult
30-45 (Adult),M,2.4,0,Adult
30-45 (Adult),F,4.8,1,Adult
18-29 (Young Adult),M,8.4,0,Adult
30-45 (Adult),F,3.1,1,Adult
18-29 (Young Adult),F,3.4,1,Adult
30-45 (Adult),M,7.6,1,Adult
30-45 (Adult),F,1.9,1,Adult
30-45 (Adult),M,4.6,1,Adult
30-45 (Adult),F,9.1,0,Adult
30-45 (Adult),M,9.2,1,Adult
30-45 (Adult),M,2.0,1,Adult
30-45 (Adult),F,2.6,0,Adult
18-29 (Young Adult),M,7.7,1,Adult
18-29 (Young Adult),F,5.9,1,Adult
18-29 (Young Adult),M,4.9,1,Adult
30-45 (Adult),M,3.2,0,Adult
30-45 (Adult),F,5.6,1,Adult
30-45 (Adult),M,2.4,1,Adult
18-29 (Young Adult),F,8.9,0,Adult
18-29 (Young Adult),M,1.8,0,Adult
30-45 (Adult),M,1.0,1,Adult
30-45 (Adult),M,3.2,1,Adult
18-29 (Young Adult),M,3.8,1,Adult
30-45 (Adult),M,8.6,1,Adult
18-29 (Young Adult),M,9.5,1,Adult
30-45 (Adult),F,3.6,1,Adult
30-45 (Adult),M,9.6,1,Adult
30-45 (Adult),F,7.9,1,Adult
30-45 (Adult),M,7.1,1,Adult
18-29 (Young Adult),M,7.4,0,Adult
30-45 (Adult),F,4.4,0,Adult
18-29 (Young Adult),F,4.2,1,Adult
30-45 (Adult),F,6.0,1,Adult
18-29 (Young Adult),M,7.1,1,Adult
18-29 (Young Adult),F,6.6,1,Adult
30-45 (Adult),F,6.1,0,Adult
30-45 (Adult),F,1.1,0,Adult
30-45 (Adult),M,4.0,0,Adult
30-45 (Adult),M,7.4,1,Adult
30-45 (Adult),F,8.8,0,Adult
30-45 (Adult),M,1.5,1,Adult
30-45 (Adult),F,8.3,1,Adult
18-29 (Young Adult),F,5.0,1,Adult
18-29 (Young Adult),M,1.9,1,Adult
18-29 (Young Adult),M,6.5,1,Adult
18-29 (Young Adult),M,4.6,1,Adult
30-45 (Adult),F,4.1,1,Adult
18-29 (Young Adult),M,1.5,0,Adult
30-45 (Adult),F,6.0,0,Adult
30-45 (Adult),M,6.7,1,Adult
18-29 (Young Adult),F,9.9,1,Adult
18-29 (Young Adult),F,7.1,1,Adult
30-45 (Adult),F,7.2,0,Adult
18-29 (Young Adult),F,8.6,0,Adult
30-45 (Adult),F,7.3,0,Adult
30-45 (Adult),F,7.8,0,Adult
30-45 (Adult),M,6.1,1,Adult
30-45 (Adult),F,1.5,0,Adult
30-45 (Adult),F,6.2,0,Adult
18-29 (Young Adult),F,6.3,1,Adult
18-29 (Young Adult),F,1.6,1,Adult
18-29 (Young Adult),M,5.1,1,Adult
30-45 (Adult),M,3.2,1,Adult
18-29 (Young Adult),M,9.3,0,Adult
18-29 (Young Adult),F,4.3,1,Adult
30-45 (Adult),M,6.0,1,Adult
18-29 (Young Adult),F,6.4,0,Adult
30-45 (Adult),M,8.7,1,Adult
18-29 (Young Adult),M,2.0,0,Adult
18-29 (Young Adult),F,7.6,1,Adult
18-29 (Young Adult),F,3.6,1,Adult
18-29 (Young Adult),F,9.9,1,Adult
18-29 (Young Adult),F,9.8,0,Adult
30-45 (Adult),F,6.5,1,Adult
18-29 (Young Adult),M,6.8,1,Adult
18-29 (Young Adult),M,5.8,0,Adult
18-29 (Young Adult),M,8.8,1,Adult
30-45 (Adult),F,8.8,1,Adult
30-45 (Adult),M,3.2,1,Adult
30-45 (Adult),F,8.3,0,Adult
18-29 (Young Adult),M,5.2,0,Adult
30-45 (Adult),M,3.9,0,Adult
30-45 (Adult),M,1.2,0,Adult
30-45 (Adult),F,4.6,1,Adult
30-45 (Adult),F,7.4,0,Adult
30-45 (Adult),F,2.6,1,Adult
18-29 (Young Adult),M,1.8,1,Adult
18-29 (Young Adult),M,9.4,1,Adult
30-45 (Adult),F,4.3,1,Adult
30-45 (Adult),M,5.1,1,Adult
18-29 (Young Adult),F,5.3,0,Adult
18-29 (Young Adult),F,1.1,1,Adult
30-45 (Adult),F,6.5,1,Adult
30-45 (Adult),M,5.2,1,Adult
30-45 (Adult),F,5.5,0,Adult
18-29 (Young Adult),M,5.3,1,Adult
30-45 (Adult),F,7.9,1,Adult
30-45 (Adult),F,8.4,1,Adult
18-29 (Young Adult),M,7.5,1,Adult
18-29 (Young Adult),M,1.1,1,Adult
18-29 (Young Adult),M,3.6,1,Adult
18-29 (Young Adult),M,5.7,1,Adult
30-45 (Adult),M,8.2,0,Adult
30-45 (Adult),F,9.1,1,Adult
30-45 (Adult),F,4.8,0,Adult
18-29 (Young Adult),M,1.0,0,Adult
30-45 (Adult),F,2.0,1,Adult
18-29 (Young Adult),M,9.8,1,Adult
30-45 (Adult),M,2.4,1,Adult
30-45 (Adult),M,2.2,1,Adult
18-29 (Young Adult),M,5.4,1,Adult
30-45 (Adult),M,9.2,1,Adult
30-45 (Adult),F,8.7,0,Adult
30-45 (Adult),F,1.3,1,Adult
30-45 (Adult),M,8.0,1,Adult
18-29 (Young Adult),F,1.6,0,Adult
18-29 (Young Adult),M,4.7,1,Adult
18-29 (Young Adult),F,9.6,1,Adult
30-45 (Adult),M,9.4,1,Adult
18-29 (Young Adult),F,1.0,1,Adult
30-45 (Adult),M,9.6,1,Adult
30-45 (Adult),F,1.3,1,Adult
30-45 (Adult),M,9.4,1,Adult
30-45 (Adult),F,3.1,1,Adult
18-29 (Young Adult),M,4.5,1,Adult
18-29 (Young Adult),M,5.1,1,Adult
18-29 (Young Adult),M,4.3,0,Adult
18-29 (Young Adult),F,7.4,0,Adult
30-45 (Adult),M,5.5,0,Adult
18-29 (Young Adult),M,2.7,0,Adult
30-45 (Adult),F,8.3,1,Adult
18-29 (Young Adult),F,6.8,1,Adult
18-29 (Young Adult),F,3.3,0,Adult
18-29 (Young Adult),M,9.4,1,Adult
30-45 (Adult),F,7.6,0,Adult
18-29 (Young Adult),M,9.1,1,Adult
30-45 (Adult),M,5.4,1,Adult
18-29 (Young Adult),M,1.1,1,Adult
30-45 (Adult),F,9.1,0,Adult
18-29 (Young Adult),F,9.7,0,Adult
30-45 (Adult),M,7.2,1,Adult
30-45 (Adult),M,4.4,0,Adult
18-29 (Young Adult),F,10.0,0,Adult
30-45 (Adult),F,6.3,1,Adult
30-45 (Adult),F,5.7,0,Adult
18-29 (Young Adult),M,2.6,0,Adult
18-29 (Young Adult),F,6.6,1,Adult
30-45 (Adult),F,5.5,0,Adult
30-45 (Adult),F,8.6,0,Adult
18-29 (Young Adult),M,1.8,1,Adult
30-45 (Adult),F,2.3,0,Adult
18-29 (Young Adult),F,2.9,1,Adult
30-45 (Adult),M,4.7,1,Adult
30-45 (Adult),F,6.6,1,Adult
18-29 (Young Adult),M,3.3,1,Adult
30-45 (Adult),F,9.6,1,Adult
30-45 (Adult),M,8.3,1,Adult
18-29 (Young Adult),F,2.7,1,Adult
30-45 (Adult),F,5.0,0,Adult
30-45 (Adult),M,3.1,1,Adult
18-29 (Young Adult),M,1.8,1,Adult
30-45 (Adult),F,2.0,1,Adult
18-29 (Young Adult),M,2.1,1,Adult
30-45 (Adult),F,6.0,1,Adult
30-45 (Adult),M,6.3,1,Adult
18-29 (Young Adult),M,3.5,1,Adult
18-29 (Young Adult),M,8.1,0,Adult
30-45 (Adult),F,4.1,0,Adult
18-29 (Young Adult),M,2.1,0,Adult
30-45 (Adult),M,7.8,0,Adult
18-29 (Young Adult),F,4.1,1,Adult
30-45 (Adult),M,5.6,0,Adult
30-45 (Adult),M,3.3,1,Adult
30-45 (Adult),M,3.3,1,Adult
30-45 (Adult),F,1.0,1,Adult
18-29 (Young Adult),M,3.8,0,Adult
18-29 (Young Adult),M,2.5,1,Adult
30-45 (Adult),F,8.3,1,Adult
18-29 (Young Adult),M,6.4,1,Adult
18-29 (Young Adult),M,3.4,0,Adult
30-45 (Adult),M,7.9,1,Adult
30-45 (Adult),F,4.7,1,Adult
30-45 (Adult),M,4.7,1,Adult
30-45 (Adult),M,7.5,1,Adult
18-29 (Young Adult),F,1.2,1,Adult
30-45 (Adult),F,5.9,1,Adult
18-29 (Young Adult),F,1.6,0,Adult
30-45 (Adult),F,4.0,1,Adult
30-45 (Adult),M,6.5,0,Adult
30-45 (Adult),F,2.8,1,Adult
18-29 (Young Adult),F,6.8,1,Adult
30-45 (Adult),F,1.9,1,Adult
18-29 (Young Adult),M,8.9,0,Adult
18-29 (Young Adult),M,1.6,1,Adult
30-45 (Adult),F,9.0,1,Adult
30-45 (Adult),M,6.0,1,Adult
18-29 (Young Adult),F,3.5,0,Adult
30-45 (Adult),F,6.4,1,Adult
30-45 (Adult),F,1.4,1,Adult
30-45 (Adult),M,7.2,1,Adult
30-45 (Adult),F,9.7,1,Adult
18-29 (Young Adult),M,3.2,1,Adult
18-29 (Young Adult),M,3.3,1,Adult
30-45 (Adult),M,8.0,0,Adult
30-45 (Adult),M,8.1,1,Adult
18-29 (Young Adult),M,9.1,0,Adult
30-45 (Adult),F,3.6,0,Adult
30-45 (Adult),F,5.4,1,Adult
18-29 (Young Adult),F,8.1,1,Adult
30-45 (Adult),F,4.6,1,Adult
18-29 (Young Adult),F,2.6,1,Adult
18-29 (Young Adult),M,5.3,0,Adult
30-45 (Adult),M,1.4,1,Adult
30-45 (Adult),F,2.4,1,Adult
30-45 (Adult),M,1.2,1,Adult
30-45 (Adult),M,1.3,1,Adult
30-45 (Adult),M,7.3,1,Adult
30-45 (Adult),F,8.2,1,Adult
18-29 (Young Adult),F,9.0,0,Adult
30-45 (Adult),M,7.6,0,Adult
18-29 (Young Adult),M,6.1,0,Adult
18-29 (Young Adult),M,3.8,1,Adult
30-45 (Adult),F,1.1,0,Adult
30-45 (Adult),F,9.7,1,Adult
30-45 (Adult),F,8.7,0,Adult
30-45 (Adult),M,5.5,1,Adult
18-29 (Young Adult),F,2.0,1,Adult
18-29 (Young Adult),M,7.9,1,Adult
30-45 (Adult),M,6.6,1,Adult
18-29 (Young Adult),F,9.1,1,Adult
18-29 (Young Adult),M,5.9,1,Adult
30-45 (Adult),F,2.5,1,Adult
30-45 (Adult),F,7.1,0,Adult
30-45 (Adult),M,7.2,1,Adult
18-29 (Young Adult),F,2.1,0,Adult
30-45 (Adult),M,9.5,0,Adult
30-45 (Adult),F,3.5,1,Adult
30-45 (Adult),F,6.5,0,Adult
30-45 (Adult),M,9.4,0,Adult
18-29 (Young Adult),F,3.5,1,Adult
18-29 (Young Adult),F,9.2,1,Adult
30-45 (Adult),F,3.8,1,Adult
30-45 (Adult),M,8.5,1,Adult
30-45 (Adult),M,5.2,1,Adult
30-45 (Adult),F,8.7,1,Adult
30-45 (Adult),M,1.0,0,Adult
18-29 (Young Adult),F,3.7,0,Adult
30-45 (Adult),M,2.6,1,Adult
18-29 (Young Adult),F,3.4,1,Adult
30-45 (Adult),F,9.5,1,Adult
18-29 (Young Adult),F,3.8,1,Adult
30-45 (Adult),M,1.5,1,Adult
30-45 (Adult),F,5.6,1,Adult
18-29 (Young Adult),M,1.2,1,Adult
30-45 (Adult),M,4.8,1,Adult
30-45 (Adult),F,6.1,0,Adult
18-29 (Young Adult),M,2.7,0,Adult
30-45 (Adult),M,1.8,1,Adult
30-45 (Adult),M,1.4,1,Adult
30-45 (Adult),M,3.4,1,Adult
30-45 (Adult),F,3.6,0,Adult
30-45 (Adult),M,4.0,1,Adult
18-29 (Young Adult),M,5.4,0,Adult
30-45 (Adult),F,5.1,1,Adult
18-29 (Young Adult),M,9.5,1,Adult
18-29 (Young Adult),F,9.7,1,Adult
18-29 (Young Adult),M,1.4,1,Adult
18-29 (Young Adult),M,5.8,1,Adult
30-45 (Adult),M,6.2,1,Adult
18-29 (Young Adult),F,5.7,1,Adult
18-29 (Young Adult),M,9.7,1,Adult
18-29 (Young Adult),M,6.9,1,Adult
18-29 (Young Adult),F,2.0,1,Adult
30-45 (Adult),F,1.7,1,Adult
30-45 (Adult),M,5.8,0,Adult
30-45 (Adult),M,9.8,1,Adult
30-45 (Adult),M,6.7,1,Adult
30-45 (Adult),M,8.0,1,Adult
18-29 (Young Adult),F,3.6,0,Adult
30-45 (Adult),M,7.2,1,Adult
30-45 (Adult),F,1.5,0,Adult
30-45 (Adult),F,4.8,0,Adult
30-45 (Adult),M,9.8,0,Adult
18-29 (Young Adult),F,6.0,0,Adult
18-29 (Young Adult),F,3.2,1,Adult
30-45 (Adult),F,3.7,0,Adult
18-29 (Young Adult),F,6.0,1,Adult
18-29 (Young Adult),F,5.5,1,Adult
18-29 (Young Adult),F,2.1,1,Adult
30-45 (Adult),M,8.5,1,Adult
30-45 (Adult),F,5.9,1,Adult
18-29 (Young Adult),F,9.7,1,Adult
30-45 (Adult),M,2.5,1,Adult
30-45 (Adult),F,2.3,1,Adult
18-29 (Young Adult),M,5.7,0,Adult
30-45 (Adult),F,6.1,1,Adult
30-45 (Adult),M,4.5,0,Adult
30-45 (Adult),M,3.0,1,Adult
18-29 (Young Adult),F,7.6,0,Adult
30-45 (Adult),F,3.2,1,Adult
30-45 (Adult),F,9.4,0,Adult
30-45 (Adult),F,3.3,1,Adult
30-45 (Adult),M,8.4,1,Adult
30-45 (Adult),F,1.6,0,Adult
18-29 (Young Adult),M,7.1,1,Adult
18-29 (Young Adult),F,1.5,0,Adult
18-29 (Young Adult),M,3.1,1,Adult
18-29 (Young Adult),M,4.1,0,Adult
30-45 (Adult),M,3.4,1,Adult
18-29 (Young Adult),M,3.0,1,Adult
18-29 (Young Adult),F,4.2,1,Adult
30-45 (Adult),F,8.4,1,Adult
18-29 (Young Adult),F,4.5,1,Adult
30-45 (Adult),M,8.9,1,Adult
18-29 (Young Adult),F,8.4,1,Adult
18-29 (Young Adult),M,5.9,1,Adult
18-29 (Young Adult),F,5.6,1,Adult
30-45 (Adult),M,6.0,0,Adult
30-45 (Adult),M,6.7,1,Adult
18-29 (Young Adult),F,6.2,0,Adult
18-29 (Young Adult),M,9.0,0,Adult
18-29 (Young Adult),F,7.4,0,Adult
30-45 (Adult),F,3.4,1,Adult
30-45 (Adult),M,9.1,1,Adult
18-29 (Young Adult),M,7.4,1,Adult
30-45 (Adult),M,3.0,1,Adult
30-45 (Adult),M,2.9,0,Adult
30-45 (Adult),M,4.2,1,Adult
30-45 (Adult),M,2.8,0,Adult
30-45 (Adult),M,9.6,0,Adult
18-29 (Young Adult),F,1.5,1,Adult
18-29 (Young Adult),M,3.4,1,Adult
30-45 (Adult),F,4.0,0,Adult
18-29 (Young Adult),M,2.9,1,Adult
18-29 (Young Adult),M,1.4,1,Adult
18-29 (Young Adult),F,3.0,1,Adult
18-29 (Young Adult),F,9.6,1,Adult
30-45 (Adult),M,7.3,1,Adult
18-29 (Young Adult),F,2.0,1,Adult
30-45 (Adult),F,2.5,1,Adult
18-29 (Young Adult),F,8.9,1,Adult
18-29 (Young Adult),M,1.2,1,Adult
18-29 (Young Adult),F,3.9,1,Adult
30-45 (Adult),M,9.4,1,Adult
18-29 (Young Adult),F,4.6,0,Adult
18-29 (Young Adult),F,3.6,1,Adult
30-45 (Adult),M,2.8,1,Adult
30-45 (Adult),M,1.5,1,Adult
18-29 (Young Adult),F,6.6,1,Adult
30-45 (Adult),F,8.3,1,Adult
18-29 (Young Adult),F,6.2,1,Adult
30-45 (Adult),M,2.0,1,Adult
30-45 (Adult),M,8.6,0,Adult
30-45 (Adult),M,3.5,1,Adult
18-29 (Young Adult),M,7.2,1,Adult
30-45 (Adult),F,5.1,1,Adult
30-45 (Adult),F,3.2,1,Adult
30-45 (Adult),M,3.6,0,Adult
18-29 (Young Adult),M,6.5,1,Adult
30-45 (Adult),F,7.8,1,Adult
30-45 (Adult),F,10.0,1,Adult
18-29 (Young Adult),M,6.3,0,Adult
30-45 (Adult),F,6.4,1,Adult
18-29 (Young Adult),F,1.7,1,Adult
30-45 (Adult),F,6.5,0,Adult
18-29 (Young Adult),F,3.8,1,Adult
30-45 (Adult),F,5.6,1,Adult
18-29 (Young Adult),M,5.9,1,Adult
30-45 (Adult),M,5.4,0,Adult
18-29 (Young Adult),M,4.1,1,Adult
30-45 (Adult),F,5.0,1,Adult
18-29 (Young Adult),M,9.0,0,Adult
30-45 (Adult),M,5.9,0,Adult
30-45 (Adult),M,6.0,0,Adult
18-29 (Young Adult),F,4.1,1,Adult
18-29 (Young Adult),F,3.7,1,Adult
30-45 (Adult),F,7.3,1,Adult
18-29 (Young Adult),F,1.7,1,Adult
18-29 (Young Adult),F,9.4,1,Adult
18-29 (Young Adult),M,4.2,1,Adult
30-45 (Adult),F,6.3,1,Adult
18-29 (Young Adult),F,5.5,1,Adult
30-45 (Adult),M,7.8,1,Adult
18-29 (Young Adult),M,8.3,1,Adult
18-29 (Young Adult),M,1.1,1,Adult
18-29 (Young Adult),F,7.9,1,Adult
18-29 (Young Adult),M,6.3,1,Adult
30-45 (Adult),F,9.7,1,Adult
30-45 (Adult),F,9.9,1,Adult
30-45 (Adult),M,9.7,0,Adult
30-45 (Adult),F,8.9,0,Adult
30-45 (Adult),F,5.7,1,Adult
18-29 (Young Adult),F,3.9,1,Adult
30-45 (Adult),F,4.0,1,Adult
18-29 (Young Adult),F,2.5,1,Adult
18-29 (Young Adult),F,6.0,1,Adult
30-45 (Adult),F,9.4,1,Adult
30-45 (Adult),F,5.9,1,Adult
18-29 (Young Adult),M,5.3,1,Adult
18-29 (Young Adult),M,1.2,1,Adult
18-29 (Young Adult),F,4.3,1,Adult
18-29 (Young Adult),F,7.9,0,Adult
18-29 (Young Adult),M,4.7,1,Adult
30-45 (Adult),F,3.4,1,Adult
18-29 (Young Adult),M,7.0,1,Adult
18-29 (Young Adult),F,5.8,1,Adult
30-45 (Adult),F,4.2,0,Adult
30-45 (Adult),F,7.9,1,Adult
18-29 (Young Adult),M,7.7,1,Adult
30-45 (Adult),F,7.4,1,Adult
18-29 (Young Adult),M,9.4,1,Adult
30-45 (Adult),F,2.3,0,Adult
30-45 (Adult),F,2.4,1,Adult
18-29 (Young Adult),F,1.1,1,Adult
30-45 (Adult),F,5.4,0,Adult
18-29 (Young Adult),M,6.2,1,Adult
30-45 (Adult),M,1.0,0,Adult
30-45 (Adult),F,7.3,1,Adult
30-45 (Adult),F,6.7,0,Adult
18-29 (Young Adult),M,1.1,1,Adult
18-29 (Young Adult),F,4.2,1,Adult
30-45 (Adult),F,2.8,1,Adult
18-29 (Young Adult),M,9.1,1,Adult
18-29 (Young Adult),M,1.5,0,Adult
18-29 (Young Adult),F,5.5,1,Adult
30-45 (Adult),M,6.6,1,Adult
30-45 (Adult),F,2.6,1,Adult
18-29 (Young Adult),F,3.0,1,Adult
30-45 (Adult),M,8.0,1,Adult
18-29 (Young Adult),F,7.7,1,Adult
30-45 (Adult),F,2.8,1,Adult
18-29 (Young Adult),F,6.3,0,Adult
18-29 (Young Adult),M,5.9,0,Adult
18-29 (Young Adult),M,1.3,0,Adult
18-29 (Young Adult),M,2.1,1,Adult
30-45 (Adult),M,6.5,0,Adult
30-45 (Adult),F,6.7,0,Adult
30-45 (Adult),M,3.4,0,Adult
30-45 (Adult),F,6.0,1,Adult
18-29 (Young Adult),F,8.7,1,Adult
30-45 (Adult),F,3.6,0,Adult
30-45 (Adult),F,2.0,1,Adult
30-45 (Adult),F,1.3,0,Adult
30-45 (Adult),F,6.8,1,Adult
30-45 (Adult),M,5.9,1,Adult
30-45 (Adult),F,8.5,1,Adult
30-45 (Adult),M,8.9,1,Adult
30-45 (Adult),M,3.2,1,Adult
18-29 (Young Adult),M,8.6,1,Adult
30-45 (Adult),F,3.1,0,Adult
30-45 (Adult),F,2.8,0,Adult
30-45 (Adult),M,7.8,1,Adult
18-29 (Young Adult),M,3.5,1,Adult
18-29 (Young Adult),F,5.1,0,Adult
30-45 (Adult),M,4.3,1,Adult
30-45 (Adult),M,3.3,1,Adult
18-29 (Young Adult),M,5.6,0,Adult
18-29 (Young Adult),F,6.0,1,Adult
30-45 (Adult),M,3.5,1,Adult
30-45 (Adult),M,1.5,1,Adult
18-29 (Young Adult),M,5.1,1,Adult
30-45 (Adult),M,1.9,1,Adult
30-45 (Adult),M,8.8,1,Adult
18-29 (Young Adult),M,6.9,1,Adult
18-29 (Young Adult),M,9.1,0,Adult
30-45 (Adult),F,8.2,1,Adult
30-45 (Adult),M,3.6,1,Adult
30-45 (Adult),F,3.9,1,Adult
30-45 (Adult),M,2.6,1,Adult
30-45 (Adult),F,6.4,1,Adult
18-29 (Young Adult),M,2.0,0,Adult
30-45 (Adult),F,8.9,0,Adult
30-45 (Adult),M,9.7,1,Adult
30-45 (Adult),M,8.7,1,Adult
18-29 (Young Adult),F,4.4,0,Adult
18-29 (Young Adult),M,3.8,1,Adult
18-29 (Young Adult),M,4.9,1,Adult
30-45 (Adult),M,4.1,1,Adult
18-29 (Young Adult),F,1.4,0,Adult
30-45 (Adult),M,3.7,1,Adult
18-29 (Young Adult),M,6.2,1,Adult
30-45 (Adult),F,3.8,1,Adult
30-45 (Adult),F,6.2,1,Adult
30-45 (Adult),F,3.1,1,Adult
30-45 (Adult),M,1.5,0,Adult
30-45 (Adult),M,7.6,1,Adult
30-45 (Adult),M,7.5,1,Adult
18-29 (Young Adult),F,1.9,0,Adult
30-45 (Adult),M,8.6,1,Adult
30-45 (Adult),F,3.2,1,Adult
30-45 (Adult),M,1.9,1,Adult
18-29 (Young Adult),M,1.6,0,Adult
30-45 (Adult),F,2.6,0,Adult
18-29 (Young Adult),F,6.5,1,Adult
30-45 (Adult),M,8.2,0,Adult
30-45 (Adult),M,9.5,0,Adult
18-29 (Young Adult),M,7.4,1,Adult
30-45 (Adult),F,2.9,1,Adult
30-45 (Adult),M,8.1,1,Adult
18-29 (Young Adult),M,9.7,0,Adult
30-45 (Adult),F,8.0,1,Adult
30-45 (Adult),M,5.3,1,Adult
30-45 (Adult),M,2.3,1,Adult
30-45 (Adult),M,7.9,1,Adult
30-45 (Adult),F,1.2,1,Adult
30-45 (Adult),F,5.6,1,Adult
30-45 (Adult),F,7.1,1,Adult
30-45 (Adult),M,3.7,1,Adult
18-29 (Young Adult),F,3.0,1,Adult
18-29 (Young Adult),M,8.5,0,Adult
30-45 (Adult),M,6.2,1,Adult
30-45 (Adult),F,3.6,1,Adult
30-45 (Adult),F,1.8,1,Adult
30-45 (Adult),M,6.8,0,Adult
30-45 (Adult),F,9.7,0,Adult
30-45 (Adult),F,9.7,1,Adult
18-29 (Young Adult),F,7.7,1,Adult
18-29 (Young Adult),M,4.9,0,Adult
30-45 (Adult),F,2.2,1,Adult
18-29 (Young Adult),F,1.5,0,Adult
18-29 (Young Adult),M,7.2,1,Adult
30-45 (Adult),F,6.3,0,Adult
18-29 (Young Adult),F,4.8,1,Adult
18-29 (Young Adult),M,2.3,0,Adult
30-45 (Adult),M,4.3,0,Adult
30-45 (Adult),M,9.8,1,Adult
30-45 (Adult),M,9.4,1,Adult
30-45 (Adult),M,5.5,0,Adult
18-29 (Young Adult),F,6.9,1,Adult
18-29 (Young Adult),M,2.0,1,Adult
18-29 (Young Adult),F,2.9,1,Adult
30-45 (Adult),F,1.6,1,Adult
18-29 (Young Adult),M,1.0,0,Adult
30-45 (Adult),M,1.0,0,Adult
30-45 (Adult),F,5.8,1,Adult
30-45 (Adult),M,4.0,1,Adult
30-45 (Adult),F,4.9,0,Adult
18-29 (Young Adult),F,4.8,0,Adult
30-45 (Adult),M,1.6,0,Adult
18-29 (Young Adult),F,8.3,1,Adult
30-45 (Adult),M,6.7,1,Adult
18-29 (Young Adult),M,1.5,1,Adult
18-29 (Young Adult),F,9.0,1,Adult
18-29 (Young Adult),F,2.3,1,Adult
30-45 (Adult),F,7.6,1,Adult
30-45 (Adult),M,7.2,1,Adult
30-45 (Adult),M,5.1,1,Adult
18-29 (Young Adult),M,9.9,1,Adult
18-29 (Young Adult),M,6.7,0,Adult
30-45 (Adult),F,3.7,1,Adult
30-45 (Adult),F,6.4,1,Adult
30-45 (Adult),F,7.5,0,Adult
18-29 (Young Adult),M,9.2,0,Adult
18-29 (Young Adult),F,6.2,1,Adult
18-29 (Young Adult),M,5.5,1,Adult
30-45 (Adult),F,6.5,1,Adult
30-45 (Adult),M,2.9,0,Adult
18-29 (Young Adult),M,9.9,0,Adult
18-29 (Young Adult),M,6.7,1,Adult
30-45 (Adult),M,9.6,1,Adult
18-29 (Young Adult),F,1.7,1,Adult
30-45 (Adult),M,3.2,0,Adult
18-29 (Young Adult),F,4.8,0,Adult
30-45 (Adult),F,8.2,1,Adult
18-29 (Young Adult),F,5.4,1,Adult
18-29 (Young Adult),M,2.2,1,Adult
30-45 (Adult),M,7.2,1,Adult
18-29 (Young Adult),M,8.5,0,Adult
30-45 (Adult),M,1.6,1,Adult
30-45 (Adult),F,6.3,0,Adult
30-45 (Adult),M,7.5,1,Adult
30-45 (Adult),M,4.8,1,Adult
30-45 (Adult),M,3.4,1,Adult
18-29 (Young Adult),F,3.3,1,Adult
18-29 (Young Adult),F,7.9,1,Adult
18-29 (Young Adult),M,2.6,0,Adult
18-29 (Young Adult),M,1.1,1,Adult
18-29 (Young Adult),F,7.6,0,Adult
30-45 (Adult),M,5.1,1,Adult
30-45 (Adult),M,2.8,1,Adult
30-45 (Adult),M,7.2,1,Adult
30-45 (Adult),F,7.6,1,Adult
30-45 (Adult),F,4.7,1,Adult
18-29 (Young Adult),F,9.6,1,Adult
18-29 (Young Adult),M,9.7,1,Adult
18-29 (Young Adult),F,7.8,1,Adult
18-29 (Young Adult),M,8.9,0,Adult
18-29 (Young Adult),M,6.0,1,Adult
30-45 (Adult),M,1.0,1,Adult
30-45 (Adult),F,7.2,1,Adult
18-29 (Young Adult),M,4.2,1,Adult
30-45 (Adult),M,4.1,1,Adult
18-29 (Young Adult),M,1.1,1,Adult
30-45 (Adult),F,8.9,1,Adult
30-45 (Adult),M,3.5,1,Adult
18-29 (Young Adult),F,4.8,1,Adult
30-45 (Adult),F,6.1,1,Adult
18-29 (Young Adult),M,1.8,1,Adult
30-45 (Adult),M,2.8,1,Adult
30-45 (Adult),M,7.0,0,Adult
30-45 (Adult),M,3.1,1,Adult
30-45 (Adult),M,6.6,1,Adult
18-29 (Young Adult),M,9.5,1,Adult
30-45 (Adult),M,9.2,1,Adult
18-29 (Young Adult),F,6.0,1,Adult
18-29 (Young Adult),F,8.4,1,Adult
30-45 (Adult),F,9.7,1,Adult
18-29 (Young Adult),M,9.9,0,Adult
30-45 (Adult),M,4.5,1,Adult
18-29 (Young Adult),F,7.7,1,Adult
30-45 (Adult),M,7.3,1,Adult
30-45 (Adult),F,2.4,1,Adult
30-45 (Adult),M,3.3,0,Adult
30-45 (Adult),M,9.2,0,Adult
30-45 (Adult),F,8.9,1,Adult
30-45 (Adult),M,3.3,0,Adult
18-29 (Young Adult),F,7.7,1,Adult
30-45 (Adult),F,8.0,1,Adult
30-45 (Adult),M,9.6,0,Adult
18-29 (Young Adult),F,6.3,1,Adult
18-29 (Young Adult),F,8.1,1,Adult
18-29 (Young Adult),M,4.0,1,Adult
18-29 (Young Adult),M,5.6,1,Adult
30-45 (Adult),M,2.5,1,Adult
30-45 (Adult),M,6.0,0,Adult
18-29 (Young Adult),F,9.9,1,Adult
30-45 (Adult),M,8.4,1,Adult
30-45 (Adult),M,8.7,1,Adult
18-29 (Young Adult),F,8.3,0,Adult
30-45 (Adult),M,8.6,1,Adult
18-29 (Young Adult),F,6.0,1,Adult
30-45 (Adult),M,7.8,1,Adult
30-45 (Adult),M,1.8,0,Adult
30-45 (Adult),M,5.7,1,Adult
30-45 (Adult),F,9.3,1,Adult
30-45 (Adult),F,6.1,1,Adult
30-45 (Adult),F,6.0,1,Adult
30-45 (Adult),M,5.1,1,Adult
30-45 (Adult),F,8.7,1,Adult
30-45 (Adult),M,3.1,1,Adult
18-29 (Young Adult),F,5.8,1,Adult
18-29 (Young Adult),M,5.3,1,Adult
18-29 (Young Adult),F,8.8,0,Adult
18-29 (Young Adult),F,5.6,0,Adult
30-45 (Adult),M,7.1,0,Adult
30-45 (Adult),M,7.3,1,Adult
18-29 (Young Adult),M,2.4,1,Adult
18-29 (Young Adult),F,6.5,1,Adult
30-45 (Adult),F,3.0,1,Adult
30-45 (Adult),F,7.3,1,Adult
30-45 (Adult),F,1.3,1,Adult
18-29 (Young Adult),F,9.0,1,Adult
30-45 (Adult),M,8.5,1,Adult
30-45 (Adult),M,9.5,1,Adult
30-45 (Adult),F,9.7,1,Adult
30-45 (Adult),F,1.0,0,Adult
18-29 (Young Adult),M,6.0,1,Adult
18-29 (Young Adult),M,4.7,0,Adult
18-29 (Young Adult),M,7.8,1,Adult
30-45 (Adult),M,4.2,1,Adult
30-45 (Adult),F,1.9,0,Adult
18-29 (Young Adult),F,8.0,1,Adult
30-45 (Adult),F,6.3,0,Adult
18-29 (Young Adult),M,3.8,1,Adult
30-45 (Adult),F,9.2,1,Adult
30-45 (Adult),M,7.6,1,Adult
30-45 (Adult),F,8.2,1,Adult
18-29 (Young Adult),F,2.6,1,Adult
30-45 (Adult),M,5.4,1,Adult
30-45 (Adult),M,9.9,0,Adult
30-45 (Adult),M,1.2,1,Adult
18-29 (Young Adult),M,7.2,1,Adult
18-29 (Young Adult),M,4.5,0,Adult
30-45 (Adult),F,1.1,0,Adult
30-45 (Adult),M,9.1,0,Adult
30-45 (Adult),M,9.9,1,Adult
18-29 (Young Adult),M,3.3,1,Adult
30-45 (Adult),F,5.5,1,Adult
18-29 (Young Adult),F,1.1,1,Adult
18-29 (Young Adult),M,5.6,0,Adult
30-45 (Adult),M,7.0,1,Adult
18-29 (Young Adult),M,5.8,1,Adult
18-29 (Young Adult),F,9.4,1,Adult
30-45 (Adult),F,6.9,1,Adult
30-45 (Adult),M,7.2,1,Adult
30-45 (Adult),F,2.7,1,Adult
30-45 (Adult),F,7.7,1,Adult
30-45 (Adult),F,4.6,0,Adult
18-29 (Young Adult),F,9.9,1,Adult
30-45 (Adult),M,4.3,0,Adult
30-45 (Adult),M,6.0,1,Adult
30-45 (Adult),M,5.5,1,Adult
18-29 (Young Adult),F,1.8,0,Adult
18-29 (Young Adult),M,3.7,0,Adult
18-29 (Young Adult),M,9.0,0,Adult
30-45 (Adult),M,7.0,1,Adult
30-45 (Adult),M,1.4,1,Adult
30-45 (Adult),F,7.9,1,Adult
30-45 (Adult),M,8.9,1,Adult
18-29 (Young Adult),F,1.4,1,Adult
30-45 (Adult),M,3.6,1,Adult
18-29 (Young Adult),M,9.6,0,Adult
30-45 (Adult),M,6.6,1,Adult
30-45 (Adult),F,2.9,0,Adult
18-29 (Young Adult),F,8.3,1,Adult
30-45 (Adult),F,4.8,1,Adult
30-45 (Adult),F,1.6,1,Adult
30-45 (Adult),F,5.7,1,Adult
30-45 (Adult),M,4.0,1,Adult
30-45 (Adult),F,3.9,0,Adult
18-29 (Young Adult),F,5.7,1,Adult
18-29 (Young Adult),M,9.7,1,Adult
18-29 (Young Adult),F,4.1,1,Adult
30-45 (Adult),F,5.6,1,Adult
18-29 (Young Adult),F,2.4,1,Adult
30-45 (Adult),M,4.5,0,Adult
30-45 (Adult),F,5.4,1,Adult
30-45 (Adult),F,1.8,1,Adult
30-45 (Adult),M,8.3,0,Adult
30-45 (Adult),M,5.0,0,Adult
30-45 (Adult),M,1.3,1,Adult
18-29 (Young Adult),F,3.9,0,Adult
30-45 (Adult),M,9.8,1,Adult
30-45 (Adult),M,7.8,0,Adult
30-45 (Adult),F,1.7,1,Adult
18-29 (Young Adult),F,8.2,1,Adult
18-29 (Young Adult),F,3.0,1,Adult
30-45 (Adult),F,8.4,1,Adult
18-29 (Young Adult),F,4.5,1,Adult
30-45 (Adult),M,6.1,1,Adult
30-45 (Adult),M,5.9,1,Adult
18-29 (Young Adult),M,7.5,1,Adult
18-29 (Young Adult),F,4.1,1,Adult
30-45 (Adult),M,8.0,1,Adult
30-45 (Adult),M,4.9,1,Adult
30-45 (Adult),M,9.4,1,Adult
30-45 (Adult),F,7.4,1,Adult
18-29 (Young Adult),M,8.0,0,Adult
18-29 (Young Adult),M,7.3,1,Adult
18-29 (Young Adult),M,3.8,0,Adult
18-29 (Young Adult),M,9.2,0,Adult
18-29 (Young Adult),F,2.5,1,Adult
30-45 (Adult),M,3.6,1,Adult
30-45 (Adult),F,3.2,1,Adult
30-45 (Adult),F,9.9,1,Adult
18-29 (Young Adult),M,4.7,1,Adult
18-29 (Young Adult),M,4.5,1,Adult
18-29 (Young Adult),M,2.0,1,Adult
18-29 (Young Adult),M,5.4,1,Adult
18-29 (Young Adult),F,3.2,1,Adult
30-45 (Adult),F,8.1,1,Adult
30-45 (Adult),M,5.4,0,Adult
30-45 (Adult),F,7.2,1,Adult
30-45 (Adult),F,6.9,0,Adult
30-45 (Adult),F,2.8,0,Adult
30-45 (Adult),M,3.8,1,Adult
30-45 (Adult),M,7.5,1,Adult
30-45 (Adult),F,1.8,1,Adult
30-45 (Adult),M,10.0,1,Adult
30-45 (Adult),M,5.1,1,Adult
18-29 (Young Adult),M,4.2,0,Adult
30-45 (Adult),M,8.6,1,Adult
30-45 (Adult),F,9.7,1,Adult
30-45 (Adult),M,2.3,0,Adult
18-29 (Young Adult),M,9.8,0,Adult
30-45 (Adult),M,8.7,1,Adult
18-29 (Young Adult),F,6.7,1,Adult
30-45 (Adult),F,2.9,0,Adult
18-29 (Young Adult),F,7.7,1,Adult
18-29 (Young Adult),M,1.7,0,Adult
30-45 (Adult),F,9.4,1,Adult
18-29 (Young Adult),F,9.4,1,Adult
30-45 (Adult),M,5.3,1,Adult
30-45 (Adult),F,3.0,1,Adult
30-45 (Adult),M,9.0,1,Adult
18-29 (Young Adult),M,5.4,1,Adult
18-29 (Young Adult),F,6.0,0,Adult
18-29 (Young Adult),M,9.6,1,Adult
30-45 (Adult),M,5.3,1,Adult
18-29 (Young Adult),F,7.6,1,Adult
18-29 (Young Adult),M,2.7,0,Adult
30-45 (Adult),F,4.2,0,Adult
18-29 (Young Adult),M,7.3,0,Adult
30-45 (Adult),F,8.6,1,Adult
18-29 (Young Adult),F,9.8,1,Adult
18-29 (Young Adult),F,8.0,1,Adult
30-45 (Adult),F,5.1,1,Adult
30-45 (Adult),M,2.0,1,Adult
30-45 (Adult),M,3.3,0,Adult
30-45 (Adult),F,7.8,1,Adult
30-45 (Adult),F,9.1,1,Adult
30-45 (Adult),M,1.4,1,Adult
30-45 (Adult),M,2.4,1,Adult
30-45 (Adult),M,8.0,1,Adult
30-45 (Adult),M,4.2,0,Adult
30-45 (Adult),F,4.2,1,Adult
30-45 (Adult),F,4.2,1,Adult
18-29 (Young Adult),F,5.7,1,Adult
30-45 (Adult),M,4.3,1,Adult
18-29 (Young Adult),F,7.2,1,Adult
30-45 (Adult),M,6.4,0,Adult
18-29 (Young Adult),M,9.4,1,Adult
30-45 (Adult),F,7.1,1,Adult
18-29 (Young Adult),F,6.4,0,Adult
18-29 (Young Adult),M,2.8,0,Adult
30-45 (Adult),F,9.2,1,Adult
30-45 (Adult),F,5.0,1,Adult
18-29 (Young Adult),F,1.2,1,Adult
18-29 (Young Adult),F,9.1,1,Adult
30-45 (Adult),F,9.2,1,Adult
18-29 (Young Adult),M,1.9,1,Adult
18-29 (Young Adult),F,1.9,0,Adult
30-45 (Adult),F,9.9,1,Adult
18-29 (Young Adult),F,3.4,1,Adult
18-29 (Young Adult),M,2.3,1,Adult
30-45 (Adult),M,8.8,1,Adult
30-45 (Adult),M,7.6,0,Adult
18-29 (Young Adult),M,9.3,1,Adult
18-29 (Young Adult),F,5.1,1,Adult
30-45 (Adult),F,8.2,1,Adult
18-29 (Young Adult),M,5.1,1,Adult
18-29 (Young Adult),M,4.6,1,Adult
30-45 (Adult),F,3.5,1,Adult
30-45 (Adult),F,8.2,1,Adult
18-29 (Young Adult),M,7.3,1,Adult
18-29 (Young Adult),M,3.3,0,Adult
30-45 (Adult),F,4.1,1,Adult
30-45 (Adult),M,8.5,0,Adult
30-45 (Adult),M,4.6,0,Adult
30-45 (Adult),F,3.5,1,Adult
18-29 (Young Adult),M,2.1,1,Adult
30-45 (Adult),M,4.6,0,Adult
30-45 (Adult),F,1.6,1,Adult
30-45 (Adult),M,7.1,1,Adult
18-29 (Young Adult),F,8.6,1,Adult
30-45 (Adult),F,3.0,1,Adult
18-29 (Young Adult),M,7.5,1,Adult
30-45 (Adult),M,9.8,1,Adult
18-29 (Young Adult),M,4.8,1,Adult
30-45 (Adult),M,7.0,0,Adult
18-29 (Young Adult),F,8.0,1,Adult
30-45 (Adult),F,5.8,1,Adult
18-29 (Young Adult),M,5.6,1,Adult
30-45 (Adult),F,6.5,1,Adult
30-45 (Adult),M,2.9,0,Adult
30-45 (Adult),F,7.1,1,Adult
18-29 (Young Adult),M,9.0,1,Adult
18-29 (Young Adult),M,6.5,1,Adult
30-45 (Adult),M,2.7,1,Adult
30-45 (Adult),M,3.1,1,Adult
30-45 (Adult),F,6.7,1,Adult
30-45 (Adult),M,4.4,1,Adult
30-45 (Adult),M,9.6,1,Adult
18-29 (Young Adult),F,8.1,1,Adult
30-45 (Adult),F,6.1,1,Adult
30-45 (Adult),F,8.1,0,Adult
18-29 (Young Adult),M,8.2,1,Adult
30-45 (Adult),M,9.7,1,Adult
18-29 (Young Adult),M,6.6,1,Adult
30-45 (Adult),F,7.3,1,Adult
18-29 (Young Adult),M,5.8,0,Adult
30-45 (Adult),F,1.3,0,Adult
18-29 (Young Adult),M,3.4,1,Adult
18-29 (Young Adult),M,2.6,1,Adult
30-45 (Adult),M,2.3,1,Adult
30-45 (Adult),F,3.8,0,Adult
30-45 (Adult),M,9.3,0,Adult
30-45 (Adult),F,5.5,0,Adult
30-45 (Adult),M,4.1,0,Adult
30-45 (Adult),M,8.5,0,Adult
18-29 (Young Adult),M,7.0,1,Adult
30-45 (Adult),M,2.7,1,Adult
18-29 (Young Adult),F,2.5,1,Adult
18-29 (Young Adult),M,6.4,1,Adult
30-45 (Adult),M,4.0,1,Adult
30-45 (Adult),F,5.9,1,Adult
30-45 (Adult),M,4.2,1,Adult
30-45 (Adult),F,1.3,1,Adult
30-45 (Adult),F,8.5,1,Adult
30-45 (Adult),F,5.2,1,Adult
18-29 (Young Adult),M,9.3,1,Adult
30-45 (Adult),F,3.5,0,Adult
18-29 (Young Adult),M,7.8,1,Adult
30-45 (Adult),F,9.5,0,Adult
30-45 (Adult),F,6.3,1,Adult
18-29 (Young Adult),M,1.7,1,Adult
18-29 (Young Adult),F,9.7,0,Adult
30-45 (Adult),M,7.3,1,Adult
30-45 (Adult),M,1.8,1,Adult
18-29 (Young Adult),M,5.5,0,Adult
30-45 (Adult),M,3.5,1,Adult
18-29 (Young Adult),M,5.2,1,Adult
18-29 (Young Adult),M,9.3,0,Adult
30-45 (Adult),F,9.0,0,Adult
30-45 (Adult),M,9.6,1,Adult
18-29 (Young Adult),F,5.8,1,Adult
30-45 (Adult),F,8.9,1,Adult
30-45 (Adult),M,3.6,0,Adult
30-45 (Adult),F,9.3,1,Adult
18-29 (Young Adult),M,2.6,1,Adult
30-45 (Adult),M,7.7,1,Adult
30-45 (Adult),M,3.3,0,Adult
30-45 (Adult),F,9.3,1,Adult
30-45 (Adult),F,7.6,1,Adult
18-29 (Young Adult),M,2.4,1,Adult
30-45 (Adult),M,6.6,0,Adult
18-29 (Young Adult),M,7.0,0,Adult
18-29 (Young Adult),M,4.2,0,Adult
30-45 (Adult),F,1.4,1,Adult
18-29 (Young Adult),M,3.5,1,Adult
30-45 (Adult),F,1.5,1,Adult
30-45 (Adult),M,6.9,1,Adult
30-45 (Adult),M,6.8,1,Adult
30-45 (Adult),F,3.4,0,Adult
30-45 (Adult),F,2.4,1,Adult
18-29 (Young Adult),M,6.6,1,Adult
18-29 (Young Adult),M,7.0,1,Adult
30-45 (Adult),M,6.8,1,Adult
30-45 (Adult),M,1.4,1,Adult
30-45 (Adult),M,5.6,0,Adult
30-45 (Adult),M,2.2,1,Adult
30-45 (Adult),M,9.7,1,Adult
18-29 (Young Adult),M,5.4,1,Adult
30-45 (Adult),F,3.1,1,Adult
18-29 (Young Adult),M,2.2,1,Adult
30-45 (Adult),M,3.1,0,Adult
30-45 (Adult),M,3.8,0,Adult
18-29 (Young Adult),M,1.1,1,Adult
18-29 (Young Adult),F,1.3,1,Adult
30-45 (Adult),F,6.9,1,Adult
18-29 (Young Adult),F,4.2,1,Adult
30-45 (Adult),M,7.2,1,Adult
30-45 (Adult),F,5.5,1,Adult
30-45 (Adult),M,7.4,1,Adult
18-29 (Young Adult),M,10.0,1,Adult
18-29 (Young Adult),M,5.3,1,Adult
30-45 (Adult),F,6.2,1,Adult
30-45 (Adult),M,9.6,1,Adult
30-45 (Adult),M,2.5,0,Adult
30-45 (Adult),F,8.9,1,Adult
30-45 (Adult),F,5.9,1,Adult
18-29 (Young Adult),M,6.8,1,Adult
18-29 (Young Adult),F,9.9,0,Adult
30-45 (Adult),M,4.9,1,Adult
30-45 (Adult),M,1.5,1,Adult
30-45 (Adult),M,3.5,1,Adult
18-29 (Young Adult),F,1.9,1,Adult
30-45 (Adult),F,3.1,0,Adult
18-29 (Young Adult),M,9.0,1,Adult
18-29 (Young Adult),F,1.0,1,Adult
30-45 (Adult),F,3.2,0,Adult
18-29 (Young Adult),M,7.0,0,Adult
18-29 (Young Adult),M,8.6,1,Adult
30-45 (Adult),M,9.3,1,Adult
18-29 (Young Adult),F,7.1,1,Adult
30-45 (Adult),M,6.3,0,Adult
30-45 (Adult),M,1.0,0,Adult
18-29 (Young Adult),F,3.0,1,Adult
18-29 (Young Adult),M,3.6,0,Adult
30-45 (Adult),F,7.9,1,Adult
18-29 (Young Adult),M,7.5,0,Adult
30-45 (Adult),M,1.1,0,Adult
18-29 (Young Adult),F,2.1,0,Adult
18-29 (Young Adult),F,2.3,1,Adult
18-29 (Young Adult),F,6.6,1,Adult
18-29 (Young Adult),M,4.9,1,Adult
30-45 (Adult),F,7.8,1,Adult
30-45 (Adult),M,2.0,1,Adult
18-29 (Young Adult),F,5.9,1,Adult
30-45 (Adult),M,2.3,0,Adult
30-45 (Adult),F,9.8,1,Adult
18-29 (Young Adult),M,3.9,1,Adult
30-45 (Adult),F,8.5,1,Adult
18-29 (Young Adult),F,9.7,1,Adult
30-45 (Adult),F,1.5,1,Adult
30-45 (Adult),M,1.7,1,Adult
30-45 (Adult),F,4.7,0,Adult
18-29 (Young Adult),F,5.2,0,Adult
30-45 (Adult),F,3.9,1,Adult
30-45 (Adult),F,7.7,1,Adult
18-29 (Young Adult),F,2.6,0,Adult
18-29 (Young Adult),M,4.6,1,Adult
18-29 (Young Adult),M,8.3,1,Adult
18-29 (Young Adult),M,2.8,1,Adult
30-45 (Adult),M,6.1,1,Adult
18-29 (Young Adult),M,3.7,1,Adult
30-45 (Adult),F,9.5,0,Adult
30-45 (Adult),M,9.5,1,Adult
18-29 (Young Adult),M,6.3,0,Adult
30-45 (Adult),F,3.3,1,Adult
30-45 (Adult),M,3.6,1,Adult
30-45 (Adult),M,3.5,0,Adult
30-45 (Adult),M,1.5,1,Adult
18-29 (Young Adult),F,8.2,1,Adult
18-29 (Young Adult),F,9.9,1,Adult
30-45 (Adult),F,7.2,0,Adult
30-45 (Adult),F,3.4,1,Adult
30-45 (Adult),F,5.3,0,Adult
30-45 (Adult),M,7.1,0,Adult
18-29 (Young Adult),F,7.3,0,Adult
30-45 (Adult),F,6.5,1,Adult
30-45 (Adult),M,1.7,1,Adult
18-29 (Young Adult),F,5.0,0,Adult
30-45 (Adult),M,7.7,1,Adult
18-29 (Young Adult),M,5.7,0,Adult
18-29 (Young Adult),M,6.4,0,Adult
18-29 (Young Adult),M,8.4,1,Adult
30-45 (Adult),F,1.1,0,Adult
30-45 (Adult),M,4.9,1,Adult
30-45 (Adult),F,2.2,0,Adult
18-29 (Young Adult),F,3.3,1,Adult
18-29 (Young Adult),F,6.1,1,Adult
18-29 (Young Adult),M,5.9,1,Adult
30-45 (Adult),F,9.8,1,Adult
30-45 (Adult),M,9.9,1,Adult
30-45 (Adult),F,3.3,1,Adult
18-29 (Young Adult),F,9.5,1,Adult
30-45 (Adult),M,1.9,0,Adult
18-29 (Young Adult),F,1.8,1,Adult
30-45 (Adult),F,2.7,1,Adult
18-29 (Young Adult),M,2.7,1,Adult
30-45 (Adult),M,3.3,1,Adult
18-29 (Young Adult),F,1.2,0,Adult
30-45 (Adult),F,6.6,0,Adult
30-45 (Adult),F,6.9,1,Adult
18-29 (Young Adult),M,6.1,1,Adult
30-45 (Adult),M,9.4,1,Adult
30-45 (Adult),M,9.5,1,Adult
18-29 (Young Adult),M,5.0,0,Adult
30-45 (Adult),M,6.2,0,Adult
30-45 (Adult),F,7.6,1,Adult
18-29 (Young Adult),M,3.5,0,Adult
18-29 (Young Adult),F,9.0,1,Adult
18-29 (Young Adult),F,5.1,1,Adult
30-45 (Adult),M,3.9,1,Adult
30-45 (Adult),F,3.4,1,Adult
30-45 (Adult),F,5.4,0,Adult
18-29 (Young Adult),F,6.0,1,Adult
18-29 (Young Adult),M,8.3,1,Adult
18-29 (Young Adult),M,3.3,1,Adult
18-29 (Young Adult),M,8.2,1,Adult
30-45 (Adult),F,8.9,1,Adult
18-29 (Young Adult),M,5.0,1,Adult
30-45 (Adult),M,4.5,0,Adult
30-45 (Adult),M,3.2,0,Adult
18-29 (Young Adult),M,1.6,0,Adult
30-45 (Adult),M,5.2,1,Adult
30-45 (Adult),F,3.4,0,Adult
18-29 (Young Adult),F,6.3,1,Adult
18-29 (Young Adult),F,3.5,1,Adult
30-45 (Adult),M,4.8,1,Adult
30-45 (Adult),F,4.8,1,Adult
30-45 (Adult),M,9.3,1,Adult
30-45 (Adult),F,7.6,1,Adult
30-45 (Adult),F,2.0,0,Adult
18-29 (Young Adult),F,1.9,1,Adult
18-29 (Young Adult),M,6.9,1,Adult
18-29 (Young Adult),M,2.0,0,Adult
18-29 (Young Adult),M,8.4,0,Adult
18-29 (Young Adult),M,1.4,1,Adult
30-45 (Adult),F,2.3,1,Adult
18-29 (Young Adult),M,3.7,1,Adult
30-45 (Adult),M,7.1,1,Adult
30-45 (Adult),F,2.6,0,Adult
18-29 (Young Adult),M,9.2,1,Adult
18-29 (Young Adult),M,4.5,0,Adult
18-29 (Young Adult),M,9.8,1,Adult
30-45 (Adult),F,5.7,1,Adult
30-45 (Adult),M,7.1,1,Adult
18-29 (Young Adult),M,1.6,1,Adult
30-45 (Adult),F,4.9,1,Adult
30-45 (Adult),M,1.5,1,Adult
18-29 (Young Adult),F,1.9,1,Adult
18-29 (Young Adult),M,3.7,0,Adult
30-45 (Adult),M,5.9,1,Adult
18-29 (Young Adult),M,5.1,0,Adult
30-45 (Adult),M,1.1,1,Adult
18-29 (Young Adult),M,5.6,0,Adult
18-29 (Young Adult),M,2.5,1,Adult
18-29 (Young Adult),F,5.3,1,Adult
30-45 (Adult),F,1.8,1,Adult
18-29 (Young Adult),F,5.6,1,Adult
18-29 (Young Adult),M,6.9,1,Adult
18-29 (Young Adult),F,4.6,0,Adult
18-29 (Young Adult),F,5.9,1,Adult
30-45 (Adult),F,6.2,1,Adult
30-45 (Adult),M,1.7,0,Adult
18-29 (Young Adult),F,1.8,1,Adult
30-45 (Adult),M,4.3,0,Adult
30-45 (Adult),F,5.1,0,Adult
30-45 (Adult),M,2.9,0,Adult
30-45 (Adult),F,5.2,0,Adult
30-45 (Adult),F,3.8,0,Adult
18-29 (Young Adult),M,4.5,0,Adult
18-29 (Young Adult),M,5.0,1,Adult
30-45 (Adult),F,8.2,1,Adult
30-45 (Adult),M,2.3,0,Adult
30-45 (Adult),F,2.6,0,Adult
18-29 (Young Adult),M,5.2,1,Adult
30-45 (Adult),M,2.4,1,Adult
30-45 (Adult),M,4.7,0,Adult
30-45 (Adult),F,6.0,0,Adult
18-29 (Young Adult),M,9.4,1,Adult
18-29 (Young Adult),M,6.3,0,Adult
18-29 (Young Adult),F,6.5,1,Adult
30-45 (Adult),F,5.6,1,Adult
30-45 (Adult),M,2.7,1,Adult
30-45 (Adult),F,4.9,1,Adult
18-29 (Young Adult),F,9.5,0,Adult
30-45 (Adult),M,1.2,1,Adult
30-45 (Adult),M,7.8,1,Adult
30-45 (Adult),F,3.0,1,Adult
30-45 (Adult),F,9.4,1,Adult
30-45 (Adult),M,6.5,1,Adult
30-45 (Adult),F,8.8,0,Adult
18-29 (Young Adult),M,7.8,0,Adult
30-45 (Adult),F,3.7,1,Adult
18-29 (Young Adult),F,1.1,1,Adult
30-45 (Adult),F,6.3,1,Adult
18-29 (Young Adult),M,2.7,0,Adult
18-29 (Young Adult),F,4.7,1,Adult
18-29 (Young Adult),M,1.8,1,Adult
30-45 (Adult),F,9.2,1,Adult
18-29 (Young Adult),M,5.1,1,Adult
30-45 (Adult),M,1.5,1,Adult
30-45 (Adult),F,6.4,1,Adult
30-45 (Adult),F,3.4,1,Adult
30-45 (Adult),F,3.7,0,Adult
18-29 (Young Adult),F,5.4,1,Adult
30-45 (Adult),F,1.4,0,Adult
30-45 (Adult),F,8.4,1,Adult
30-45 (Adult),F,5.0,0,Adult
18-29 (Young Adult),M,3.6,1,Adult
30-45 (Adult),M,6.3,0,Adult
18-29 (Young Adult),F,2.2,0,Adult
30-45 (Adult),F,1.2,1,Adult
30-45 (Adult),F,8.0,1,Adult
18-29 (Young Adult),M,1.7,0,Adult
30-45 (Adult),M,8.6,1,Adult
18-29 (Young Adult),F,6.9,1,Adult
18-29 (Young Adult),M,9.5,1,Adult
18-29 (Young Adult),M,6.5,0,Adult
30-45 (Adult),M,9.2,0,Adult
30-45 (Adult),F,9.2,1,Adult
30-45 (Adult),M,7.1,0,Adult
18-29 (Young Adult),M,5.7,1,Adult
30-45 (Adult),F,4.1,1,Adult
18-29 (Young Adult),F,6.3,1,Adult
30-45 (Adult),F,5.4,1,Adult
18-29 (Young Adult),M,1.7,1,Adult
30-45 (Adult),M,1.4,1,Adult
30-45 (Adult),M,4.0,0,Adult
18-29 (Young Adult),F,4.7,0,Adult
18-29 (Young Adult),M,1.4,1,Adult
30-45 (Adult),M,4.0,1,Adult
30-45 (Adult),M,3.8,1,Adult
18-29 (Young Adult),F,5.6,0,Adult
30-45 (Adult),F,8.5,1,Adult
30-45 (Adult),F,5.6,1,Adult
30-45 (Adult),M,2.3,1,Adult
18-29 (Young Adult),F,2.6,0,Adult
18-29 (Young Adult),M,6.8,1,Adult
18-29 (Young Adult),M,4.5,1,Adult
30-45 (Adult),F,7.4,0,Adult
30-45 (Adult),F,2.3,1,Adult
18-29 (Young Adult),F,2.2,0,Adult
30-45 (Adult),M,6.6,0,Adult
18-29 (Young Adult),F,5.9,1,Adult
30-45 (Adult),M,2.7,1,Adult
30-45 (Adult),F,8.1,0,Adult
18-29 (Young Adult),F,4.7,0,Adult
18-29 (Young Adult),M,9.7,0,Adult
30-45 (Adult),F,9.4,1,Adult
30-45 (Adult),F,9.5,0,Adult
18-29 (Young Adult),F,9.0,1,Adult
30-45 (Adult),M,7.7,0,Adult
18-29 (Young Adult),M,5.5,0,Adult
30-45 (Adult),F,8.2,1,Adult
30-45 (Adult),F,9.1,1,Adult
18-29 (Young Adult),M,7.6,1,Adult
30-45 (Adult),M,4.9,1,Adult
30-45 (Adult),M,7.7,1,Adult
30-45 (Adult),M,1.8,1,Adult
18-29 (Young Adult),M,4.5,1,Adult
18-29 (Young Adult),M,8.3,0,Adult
18-29 (Young Adult),M,8.2,0,Adult
18-29 (Young Adult),F,4.1,1,Adult
30-45 (Adult),M,9.6,1,Adult
18-29 (Young Adult),F,7.7,1,Adult
30-45 (Adult),F,6.4,1,Adult
18-29 (Young Adult),F,3.8,1,Adult
30-45 (Adult),F,6.2,0,Adult
18-29 (Young Adult),M,4.2,0,Adult
30-45 (Adult),F,6.1,1,Adult
18-29 (Young Adult),F,9.8,0,Adult
18-29 (Young Adult),M,3.4,1,Adult
30-45 (Adult),M,7.0,0,Adult
30-45 (Adult),F,6.7,1,Adult
30-45 (Adult),M,3.9,0,Adult
18-29 (Young Adult),F,4.4,1,Adult
18-29 (Young Adult),F,7.9,1,Adult
18-29 (Young Adult),F,5.2,1,Adult
30-45 (Adult),M,6.6,0,Adult
30-45 (Adult),F,8.1,1,Adult
30-45 (Adult),F,3.7,0,Adult
18-29 (Young Adult),M,6.9,1,Adult
18-29 (Young Adult),M,4.2,1,Adult
30-45 (Adult),F,5.4,1,Adult
30-45 (Adult),F,8.1,0,Adult
18-29 (Young Adult),F,2.0,1,Adult
18-29 (Young Adult),F,8.3,1,Adult
30-45 (Adult),F,7.0,0,Adult
30-45 (Adult),F,7.5,0,Adult
30-45 (Adult),M,8.3,1,Adult
30-45 (Adult),M,4.3,0,Adult
18-29 (Young Adult),F,7.3,0,Adult
30-45 (Adult),F,7.2,0,Adult
30-45 (Adult),F,8.2,1,Adult
18-29 (Young Adult),M,1.4,1,Adult
18-29 (Young Adult),M,1.2,1,Adult
30-45 (Adult),F,1.4,1,Adult
18-29 (Young Adult),M,8.9,0,Adult
30-45 (Adult),F,7.7,0,Adult
30-45 (Adult),F,5.0,1,Adult
30-45 (Adult),F,1.8,1,Adult
30-45 (Adult),M,8.7,0,Adult
18-29 (Young Adult),M,5.3,1,Adult
30-45 (Adult),F,6.9,1,Adult
30-45 (Adult),M,8.4,1,Adult
30-45 (Adult),F,6.8,1,Adult
30-45 (Adult),M,6.8,1,Adult
30-45 (Adult),F,6.7,0,Adult
18-29 (Young Adult),M,7.6,0,Adult
30-45 (Adult),F,2.7,1,Adult
30-45 (Adult),M,2.7,0,Adult
30-45 (Adult),M,9.7,0,Adult
30-45 (Adult),F,4.6,0,Adult
18-29 (Young Adult),M,6.8,1,Adult
18-29 (Young Adult),M,1.5,1,Adult
18-29 (Young Adult),F,3.1,0,Adult
30-45 (Adult),F,5.1,1,Adult
30-45 (Adult),M,5.7,1,Adult
18-29 (Young Adult),M,3.8,0,Adult
30-45 (Adult),M,2.5,1,Adult
18-29 (Young Adult),F,6.3,1,Adult
30-45 (Adult),F,1.9,1,Adult
30-45 (Adult),M,4.8,0,Adult
18-29 (Young Adult),F,4.2,1,Adult
30-45 (Adult),F,2.6,1,Adult
30-45 (Adult),M,3.9,1,Adult
18-29 (Young Adult),M,3.9,0,Adult
18-29 (Young Adult),F,2.8,1,Adult
30-45 (Adult),M,1.2,1,Adult
30-45 (Adult),M,6.0,1,Adult
30-45 (Adult),F,6.0,0,Adult
30-45 (Adult),M,1.5,1,Adult
30-45 (Adult),M,8.6,1,Adult
18-29 (Young Adult),M,7.5,1,Adult
30-45 (Adult),M,2.8,1,Adult
18-29 (Young Adult),F,2.3,1,Adult
18-29 (Young Adult),M,9.1,1,Adult
30-45 (Adult),F,1.7,0,Adult
30-45 (Adult),M,8.7,0,Adult
30-45 (Adult),F,3.6,1,Adult
18-29 (Young Adult),M,8.9,1,Adult
18-29 (Young Adult),M,1.9,1,Adult
30-45 (Adult),F,5.1,1,Adult
18-29 (Young Adult),M,1.6,1,Adult
18-29 (Young Adult),F,8.7,1,Adult
18-29 (Young Adult),F,6.4,1,Adult
18-29 (Young Adult),F,1.0,1,Adult
18-29 (Young Adult),F,1.0,1,Adult
30-45 (Adult),M,1.2,1,Adult
18-29 (Young Adult),F,3.7,0,Adult
18-29 (Young Adult),M,8.3,1,Adult
30-45 (Adult),M,6.8,1,Adult
30-45 (Adult),M,8.4,0,Adult
30-45 (Adult),M,3.4,1,Adult
18-29 (Young Adult),M,6.5,1,Adult
18-29 (Young Adult),F,1.5,0,Adult
18-29 (Young Adult),F,8.6,0,Adult
30-45 (Adult),F,4.5,0,Adult
30-45 (Adult),F,6.0,0,Adult
30-45 (Adult),F,3.5,1,Adult
18-29 (Young Adult),M,9.1,1,Adult
18-29 (Young Adult),F,4.9,0,Adult
30-45 (Adult),M,4.9,1,Adult
30-45 (Adult),F,8.3,1,Adult
30-45 (Adult),M,5.6,1,Adult
30-45 (Adult),F,3.7,1,Adult
18-29 (Young Adult),F,9.6,1,Adult
18-29 (Young Adult),M,1.4,1,Adult
18-29 (Young Adult),M,7.5,0,Adult
30-45 (Adult),F,2.6,0,Adult
30-45 (Adult),M,6.1,0,Adult
30-45 (Adult),F,2.8,0,Adult
18-29 (Young Adult),F,7.7,1,Adult
18-29 (Young Adult),M,8.9,0,Adult
30-45 (Adult),F,5.4,1,Adult
18-29 (Young Adult),M,3.4,1,Adult
30-45 (Adult),F,4.0,1,Adult
18-29 (Young Adult),M,9.2,1,Adult
18-29 (Young Adult),M,7.9,0,Adult
18-29 (Young Adult),F,7.9,0,Adult
30-45 (Adult),F,7.4,1,Adult
30-45 (Adult),M,5.2,0,Adult
30-45 (Adult),F,6.2,1,Adult
30-45 (Adult),M,4.2,0,Adult
30-45 (Adult),F,9.9,1,Adult
30-45 (Adult),M,1.0,1,Adult
30-45 (Adult),F,8.8,0,Adult
18-29 (Young Adult),F,6.3,1,Adult
18-29 (Young Adult),M,7.5,1,Adult
30-45 (Adult),F,5.3,0,Adult
18-29 (Young Adult),M,5.4,1,Adult
18-29 (Young Adult),M,8.0,1,Adult
30-45 (Adult),M,7.2,1,Adult
30-45 (Adult),M,5.9,0,Adult
30-45 (Adult),F,1.9,0,Adult
18-29 (Young Adult),F,8.6,0,Adult
30-45 (Adult),M,2.0,0,Adult
30-45 (Adult),F,8.9,1,Adult
18-29 (Young Adult),F,3.7,1,Adult
18-29 (Young Adult),F,9.3,1,Adult
30-45 (Adult),M,3.0,1,Adult
30-45 (Adult),F,2.0,1,Adult
18-29 (Young Adult),M,2.5,0,Adult
18-29 (Young Adult),M,4.9,1,Adult
18-29 (Young Adult),F,6.3,1,Adult
18-29 (Young Adult),F,2.6,0,Adult
30-45 (Adult),M,6.2,0,Adult
18-29 (Young Adult),M,7.4,0,Adult
30-45 (Adult),M,4.2,0,Adult
18-29 (Young Adult),M,8.7,0,Adult
30-45 (Adult),F,6.5,1,Adult
18-29 (Young Adult),M,3.6,1,Adult
30-45 (Adult),M,7.4,0,Adult
18-29 (Young Adult),M,7.9,1,Adult
30-45 (Adult),M,3.2,1,Adult
30-45 (Adult),F,2.1,1,Adult
30-45 (Adult),F,8.6,1,Adult
18-29 (Young Adult),F,6.6,0,Adult
30-45 (Adult),F,5.9,1,Adult
18-29 (Young Adult),M,5.8,0,Adult
30-45 (Adult),M,6.0,1,Adult
18-29 (Young Adult),M,8.6,1,Adult
18-29 (Young Adult),F,7.7,0,Adult
18-29 (Young Adult),F,1.1,1,Adult
30-45 (Adult),F,3.7,0,Adult
18-29 (Young Adult),M,6.7,0,Adult
30-45 (Adult),F,1.8,0,Adult
30-45 (Adult),F,4.7,1,Adult
30-45 (Adult),F,2.2,1,Adult
18-29 (Young Adult),M,1.3,1,Adult
30-45 (Adult),M,5.3,1,Adult
18-29 (Young Adult),F,7.9,1,Adult
30-45 (Adult),M,3.2,1,Adult
18-29 (Young Adult),F,4.7,1,Adult
30-45 (Adult),F,4.8,1,Adult
30-45 (Adult),M,6.5,1,Adult
18-29 (Young Adult),M,4.1,1,Adult
30-45 (Adult),F,8.4,1,Adult
18-29 (Young Adult),F,5.6,1,Adult
18-29 (Young Adult),M,1.6,1,Adult
30-45 (Adult),F,9.2,0,Adult
18-29 (Young Adult),M,7.2,0,Adult
18-29 (Young Adult),F,1.0,0,Adult
30-45 (Adult),F,5.1,1,Adult
18-29 (Young Adult),F,6.3,1,Adult
30-45 (Adult),F,8.4,1,Adult
18-29 (Young Adult),M,8.6,1,Adult
30-45 (Adult),M,6.3,1,Adult
30-45 (Adult),M,6.7,1,Adult
30-45 (Adult),M,8.8,1,Adult
18-29 (Young Adult),F,5.1,0,Adult
18-29 (Young Adult),F,8.8,1,Adult
30-45 (Adult),F,6.3,1,Adult
30-45 (Adult),F,2.0,1,Adult
30-45 (Adult),F,4.4,1,Adult
18-29 (Young Adult),M,4.6,1,Adult
30-45 (Adult),F,6.4,1,Adult
30-45 (Adult),M,1.4,0,Adult
18-29 (Young Adult),F,9.4,1,Adult
18-29 (Young Adult),M,4.7,0,Adult
30-45 (Adult),M,7.2,1,Adult
18-29 (Young Adult),F,7.8,1,Adult
30-45 (Adult),F,3.5,0,Adult
30-45 (Adult),M,8.0,1,Adult
30-45 (Adult),F,2.8,1,Adult
18-29 (Young Adult),M,1.0,1,Adult
30-45 (Adult),F,1.3,0,Adult
30-45 (Adult),M,7.0,1,Adult
18-29 (Young Adult),M,2.3,1,Adult
18-29 (Young Adult),F,8.3,0,Adult
18-29 (Young Adult),M,2.3,1,Adult
18-29 (Young Adult),M,5.9,1,Adult
30-45 (Adult),M,7.1,0,Adult
18-29 (Young Adult),M,6.3,1,Adult
30-45 (Adult),F,3.1,1,Adult
18-29 (Young Adult),M,4.8,0,Adult
18-29 (Young Adult),F,2.5,1,Adult
30-45 (Adult),F,2.0,1,Adult
30-45 (Adult),F,9.8,0,Adult
18-29 (Young Adult),M,2.5,0,Adult
18-29 (Young Adult),M,2.6,1,Adult
18-29 (Young Adult),F,1.7,1,Adult
18-29 (Young Adult),M,2.2,1,Adult
30-45 (Adult),M,4.3,0,Adult
18-29 (Young Adult),M,5.8,1,Adult
30-45 (Adult),M,6.6,1,Adult
30-45 (Adult),M,7.8,1,Adult
18-29 (Young Adult),M,4.2,0,Adult
30-45 (Adult),M,7.1,1,Adult
30-45 (Adult),M,7.2,1,Adult
30-45 (Adult),M,8.6,0,Adult
30-45 (Adult),F,3.4,1,Adult
30-45 (Adult),F,3.2,1,Adult
30-45 (Adult),F,9.1,1,Adult
30-45 (Adult),F,7.7,1,Adult
30-45 (Adult),M,6.7,1,Adult
18-29 (Young Adult),M,1.9,1,Adult
30-45 (Adult),M,3.1,1,Adult
30-45 (Adult),M,4.1,0,Adult
18-29 (Young Adult),F,7.3,0,Adult
30-45 (Adult),F,7.7,0,Adult
18-29 (Young Adult),M,3.4,1,Adult
30-45 (Adult),F,7.4,1,Adult
30-45 (Adult),F,2.1,1,Adult
18-29 (Young Adult),M,7.1,0,Adult
30-45 (Adult),F,7.9,1,Adult
30-45 (Adult),M,4.8,1,Adult
30-45 (Adult),F,4.7,1,Adult
18-29 (Young Adult),F,7.9,0,Adult
30-45 (Adult),M,2.6,0,Adult
18-29 (Young Adult),F,6.6,1,Adult
30-45 (Adult),M,8.8,1,Adult
18-29 (Young Adult),F,4.7,0,Adult
30-45 (Adult),M,4.5,1,Adult
30-45 (Adult),F,9.2,0,Adult
30-45 (Adult),M,4.2,1,Adult
18-29 (Young Adult),F,5.8,1,Adult
18-29 (Young Adult),M,3.5,1,Adult
30-45 (Adult),M,6.2,1,Adult
18-29 (Young Adult),M,9.3,1,Adult
18-29 (Young Adult),M,9.4,1,Adult
18-29 (Young Adult),M,9.2,0,Adult
30-45 (Adult),M,4.2,1,Adult
18-29 (Young Adult),M,6.0,1,Adult
30-45 (Adult),F,6.2,1,Adult
18-29 (Young Adult),F,4.1,1,Adult
30-45 (Adult),M,3.9,0,Adult
30-45 (Adult),F,9.9,0,Adult
30-45 (Adult),F,8.3,1,Adult
30-45 (Adult),M,3.1,1,Adult
18-29 (Young Adult),F,3.2,1,Adult
30-45 (Adult),F,6.2,1,Adult
30-45 (Adult),M,8.8,1,Adult
18-29 (Young Adult),F,3.2,1,Adult
30-45 (Adult),F,6.0,0,Adult
18-29 (Young Adult),F,7.6,0,Adult
18-29 (Young Adult),M,2.5,1,Adult
30-45 (Adult),M,8.2,1,Adult
30-45 (Adult),F,6.2,1,Adult
30-45 (Adult),F,6.5,0,Adult
18-29 (Young Adult),M,6.5,1,Adult
30-45 (Adult),F,3.8,1,Adult
18-29 (Young Adult),F,3.0,1,Adult
30-45 (Adult),M,7.8,1,Adult
30-45 (Adult),F,2.2,1,Adult
18-29 (Young Adult),M,2.5,1,Adult
18-29 (Young Adult),F,2.8,1,Adult
18-29 (Young Adult),M,7.6,0,Adult
30-45 (Adult),M,5.1,0,Adult
18-29 (Young Adult),F,1.1,1,Adult
18-29 (Young Adult),M,4.0,1,Adult
30-45 (Adult),F,4.9,1,Adult
30-45 (Adult),F,5.9,1,Adult
30-45 (Adult),M,5.3,1,Adult
30-45 (Adult),F,5.9,1,Adult
30-45 (Adult),M,5.0,0,Adult
18-29 (Young Adult),M,7.9,0,Adult
18-29 (Young Adult),M,5.7,0,Adult
18-29 (Young Adult),M,9.7,1,Adult
30-45 (Adult),M,3.8,1,Adult
18-29 (Young Adult),M,6.8,1,Adult
30-45 (Adult),M,5.5,1,Adult
30-45 (Adult),F,9.5,1,Adult
18-29 (Young Adult),M,9.7,1,Adult
18-29 (Young Adult),F,5.5,1,Adult
18-29 (Young Adult),F,9.3,1,Adult
30-45 (Adult),M,7.4,1,Adult
18-29 (Young Adult),M,4.2,1,Adult
18-29 (Young Adult),M,7.0,1,Adult
18-29 (Young Adult),M,2.7,1,Adult
30-45 (Adult),M,3.0,0,Adult
18-29 (Young Adult),M,6.7,1,Adult
18-29 (Young Adult),M,2.1,0,Adult
30-45 (Adult),M,2.0,1,Adult
18-29 (Young Adult),F,6.9,0,Adult
18-29 (Young Adult),F,2.1,0,Adult
30-45 (Adult),M,4.6,1,Adult
30-45 (Adult),M,8.2,1,Adult
30-45 (Adult),F,4.6,1,Adult
18-29 (Young Adult),F,7.4,1,Adult
30-45 (Adult),M,9.2,1,Adult
18-29 (Young Adult),M,5.7,1,Adult
30-45 (Adult),F,2.7,0,Adult
30-45 (Adult),F,4.7,1,Adult
30-45 (Adult),M,3.5,1,Adult
18-29 (Young Adult),F,3.9,1,Adult
30-45 (Adult),M,6.0,0,Adult
30-45 (Adult),F,4.2,0,Adult
30-45 (Adult),F,6.7,0,Adult
18-29 (Young Adult),F,8.3,1,Adult
18-29 (Young Adult),F,6.3,0,Adult
30-45 (Adult),F,1.2,1,Adult
30-45 (Adult),F,7.9,1,Adult
30-45 (Adult),M,1.2,0,Adult
30-45 (Adult),M,9.5,1,Adult
30-45 (Adult),F,4.9,1,Adult
18-29 (Young Adult),M,4.8,1,Adult
30-45 (Adult),M,2.6,1,Adult
18-29 (Young Adult),M,6.6,0,Adult
30-45 (Adult),M,3.0,1,Adult
18-29 (Young Adult),M,5.7,1,Adult
30-45 (Adult),M,6.8,0,Adult
30-45 (Adult),F,2.3,1,Adult
18-29 (Young Adult),F,4.4,1,Adult
18-29 (Young Adult),M,3.2,1,Adult
30-45 (Adult),F,5.2,1,Adult
18-29 (Young Adult),M,8.7,1,Adult
18-29 (Young Adult),M,2.9,1,Adult
30-45 (Adult),F,8.1,1,Adult
30-45 (Adult),F,2.0,1,Adult
18-29 (Young Adult),F,1.9,1,Adult
30-45 (Adult),M,4.8,0,Adult
18-29 (Young Adult),M,4.1,0,Adult
18-29 (Young Adult),F,7.7,1,Adult
30-45 (Adult),F,7.6,0,Adult
18-29 (Young Adult),F,2.5,1,Adult
30-45 (Adult),M,3.2,1,Adult
18-29 (Young Adult),F,7.8,1,Adult
30-45 (Adult),M,1.8,1,Adult
30-45 (Adult),F,2.9,1,Adult
30-45 (Adult),M,6.0,1,Adult
30-45 (Adult),M,9.4,0,Adult
18-29 (Young Adult),M,3.6,1,Adult
30-45 (Adult),M,5.7,1,Adult
30-45 (Adult),M,5.9,0,Adult
18-29 (Young Adult),M,5.7,0,Adult
30-45 (Adult),F,5.5,1,Adult
30-45 (Adult),F,6.9,1,Adult
30-45 (Adult),F,5.2,1,Adult
30-45 (Adult),M,5.3,0,Adult
30-45 (Adult),F,2.7,1,Adult
30-45 (Adult),F,5.7,0,Adult
30-45 (Adult),M,9.6,1,Adult
30-45 (Adult),M,5.5,1,Adult
18-29 (Young Adult),F,2.5,0,Adult
30-45 (Adult),F,3.6,1,Adult
18-29 (Young Adult),F,1.0,0,Adult
18-29 (Young Adult),M,2.0,0,Adult
30-45 (Adult),M,4.9,1,Adult
30-45 (Adult),M,3.2,1,Adult
30-45 (Adult),M,1.9,1,Adult
30-45 (Adult),F,4.6,1,Adult
30-45 (Adult),M,8.2,0,Adult
18-29 (Young Adult),F,9.5,1,Adult
18-29 (Young Adult),M,3.9,1,Adult
30-45 (Adult),M,4.5,1,Adult
30-45 (Adult),M,9.6,1,Adult
30-45 (Adult),M,3.1,0,Adult
30-45 (Adult),M,2.1,0,Adult
18-29 (Young Adult),M,7.9,1,Adult
30-45 (Adult),M,5.5,0,Adult
18-29 (Young Adult),M,7.7,0,Adult
18-29 (Young Adult),M,6.6,1,Adult
30-45 (Adult),F,9.7,1,Adult
18-29 (Young Adult),M,8.4,1,Adult
18-29 (Young Adult),M,8.0,0,Adult
30-45 (Adult),F,4.9,0,Adult
18-29 (Young Adult),M,3.9,1,Adult
30-45 (Adult),F,1.5,1,Adult
18-29 (Young Adult),F,4.8,1,Adult
18-29 (Young Adult),M,7.3,0,Adult
18-29 (Young Adult),M,8.6,1,Adult
30-45 (Adult),M,6.6,1,Adult
18-29 (Young Adult),M,9.1,1,Adult
30-45 (Adult),M,9.1,1,Adult
18-29 (Young Adult),F,9.1,1,Adult
30-45 (Adult),M,3.7,1,Adult
30-45 (Adult),M,9.7,0,Adult
30-45 (Adult),M,1.0,0,Adult
30-45 (Adult),M,8.4,1,Adult
30-45 (Adult),M,8.9,1,Adult
30-45 (Adult),F,9.4,0,Adult
18-29 (Young Adult),F,9.7,0,Adult
30-45 (Adult),F,8.3,1,Adult
30-45 (Adult),M,2.0,1,Adult
30-45 (Adult),F,1.4,1,Adult
30-45 (Adult),M,8.4,1,Adult
18-29 (Young Adult),F,7.7,1,Adult
30-45 (Adult),F,9.1,0,Adult
18-29 (Young Adult),M,3.7,1,Adult
30-45 (Adult),M,8.3,1,Adult
18-29 (Young Adult),F,4.2,0,Adult
30-45 (Adult),M,7.5,1,Adult
18-29 (Young Adult),F,2.9,0,Adult
30-45 (Adult),M,9.6,0,Adult
30-45 (Adult),M,8.0,1,Adult
30-45 (Adult),F,2.2,1,Adult
18-29 (Young Adult),M,9.2,1,Adult
18-29 (Young Adult),M,6.8,1,Adult
30-45 (Adult),M,6.1,1,Adult
30-45 (Adult),F,8.9,1,Adult
18-29 (Young Adult),M,6.2,1,Adult
18-29 (Young Adult),M,6.6,0,Adult
18-29 (Young Adult),M,4.5,1,Adult
18-29 (Young Adult),F,3.6,1,Adult
30-45 (Adult),M,4.8,1,Adult
18-29 (Young Adult),F,9.7,1,Adult
18-29 (Young Adult),M,4.3,1,Adult
30-45 (Adult),M,1.5,1,Adult
18-29 (Young Adult),F,5.4,0,Adult
30-45 (Adult),M,1.1,1,Adult
18-29 (Young Adult),M,3.7,1,Adult
18-29 (Young Adult),M,4.5,1,Adult
30-45 (Adult),F,6.0,0,Adult
18-29 (Young Adult),M,6.9,1,Adult
30-45 (Adult),F,1.7,1,Adult
30-45 (Adult),F,5.3,1,Adult
18-29 (Young Adult),M,7.6,1,Adult
30-45 (Adult),M,4.0,0,Adult
30-45 (Adult),M,3.0,0,Adult
18-29 (Young Adult),M,2.5,0,Adult
18-29 (Young Adult),M,5.4,1,Adult
30-45 (Adult),M,4.3,0,Adult
30-45 (Adult),F,2.6,1,Adult
18-29 (Young Adult),M,7.9,0,Adult
30-45 (Adult),M,6.3,1,Adult
30-45 (Adult),F,3.1,0,Adult
18-29 (Young Adult),F,8.5,1,Adult
30-45 (Adult),M,9.0,1,Adult
30-45 (Adult),F,2.1,1,Adult
30-45 (Adult),M,6.4,0,Adult
18-29 (Young Adult),M,1.1,1,Adult
30-45 (Adult),F,9.1,1,Adult
18-29 (Young Adult),M,1.8,0,Adult
18-29 (Young Adult),F,4.6,1,Adult
30-45 (Adult),F,7.5,0,Adult
30-45 (Adult),F,7.3,0,Adult
18-29 (Young Adult),F,3.8,0,Adult
18-29 (Young Adult),M,4.4,0,Adult
18-29 (Young Adult),M,2.2,0,Adult
30-45 (Adult),M,6.9,1,Adult
30-45 (Adult),F,3.5,0,Adult
18-29 (Young Adult),M,3.9,1,Adult
18-29 (Young Adult),F,6.8,1,Adult
30-45 (Adult),M,4.5,1,Adult
30-45 (Adult),F,5.9,1,Adult
30-45 (Adult),F,1.8,1,Adult
30-45 (Adult),F,8.5,1,Adult
18-29 (Young Adult),M,7.2,1,Adult
30-45 (Adult),F,3.1,0,Adult
18-29 (Young Adult),M,8.5,0,Adult
18-29 (Young Adult),F,5.5,1,Adult
30-45 (Adult),M,2.5,1,Adult
30-45 (Adult),F,8.7,0,Adult
30-45 (Adult),M,1.1,0,Adult
18-29 (Young Adult),M,3.1,1,Adult
30-45 (Adult),M,8.6,0,Adult
18-29 (Young Adult),F,1.5,1,Adult
30-45 (Adult),M,4.6,1,Adult
30-45 (Adult),M,7.2,1,Adult
30-45 (Adult),M,7.7,1,Adult
18-29 (Young Adult),F,4.5,1,Adult
18-29 (Young Adult),M,2.8,0,Adult
18-29 (Young Adult),F,5.0,0,Adult
18-29 (Young Adult),M,1.7,1,Adult
30-45 (Adult),F,9.7,1,Adult
18-29 (Young Adult),F,5.8,0,Adult
18-29 (Young Adult),M,3.6,0,Adult
30-45 (Adult),F,8.2,1,Adult
30-45 (Adult),F,5.0,0,Adult
18-29 (Young Adult),F,9.3,1,Adult
30-45 (Adult),M,4.6,1,Adult
18-29 (Young Adult),F,9.3,1,Adult
30-45 (Adult),F,6.6,0,Adult
30-45 (Adult),M,5.3,1,Adult
18-29 (Young Adult),M,4.1,0,Adult
30-45 (Adult),M,3.9,1,Adult
30-45 (Adult),F,4.9,0,Adult
30-45 (Adult),M,3.0,1,Adult
30-45 (Adult),F,4.6,1,Adult
18-29 (Young Adult),M,1.8,1,Adult
18-29 (Young Adult),F,3.9,0,Adult
30-45 (Adult),M,1.9,1,Adult
18-29 (Young Adult),M,5.7,0,Adult
30-45 (Adult),M,6.6,1,Adult
18-29 (Young Adult),M,6.5,1,Adult
30-45 (Adult),M,6.1,1,Adult
18-29 (Young Adult),F,7.8,0,Adult
18-29 (Young Adult),M,9.0,0,Adult
30-45 (Adult),F,8.3,0,Adult
30-45 (Adult),F,2.2,1,Adult
18-29 (Young Adult),M,6.8,1,Adult
18-29 (Young Adult),M,7.9,0,Adult
30-45 (Adult),F,7.0,0,Adult
30-45 (Adult),F,3.4,0,Adult
30-45 (Adult),F,9.2,1,Adult
30-45 (Adult),M,5.1,0,Adult
18-29 (Young Adult),F,9.3,1,Adult
30-45 (Adult),F,2.8,1,Adult
30-45 (Adult),M,8.6,1,Adult
18-29 (Young Adult),M,5.5,1,Adult
18-29 (Young Adult),F,7.2,1,Adult
30-45 (Adult),M,6.7,1,Adult
18-29 (Young Adult),M,4.9,0,Adult
30-45 (Adult),F,9.1,0,Adult
18-29 (Young Adult),F,8.2,0,Adult
30-45 (Adult),M,3.9,1,Adult
18-29 (Young Adult),M,6.5,1,Adult
30-45 (Adult),M,4.7,0,Adult
30-45 (Adult),M,1.3,1,Adult
30-45 (Adult),M,4.6,1,Adult
30-45 (Adult),M,2.8,1,Adult
30-45 (Adult),F,9.3,1,Adult
18-29 (Young Adult),M,1.4,1,Adult
30-45 (Adult),M,3.6,1,Adult
30-45 (Adult),F,2.1,1,Adult
18-29 (Young Adult),M,10.0,0,Adult
30-45 (Adult),F,7.1,0,Adult
30-45 (Adult),M,5.8,1,Adult
18-29 (Young Adult),F,1.9,1,Adult
30-45 (Adult),M,2.6,1,Adult
30-45 (Adult),F,5.0,1,Adult
30-45 (Adult),F,8.9,1,Adult
30-45 (Adult),F,8.3,1,Adult
30-45 (Adult),F,2.7,1,Adult
30-45 (Adult),M,8.1,0,Adult
30-45 (Adult),F,6.4,1,Adult
18-29 (Young Adult),M,3.3,1,Adult
30-45 (Adult),M,3.3,1,Adult
30-45 (Adult),M,1.8,1,Adult
18-29 (Young Adult),F,3.9,0,Adult
30-45 (Adult),F,1.2,1,Adult
30-45 (Adult),F,5.2,0,Adult
18-29 (Young Adult),M,8.8,1,Adult
30-45 (Adult),F,7.3,0,Adult
18-29 (Young Adult),F,7.6,1,Adult
18-29 (Young Adult),F,8.1,1,Adult
30-45 (Adult),F,7.9,1,Adult
18-29 (Young Adult),F,9.1,0,Adult
30-45 (Adult),F,3.4,1,Adult
30-45 (Adult),F,3.2,1,Adult
30-45 (Adult),F,1.4,1,Adult
30-45 (Adult),M,7.2,0,Adult
30-45 (Adult),M,6.7,1,Adult
18-29 (Young Adult),F,6.3,1,Adult
18-29 (Young Adult),M,9.5,1,Adult
18-29 (Young Adult),M,4.5,1,Adult
18-29 (Young Adult),F,7.0,0,Adult
30-45 (Adult),F,5.2,1,Adult
18-29 (Young Adult),M,5.3,1,Adult
18-29 (Young Adult),F,3.8,0,Adult
30-45 (Adult),F,5.7,1,Adult
30-45 (Adult),M,2.0,1,Adult
30-45 (Adult),F,3.2,1,Adult
30-45 (Adult),F,8.8,1,Adult
30-45 (Adult),M,5.8,1,Adult
30-45 (Adult),F,3.1,1,Adult
18-29 (Young Adult),M,8.6,0,Adult
30-45 (Adult),F,6.9,0,Adult
30-45 (Adult),M,4.3,1,Adult
18-29 (Young Adult),F,6.3,0,Adult
18-29 (Young Adult),M,7.6,1,Adult
30-45 (Adult),M,7.0,1,Adult
30-45 (Adult),M,5.3,1,Adult
18-29 (Young Adult),F,3.9,1,Adult
18-29 (Young Adult),M,7.0,1,Adult
30-45 (Adult),M,6.5,1,Adult
30-45 (Adult),M,6.4,1,Adult
30-45 (Adult),F,8.4,1,Adult
18-29 (Young Adult),M,9.8,1,Adult
30-45 (Adult),M,8.5,1,Adult
18-29 (Young Adult),F,6.6,1,Adult
30-45 (Adult),F,6.4,1,Adult
18-29 (Young Adult),F,2.9,1,Adult
18-29 (Young Adult),M,9.2,1,Adult
30-45 (Adult),F,3.7,1,Adult
18-29 (Young Adult),M,3.3,1,Adult
30-45 (Adult),M,4.1,0,Adult
18-29 (Young Adult),F,3.5,0,Adult
30-45 (Adult),F,2.7,1,Adult
30-45 (Adult),F,6.0,1,Adult
18-29 (Young Adult),M,4.5,0,Adult
30-45 (Adult),M,8.9,1,Adult
18-29 (Young Adult),M,1.8,0,Adult
30-45 (Adult),M,7.4,1,Adult
18-29 (Young Adult),M,4.1,0,Adult
18-29 (Young Adult),M,5.7,1,Adult
30-45 (Adult),F,6.5,1,Adult
18-29 (Young Adult),F,8.4,1,Adult
30-45 (Adult),M,6.4,0,Adult
18-29 (Young Adult),F,3.6,1,Adult
18-29 (Young Adult),M,1.9,1,Adult
30-45 (Adult),M,6.8,1,Adult
18-29 (Young Adult),M,7.8,1,Adult
30-45 (Adult),M,6.4,1,Adult
30-45 (Adult),M,8.0,0,Adult
18-29 (Young Adult),M,8.3,0,Adult
30-45 (Adult),F,4.7,1,Adult
18-29 (Young Adult),M,1.2,1,Adult
18-29 (Young Adult),F,2.9,1,Adult
18-29 (Young Adult),F,9.1,1,Adult
30-45 (Adult),F,8.0,1,Adult
18-29 (Young Adult),F,6.3,1,Adult
18-29 (Young Adult),F,2.3,1,Adult
18-29 (Young Adult),F,5.1,0,Adult
18-29 (Young Adult),F,1.2,1,Adult
30-45 (Adult),M,5.9,1,Adult
18-29 (Young Adult),F,5.8,1,Adult
18-29 (Young Adult),M,4.9,1,Adult
30-45 (Adult),M,8.7,1,Adult
18-29 (Young Adult),F,8.1,1,Adult
30-45 (Adult),F,6.2,0,Adult
18-29 (Young Adult),F,3.4,1,Adult
18-29 (Young Adult),F,6.8,0,Adult
30-45 (Adult),F,4.6,1,Adult
30-45 (Adult),F,9.1,1,Adult
18-29 (Young Adult),M,3.6,0,Adult
18-29 (Young Adult),F,2.1,1,Adult
30-45 (Adult),F,3.6,1,Adult
18-29 (Young Adult),M,8.5,1,Adult
18-29 (Young Adult),M,4.6,1,Adult
18-29 (Young Adult),F,2.6,1,Adult
18-29 (Young Adult),F,10.0,0,Adult
18-29 (Young Adult),F,6.7,1,Adult
30-45 (Adult),M,9.9,1,Adult
18-29 (Young Adult),M,3.8,1,Adult
30-45 (Adult),F,3.8,1,Adult
18-29 (Young Adult),F,8.4,0,Adult
30-45 (Adult),M,2.2,0,Adult
30-45 (Adult),M,4.2,0,Adult
13-17 (Teen),Male,3.99,1,Kids
8-12 (Pre-teen),Female,4.61,1,Kids
18-29 (Young Adult),Female,3.73,1,Kids
13-17 (Teen),Female,1.21,0,Kids
8-12 (Pre-teen),Female,5.89,1,Kids
13-17 (Teen),Female,4.88,1,Kids
13-17 (Teen),Male,2.97,0,Kids
8-12 (Pre-teen),Male,2.74,0,Kids
13-17 (Teen),Male,4.61,1,Kids
18-29 (Young Adult),Male,3.24,1,Kids
18-29 (Young Adult),Male,3.53,1,Kids
13-17 (Teen),Female,4.94,1,Kids
8-12 (Pre-teen),Male,4.59,1,Kids
8-12 (Pre-teen),Male,6.08,0,Kids
13-17 (Teen),Male,6.15,1,Kids
13-17 (Teen),Female,3.69,1,Kids
8-12 (Pre-teen),Female,7.1,1,Kids
13-17 (Teen),Female,6.98,0,Kids
8-12 (Pre-teen),Male,3.82,0,Kids
8-12 (Pre-teen),Female,0.0,0,Kids
13-17 (Teen),Male,3.85,0,Kids
13-17 (Teen),Female,4.05,0,Kids
8-12 (Pre-teen),Female,1.63,0,Kids
8-12 (Pre-teen),Female,6.78,0,Kids
8-12 (Pre-teen),Male,3.19,1,Kids
13-17 (Teen),Male,4.96,0,Kids
13-17 (Teen),Female,1.85,0,Kids
13-17 (Teen),Male,4.22,1,Kids
8-12 (Pre-teen),Male,0.31,0,Kids
18-29 (Young Adult),Male,5.13,1,Kids
18-29 (Young Adult),Male,4.45,0,Kids
13-17 (Teen),Female,3.02,0,Kids
8-12 (Pre-teen),Male,2.16,0,Kids
13-17 (Teen),Male,4.28,0,Kids
8-12 (Pre-teen),Female,5.34,1,Kids
13-17 (Teen),Female,3.5,0,Kids
8-12 (Pre-teen),Male,11.68,1,Kids
8-12 (Pre-teen),Female,1.63,0,Kids
8-12 (Pre-teen),Male,4.63,1,Kids
13-17 (Teen),Male,4.21,1,Kids
8-12 (Pre-teen),Male,4.56,1,Kids
13-17 (Teen),Female,3.51,1,Kids
13-17 (Teen),Female,4.69,1,Kids
8-12 (Pre-teen),Male,7.61,1,Kids
8-12 (Pre-teen),Male,2.75,0,Kids
13-17 (Teen),Male,6.74,0,Kids
8-12 (Pre-teen),Female,0.0,0,Kids
13-17 (Teen),Male,2.34,0,Kids
13-17 (Teen),Male,2.85,0,Kids
13-17 (Teen),Male,4.29,1,Kids
8-12 (Pre-teen),Male,6.03,1,Kids
8-12 (Pre-teen),Female,1.06,0,Kids
8-12 (Pre-teen),Male,2.83,0,Kids
13-17 (Teen),Male,3.92,0,Kids
13-17 (Teen),Male,4.55,1,Kids
8-12 (Pre-teen),Female,6.86,1,Kids
8-12 (Pre-teen),Male,3.47,1,Kids
8-12 (Pre-teen),Female,4.61,1,Kids
8-12 (Pre-teen),Male,0.0,0,Kids
13-17 (Teen),Male,3.47,0,Kids
8-12 (Pre-teen),Male,4.31,1,Kids
8-12 (Pre-teen),Male,2.3,0,Kids
13-17 (Teen),Male,4.5,0,Kids
13-17 (Teen),Female,2.65,0,Kids
13-17 (Teen),Male,5.34,0,Kids
8-12 (Pre-teen),Male,3.87,1,Kids
13-17 (Teen),Male,5.67,1,Kids
8-12 (Pre-teen),Female,3.8,1,Kids
13-17 (Teen),Male,4.61,1,Kids
8-12 (Pre-teen),Male,0.9,0,Kids
13-17 (Teen),Female,3.3,0,Kids
8-12 (Pre-teen),Male,5.12,1,Kids
13-17 (Teen),Female,5.82,1,Kids
13-17 (Teen),Female,4.27,1,Kids
13-17 (Teen),Male,5.79,1,Kids
13-17 (Teen),Female,2.69,0,Kids
8-12 (Pre-teen),Female,3.64,1,Kids
8-12 (Pre-teen),Male,4.23,0,Kids
8-12 (Pre-teen),Male,6.15,1,Kids
13-17 (Teen),Female,5.72,1,Kids
13-17 (Teen),Male,3.41,0,Kids
13-17 (Teen),Male,4.45,1,Kids
13-17 (Teen),Male,2.9,0,Kids
8-12 (Pre-teen),Female,7.54,1,Kids
13-17 (Teen),Male,4.34,1,Kids
13-17 (Teen),Female,5.43,0,Kids
13-17 (Teen),Female,4.78,1,Kids
13-17 (Teen),Female,3.64,1,Kids
8-12 (Pre-teen),Female,1.67,0,Kids
13-17 (Teen),Female,4.96,0,Kids
13-17 (Teen),Male,5.91,1,Kids
18-29 (Young Adult),Female,6.3,1,Kids
8-12 (Pre-teen),Female,0.0,0,Kids
8-12 (Pre-teen),Male,3.39,0,Kids
13-17 (Teen),Male,3.57,1,Kids
8-12 (Pre-teen),Female,1.36,0,Kids
8-12 (Pre-teen),Male,0.0,0,Kids
8-12 (Pre-teen),Male,2.75,0,Kids
18-29 (Young Adult),Female,6.4,0,Kids
8-12 (Pre-teen),Female,3.77,1,Kids
13-17 (Teen),Female,4.73,1,Kids
13-17 (Teen),Male,5.76,1,Kids
13-17 (Teen),Female,2.78,0,Kids
13-17 (Teen),Female,3.93,1,Kids
13-17 (Teen),Male,4.61,0,Kids
13-17 (Teen),Male,5.67,1,Kids
13-17 (Teen),Female,4.51,1,Kids
8-12 (Pre-teen),Female,0.45,0,Kids
8-12 (Pre-teen),Male,2.52,0,Kids
13-17 (Teen),Male,6.04,0,Kids
13-17 (Teen),Female,6.1,1,Kids
13-17 (Teen),Male,5.61,0,Kids
8-12 (Pre-teen),Male,2.34,0,Kids
8-12 (Pre-teen),Male,6.86,1,Kids
13-17 (Teen),Female,3.78,1,Kids
13-17 (Teen),Male,4.67,0,Kids
18-29 (Young Adult),Male,3.25,1,Kids
8-12 (Pre-teen),Male,4.98,0,Kids
8-12 (Pre-teen),Male,5.22,1,Kids
8-12 (Pre-teen),Female,5.02,0,Kids
8-12 (Pre-teen),Male,6.06,0,Kids
8-12 (Pre-teen),Female,1.86,0,Kids
8-12 (Pre-teen),Female,6.48,0,Kids
8-12 (Pre-teen),Male,4.37,0,Kids
13-17 (Teen),Male,4.16,1,Kids
13-17 (Teen),Female,3.91,0,Kids
13-17 (Teen),Male,4.54,1,Kids
18-29 (Young Adult),Female,4.59,1,Kids
13-17 (Teen),Female,2.42,0,Kids
13-17 (Teen),Male,6.78,1,Kids
13-17 (Teen),Female,4.19,0,Kids
8-12 (Pre-teen),Female,3.27,1,Kids
13-17 (Teen),Male,6.01,1,Kids
8-12 (Pre-teen),Female,4.74,0,Kids
8-12 (Pre-teen),Female,3.42,1,Kids
8-12 (Pre-teen),Female,5.47,1,Kids
8-12 (Pre-teen),Female,6.28,1,Kids
13-17 (Teen),Male,3.26,1,Kids
13-17 (Teen),Male,6.06,0,Kids
18-29 (Young Adult),Female,4.67,1,Kids
8-12 (Pre-teen),Male,3.75,0,Kids
13-17 (Teen),Female,6.7,1,Kids
18-29 (Young Adult),Female,3.58,0,Kids
8-12 (Pre-teen),Female,2.51,0,Kids
13-17 (Teen),Male,5.24,1,Kids
8-12 (Pre-teen),Female,0.0,0,Kids
13-17 (Teen),Female,5.14,1,Kids
13-17 (Teen),Female,3.7,0,Kids
8-12 (Pre-teen),Male,4.79,1,Kids
13-17 (Teen),Male,3.3,1,Kids
8-12 (Pre-teen),Female,5.97,1,Kids
18-29 (Young Adult),Female,3.05,0,Kids
13-17 (Teen),Female,5.18,0,Kids
13-17 (Teen),Female,3.66,1,Kids
13-17 (Teen),Male,4.08,0,Kids
13-17 (Teen),Female,4.41,0,Kids
8-12 (Pre-teen),Female,4.84,1,Kids
8-12 (Pre-teen),Female,6.82,0,Kids
13-17 (Teen),Female,4.6,1,Kids
18-29 (Young Adult),Female,4.06,1,Kids
13-17 (Teen),Female,6.5,0,Kids
8-12 (Pre-teen),Female,4.21,1,Kids
13-17 (Teen),Female,7.07,1,Kids
8-12 (Pre-teen),Male,2.48,0,Kids
13-17 (Teen),Female,4.06,1,Kids
13-17 (Teen),Male,3.9,0,Kids
13-17 (Teen),Female,2.38,0,Kids
18-29 (Young Adult),Female,6.59,1,Kids
13-17 (Teen),Male,5.6,1,Kids
8-12 (Pre-teen),Male,5.32,1,Kids
8-12 (Pre-teen),Male,4.82,1,Kids
8-12 (Pre-teen),Male,3.69,1,Kids
13-17 (Teen),Male,4.17,1,Kids
13-17 (Teen),Male,4.09,1,Kids
18-29 (Young Adult),Male,5.83,0,Kids
13-17 (Teen),Female,4.74,1,Kids
13-17 (Teen),Female,4.01,1,Kids
13-17 (Teen),Female,2.59,0,Kids
8-12 (Pre-teen),Female,4.94,1,Kids
8-12 (Pre-teen),Male,4.15,0,Kids
8-12 (Pre-teen),Male,0.3,0,Kids
13-17 (Teen),Female,4.75,0,Kids
8-12 (Pre-teen),Male,5.12,0,Kids
13-17 (Teen),Male,3.2,1,Kids
8-12 (Pre-teen),Male,5.72,0,Kids
8-12 (Pre-teen),Male,6.8,0,Kids
8-12 (Pre-teen),Female,4.73,1,Kids
8-12 (Pre-teen),Male,1.51,0,Kids
8-12 (Pre-teen),Female,7.74,1,Kids
13-17 (Teen),Female,5.08,1,Kids
8-12 (Pre-teen),Female,1.13,0,Kids
18-29 (Young Adult),Male,5.12,1,Kids
8-12 (Pre-teen),Male,6.34,1,Kids
8-12 (Pre-teen),Female,5.05,1,Kids
8-12 (Pre-teen),Female,0.73,0,Kids
13-17 (Teen),Male,5.49,1,Kids
13-17 (Teen),Female,4.51,1,Kids
8-12 (Pre-teen),Male,2.9,0,Kids
8-12 (Pre-teen),Male,6.29,1,Kids
8-12 (Pre-teen),Male,2.1,0,Kids
8-12 (Pre-teen),Female,4.53,1,Kids
8-12 (Pre-teen),Female,2.44,0,Kids
8-12 (Pre-teen),Female,2.14,0,Kids
13-17 (Teen),Female,2.72,0,Kids
13-17 (Teen),Female,4.49,1,Kids
13-17 (Teen),Female,3.15,0,Kids
8-12 (Pre-teen),Male,3.74,0,Kids
13-17 (Teen),Female,3.82,1,Kids
18-29 (Young Adult),Female,6.53,1,Kids
13-17 (Teen),Female,4.54,1,Kids
18-29 (Young Adult),Female,3.87,0,Kids
8-12 (Pre-teen),Female,0.1,0,Kids
13-17 (Teen),Male,4.44,1,Kids
13-17 (Teen),Male,4.75,0,Kids
8-12 (Pre-teen),Female,3.65,0,Kids
8-12 (Pre-teen),Male,3.85,1,Kids
8-12 (Pre-teen),Male,2.32,0,Kids
13-17 (Teen),Male,3.65,1,Kids
13-17 (Teen),Female,5.78,1,Kids
18-29 (Young Adult),Male,2.96,0,Kids
8-12 (Pre-teen),Female,0.91,0,Kids
13-17 (Teen),Male,4.17,1,Kids
18-29 (Young Adult),Male,3.98,1,Kids
13-17 (Teen),Male,2.94,0,Kids
8-12 (Pre-teen),Female,6.63,1,Kids
8-12 (Pre-teen),Male,2.9,0,Kids
18-29 (Young Adult),Female,5.84,0,Kids
8-12 (Pre-teen),Male,4.78,1,Kids
8-12 (Pre-teen),Male,4.13,1,Kids
13-17 (Teen),Male,3.67,1,Kids
8-12 (Pre-teen),Male,3.02,1,Kids
8-12 (Pre-teen),Female,1.92,0,Kids
8-12 (Pre-teen),Female,4.16,0,Kids
13-17 (Teen),Male,3.9,1,Kids
8-12 (Pre-teen),Female,6.12,0,Kids
13-17 (Teen),Male,6.23,0,Kids
8-12 (Pre-teen),Male,2.87,0,Kids
13-17 (Teen),Male,4.88,1,Kids
13-17 (Teen),Female,2.61,0,Kids
8-12 (Pre-teen),Female,1.19,0,Kids
13-17 (Teen),Male,2.54,0,Kids
8-12 (Pre-teen),Male,5.36,1,Kids
18-29 (Young Adult),Male,4.18,0,Kids
13-17 (Teen),Male,4.47,1,Kids
13-17 (Teen),Female,5.91,0,Kids
8-12 (Pre-teen),Female,1.64,0,Kids
13-17 (Teen),Female,4.13,1,Kids
13-17 (Teen),Male,1.97,0,Kids
8-12 (Pre-teen),Female,0.21,0,Kids
13-17 (Teen),Female,3.27,1,Kids
13-17 (Teen),Female,4.62,0,Kids
13-17 (Teen),Female,4.14,1,Kids
8-12 (Pre-teen),Female,3.82,0,Kids
8-12 (Pre-teen),Female,4.69,1,Kids
8-12 (Pre-teen),Male,3.59,0,Kids
8-12 (Pre-teen),Male,3.28,0,Kids
8-12 (Pre-teen),Male,3.94,1,Kids
8-12 (Pre-teen),Male,6.34,0,Kids
18-29 (Young Adult),Female,5.16,1,Kids
13-17 (Teen),Male,2.89,0,Kids
13-17 (Teen),Female,3.73,1,Kids
13-17 (Teen),Male,5.77,0,Kids
8-12 (Pre-teen),Male,3.57,0,Kids
8-12 (Pre-teen),Female,6.58,1,Kids
8-12 (Pre-teen),Male,3.2,1,Kids
8-12 (Pre-teen),Male,2.08,0,Kids
13-17 (Teen),Male,4.26,1,Kids
13-17 (Teen),Male,8.24,1,Kids
13-17 (Teen),Male,3.85,1,Kids
8-12 (Pre-teen),Female,1.63,0,Kids
13-17 (Teen),Male,2.2,0,Kids
8-12 (Pre-teen),Female,2.73,0,Kids
18-29 (Young Adult),Male,5.02,0,Kids
8-12 (Pre-teen),Female,4.92,1,Kids
13-17 (Teen),Female,4.32,1,Kids
8-12 (Pre-teen),Male,3.71,1,Kids
13-17 (Teen),Male,4.29,0,Kids
13-17 (Teen),Female,6.56,1,Kids
8-12 (Pre-teen),Male,0.95,0,Kids
8-12 (Pre-teen),Female,2.0,0,Kids
13-17 (Teen),Female,3.12,0,Kids
8-12 (Pre-teen),Female,1.65,0,Kids
13-17 (Teen),Male,3.96,1,Kids
8-12 (Pre-teen),Female,1.68,0,Kids
8-12 (Pre-teen),Female,4.05,0,Kids
8-12 (Pre-teen),Male,4.29,1,Kids
13-17 (Teen),Male,4.46,1,Kids
8-12 (Pre-teen),Male,0.0,0,Kids
13-17 (Teen),Male,5.54,0,Kids
8-12 (Pre-teen),Female,2.02,0,Kids
8-12 (Pre-teen),Female,1.67,0,Kids
8-12 (Pre-teen),Female,5.3,1,Kids
8-12 (Pre-teen),Female,9.35,0,Kids
8-12 (Pre-teen),Male,3.97,1,Kids
8-12 (Pre-teen),Male,4.12,0,Kids
13-17 (Teen),Male,4.88,0,Kids
13-17 (Teen),Female,5.48,0,Kids
13-17 (Teen),Female,3.23,0,Kids
8-12 (Pre-teen),Male,5.99,1,Kids
8-12 (Pre-teen),Male,1.25,0,Kids
8-12 (Pre-teen),Male,0.0,0,Kids
18-29 (Young Adult),Male,3.91,1,Kids
8-12 (Pre-teen),Female,8.74,1,Kids
13-17 (Teen),Female,7.85,1,Kids
13-17 (Teen),Female,5.76,1,Kids
13-17 (Teen),Female,3.37,0,Kids
13-17 (Teen),Female,4.11,1,Kids
13-17 (Teen),Male,4.06,1,Kids
8-12 (Pre-teen),Male,2.29,0,Kids
13-17 (Teen),Female,1.9,0,Kids
13-17 (Teen),Male,3.83,1,Kids
18-29 (Young Adult),Male,4.13,1,Kids
18-29 (Young Adult),Female,3.99,0,Kids
8-12 (Pre-teen),Male,0.0,0,Kids
8-12 (Pre-teen),Male,3.54,1,Kids
8-12 (Pre-teen),Female,2.4,0,Kids
8-12 (Pre-teen),Male,5.51,1,Kids
8-12 (Pre-teen),Male,4.68,1,Kids
8-12 (Pre-teen),Male,4.05,1,Kids
8-12 (Pre-teen),Female,3.97,0,Kids
8-12 (Pre-teen),Male,9.2,0,Kids
8-12 (Pre-teen),Male,3.93,0,Kids
8-12 (Pre-teen),Female,0.0,0,Kids
8-12 (Pre-teen),Female,3.15,1,Kids
13-17 (Teen),Male,2.42,0,Kids
8-12 (Pre-teen),Female,0.66,0,Kids
13-17 (Teen),Female,1.92,0,Kids
8-12 (Pre-teen),Male,4.46,1,Kids
13-17 (Teen),Male,5.57,0,Kids
8-12 (Pre-teen),Male,6.76,1,Kids
8-12 (Pre-teen),Male,5.69,1,Kids
8-12 (Pre-teen),Male,4.51,0,Kids
8-12 (Pre-teen),Female,2.9,0,Kids
8-12 (Pre-teen),Male,3.35,1,Kids
8-12 (Pre-teen),Male,5.82,1,Kids
13-17 (Teen),Male,5.09,1,Kids
8-12 (Pre-teen),Female,5.49,1,Kids
8-12 (Pre-teen),Male,4.1,1,Kids
8-12 (Pre-teen),Male,6.83,1,Kids
13-17 (Teen),Male,4.1,0,Kids
13-17 (Teen),Female,2.9,0,Kids
13-17 (Teen),Male,4.78,1,Kids
13-17 (Teen),Female,5.69,0,Kids
8-12 (Pre-teen),Male,6.33,1,Kids
13-17 (Teen),Male,3.14,0,Kids
13-17 (Teen),Male,5.56,1,Kids
8-12 (Pre-teen),Male,3.11,0,Kids
13-17 (Teen),Male,4.9,1,Kids
13-17 (Teen),Male,6.39,1,Kids
8-12 (Pre-teen),Male,1.38,0,Kids
18-29 (Young Adult),Male,7.75,0,Kids
13-17 (Teen),Female,5.12,1,Kids
8-12 (Pre-teen),Female,2.31,0,Kids
13-17 (Teen),Female,5.34,1,Kids
8-12 (Pre-teen),Male,7.91,1,Kids
13-17 (Teen),Female,4.46,1,Kids
8-12 (Pre-teen),Male,2.02,0,Kids
13-17 (Teen),Male,4.92,1,Kids
18-29 (Young Adult),Male,4.64,1,Kids
13-17 (Teen),Male,3.55,1,Kids
13-17 (Teen),Female,5.04,1,Kids
13-17 (Teen),Male,2.91,0,Kids
13-17 (Teen),Male,4.64,1,Kids
13-17 (Teen),Female,4.68,1,Kids
8-12 (Pre-teen),Female,6.09,0,Kids
8-12 (Pre-teen),Female,4.12,1,Kids
13-17 (Teen),Female,5.29,0,Kids
13-17 (Teen),Male,4.03,1,Kids
13-17 (Teen),Male,5.44,0,Kids
13-17 (Teen),Male,4.94,0,Kids
13-17 (Teen),Female,3.95,0,Kids
8-12 (Pre-teen),Female,3.28,1,Kids
8-12 (Pre-teen),Female,4.39,1,Kids
8-12 (Pre-teen),Female,1.87,0,Kids
13-17 (Teen),Male,3.07,0,Kids
8-12 (Pre-teen),Male,0.96,0,Kids
13-17 (Teen),Male,3.82,1,Kids
8-12 (Pre-teen),Female,0.26,0,Kids
8-12 (Pre-teen),Male,3.21,1,Kids
13-17 (Teen),Female,5.15,1,Kids
13-17 (Teen),Male,4.86,0,Kids
8-12 (Pre-teen),Male,5.88,0,Kids
13-17 (Teen),Male,4.29,1,Kids
13-17 (Teen),Male,6.13,0,Kids
13-17 (Teen),Female,4.53,0,Kids
13-17 (Teen),Female,6.49,1,Kids
13-17 (Teen),Male,4.61,1,Kids
13-17 (Teen),Male,4.04,0,Kids
8-12 (Pre-teen),Male,4.31,0,Kids
8-12 (Pre-teen),Male,4.55,1,Kids
13-17 (Teen),Male,4.76,1,Kids
13-17 (Teen),Female,4.08,0,Kids
13-17 (Teen),Female,5.54,1,Kids
18-29 (Young Adult),Female,6.81,0,Kids
8-12 (Pre-teen),Female,4.05,1,Kids
8-12 (Pre-teen),Female,7.57,1,Kids
13-17 (Teen),Female,4.55,1,Kids
8-12 (Pre-teen),Male,3.13,1,Kids
8-12 (Pre-teen),Female,4.26,1,Kids
13-17 (Teen),Male,4.28,1,Kids
8-12 (Pre-teen),Female,5.24,1,Kids
13-17 (Teen),Male,3.75,0,Kids
8-12 (Pre-teen),Male,4.54,0,Kids
8-12 (Pre-teen),Male,2.79,0,Kids
13-17 (Teen),Male,5.67,1,Kids
13-17 (Teen),Female,3.91,1,Kids
8-12 (Pre-teen),Female,4.55,1,Kids
8-12 (Pre-teen),Male,11.18,0,Kids
13-17 (Teen),Female,7.29,1,Kids
8-12 (Pre-teen),Male,2.76,0,Kids
8-12 (Pre-teen),Female,0.96,0,Kids
13-17 (Teen),Female,4.91,0,Kids
8-12 (Pre-teen),Male,3.23,1,Kids
13-17 (Teen),Female,4.71,0,Kids
13-17 (Teen),Male,3.41,1,Kids
13-17 (Teen),Female,5.22,1,Kids
8-12 (Pre-teen),Female,3.67,1,Kids
13-17 (Teen),Female,5.45,0,Kids
8-12 (Pre-teen),Female,3.6,1,Kids
13-17 (Teen),Female,4.36,1,Kids
13-17 (Teen),Male,4.51,0,Kids
8-12 (Pre-teen),Male,5.6,0,Kids
8-12 (Pre-teen),Male,4.1,1,Kids
13-17 (Teen),Female,5.7,0,Kids
13-17 (Teen),Female,6.58,0,Kids
8-12 (Pre-teen),Female,7.78,1,Kids
8-12 (Pre-teen),Male,5.32,0,Kids
13-17 (Teen),Male,5.04,0,Kids
13-17 (Teen),Female,5.2,1,Kids
13-17 (Teen),Female,5.02,1,Kids
8-12 (Pre-teen),Female,4.52,1,Kids
8-12 (Pre-teen),Male,2.68,0,Kids
13-17 (Teen),Female,4.91,0,Kids
8-12 (Pre-teen),Male,4.97,1,Kids
13-17 (Teen),Female,2.73,0,Kids
13-17 (Teen),Male,5.77,1,Kids
8-12 (Pre-teen),Female,6.68,1,Kids
13-17 (Teen),Male,3.74,0,Kids
8-12 (Pre-teen),Female,9.33,1,Kids
8-12 (Pre-teen),Male,4.95,1,Kids
13-17 (Teen),Male,4.66,1,Kids
13-17 (Teen),Male,3.47,1,Kids
8-12 (Pre-teen),Male,4.58,0,Kids
8-12 (Pre-teen),Female,8.46,0,Kids
8-12 (Pre-teen),Female,3.93,0,Kids
8-12 (Pre-teen),Male,5.47,0,Kids
13-17 (Teen),Male,4.05,0,Kids
13-17 (Teen),Female,4.88,1,Kids
8-12 (Pre-teen),Female,5.21,0,Kids
13-17 (Teen),Male,3.11,1,Kids
8-12 (Pre-teen),Female,5.47,0,Kids
8-12 (Pre-teen),Female,4.45,1,Kids
8-12 (Pre-teen),Female,5.09,1,Kids
13-17 (Teen),Female,2.56,0,Kids
13-17 (Teen),Female,4.78,0,Kids
13-17 (Teen),Female,5.9,1,Kids
13-17 (Teen),Female,3.73,1,Kids
8-12 (Pre-teen),Male,3.76,1,Kids
8-12 (Pre-teen),Male,3.74,1,Kids
8-12 (Pre-teen),Female,5.87,1,Kids
8-12 (Pre-teen),Female,6.62,0,Kids
13-17 (Teen),Female,6.0,1,Kids
13-17 (Teen),Female,5.71,1,Kids
8-12 (Pre-teen),Male,3.87,1,Kids
13-17 (Teen),Male,3.94,1,Kids
8-12 (Pre-teen),Male,2.61,0,Kids
13-17 (Teen),Female,6.88,0,Kids
8-12 (Pre-teen),Male,5.41,0,Kids
8-12 (Pre-teen),Female,3.67,1,Kids
13-17 (Teen),Male,7.42,1,Kids
13-17 (Teen),Female,3.39,1,Kids
8-12 (Pre-teen),Male,7.41,0,Kids
8-12 (Pre-teen),Male,3.08,0,Kids
18-29 (Young Adult),Female,3.89,0,Kids
8-12 (Pre-teen),Male,4.57,0,Kids
13-17 (Teen),Male,6.81,0,Kids
8-12 (Pre-teen),Female,6.87,1,Kids
8-12 (Pre-teen),Female,3.56,0,Kids
8-12 (Pre-teen),Female,4.95,1,Kids
8-12 (Pre-teen),Male,7.2,0,Kids
8-12 (Pre-teen),Male,2.48,0,Kids
18-29 (Young Adult),Male,2.29,0,Kids
8-12 (Pre-teen),Female,6.82,1,Kids
8-12 (Pre-teen),Female,4.18,1,Kids
8-12 (Pre-teen),Male,7.59,0,Kids
8-12 (Pre-teen),Male,4.96,0,Kids
13-17 (Teen),Female,2.7,0,Kids
13-17 (Teen),Female,5.37,1,Kids
18-29 (Young Adult),Female,3.02,1,Kids
8-12 (Pre-teen),Female,2.28,0,Kids
8-12 (Pre-teen),Male,7.37,0,Kids
8-12 (Pre-teen),Female,0.62,0,Kids
8-12 (Pre-teen),Male,5.21,1,Kids
13-17 (Teen),Female,6.65,1,Kids
8-12 (Pre-teen),Female,2.8,0,Kids
13-17 (Teen),Female,6.48,0,Kids
13-17 (Teen),Male,5.88,0,Kids
13-17 (Teen),Male,6.03,1,Kids
13-17 (Teen),Female,5.55,1,Kids
13-17 (Teen),Male,4.89,1,Kids
8-12 (Pre-teen),Male,0.0,0,Kids
8-12 (Pre-teen),Female,0.6,0,Kids
13-17 (Teen),Male,6.41,0,Kids
13-17 (Teen),Female,3.79,1,Kids
8-12 (Pre-teen),Female,4.95,0,Kids
13-17 (Teen),Male,3.44,1,Kids
8-12 (Pre-teen),Male,8.29,0,Kids
8-12 (Pre-teen),Male,6.34,1,Kids
18-29 (Young Adult),Female,5.47,1,Kids
13-17 (Teen),Male,4.24,0,Kids
8-12 (Pre-teen),Female,3.71,1,Kids
13-17 (Teen),Female,6.02,0,Kids
8-12 (Pre-teen),Male,6.42,1,Kids
13-17 (Teen),Female,4.03,1,Kids
8-12 (Pre-teen),Male,5.26,0,Kids
13-17 (Teen),Female,4.14,1,Kids
8-12 (Pre-teen),Male,5.93,0,Kids
13-17 (Teen),Female,4.14,1,Kids
13-17 (Teen),Female,5.08,0,Kids
8-12 (Pre-teen),Male,5.95,1,Kids
8-12 (Pre-teen),Female,0.36,0,Kids
8-12 (Pre-teen),Female,6.46,0,Kids
8-12 (Pre-teen),Female,3.84,0,Kids
8-12 (Pre-teen),Female,0.02,0,Kids
8-12 (Pre-teen),Male,2.62,0,Kids
13-17 (Teen),Male,2.63,0,Kids
13-17 (Teen),Female,2.58,0,Kids
13-17 (Teen),Male,2.32,0,Kids
8-12 (Pre-teen),Male,3.11,1,Kids
8-12 (Pre-teen),Female,5.12,0,Kids
13-17 (Teen),Female,6.59,0,Kids
13-17 (Teen),Male,5.01,0,Kids
13-17 (Teen),Male,3.68,1,Kids
8-12 (Pre-teen),Male,2.51,0,Kids
13-17 (Teen),Female,4.23,1,Kids
8-12 (Pre-teen),Male,4.59,1,Kids
8-12 (Pre-teen),Female,4.42,1,Kids
8-12 (Pre-teen),Female,2.84,0,Kids
13-17 (Teen),Male,3.31,0,Kids
13-17 (Teen),Female,7.19,1,Kids
18-29 (Young Adult),Female,3.6,1,Kids
8-12 (Pre-teen),Female,5.24,0,Kids
8-12 (Pre-teen),Male,5.67,1,Kids
8-12 (Pre-teen),Female,2.65,0,Kids
13-17 (Teen),Male,3.82,1,Kids
8-12 (Pre-teen),Female,8.29,1,Kids
13-17 (Teen),Female,6.42,1,Kids
13-17 (Teen),Female,5.57,0,Kids
8-12 (Pre-teen),Male,3.11,0,Kids
8-12 (Pre-teen),Male,4.22,1,Kids
13-17 (Teen),Male,4.27,1,Kids
8-12 (Pre-teen),Male,5.3,1,Kids
8-12 (Pre-teen),Male,6.1,1,Kids
8-12 (Pre-teen),Female,3.38,0,Kids
13-17 (Teen),Female,5.01,1,Kids
8-12 (Pre-teen),Male,3.15,1,Kids
18-29 (Young Adult),Male,3.26,1,Kids
8-12 (Pre-teen),Male,5.3,0,Kids
8-12 (Pre-teen),Female,4.1,1,Kids
8-12 (Pre-teen),Female,3.11,1,Kids
13-17 (Teen),Male,4.91,1,Kids
13-17 (Teen),Male,5.39,0,Kids
13-17 (Teen),Male,5.41,1,Kids
8-12 (Pre-teen),Female,5.04,0,Kids
13-17 (Teen),Male,7.59,0,Kids
13-17 (Teen),Female,4.71,1,Kids
13-17 (Teen),Female,5.96,0,Kids
13-17 (Teen),Female,6.92,1,Kids
8-12 (Pre-teen),Male,3.49,0,Kids
8-12 (Pre-teen),Female,3.48,1,Kids
13-17 (Teen),Male,5.31,0,Kids
18-29 (Young Adult),Male,5.78,1,Kids
18-29 (Young Adult),Female,3.78,1,Kids
8-12 (Pre-teen),Male,7.07,0,Kids
13-17 (Teen),Male,4.39,1,Kids
13-17 (Teen),Male,6.43,0,Kids
13-17 (Teen),Male,3.37,1,Kids
8-12 (Pre-teen),Male,6.39,0,Kids
13-17 (Teen),Female,5.96,1,Kids
13-17 (Teen),Male,5.14,0,Kids
13-17 (Teen),Female,3.83,1,Kids
13-17 (Teen),Male,3.94,0,Kids
13-17 (Teen),Male,5.44,1,Kids
8-12 (Pre-teen),Female,3.62,1,Kids
18-29 (Young Adult),Female,2.9,0,Kids
13-17 (Teen),Male,4.0,1,Kids
8-12 (Pre-teen),Male,5.51,1,Kids
8-12 (Pre-teen),Female,3.58,0,Kids
8-12 (Pre-teen),Female,4.6,0,Kids
13-17 (Teen),Female,3.29,1,Kids
8-12 (Pre-teen),Male,1.67,0,Kids
13-17 (Teen),Female,3.65,1,Kids
8-12 (Pre-teen),Male,0.0,0,Kids
13-17 (Teen),Female,6.74,1,Kids
8-12 (Pre-teen),Male,3.94,0,Kids
8-12 (Pre-teen),Female,0.73,0,Kids
13-17 (Teen),Female,3.92,1,Kids
13-17 (Teen),Female,3.74,1,Kids
8-12 (Pre-teen),Male,6.17,0,Kids
8-12 (Pre-teen),Male,4.25,0,Kids
13-17 (Teen),Male,3.81,1,Kids
8-12 (Pre-teen),Female,6.51,0,Kids
13-17 (Teen),Male,4.03,1,Kids
13-17 (Teen),Female,4.87,1,Kids
18-29 (Young Adult),Male,3.82,0,Kids
13-17 (Teen),Male,3.92,1,Kids
13-17 (Teen),Male,3.63,0,Kids
8-12 (Pre-teen),Female,4.83,1,Kids
13-17 (Teen),Female,4.91,1,Kids
8-12 (Pre-teen),Female,4.8,1,Kids
8-12 (Pre-teen),Male,2.71,0,Kids
13-17 (Teen),Female,6.13,1,Kids
8-12 (Pre-teen),Female,5.56,0,Kids
13-17 (Teen),Male,5.12,0,Kids
13-17 (Teen),Male,4.16,0,Kids
13-17 (Teen),Male,3.74,1,Kids
8-12 (Pre-teen),Male,5.25,1,Kids
8-12 (Pre-teen),Female,2.08,0,Kids
13-17 (Teen),Female,3.75,0,Kids
8-12 (Pre-teen),Male,4.44,0,Kids
13-17 (Teen),Male,4.07,1,Kids
13-17 (Teen),Female,4.94,1,Kids
8-12 (Pre-teen),Male,4.14,0,Kids
13-17 (Teen),Male,5.75,0,Kids
8-12 (Pre-teen),Female,5.91,0,Kids
13-17 (Teen),Female,2.9,0,Kids
13-17 (Teen),Male,4.35,0,Kids
8-12 (Pre-teen),Male,5.37,0,Kids
13-17 (Teen),Male,3.88,1,Kids
8-12 (Pre-teen),Male,4.67,0,Kids
18-29 (Young Adult),Male,5.47,1,Kids
8-12 (Pre-teen),Male,5.98,0,Kids
8-12 (Pre-teen),Female,4.44,0,Kids
8-12 (Pre-teen),Female,1.53,0,Kids
8-12 (Pre-teen),Male,2.59,0,Kids
8-12 (Pre-teen),Female,6.91,0,Kids
13-17 (Teen),Female,4.61,1,Kids
8-12 (Pre-teen),Male,4.5,0,Kids
13-17 (Teen),Male,3.2,0,Kids
8-12 (Pre-teen),Male,2.85,0,Kids
8-12 (Pre-teen),Male,3.35,1,Kids
8-12 (Pre-teen),Male,4.58,0,Kids
13-17 (Teen),Female,4.65,1,Kids
13-17 (Teen),Male,5.26,0,Kids
8-12 (Pre-teen),Male,5.45,0,Kids
13-17 (Teen),Male,2.89,0,Kids
13-17 (Teen),Female,4.42,1,Kids
18-29 (Young Adult),Male,2.81,0,Kids
13-17 (Teen),Male,4.15,1,Kids
13-17 (Teen),Female,5.35,0,Kids
13-17 (Teen),Female,5.0,1,Kids
13-17 (Teen),Male,6.07,1,Kids
8-12 (Pre-teen),Female,3.3,0,Kids
13-17 (Teen),Female,5.96,0,Kids
13-17 (Teen),Male,2.24,0,Kids
8-12 (Pre-teen),Female,2.67,0,Kids
13-17 (Teen),Female,5.18,1,Kids
13-17 (Teen),Female,4.32,1,Kids
13-17 (Teen),Male,2.96,0,Kids
8-12 (Pre-teen),Male,2.87,0,Kids
8-12 (Pre-teen),Female,5.27,0,Kids
13-17 (Teen),Male,5.28,0,Kids
8-12 (Pre-teen),Male,6.02,0,Kids
18-29 (Young Adult),Male,3.01,1,Kids
13-17 (Teen),Female,6.33,0,Kids
8-12 (Pre-teen),Male,3.24,0,Kids
13-17 (Teen),Female,4.68,0,Kids
8-12 (Pre-teen),Male,2.96,0,Kids
8-12 (Pre-teen),Female,5.54,0,Kids
8-12 (Pre-teen),Male,3.14,1,Kids
8-12 (Pre-teen),Male,6.1,0,Kids
13-17 (Teen),Male,4.9,0,Kids
8-12 (Pre-teen),Female,0.0,0,Kids
8-12 (Pre-teen),Female,5.54,1,Kids
8-12 (Pre-teen),Male,4.96,1,Kids
13-17 (Teen),Female,5.84,0,Kids
8-12 (Pre-teen),Male,0.0,0,Kids
13-17 (Teen),Female,3.25,0,Kids
13-17 (Teen),Male,5.73,1,Kids
8-12 (Pre-teen),Male,7.07,1,Kids
18-29 (Young Adult),Female,5.21,1,Kids
8-12 (Pre-teen),Female,5.18,0,Kids
13-17 (Teen),Female,4.89,0,Kids
13-17 (Teen),Female,4.64,1,Kids
8-12 (Pre-teen),Male,3.16,1,Kids
13-17 (Teen),Female,4.45,1,Kids
8-12 (Pre-teen),Male,3.42,1,Kids
8-12 (Pre-teen),Female,1.62,0,Kids
8-12 (Pre-teen),Male,6.88,0,Kids
18-29 (Young Adult),Male,6.4,0,Kids
8-12 (Pre-teen),Female,2.44,0,Kids
13-17 (Teen),Male,5.76,1,Kids
13-17 (Teen),Female,5.25,1,Kids
13-17 (Teen),Male,4.93,0,Kids
18-29 (Young Adult),Male,5.54,0,Kids
18-29 (Young Adult),Male,4.77,0,Kids
8-12 (Pre-teen),Female,2.03,0,Kids
8-12 (Pre-teen),Male,1.02,0,Kids
8-12 (Pre-teen),Female,3.98,1,Kids
13-17 (Teen),Female,3.63,1,Kids
8-12 (Pre-teen),Female,3.27,1,Kids
8-12 (Pre-teen),Female,5.91,1,Kids
8-12 (Pre-teen),Female,5.09,1,Kids
13-17 (Teen),Female,5.27,1,Kids
13-17 (Teen),Male,4.63,0,Kids
8-12 (Pre-teen),Female,0.0,0,Kids
8-12 (Pre-teen),Male,4.79,1,Kids
8-12 (Pre-teen),Female,4.19,1,Kids
13-17 (Teen),Male,3.26,1,Kids
8-12 (Pre-teen),Female,4.19,1,Kids
8-12 (Pre-teen),Female,3.69,1,Kids
13-17 (Teen),Male,3.18,1,Kids
8-12 (Pre-teen),Female,3.65,1,Kids
8-12 (Pre-teen),Female,5.15,0,Kids
8-12 (Pre-teen),Female,4.83,0,Kids
13-17 (Teen),Female,6.38,1,Kids
13-17 (Teen),Female,4.83,1,Kids
8-12 (Pre-teen),Male,0.0,0,Kids
8-12 (Pre-teen),Female,3.58,1,Kids
8-12 (Pre-teen),Male,6.08,0,Kids
13-17 (Teen),Female,4.65,1,Kids
8-12 (Pre-teen),Male,3.32,1,Kids
8-12 (Pre-teen),Male,0.46,0,Kids
8-12 (Pre-teen),Female,2.3,0,Kids
8-12 (Pre-teen),Male,0.0,0,Kids
8-12 (Pre-teen),Male,10.12,1,Kids
13-17 (Teen),Male,3.18,0,Kids
8-12 (Pre-teen),Male,2.06,0,Kids
13-17 (Teen),Male,4.89,0,Kids
13-17 (Teen),Male,3.02,0,Kids
13-17 (Teen),Male,2.97,0,Kids
13-17 (Teen),Female,3.2,0,Kids
8-12 (Pre-teen),Female,7.87,0,Kids
13-17 (Teen),Female,6.76,0,Kids
13-17 (Teen),Male,5.3,1,Kids
8-12 (Pre-teen),Female,3.49,1,Kids
18-29 (Young Adult),Female,3.3,1,Kids
8-12 (Pre-teen),Male,1.04,0,Kids
8-12 (Pre-teen),Female,0.0,0,Kids
13-17 (Teen),Female,5.51,1,Kids
8-12 (Pre-teen),Female,3.99,0,Kids
18-29 (Young Adult),Male,2.7,0,Kids
13-17 (Teen),Female,5.13,1,Kids
8-12 (Pre-teen),Male,1.65,0,Kids
13-17 (Teen),Female,3.54,1,Kids
8-12 (Pre-teen),Male,4.54,0,Kids
8-12 (Pre-teen),Male,4.06,0,Kids
8-12 (Pre-teen),Female,2.71,0,Kids
18-29 (Young Adult),Male,5.15,1,Kids
8-12 (Pre-teen),Female,9.22,1,Kids
13-17 (Teen),Female,6.79,0,Kids
13-17 (Teen),Female,3.33,0,Kids
8-12 (Pre-teen),Female,6.23,1,Kids
13-17 (Teen),Female,3.71,1,Kids
8-12 (Pre-teen),Male,5.25,0,Kids
8-12 (Pre-teen),Male,6.78,1,Kids
8-12 (Pre-teen),Male,3.37,1,Kids
18-29 (Young Adult),Male,4.01,0,Kids
8-12 (Pre-teen),Male,5.74,1,Kids
8-12 (Pre-teen),Male,11.0,1,Kids
8-12 (Pre-teen),Female,5.01,0,Kids
13-17 (Teen),Male,3.08,1,Kids
13-17 (Teen),Female,5.65,1,Kids
8-12 (Pre-teen),Female,6.02,0,Kids
13-17 (Teen),Female,4.34,1,Kids
13-17 (Teen),Female,3.83,1,Kids
13-17 (Teen),Male,4.42,0,Kids
8-12 (Pre-teen),Male,3.58,1,Kids
8-12 (Pre-teen),Male,11.97,1,Kids
8-12 (Pre-teen),Female,5.07,0,Kids
8-12 (Pre-teen),Female,3.99,0,Kids
13-17 (Teen),Male,5.73,1,Kids
13-17 (Teen),Female,5.77,1,Kids
8-12 (Pre-teen),Female,6.44,0,Kids
13-17 (Teen),Male,3.52,0,Kids
8-12 (Pre-teen),Female,7.04,0,Kids
8-12 (Pre-teen),Female,3.64,0,Kids
13-17 (Teen),Female,6.59,1,Kids
8-12 (Pre-teen),Female,3.19,0,Kids
8-12 (Pre-teen),Male,1.88,0,Kids
13-17 (Teen),Female,2.17,0,Kids
8-12 (Pre-teen),Female,4.65,1,Kids
8-12 (Pre-teen),Male,0.0,0,Kids
18-29 (Young Adult),Male,7.04,0,Kids
18-29 (Young Adult),Male,5.26,1,Kids
18-29 (Young Adult),Female,5.02,1,Kids
8-12 (Pre-teen),Male,4.79,0,Kids
13-17 (Teen),Male,5.58,0,Kids
13-17 (Teen),Female,5.91,1,Kids
13-17 (Teen),Male,4.41,1,Kids
18-29 (Young Adult),Male,3.05,1,Kids
13-17 (Teen),Male,4.99,0,Kids
13-17 (Teen),Female,2.43,0,Kids
8-12 (Pre-teen),Female,4.24,0,Kids
13-17 (Teen),Male,4.9,1,Kids
8-12 (Pre-teen),Female,5.1,0,Kids
13-17 (Teen),Female,4.38,0,Kids
13-17 (Teen),Female,4.84,0,Kids
8-12 (Pre-teen),Female,7.16,1,Kids
8-12 (Pre-teen),Female,3.0,0,Kids
18-29 (Young Adult),Female,3.95,1,Kids
8-12 (Pre-teen),Male,5.47,1,Kids
13-17 (Teen),Male,6.86,1,Kids
8-12 (Pre-teen),Male,4.74,0,Kids
8-12 (Pre-teen),Male,4.05,1,Kids
8-12 (Pre-teen),Female,5.4,1,Kids
8-12 (Pre-teen),Female,5.82,1,Kids
8-12 (Pre-teen),Female,4.3,1,Kids
13-17 (Teen),Female,4.22,1,Kids
13-17 (Teen),Female,4.89,0,Kids
8-12 (Pre-teen),Female,4.28,1,Kids
13-17 (Teen),Male,3.83,0,Kids
8-12 (Pre-teen),Female,5.22,1,Kids
8-12 (Pre-teen),Female,4.48,1,Kids
13-17 (Teen),Male,1.75,0,Kids
13-17 (Teen),Male,3.17,1,Kids
8-12 (Pre-teen),Male,0.79,0,Kids
8-12 (Pre-teen),Male,5.84,0,Kids
13-17 (Teen),Male,2.23,0,Kids
18-29 (Young Adult),Female,4.31,0,Kids
13-17 (Teen),Male,6.01,0,Kids
13-17 (Teen),Female,6.0,1,Kids
13-17 (Teen),Female,2.61,0,Kids
13-17 (Teen),Female,4.13,0,Kids
13-17 (Teen),Female,4.14,1,Kids
13-17 (Teen),Male,6.83,0,Kids
18-29 (Young Adult),Female,4.55,1,Kids
8-12 (Pre-teen),Female,7.22,0,Kids
13-17 (Teen),Male,5.7,1,Kids
8-12 (Pre-teen),Female,5.55,0,Kids
8-12 (Pre-teen),Female,2.23,0,Kids
13-17 (Teen),Female,4.2,1,Kids
8-12 (Pre-teen),Male,4.48,0,Kids
8-12 (Pre-teen),Female,3.53,1,Kids
8-12 (Pre-teen),Male,3.46,1,Kids
13-17 (Teen),Male,5.33,1,Kids
13-17 (Teen),Female,3.45,0,Kids
13-17 (Teen),Male,4.47,1,Kids
13-17 (Teen),Female,2.89,0,Kids
13-17 (Teen),Male,3.44,0,Kids
8-12 (Pre-teen),Male,6.14,0,Kids
13-17 (Teen),Female,4.7,1,Kids
18-29 (Young Adult),Male,2.68,0,Kids
13-17 (Teen),Male,5.16,1,Kids
8-12 (Pre-teen),Male,0.0,0,Kids
13-17 (Teen),Male,3.62,1,Kids
8-12 (Pre-teen),Male,1.64,0,Kids
13-17 (Teen),Male,3.9,0,Kids
18-29 (Young Adult),Male,4.58,1,Kids
8-12 (Pre-teen),Male,6.77,0,Kids
13-17 (Teen),Male,3.7,1,Kids
13-17 (Teen),Male,4.32,0,Kids
8-12 (Pre-teen),Male,2.41,0,Kids
8-12 (Pre-teen),Male,6.08,1,Kids
13-17 (Teen),Male,1.69,0,Kids
13-17 (Teen),Male,4.86,1,Kids
8-12 (Pre-teen),Male,4.84,1,Kids
13-17 (Teen),Female,4.69,1,Kids
13-17 (Teen),Male,3.09,0,Kids
13-17 (Teen),Male,5.02,0,Kids
8-12 (Pre-teen),Male,2.52,0,Kids
13-17 (Teen),Male,4.77,0,Kids
13-17 (Teen),Female,4.65,1,Kids
13-17 (Teen),Male,6.42,0,Kids
13-17 (Teen),Male,3.74,1,Kids
8-12 (Pre-teen),Male,2.79,0,Kids
8-12 (Pre-teen),Female,4.28,0,Kids
13-17 (Teen),Male,7.11,0,Kids
8-12 (Pre-teen),Female,4.87,1,Kids
13-17 (Teen),Male,4.09,1,Kids
8-12 (Pre-teen),Male,1.85,0,Kids
13-17 (Teen),Male,2.56,0,Kids
8-12 (Pre-teen),Male,2.14,0,Kids
8-12 (Pre-teen),Female,4.23,1,Kids
13-17 (Teen),Male,4.77,0,Kids
8-12 (Pre-teen),Male,3.68,1,Kids
13-17 (Teen),Male,5.96,1,Kids
13-17 (Teen),Female,6.59,0,Kids
8-12 (Pre-teen),Male,5.03,0,Kids
8-12 (Pre-teen),Female,3.59,1,Kids
13-17 (Teen),Male,3.03,1,Kids
13-17 (Teen),Male,4.98,1,Kids
8-12 (Pre-teen),Male,2.97,0,Kids
13-17 (Teen),Female,5.59,1,Kids
8-12 (Pre-teen),Female,4.9,1,Kids
13-17 (Teen),Male,6.71,1,Kids
8-12 (Pre-teen),Female,2.79,0,Kids
18-29 (Young Adult),Female,4.71,1,Kids
13-17 (Teen),Female,4.06,1,Kids
18-29 (Young Adult),Female,5.42,0,Kids
13-17 (Teen),Female,6.14,1,Kids
8-12 (Pre-teen),Male,4.44,0,Kids
13-17 (Teen),Male,4.16,1,Kids
8-12 (Pre-teen),Male,6.48,0,Kids
8-12 (Pre-teen),Female,4.86,0,Kids
13-17 (Teen),Male,3.79,1,Kids
8-12 (Pre-teen),Male,3.96,1,Kids
13-17 (Teen),Female,6.34,1,Kids
13-17 (Teen),Male,3.47,1,Kids
13-17 (Teen),Male,5.32,0,Kids
8-12 (Pre-teen),Female,6.2,1,Kids
18-29 (Young Adult),Male,5.73,1,Kids
13-17 (Teen),Male,6.77,0,Kids
13-17 (Teen),Female,4.51,0,Kids
13-17 (Teen),Male,3.72,0,Kids
13-17 (Teen),Male,4.96,1,Kids
8-12 (Pre-teen),Female,2.96,0,Kids
8-12 (Pre-teen),Male,2.55,0,Kids
13-17 (Teen),Female,4.11,0,Kids
8-12 (Pre-teen),Male,4.16,0,Kids
8-12 (Pre-teen),Female,5.59,1,Kids
13-17 (Teen),Female,4.99,1,Kids
13-17 (Teen),Male,2.5,0,Kids
8-12 (Pre-teen),Male,5.79,1,Kids
8-12 (Pre-teen),Female,8.55,1,Kids
18-29 (Young Adult),Female,5.12,1,Kids
8-12 (Pre-teen),Male,5.06,0,Kids
13-17 (Teen),Male,6.01,1,Kids
13-17 (Teen),Female,3.47,0,Kids
8-12 (Pre-teen),Male,4.07,1,Kids
13-17 (Teen),Female,5.56,1,Kids
13-17 (Teen),Male,4.23,1,Kids
8-12 (Pre-teen),Male,5.49,1,Kids
13-17 (Teen),Female,4.16,0,Kids
8-12 (Pre-teen),Male,1.76,0,Kids
18-29 (Young Adult),Female,4.32,1,Kids
13-17 (Teen),Male,4.12,1,Kids
13-17 (Teen),Female,6.34,0,Kids
8-12 (Pre-teen),Female,2.28,0,Kids
8-12 (Pre-teen),Male,2.85,0,Kids
13-17 (Teen),Female,4.18,1,Kids
13-17 (Teen),Male,4.92,0,Kids
13-17 (Teen),Female,3.07,1,Kids
8-12 (Pre-teen),Female,3.05,1,Kids
8-12 (Pre-teen),Female,13.01,1,Kids
8-12 (Pre-teen),Female,4.33,0,Kids
8-12 (Pre-teen),Male,2.64,0,Kids
8-12 (Pre-teen),Male,5.61,1,Kids
8-12 (Pre-teen),Male,1.52,0,Kids
8-12 (Pre-teen),Female,4.31,0,Kids
13-17 (Teen),Male,4.08,0,Kids
13-17 (Teen),Female,4.25,1,Kids
8-12 (Pre-teen),Male,4.45,1,Kids
18-29 (Young Adult),Male,6.34,0,Kids
8-12 (Pre-teen),Female,3.8,0,Kids
18-29 (Young Adult),Female,3.52,0,Kids
8-12 (Pre-teen),Male,7.87,0,Kids
8-12 (Pre-teen),Male,1.15,0,Kids
13-17 (Teen),Female,3.11,0,Kids
8-12 (Pre-teen),Female,4.15,1,Kids
13-17 (Teen),Female,3.79,1,Kids
13-17 (Teen),Male,4.89,0,Kids
8-12 (Pre-teen),Female,4.53,0,Kids
13-17 (Teen),Female,4.16,0,Kids
13-17 (Teen),Male,3.85,1,Kids
8-12 (Pre-teen),Female,0.78,0,Kids
13-17 (Teen),Female,5.05,1,Kids
8-12 (Pre-teen),Male,9.29,1,Kids
8-12 (Pre-teen),Female,3.61,1,Kids
8-12 (Pre-teen),Male,2.04,0,Kids
8-12 (Pre-teen),Male,5.36,1,Kids
13-17 (Teen),Female,4.31,0,Kids
8-12 (Pre-teen),Male,4.38,0,Kids
13-17 (Teen),Male,5.68,1,Kids
18-29 (Young Adult),Female,2.39,0,Kids
13-17 (Teen),Female,5.08,1,Kids
13-17 (Teen),Female,4.52,1,Kids
13-17 (Teen),Female,4.06,1,Kids
8-12 (Pre-teen),Female,0.0,0,Kids
8-12 (Pre-teen),Female,0.0,0,Kids
8-12 (Pre-teen),Male,5.22,0,Kids
8-12 (Pre-teen),Male,5.56,1,Kids
8-12 (Pre-teen),Female,3.29,0,Kids
13-17 (Teen),Female,4.74,1,Kids
18-29 (Young Adult),Female,3.9,1,Kids
13-17 (Teen),Male,5.14,1,Kids
8-12 (Pre-teen),Female,0.81,0,Kids
8-12 (Pre-teen),Female,3.17,1,Kids
8-12 (Pre-teen),Male,5.61,1,Kids
8-12 (Pre-teen),Male,7.93,1,Kids
13-17 (Teen),Female,3.26,1,Kids
13-17 (Teen),Male,4.28,1,Kids
13-17 (Teen),Male,4.4,1,Kids
18-29 (Young Adult),Female,3.77,1,Kids
13-17 (Teen),Male,4.21,1,Kids
8-12 (Pre-teen),Male,3.49,1,Kids
8-12 (Pre-teen),Female,1.53,0,Kids
8-12 (Pre-teen),Female,3.0,0,Kids
8-12 (Pre-teen),Female,2.72,0,Kids
8-12 (Pre-teen),Male,5.04,0,Kids
8-12 (Pre-teen),Female,2.26,0,Kids
18-29 (Young Adult),Male,3.76,0,Kids
13-17 (Teen),Male,3.41,1,Kids
8-12 (Pre-teen),Male,5.23,0,Kids
13-17 (Teen),Female,5.98,1,Kids
13-17 (Teen),Male,5.02,0,Kids
8-12 (Pre-teen),Male,3.93,1,Kids
13-17 (Teen),Male,4.1,1,Kids
13-17 (Teen),Female,4.6,1,Kids
13-17 (Teen),Male,3.09,1,Kids
13-17 (Teen),Female,3.69,1,Kids
8-12 (Pre-teen),Male,3.42,1,Kids
13-17 (Teen),Female,3.64,0,Kids
8-12 (Pre-teen),Female,0.37,0,Kids
13-17 (Teen),Male,5.02,0,Kids
8-12 (Pre-teen),Female,6.02,0,Kids
13-17 (Teen),Female,3.81,1,Kids
8-12 (Pre-teen),Male,0.66,0,Kids
8-12 (Pre-teen),Male,6.05,0,Kids
13-17 (Teen),Male,6.16,1,Kids
8-12 (Pre-teen),Female,4.91,1,Kids
8-12 (Pre-teen),Male,3.55,1,Kids
13-17 (Teen),Male,6.66,0,Kids
13-17 (Teen),Female,2.9,0,Kids
8-12 (Pre-teen),Male,3.0,0,Kids
13-17 (Teen),Male,5.87,1,Kids
8-12 (Pre-teen),Male,4.12,1,Kids
13-17 (Teen),Female,5.04,1,Kids
13-17 (Teen),Male,3.08,1,Kids
8-12 (Pre-teen),Male,6.06,1,Kids
13-17 (Teen),Male,3.73,0,Kids
8-12 (Pre-teen),Female,0.0,0,Kids
13-17 (Teen),Male,5.64,1,Kids
13-17 (Teen),Female,2.95,0,Kids
8-12 (Pre-teen),Male,6.12,1,Kids
8-12 (Pre-teen),Female,6.65,0,Kids
8-12 (Pre-teen),Male,3.94,1,Kids
13-17 (Teen),Female,3.48,1,Kids
18-29 (Young Adult),Male,5.1,1,Kids
8-12 (Pre-teen),Female,4.49,0,Kids
13-17 (Teen),Male,5.03,1,Kids
13-17 (Teen),Male,4.07,1,Kids
8-12 (Pre-teen),Female,6.99,1,Kids
8-12 (Pre-teen),Female,4.32,1,Kids
18-29 (Young Adult),Male,5.83,1,Kids
13-17 (Teen),Male,3.07,1,Kids
8-12 (Pre-teen),Male,5.74,1,Kids
8-12 (Pre-teen),Female,4.04,1,Kids
13-17 (Teen),Male,5.02,1,Kids
8-12 (Pre-teen),Female,0.0,0,Kids
13-17 (Teen),Female,3.16,1,Kids
8-12 (Pre-teen),Female,6.37,1,Kids
18-29 (Young Adult),Female,5.29,0,Kids
13-17 (Teen),Female,5.6,0,Kids
8-12 (Pre-teen),Female,0.0,0,Kids
13-17 (Teen),Female,2.79,0,Kids
13-17 (Teen),Female,3.41,0,Kids
8-12 (Pre-teen),Male,4.74,0,Kids
13-17 (Teen),Female,4.07,1,Kids
8-12 (Pre-teen),Male,1.91,0,Kids
13-17 (Teen),Male,5.98,1,Kids
13-17 (Teen),Male,5.05,1,Kids
8-12 (Pre-teen),Male,5.21,1,Kids
8-12 (Pre-teen),Female,5.71,1,Kids
8-12 (Pre-teen),Female,2.7,0,Kids
18-29 (Young Adult),Female,4.16,1,Kids
8-12 (Pre-teen),Male,5.29,0,Kids
8-12 (Pre-teen),Male,6.91,0,Kids
8-12 (Pre-teen),Female,3.84,1,Kids
8-12 (Pre-teen),Male,5.71,1,Kids
13-17 (Teen),Female,4.73,1,Kids
18-29 (Young Adult),Female,5.85,0,Kids
18-29 (Young Adult),Female,6.42,0,Kids
8-12 (Pre-teen),Female,5.86,1,Kids
8-12 (Pre-teen),Male,5.89,1,Kids
18-29 (Young Adult),Male,2.12,0,Kids
13-17 (Teen),Female,4.0,0,Kids
13-17 (Teen),Female,4.2,0,Kids
13-17 (Teen),Male,6.44,1,Kids
13-17 (Teen),Male,4.75,1,Kids
13-17 (Teen),Female,4.45,1,Kids
13-17 (Teen),Female,3.8,0,Kids
13-17 (Teen),Female,5.62,1,Kids
18-29 (Young Adult),Female,3.49,1,Kids
13-17 (Teen),Female,4.57,0,Kids
13-17 (Teen),Male,3.54,1,Kids
8-12 (Pre-teen),Female,4.06,0,Kids
13-17 (Teen),Male,6.64,1,Kids
8-12 (Pre-teen),Male,3.34,1,Kids
13-17 (Teen),Male,4.08,0,Kids
18-29 (Young Adult),Male,6.96,0,Kids
8-12 (Pre-teen),Male,4.12,1,Kids
8-12 (Pre-teen),Female,3.77,0,Kids
8-12 (Pre-teen),Female,4.14,1,Kids
13-17 (Teen),Male,4.61,1,Kids
8-12 (Pre-teen),Male,3.99,0,Kids
13-17 (Teen),Female,3.9,1,Kids
13-17 (Teen),Male,4.66,1,Kids
8-12 (Pre-teen),Female,2.22,0,Kids
13-17 (Teen),Male,4.24,1,Kids
13-17 (Teen),Female,4.01,0,Kids
13-17 (Teen),Female,4.27,1,Kids
8-12 (Pre-teen),Female,5.12,1,Kids
13-17 (Teen),Male,4.49,0,Kids
13-17 (Teen),Male,3.97,1,Kids
13-17 (Teen),Female,2.11,0,Kids
18-29 (Young Adult),Male,4.54,1,Kids
13-17 (Teen),Male,3.66,0,Kids
8-12 (Pre-teen),Female,0.0,0,Kids
8-12 (Pre-teen),Female,4.07,0,Kids
8-12 (Pre-teen),Male,3.99,1,Kids
13-17 (Teen),Male,4.51,1,Kids
8-12 (Pre-teen),Male,4.49,1,Kids
13-17 (Teen),Male,3.99,1,Kids
13-17 (Teen),Male,3.73,1,Kids
13-17 (Teen),Male,6.2,1,Kids
8-12 (Pre-teen),Male,4.56,1,Kids
13-17 (Teen),Male,4.05,0,Kids
13-17 (Teen),Male,4.97,0,Kids
8-12 (Pre-teen),Female,8.49,0,Kids
13-17 (Teen),Male,5.17,1,Kids
8-12 (Pre-teen),Male,4.85,0,Kids
13-17 (Teen),Male,4.53,0,Kids
8-12 (Pre-teen),Female,4.22,1,Kids
13-17 (Teen),Male,5.76,1,Kids
13-17 (Teen),Male,5.42,0,Kids
8-12 (Pre-teen),Female,5.45,0,Kids
13-17 (Teen),Female,5.1,0,Kids
8-12 (Pre-teen),Female,2.55,0,Kids
13-17 (Teen),Male,4.81,0,Kids
13-17 (Teen),Female,5.93,1,Kids
8-12 (Pre-teen),Female,2.81,0,Kids
8-12 (Pre-teen),Female,4.54,0,Kids
13-17 (Teen),Female,2.96,0,Kids
13-17 (Teen),Female,3.3,1,Kids
18-29 (Young Adult),Male,4.69,1,Kids
13-17 (Teen),Female,4.61,1,Kids
8-12 (Pre-teen),Female,0.99,0,Kids
13-17 (Teen),Female,6.13,0,Kids
8-12 (Pre-teen),Male,10.17,1,Kids
18-29 (Young Adult),Female,5.63,1,Kids
8-12 (Pre-teen),Female,9.79,0,Kids
18-29 (Young Adult),Male,2.52,0,Kids
8-12 (Pre-teen),Female,2.16,0,Kids
18-29 (Young Adult),Male,4.59,1,Kids
18-29 (Young Adult),Female,5.71,0,Kids
18-29 (Young Adult),Female,3.15,1,Kids
8-12 (Pre-teen),Female,1.07,0,Kids
13-17 (Teen),Female,5.67,0,Kids
13-17 (Teen),Female,2.02,0,Kids
13-17 (Teen),Female,3.15,1,Kids
13-17 (Teen),Female,6.22,1,Kids
8-12 (Pre-teen),Female,4.14,1,Kids
13-17 (Teen),Male,2.93,0,Kids
8-12 (Pre-teen),Male,4.66,1,Kids
13-17 (Teen),Female,3.28,0,Kids
8-12 (Pre-teen),Female,2.12,0,Kids
8-12 (Pre-teen),Male,7.16,1,Kids
18-29 (Young Adult),Female,2.78,0,Kids
13-17 (Teen),Female,6.47,1,Kids
13-17 (Teen),Male,3.9,1,Kids
8-12 (Pre-teen),Female,4.38,1,Kids
8-12 (Pre-teen),Female,5.22,1,Kids
8-12 (Pre-teen),Male,4.18,0,Kids
13-17 (Teen),Female,4.23,0,Kids
8-12 (Pre-teen),Male,2.57,0,Kids
8-12 (Pre-teen),Female,2.6,0,Kids
13-17 (Teen),Male,4.42,0,Kids
8-12 (Pre-teen),Female,0.4,0,Kids
8-12 (Pre-teen),Female,5.62,1,Kids
13-17 (Teen),Female,2.66,0,Kids
13-17 (Teen),Female,3.64,0,Kids
13-17 (Teen),Male,3.75,0,Kids
8-12 (Pre-teen),Female,4.31,1,Kids
13-17 (Teen),Male,6.69,1,Kids
8-12 (Pre-teen),Male,0.0,0,Kids
13-17 (Teen),Male,3.75,1,Kids
8-12 (Pre-teen),Female,1.52,0,Kids
18-29 (Young Adult),Male,5.48,1,Kids
13-17 (Teen),Female,5.48,1,Kids
8-12 (Pre-teen),Female,0.0,0,Kids
8-12 (Pre-teen),Female,0.0,0,Kids
13-17 (Teen),Female,3.13,1,Kids
8-12 (Pre-teen),Female,1.52,0,Kids
8-12 (Pre-teen),Male,2.82,0,Kids
8-12 (Pre-teen),Female,7.24,1,Kids
8-12 (Pre-teen),Male,0.0,0,Kids
8-12 (Pre-teen),Female,2.16,0,Kids
8-12 (Pre-teen),Male,4.73,0,Kids
13-17 (Teen),Female,2.76,0,Kids
8-12 (Pre-teen),Female,6.7,1,Kids
8-12 (Pre-teen),Female,4.47,1,Kids
13-17 (Teen),Male,7.1,0,Kids
8-12 (Pre-teen),Male,5.99,0,Kids
8-12 (Pre-teen),Female,5.5,0,Kids
8-12 (Pre-teen),Male,3.82,1,Kids
13-17 (Teen),Male,3.74,0,Kids
13-17 (Teen),Male,6.26,1,Kids
13-17 (Teen),Male,6.08,1,Kids
8-12 (Pre-teen),Male,0.0,0,Kids
13-17 (Teen),Female,5.48,0,Kids
13-17 (Teen),Female,5.06,1,Kids
8-12 (Pre-teen),Male,8.38,0,Kids
8-12 (Pre-teen),Male,5.03,1,Kids
8-12 (Pre-teen),Male,3.8,0,Kids
13-17 (Teen),Male,3.01,0,Kids
13-17 (Teen),Female,5.29,1,Kids
8-12 (Pre-teen),Male,4.32,0,Kids
13-17 (Teen),Female,5.26,1,Kids
13-17 (Teen),Female,6.99,0,Kids
8-12 (Pre-teen),Female,3.16,1,Kids
13-17 (Teen),Female,3.46,1,Kids
13-17 (Teen),Male,3.58,1,Kids
8-12 (Pre-teen),Male,6.47,1,Kids
13-17 (Teen),Male,4.94,1,Kids
13-17 (Teen),Male,5.03,1,Kids
18-29 (Young Adult),Male,5.97,0,Kids
13-17 (Teen),Male,5.44,0,Kids
13-17 (Teen),Female,3.56,1,Kids
13-17 (Teen),Female,7.65,0,Kids
8-12 (Pre-teen),Female,4.3,1,Kids
8-12 (Pre-teen),Male,6.25,0,Kids
8-12 (Pre-teen),Male,5.3,0,Kids
8-12 (Pre-teen),Female,7.56,1,Kids
13-17 (Teen),Female,4.61,1,Kids
8-12 (Pre-teen),Male,4.51,1,Kids
8-12 (Pre-teen),Female,0.96,0,Kids
13-17 (Teen),Female,3.2,1,Kids
13-17 (Teen),Male,2.7,0,Kids
18-29 (Young Adult),Male,3.16,1,Kids
8-12 (Pre-teen),Male,3.41,1,Kids
8-12 (Pre-teen),Male,3.61,0,Kids
8-12 (Pre-teen),Female,3.51,0,Kids
13-17 (Teen),Female,3.86,0,Kids
8-12 (Pre-teen),Male,4.74,1,Kids
13-17 (Teen),Female,4.48,1,Kids
8-12 (Pre-teen),Female,2.17,0,Kids
13-17 (Teen),Female,4.29,0,Kids
13-17 (Teen),Female,4.39,1,Kids
13-17 (Teen),Female,4.27,0,Kids
8-12 (Pre-teen),Female,3.36,1,Kids
13-17 (Teen),Female,5.43,0,Kids
8-12 (Pre-teen),Male,5.53,1,Kids
8-12 (Pre-teen),Female,4.59,1,Kids
8-12 (Pre-teen),Male,1.77,0,Kids
8-12 (Pre-teen),Male,7.55,1,Kids
8-12 (Pre-teen),Male,0.0,0,Kids
8-12 (Pre-teen),Male,0.0,0,Kids
8-12 (Pre-teen),Male,0.84,0,Kids
8-12 (Pre-teen),Female,4.83,1,Kids
8-12 (Pre-teen),Male,3.86,0,Kids
18-29 (Young Adult),Male,6.03,1,Kids
13-17 (Teen),Male,4.42,0,Kids
8-12 (Pre-teen),Female,3.84,1,Kids
8-12 (Pre-teen),Male,2.39,0,Kids
13-17 (Teen),Female,5.19,0,Kids
13-17 (Teen),Female,4.57,0,Kids
8-12 (Pre-teen),Female,4.68,0,Kids
8-12 (Pre-teen),Female,5.55,1,Kids
8-12 (Pre-teen),Female,4.84,1,Kids
13-17 (Teen),Female,4.82,1,Kids
13-17 (Teen),Female,4.95,1,Kids
8-12 (Pre-teen),Female,0.0,0,Kids
8-12 (Pre-teen),Female,3.63,1,Kids
8-12 (Pre-teen),Male,5.78,0,Kids
8-12 (Pre-teen),Male,3.74,1,Kids
13-17 (Teen),Female,2.93,0,Kids
13-17 (Teen),Male,7.03,0,Kids
13-17 (Teen),Male,5.42,1,Kids
8-12 (Pre-teen),Male,6.82,0,Kids
13-17 (Teen),Female,3.57,1,Kids
13-17 (Teen),Male,4.15,1,Kids
18-29 (Young Adult),Female,3.19,0,Kids
13-17 (Teen),Female,4.91,0,Kids
8-12 (Pre-teen),Female,0.98,0,Kids
8-12 (Pre-teen),Female,7.63,1,Kids
8-12 (Pre-teen),Male,4.68,1,Kids
8-12 (Pre-teen),Female,3.89,1,Kids
13-17 (Teen),Female,2.64,0,Kids
13-17 (Teen),Male,5.22,1,Kids
8-12 (Pre-teen),Male,5.87,0,Kids
13-17 (Teen),Male,5.03,1,Kids
13-17 (Teen),Female,1.43,0,Kids
13-17 (Teen),Male,4.95,0,Kids
13-17 (Teen),Female,6.6,1,Kids
13-17 (Teen),Male,5.26,0,Kids
18-29 (Young Adult),Male,2.55,0,Kids
8-12 (Pre-teen),Male,4.08,0,Kids
13-17 (Teen),Female,4.6,0,Kids
13-17 (Teen),Male,5.69,1,Kids
8-12 (Pre-teen),Female,5.64,1,Kids
13-17 (Teen),Female,5.13,1,Kids
8-12 (Pre-teen),Male,5.88,0,Kids
18-29 (Young Adult),Female,3.9,0,Kids
13-17 (Teen),Male,5.83,1,Kids
8-12 (Pre-teen),Female,4.59,0,Kids
8-12 (Pre-teen),Male,4.95,0,Kids
13-17 (Teen),Female,2.56,0,Kids
8-12 (Pre-teen),Male,4.28,1,Kids
13-17 (Teen),Female,4.26,1,Kids
13-17 (Teen),Female,4.43,1,Kids
8-12 (Pre-teen),Male,5.58,1,Kids
8-12 (Pre-teen),Male,4.67,1,Kids
8-12 (Pre-teen),Male,4.3,1,Kids
13-17 (Teen),Female,3.74,0,Kids
13-17 (Teen),Male,4.46,0,Kids
13-17 (Teen),Male,4.36,1,Kids
13-17 (Teen),Female,4.63,0,Kids
8-12 (Pre-teen),Female,2.42,0,Kids
13-17 (Teen),Male,3.42,1,Kids
13-17 (Teen),Male,5.14,1,Kids
8-12 (Pre-teen),Male,4.78,0,Kids
18-29 (Young Adult),Male,2.92,0,Kids
13-17 (Teen),Male,4.86,1,Kids
13-17 (Teen),Male,1.82,0,Kids
18-29 (Young Adult),Male,6.28,1,Kids
13-17 (Teen),Male,3.69,0,Kids
8-12 (Pre-teen),Male,3.88,1,Kids
13-17 (Teen),Female,4.69,0,Kids
8-12 (Pre-teen),Male,6.16,0,Kids
13-17 (Teen),Female,2.89,0,Kids
13-17 (Teen),Male,3.5,1,Kids
8-12 (Pre-teen),Male,4.78,0,Kids
13-17 (Teen),Male,4.61,0,Kids
8-12 (Pre-teen),Male,4.02,1,Kids
13-17 (Teen),Female,4.44,1,Kids
8-12 (Pre-teen),Male,0.14,0,Kids
13-17 (Teen),Male,3.26,0,Kids
18-29 (Young Adult),Female,3.56,0,Kids
8-12 (Pre-teen),Male,7.91,1,Kids
8-12 (Pre-teen),Female,12.09,1,Kids
8-12 (Pre-teen),Male,5.0,0,Kids
8-12 (Pre-teen),Male,4.6,1,Kids
8-12 (Pre-teen),Female,3.05,1,Kids
13-17 (Teen),Male,3.45,1,Kids
8-12 (Pre-teen),Male,5.21,1,Kids
18-29 (Young Adult),Female,2.81,0,Kids
13-17 (Teen),Male,3.05,0,Kids
18-29 (Young Adult),Female,4.95,0,Kids
8-12 (Pre-teen),Male,4.12,1,Kids
8-12 (Pre-teen),Female,1.24,0,Kids
18-29 (Young Adult),Male,3.87,1,Kids
13-17 (Teen),Male,5.8,1,Kids
13-17 (Teen),Male,6.05,1,Kids
8-12 (Pre-teen),Male,1.63,0,Kids
13-17 (Teen),Female,1.7,0,Kids
8-12 (Pre-teen),Female,1.81,0,Kids
13-17 (Teen),Female,3.45,1,Kids
13-17 (Teen),Female,3.61,0,Kids
13-17 (Teen),Male,5.28,0,Kids
13-17 (Teen),Female,3.84,1,Kids
8-12 (Pre-teen),Female,4.38,0,Kids
13-17 (Teen),Female,3.75,0,Kids
8-12 (Pre-teen),Male,1.34,0,Kids
13-17 (Teen),Female,4.41,0,Kids
8-12 (Pre-teen),Female,4.22,1,Kids
8-12 (Pre-teen),Male,3.91,1,Kids
8-12 (Pre-teen),Male,0.77,0,Kids
8-12 (Pre-teen),Female,5.31,1,Kids
8-12 (Pre-teen),Male,1.63,0,Kids
18-29 (Young Adult),Male,4.92,1,Kids
8-12 (Pre-teen),Female,3.94,1,Kids
18-29 (Young Adult),Female,4.24,0,Kids
18-29 (Young Adult),Male,5.77,1,Kids
8-12 (Pre-teen),Male,2.92,0,Kids
13-17 (Teen),Male,6.17,1,Kids
13-17 (Teen),Female,2.69,0,Kids
8-12 (Pre-teen),Female,4.67,0,Kids
8-12 (Pre-teen),Male,5.06,1,Kids
13-17 (Teen),Male,3.82,1,Kids
13-17 (Teen),Female,4.72,0,Kids
13-17 (Teen),Male,5.36,1,Kids
8-12 (Pre-teen),Female,2.7,0,Kids
8-12 (Pre-teen),Male,5.62,1,Kids
13-17 (Teen),Male,4.95,1,Kids
18-29 (Young Adult),Male,2.4,0,Kids
13-17 (Teen),Male,4.28,0,Kids
13-17 (Teen),Female,5.41,1,Kids
13-17 (Teen),Female,3.78,0,Kids
13-17 (Teen),Male,4.9,0,Kids
8-12 (Pre-teen),Female,2.74,0,Kids
8-12 (Pre-teen),Female,1.66,0,Kids
8-12 (Pre-teen),Male,5.61,1,Kids
8-12 (Pre-teen),Female,4.69,1,Kids
8-12 (Pre-teen),Female,2.69,0,Kids
13-17 (Teen),Male,3.26,1,Kids
8-12 (Pre-teen),Male,4.37,0,Kids
8-12 (Pre-teen),Male,0.55,0,Kids
8-12 (Pre-teen),Female,4.16,1,Kids
18-29 (Young Adult),Female,2.57,0,Kids
18-29 (Young Adult),Female,6.05,1,Kids
8-12 (Pre-teen),Male,4.72,1,Kids
8-12 (Pre-teen),Female,3.17,1,Kids
13-17 (Teen),Male,6.55,1,Kids
13-17 (Teen),Female,3.85,0,Kids
13-17 (Teen),Male,3.55,1,Kids
8-12 (Pre-teen),Female,0.0,0,Kids
13-17 (Teen),Female,4.23,1,Kids
8-12 (Pre-teen),Female,5.8,1,Kids
13-17 (Teen),Male,6.5,0,Kids
8-12 (Pre-teen),Male,5.15,1,Kids
8-12 (Pre-teen),Female,3.06,0,Kids
13-17 (Teen),Female,4.84,0,Kids
8-12 (Pre-teen),Male,2.41,0,Kids
13-17 (Teen),Male,5.87,1,Kids
13-17 (Teen),Male,6.02,1,Kids
13-17 (Teen),Male,4.33,1,Kids
13-17 (Teen),Female,4.16,0,Kids
8-12 (Pre-teen),Male,0.62,0,Kids
13-17 (Teen),Female,5.89,1,Kids
18-29 (Young Adult),Female,4.41,1,Kids
13-17 (Teen),Male,3.14,0,Kids
13-17 (Teen),Male,5.09,1,Kids
13-17 (Teen),Female,3.93,0,Kids
13-17 (Teen),Female,3.76,0,Kids
13-17 (Teen),Male,3.65,1,Kids
8-12 (Pre-teen),Male,5.63,1,Kids
13-17 (Teen),Male,3.3,1,Kids
13-17 (Teen),Female,4.93,1,Kids
8-12 (Pre-teen),Female,5.1,0,Kids
13-17 (Teen),Male,4.68,0,Kids
13-17 (Teen),Male,3.61,1,Kids
13-17 (Teen),Female,5.12,1,Kids
8-12 (Pre-teen),Female,5.92,0,Kids
13-17 (Teen),Female,2.65,0,Kids
13-17 (Teen),Female,4.72,1,Kids
8-12 (Pre-teen),Female,1.62,0,Kids
13-17 (Teen),Male,6.09,0,Kids
8-12 (Pre-teen),Male,0.0,0,Kids
18-29 (Young Adult),Female,3.06,0,Kids
13-17 (Teen),Male,4.29,0,Kids
8-12 (Pre-teen),Male,1.15,0,Kids
8-12 (Pre-teen),Male,4.7,0,Kids
13-17 (Teen),Female,2.24,0,Kids
8-12 (Pre-teen),Male,7.67,0,Kids
8-12 (Pre-teen),Female,9.98,0,Kids
18-29 (Young Adult),Male,4.65,0,Kids
13-17 (Teen),Male,5.89,0,Kids
13-17 (Teen),Female,1.79,0,Kids
8-12 (Pre-teen),Female,5.47,0,Kids
13-17 (Teen),Female,4.44,1,Kids
8-12 (Pre-teen),Female,6.24,1,Kids
8-12 (Pre-teen),Female,5.82,1,Kids
8-12 (Pre-teen),Male,4.4,0,Kids
8-12 (Pre-teen),Male,3.39,1,Kids
18-29 (Young Adult),Female,3.59,0,Kids
13-17 (Teen),Male,5.1,1,Kids
13-17 (Teen),Male,3.94,0,Kids
13-17 (Teen),Male,3.77,1,Kids
13-17 (Teen),Male,5.47,0,Kids
13-17 (Teen),Female,4.57,1,Kids
13-17 (Teen),Male,4.24,0,Kids
8-12 (Pre-teen),Male,2.99,0,Kids
8-12 (Pre-teen),Male,4.82,1,Kids
13-17 (Teen),Male,4.8,0,Kids
13-17 (Teen),Male,5.08,0,Kids
8-12 (Pre-teen),Female,5.57,1,Kids
8-12 (Pre-teen),Male,2.68,0,Kids
13-17 (Teen),Female,5.09,0,Kids
8-12 (Pre-teen),Male,1.86,0,Kids
13-17 (Teen),Male,5.02,1,Kids
8-12 (Pre-teen),Male,1.68,0,Kids
13-17 (Teen),Female,6.08,0,Kids
8-12 (Pre-teen),Female,4.39,1,Kids
18-29 (Young Adult),Female,4.0,0,Kids
13-17 (Teen),Female,4.88,1,Kids
8-12 (Pre-teen),Female,6.59,0,Kids
8-12 (Pre-teen),Female,5.24,1,Kids
18-29 (Young Adult),Male,3.71,0,Kids
13-17 (Teen),Female,5.16,0,Kids
8-12 (Pre-teen),Female,6.0,0,Kids
8-12 (Pre-teen),Male,4.54,0,Kids
8-12 (Pre-teen),Male,3.98,1,Kids
13-17 (Teen),Female,4.51,1,Kids
13-17 (Teen),Female,5.01,1,Kids
13-17 (Teen),Female,3.8,1,Kids
13-17 (Teen),Male,4.05,1,Kids
13-17 (Teen),Male,4.63,1,Kids
13-17 (Teen),Male,5.74,1,Kids
8-12 (Pre-teen),Male,4.32,0,Kids
8-12 (Pre-teen),Female,3.16,0,Kids
8-12 (Pre-teen),Female,2.71,0,Kids
8-12 (Pre-teen),Female,3.66,1,Kids
8-12 (Pre-teen),Male,0.0,0,Kids
13-17 (Teen),Female,5.86,1,Kids
8-12 (Pre-teen),Female,7.11,1,Kids
8-12 (Pre-teen),Male,6.14,0,Kids
8-12 (Pre-teen),Male,3.56,0,Kids
8-12 (Pre-teen),Female,6.83,1,Kids
13-17 (Teen),Male,4.5,1,Kids
8-12 (Pre-teen),Female,6.11,1,Kids
8-12 (Pre-teen),Male,4.52,1,Kids
13-17 (Teen),Female,7.74,0,Kids
8-12 (Pre-teen),Male,4.32,1,Kids
13-17 (Teen),Female,2.74,0,Kids
13-17 (Teen),Female,4.75,1,Kids
8-12 (Pre-teen),Female,4.79,1,Kids
18-29 (Young Adult),Male,3.69,1,Kids
13-17 (Teen),Female,2.77,0,Kids
8-12 (Pre-teen),Male,5.48,1,Kids
8-12 (Pre-teen),Female,5.64,0,Kids
18-29 (Young Adult),Female,3.35,0,Kids
13-17 (Teen),Female,4.87,1,Kids
13-17 (Teen),Female,3.14,1,Kids
13-17 (Teen),Female,4.52,1,Kids
13-17 (Teen),Female,3.76,1,Kids
18-29 (Young Adult),Male,4.42,0,Kids
8-12 (Pre-teen),Female,8.24,0,Kids
13-17 (Teen),Male,4.55,1,Kids
13-17 (Teen),Female,3.45,0,Kids
8-12 (Pre-teen),Female,4.79,1,Kids
8-12 (Pre-teen),Male,3.83,1,Kids
18-29 (Young Adult),Male,1.91,0,Kids
13-17 (Teen),Female,4.9,1,Kids
8-12 (Pre-teen),Male,4.46,1,Kids
13-17 (Teen),Female,4.24,0,Kids
8-12 (Pre-teen),Male,4.19,0,Kids
8-12 (Pre-teen),Male,9.84,0,Kids
13-17 (Teen),Female,2.35,0,Kids
18-29 (Young Adult),Female,3.94,1,Kids
8-12 (Pre-teen),Female,0.59,0,Kids
13-17 (Teen),Male,2.93,0,Kids
13-17 (Teen),Female,4.87,0,Kids
13-17 (Teen),Male,6.31,0,Kids
8-12 (Pre-teen),Female,2.66,0,Kids
13-17 (Teen),Female,6.07,1,Kids
8-12 (Pre-teen),Male,0.0,0,Kids
13-17 (Teen),Female,3.15,1,Kids
13-17 (Teen),Male,3.91,1,Kids
8-12 (Pre-teen),Male,5.99,1,Kids
8-12 (Pre-teen),Male,5.06,0,Kids
13-17 (Teen),Male,5.94,0,Kids
13-17 (Teen),Male,5.33,1,Kids
8-12 (Pre-teen),Male,5.58,0,Kids
13-17 (Teen),Male,6.02,1,Kids
8-12 (Pre-teen),Male,4.82,1,Kids
8-12 (Pre-teen),Male,6.5,1,Kids
13-17 (Teen),Female,4.38,1,Kids
8-12 (Pre-teen),Female,5.03,0,Kids
18-29 (Young Adult),Female,3.84,0,Kids
13-17 (Teen),Female,7.7,1,Kids
8-12 (Pre-teen),Female,5.15,1,Kids
8-12 (Pre-teen),Female,5.75,1,Kids
8-12 (Pre-teen),Male,7.2,1,Kids
8-12 (Pre-teen),Female,1.21,0,Kids
13-17 (Teen),Female,4.33,1,Kids
8-12 (Pre-teen),Female,6.61,1,Kids
8-12 (Pre-teen),Female,8.56,1,Kids
13-17 (Teen),Male,5.18,1,Kids
13-17 (Teen),Male,5.12,0,Kids
13-17 (Teen),Female,4.77,1,Kids
13-17 (Teen),Male,3.97,0,Kids
8-12 (Pre-teen),Female,4.44,0,Kids
8-12 (Pre-teen),Male,5.95,1,Kids
8-12 (Pre-teen),Male,0.0,0,Kids
18-29 (Young Adult),Male,4.21,1,Kids
13-17 (Teen),Male,5.61,0,Kids
13-17 (Teen),Female,4.56,0,Kids
8-12 (Pre-teen),Female,0.08,0,Kids
18-29 (Young Adult),Male,4.22,1,Kids
13-17 (Teen),Male,3.04,1,Kids
8-12 (Pre-teen),Male,5.83,1,Kids
13-17 (Teen),Male,4.86,0,Kids
8-12 (Pre-teen),Female,8.42,1,Kids
13-17 (Teen),Male,4.36,1,Kids
13-17 (Teen),Female,5.39,0,Kids
13-17 (Teen),Female,4.39,1,Kids
13-17 (Teen),Male,5.01,1,Kids
8-12 (Pre-teen),Female,4.48,1,Kids
18-29 (Young Adult),Female,4.69,0,Kids
18-29 (Young Adult),Male,5.55,1,Kids
8-12 (Pre-teen),Female,3.1,1,Kids
13-17 (Teen),Male,5.5,0,Kids
13-17 (Teen),Female,3.89,1,Kids
13-17 (Teen),Male,5.1,1,Kids
18-29 (Young Adult),Female,5.01,1,Kids
8-12 (Pre-teen),Male,4.17,1,Kids
13-17 (Teen),Male,5.06,1,Kids
8-12 (Pre-teen),Female,3.72,1,Kids
13-17 (Teen),Male,4.93,0,Kids
8-12 (Pre-teen),Female,6.76,1,Kids
8-12 (Pre-teen),Male,6.42,0,Kids
8-12 (Pre-teen),Female,1.94,0,Kids
8-12 (Pre-teen),Male,1.67,0,Kids
13-17 (Teen),Male,1.73,0,Kids
8-12 (Pre-teen),Female,4.34,1,Kids
13-17 (Teen),Female,2.77,0,Kids
8-12 (Pre-teen),Male,0.0,0,Kids
13-17 (Teen),Female,4.36,1,Kids
13-17 (Teen),Female,5.24,0,Kids
8-12 (Pre-teen),Female,4.65,1,Kids
13-17 (Teen),Male,4.13,1,Kids
18-29 (Young Adult),Female,5.2,0,Kids
8-12 (Pre-teen),Male,1.64,0,Kids
13-17 (Teen),Male,4.78,1,Kids
13-17 (Teen),Female,3.64,0,Kids
8-12 (Pre-teen),Male,3.79,1,Kids
13-17 (Teen),Male,2.81,0,Kids
8-12 (Pre-teen),Female,3.69,1,Kids
18-29 (Young Adult),Female,4.52,0,Kids
18-29 (Young Adult),Male,5.37,0,Kids
13-17 (Teen),Male,6.26,0,Kids
18-29 (Young Adult),Female,4.94,1,Kids
13-17 (Teen),Male,4.76,0,Kids
8-12 (Pre-teen),Female,4.64,1,Kids
13-17 (Teen),Female,4.36,0,Kids
8-12 (Pre-teen),Male,1.75,0,Kids
18-29 (Young Adult),Male,3.76,0,Kids
13-17 (Teen),Male,4.85,0,Kids
13-17 (Teen),Female,4.69,0,Kids
8-12 (Pre-teen),Male,6.28,1,Kids
18-29 (Young Adult),Male,5.59,0,Kids
13-17 (Teen),Female,3.51,1,Kids
13-17 (Teen),Male,4.42,1,Kids
8-12 (Pre-teen),Female,0.29,0,Kids
13-17 (Teen),Male,2.83,0,Kids
13-17 (Teen),Male,4.62,1,Kids
13-17 (Teen),Female,4.94,1,Kids
18-29 (Young Adult),Male,5.11,0,Kids
8-12 (Pre-teen),Female,6.31,1,Kids
13-17 (Teen),Female,5.02,0,Kids
8-12 (Pre-teen),Female,4.79,1,Kids
8-12 (Pre-teen),Female,3.73,1,Kids
8-12 (Pre-teen),Male,0.0,0,Kids
13-17 (Teen),Male,5.25,1,Kids
8-12 (Pre-teen),Female,4.85,1,Kids
18-29 (Young Adult),Female,4.2,0,Kids
8-12 (Pre-teen),Male,2.32,0,Kids
13-17 (Teen),Male,4.02,1,Kids
8-12 (Pre-teen),Female,0.0,0,Kids
13-17 (Teen),Male,6.66,1,Kids
8-12 (Pre-teen),Male,5.87,1,Kids
13-17 (Teen),Female,3.73,1,Kids
8-12 (Pre-teen),Male,3.43,0,Kids
13-17 (Teen),Male,4.13,1,Kids
8-12 (Pre-teen),Male,3.19,0,Kids
13-17 (Teen),Male,3.73,0,Kids
13-17 (Teen),Male,4.35,0,Kids
13-17 (Teen),Female,4.24,0,Kids
8-12 (Pre-teen),Male,5.6,1,Kids
8-12 (Pre-teen),Female,2.96,0,Kids
13-17 (Teen),Male,4.09,1,Kids
8-12 (Pre-teen),Female,2.44,0,Kids
8-12 (Pre-teen),Female,3.34,0,Kids
8-12 (Pre-teen),Female,3.82,0,Kids
8-12 (Pre-teen),Male,4.23,0,Kids
8-12 (Pre-teen),Female,6.16,0,Kids
18-29 (Young Adult),Female,3.63,1,Kids
8-12 (Pre-teen),Male,0.38,0,Kids
13-17 (Teen),Female,2.75,0,Kids
8-12 (Pre-teen),Female,2.66,0,Kids
13-17 (Teen),Female,3.89,0,Kids
13-17 (Teen),Male,5.5,1,Kids
8-12 (Pre-teen),Female,1.95,0,Kids
13-17 (Teen),Female,4.71,1,Kids
13-17 (Teen),Male,2.1,0,Kids
13-17 (Teen),Female,4.0,1,Kids
18-29 (Young Adult),Male,4.81,1,Kids
8-12 (Pre-teen),Female,5.88,0,Kids
8-12 (Pre-teen),Male,2.44,0,Kids
8-12 (Pre-teen),Male,5.47,0,Kids
18-29 (Young Adult),Female,4.32,0,Kids
8-12 (Pre-teen),Female,5.11,1,Kids
8-12 (Pre-teen),Male,5.26,1,Kids
13-17 (Teen),Male,3.09,0,Kids
18-29 (Young Adult),Male,2.34,0,Kids
8-12 (Pre-teen),Female,4.5,0,Kids
13-17 (Teen),Male,4.95,1,Kids
8-12 (Pre-teen),Male,2.31,0,Kids
18-29 (Young Adult),Female,3.98,1,Kids
13-17 (Teen),Female,5.47,0,Kids
13-17 (Teen),Female,4.42,1,Kids
13-17 (Teen),Female,3.89,1,Kids
8-12 (Pre-teen),Male,5.84,0,Kids
8-12 (Pre-teen),Female,8.02,0,Kids
8-12 (Pre-teen),Female,4.29,0,Kids
8-12 (Pre-teen),Female,6.03,1,Kids
8-12 (Pre-teen),Female,3.88,0,Kids
13-17 (Teen),Male,3.08,1,Kids
13-17 (Teen),Male,5.09,1,Kids
13-17 (Teen),Female,4.14,0,Kids
18-29 (Young Adult),Male,6.0,1,Kids
8-12 (Pre-teen),Male,4.43,0,Kids
8-12 (Pre-teen),Female,2.46,0,Kids
8-12 (Pre-teen),Female,1.16,0,Kids
13-17 (Teen),Female,3.64,0,Kids
18-29 (Young Adult),Male,3.83,0,Kids
18-29 (Young Adult),Male,4.49,1,Kids
8-12 (Pre-teen),Female,5.86,0,Kids
8-12 (Pre-teen),Female,5.72,0,Kids
13-17 (Teen),Male,5.29,1,Kids
8-12 (Pre-teen),Male,6.22,1,Kids
8-12 (Pre-teen),Male,4.74,1,Kids
18-29 (Young Adult),Male,5.49,1,Kids
8-12 (Pre-teen),Male,5.17,0,Kids
13-17 (Teen),Male,4.33,0,Kids
8-12 (Pre-teen),Male,0.0,0,Kids
13-17 (Teen),Female,2.93,0,Kids
8-12 (Pre-teen),Male,6.18,1,Kids
8-12 (Pre-teen),Female,8.27,1,Kids
18-29 (Young Adult),Male,5.53,1,Kids
8-12 (Pre-teen),Female,3.04,1,Kids
13-17 (Teen),Female,3.7,1,Kids
13-17 (Teen),Male,4.45,1,Kids
8-12 (Pre-teen),Male,0.61,0,Kids
8-12 (Pre-teen),Male,1.88,0,Kids
8-12 (Pre-teen),Male,3.24,1,Kids
13-17 (Teen),Male,7.77,1,Kids
13-17 (Teen),Female,2.86,0,Kids
18-29 (Young Adult),Female,3.53,0,Kids
13-17 (Teen),Male,5.62,1,Kids
13-17 (Teen),Male,4.59,1,Kids
8-12 (Pre-teen),Female,4.82,0,Kids
8-12 (Pre-teen),Female,5.15,1,Kids
13-17 (Teen),Male,3.35,1,Kids
18-29 (Young Adult),Female,3.81,1,Kids
8-12 (Pre-teen),Female,1.78,0,Kids
8-12 (Pre-teen),Male,6.06,0,Kids
13-17 (Teen),Male,3.62,0,Kids
8-12 (Pre-teen),Male,0.0,0,Kids
8-12 (Pre-teen),Male,5.14,0,Kids
13-17 (Teen),Female,6.06,1,Kids
13-17 (Teen),Female,6.12,1,Kids
8-12 (Pre-teen),Female,3.53,0,Kids
8-12 (Pre-teen),Female,5.29,0,Kids
13-17 (Teen),Male,2.57,0,Kids
13-17 (Teen),Female,3.82,1,Kids
8-12 (Pre-teen),Male,5.56,0,Kids
8-12 (Pre-teen),Female,7.05,1,Kids
8-12 (Pre-teen),Female,4.68,1,Kids
13-17 (Teen),Female,4.21,0,Kids
13-17 (Teen),Female,5.62,0,Kids
13-17 (Teen),Male,3.5,0,Kids
13-17 (Teen),Female,6.81,1,Kids
13-17 (Teen),Male,3.93,1,Kids
8-12 (Pre-teen),Female,4.38,1,Kids
8-12 (Pre-teen),Female,5.96,0,Kids
8-12 (Pre-teen),Female,6.2,0,Kids
13-17 (Teen),Male,4.41,1,Kids
13-17 (Teen),Female,4.6,0,Kids
18-29 (Young Adult),Female,4.15,0,Kids
8-12 (Pre-teen),Female,5.34,0,Kids
13-17 (Teen),Male,3.09,1,Kids
8-12 (Pre-teen),Female,4.32,1,Kids
8-12 (Pre-teen),Female,7.11,1,Kids
8-12 (Pre-teen),Female,2.77,0,Kids
13-17 (Teen),Male,4.9,1,Kids
18-29 (Young Adult),Male,4.94,1,Kids
13-17 (Teen),Male,4.79,0,Kids
8-12 (Pre-teen),Male,3.91,1,Kids
13-17 (Teen),Female,3.95,1,Kids
13-17 (Teen),Male,5.56,0,Kids
13-17 (Teen),Female,3.89,0,Kids
18-29 (Young Adult),Female,4.71,0,Kids
13-17 (Teen),Male,7.18,1,Kids
8-12 (Pre-teen),Female,2.81,0,Kids
13-17 (Teen),Female,4.2,1,Kids
13-17 (Teen),Male,3.14,1,Kids
8-12 (Pre-teen),Male,9.35,1,Kids
13-17 (Teen),Female,3.54,1,Kids
13-17 (Teen),Male,5.62,0,Kids
13-17 (Teen),Female,3.24,1,Kids
8-12 (Pre-teen),Female,2.73,0,Kids
8-12 (Pre-teen),Female,3.18,1,Kids
13-17 (Teen),Female,3.49,1,Kids
13-17 (Teen),Female,3.94,0,Kids
8-12 (Pre-teen),Female,4.81,1,Kids
8-12 (Pre-teen),Male,5.26,1,Kids
8-12 (Pre-teen),Male,5.02,0,Kids
8-12 (Pre-teen),Female,7.21,1,Kids
8-12 (Pre-teen),Female,1.34,0,Kids
13-17 (Teen),Female,4.34,1,Kids
8-12 (Pre-teen),Male,3.75,0,Kids
8-12 (Pre-teen),Male,1.85,0,Kids
13-17 (Teen),Male,2.88,0,Kids
13-17 (Teen),Male,3.49,0,Kids
13-17 (Teen),Female,4.34,0,Kids
8-12 (Pre-teen),Male,12.8,0,Kids
13-17 (Teen),Female,3.74,1,Kids
13-17 (Teen),Female,6.25,0,Kids
13-17 (Teen),Male,4.38,1,Kids
13-17 (Teen),Female,4.59,0,Kids
8-12 (Pre-teen),Female,2.67,0,Kids
8-12 (Pre-teen),Male,1.56,0,Kids
13-17 (Teen),Male,4.26,1,Kids
13-17 (Teen),Female,5.5,1,Kids
8-12 (Pre-teen),Female,4.38,0,Kids
13-17 (Teen),Male,5.95,1,Kids
18-29 (Young Adult),Female,5.2,0,Kids
8-12 (Pre-teen),Female,0.0,0,Kids
18-29 (Young Adult),Female,5.25,0,Kids
13-17 (Teen),Female,4.76,1,Kids
13-17 (Teen),Male,4.96,0,Kids
13-17 (Teen),Male,3.27,1,Kids
13-17 (Teen),Male,5.6,1,Kids
13-17 (Teen),Female,5.58,1,Kids
13-17 (Teen),Male,5.41,1,Kids
8-12 (Pre-teen),Female,3.35,0,Kids
13-17 (Teen),Male,4.12,0,Kids
13-17 (Teen),Male,5.64,1,Kids
8-12 (Pre-teen),Female,7.66,1,Kids
8-12 (Pre-teen),Male,3.54,1,Kids
18-29 (Young Adult),Male,3.85,1,Kids
13-17 (Teen),Female,4.67,0,Kids
18-29 (Young Adult),Male,5.15,0,Kids
8-12 (Pre-teen),Male,4.1,1,Kids
8-12 (Pre-teen),Female,4.27,1,Kids
13-17 (Teen),Female,4.32,1,Kids
13-17 (Teen),Male,5.19,0,Kids
13-17 (Teen),Female,5.48,1,Kids
13-17 (Teen),Female,4.06,1,Kids
8-12 (Pre-teen),Male,1.64,0,Kids
13-17 (Teen),Male,4.25,0,Kids
13-17 (Teen),Female,4.78,0,Kids
18-29 (Young Adult),Male,6.24,1,Kids
8-12 (Pre-teen),Female,7.36,0,Kids
13-17 (Teen),Female,4.45,1,Kids
13-17 (Teen),Male,6.0,1,Kids
13-17 (Teen),Female,4.78,1,Kids
8-12 (Pre-teen),Male,7.02,1,Kids
13-17 (Teen),Female,2.79,0,Kids
8-12 (Pre-teen),Female,5.28,0,Kids
13-17 (Teen),Female,4.17,1,Kids
8-12 (Pre-teen),Female,4.71,0,Kids
13-17 (Teen),Female,6.46,1,Kids
13-17 (Teen),Female,5.72,0,Kids
8-12 (Pre-teen),Male,2.91,0,Kids
13-17 (Teen),Female,5.68,1,Kids
8-12 (Pre-teen),Female,7.3,0,Kids
8-12 (Pre-teen),Female,2.06,0,Kids
13-17 (Teen),Female,4.43,1,Kids
8-12 (Pre-teen),Male,0.0,0,Kids
8-12 (Pre-teen),Female,3.76,1,Kids
13-17 (Teen),Female,4.84,1,Kids
8-12 (Pre-teen),Female,4.16,1,Kids
13-17 (Teen),Male,3.93,1,Kids
13-17 (Teen),Female,3.92,1,Kids
18-29 (Young Adult),Male,6.17,0,Kids
8-12 (Pre-teen),Male,4.99,1,Kids
13-17 (Teen),Male,6.51,1,Kids
8-12 (Pre-teen),Male,0.43,0,Kids
8-12 (Pre-teen),Female,0.0,0,Kids
13-17 (Teen),Female,4.34,1,Kids
8-12 (Pre-teen),Female,3.66,0,Kids
13-17 (Teen),Female,3.55,1,Kids
8-12 (Pre-teen),Female,0.63,0,Kids
8-12 (Pre-teen),Female,2.28,0,Kids
13-17 (Teen),Male,4.12,0,Kids
13-17 (Teen),Female,4.64,0,Kids
8-12 (Pre-teen),Female,6.64,1,Kids
8-12 (Pre-teen),Male,3.5,0,Kids
8-12 (Pre-teen),Female,4.42,1,Kids
8-12 (Pre-teen),Male,4.98,1,Kids
13-17 (Teen),Female,5.58,1,Kids
8-12 (Pre-teen),Male,0.0,0,Kids
8-12 (Pre-teen),Male,5.29,1,Kids
8-12 (Pre-teen),Male,4.35,1,Kids
13-17 (Teen),Male,4.05,1,Kids
8-12 (Pre-teen),Male,3.69,1,Kids
13-17 (Teen),Male,5.94,0,Kids
8-12 (Pre-teen),Male,2.69,0,Kids
8-12 (Pre-teen),Female,2.64,0,Kids
8-12 (Pre-teen),Female,5.21,0,Kids
8-12 (Pre-teen),Female,0.0,0,Kids
8-12 (Pre-teen),Female,0.0,0,Kids
8-12 (Pre-teen),Female,5.44,0,Kids
13-17 (Teen),Female,5.83,1,Kids
13-17 (Teen),Male,5.53,1,Kids
13-17 (Teen),Female,4.37,0,Kids
8-12 (Pre-teen),Female,2.69,0,Kids
8-12 (Pre-teen),Female,11.26,0,Kids
13-17 (Teen),Female,6.75,1,Kids
13-17 (Teen),Female,6.47,1,Kids
8-12 (Pre-teen),Female,2.37,0,Kids
8-12 (Pre-teen),Male,4.98,1,Kids
13-17 (Teen),Male,4.24,0,Kids
8-12 (Pre-teen),Female,3.47,0,Kids
8-12 (Pre-teen),Male,0.0,0,Kids
8-12 (Pre-teen),Male,12.4,0,Kids
13-17 (Teen),Male,1.89,0,Kids
13-17 (Teen),Female,4.17,1,Kids
8-12 (Pre-teen),Female,4.78,0,Kids
13-17 (Teen),Female,4.34,0,Kids
13-17 (Teen),Male,4.6,1,Kids
8-12 (Pre-teen),Female,1.48,0,Kids
13-17 (Teen),Male,3.91,1,Kids
8-12 (Pre-teen),Female,5.14,0,Kids
8-12 (Pre-teen),Male,6.49,1,Kids
13-17 (Teen),Female,2.84,0,Kids
13-17 (Teen),Male,5.97,1,Kids
13-17 (Teen),Male,4.77,1,Kids
13-17 (Teen),Female,5.1,1,Kids
13-17 (Teen),Male,4.31,1,Kids
13-17 (Teen),Female,3.74,0,Kids
8-12 (Pre-teen),Female,4.68,0,Kids
8-12 (Pre-teen),Male,2.34,0,Kids
13-17 (Teen),Male,5.49,0,Kids
13-17 (Teen),Female,4.84,0,Kids
8-12 (Pre-teen),Male,8.11,1,Kids
18-29 (Young Adult),Male,5.59,1,Kids
13-17 (Teen),Male,7.14,0,Kids
13-17 (Teen),Female,5.54,1,Kids
8-12 (Pre-teen),Female,2.88,0,Kids
8-12 (Pre-teen),Male,6.7,0,Kids
8-12 (Pre-teen),Female,4.43,1,Kids
8-12 (Pre-teen),Male,6.25,1,Kids
8-12 (Pre-teen),Female,0.62,0,Kids
13-17 (Teen),Female,5.2,1,Kids
13-17 (Teen),Male,4.11,0,Kids
8-12 (Pre-teen),Female,3.04,1,Kids
13-17 (Teen),Male,5.64,0,Kids
18-29 (Young Adult),Female,3.56,1,Kids
13-17 (Teen),Female,7.3,0,Kids
8-12 (Pre-teen),Female,1.69,0,Kids
13-17 (Teen),Male,1.77,0,Kids
13-17 (Teen),Female,2.59,0,Kids
13-17 (Teen),Female,0.25,0,Kids
13-17 (Teen),Male,6.24,1,Kids
8-12 (Pre-teen),Male,0.88,0,Kids
8-12 (Pre-teen),Male,3.53,0,Kids
8-12 (Pre-teen),Male,5.59,1,Kids
13-17 (Teen),Female,6.83,0,Kids
18-29 (Young Adult),Female,5.34,1,Kids
8-12 (Pre-teen),Male,2.77,0,Kids
13-17 (Teen),Female,2.28,0,Kids
13-17 (Teen),Male,2.96,0,Kids
8-12 (Pre-teen),Female,6.0,1,Kids
13-17 (Teen),Male,4.87,1,Kids
18-29 (Young Adult),Female,6.69,0,Kids
8-12 (Pre-teen),Female,3.64,1,Kids
8-12 (Pre-teen),Female,6.53,0,Kids
8-12 (Pre-teen),Male,3.77,1,Kids
8-12 (Pre-teen),Female,3.59,1,Kids
8-12 (Pre-teen),Male,7.33,1,Kids
13-17 (Teen),Female,4.9,0,Kids
13-17 (Teen),Male,3.03,1,Kids
13-17 (Teen),Female,6.89,1,Kids
18-29 (Young Adult),Female,3.69,1,Kids
8-12 (Pre-teen),Male,6.4,1,Kids
8-12 (Pre-teen),Male,4.72,1,Kids
8-12 (Pre-teen),Female,3.13,1,Kids
13-17 (Teen),Female,4.69,1,Kids
8-12 (Pre-teen),Female,5.37,0,Kids
8-12 (Pre-teen),Male,6.29,1,Kids
13-17 (Teen),Female,5.07,0,Kids
8-12 (Pre-teen),Female,2.85,0,Kids
13-17 (Teen),Female,4.04,0,Kids
8-12 (Pre-teen),Female,4.27,0,Kids
13-17 (Teen),Male,5.3,1,Kids
8-12 (Pre-teen),Female,3.13,1,Kids
8-12 (Pre-teen),Male,4.01,0,Kids
18-29 (Young Adult),Female,5.1,1,Kids
8-12 (Pre-teen),Male,4.89,1,Kids
8-12 (Pre-teen),Male,2.82,0,Kids
8-12 (Pre-teen),Male,5.05,0,Kids
8-12 (Pre-teen),Female,4.58,1,Kids
13-17 (Teen),Female,5.57,1,Kids
8-12 (Pre-teen),Male,4.63,0,Kids
8-12 (Pre-teen),Male,3.6,1,Kids
8-12 (Pre-teen),Female,2.62,0,Kids
13-17 (Teen),Female,4.84,1,Kids
18-29 (Young Adult),Male,3.66,1,Kids
18-29 (Young Adult),Male,4.91,0,Kids
8-12 (Pre-teen),Male,4.34,0,Kids
13-17 (Teen),Male,6.37,1,Kids
8-12 (Pre-teen),Female,2.91,0,Kids
13-17 (Teen),Female,5.35,1,Kids
13-17 (Teen),Female,5.55,0,Kids
13-17 (Teen),Female,3.28,1,Kids
18-29 (Young Adult),Male,3.19,1,Kids
8-12 (Pre-teen),Male,6.73,0,Kids
13-17 (Teen),Male,4.94,1,Kids
13-17 (Teen),Female,5.3,1,Kids
8-12 (Pre-teen),Male,3.95,1,Kids
13-17 (Teen),Male,3.06,1,Kids
8-12 (Pre-teen),Male,3.23,0,Kids
8-12 (Pre-teen),Male,4.24,0,Kids
13-17 (Teen),Female,6.87,1,Kids
13-17 (Teen),Male,4.89,0,Kids
13-17 (Teen),Female,3.56,1,Kids
8-12 (Pre-teen),Male,3.48,0,Kids
8-12 (Pre-teen),Male,5.32,0,Kids
8-12 (Pre-teen),Male,6.34,0,Kids
13-17 (Teen),Female,4.84,1,Kids
13-17 (Teen),Male,7.04,1,Kids
13-17 (Teen),Male,5.11,1,Kids
8-12 (Pre-teen),Male,4.03,0,Kids
13-17 (Teen),Male,2.99,0,Kids
8-12 (Pre-teen),Female,1.98,0,Kids
8-12 (Pre-teen),Female,5.98,1,Kids
13-17 (Teen),Female,3.54,1,Kids
13-17 (Teen),Female,5.46,0,Kids
13-17 (Teen),Male,5.46,1,Kids
18-29 (Young Adult),Female,3.67,1,Kids
13-17 (Teen),Male,4.17,0,Kids
8-12 (Pre-teen),Male,0.75,0,Kids
8-12 (Pre-teen),Female,3.11,1,Kids
8-12 (Pre-teen),Male,0.0,0,Kids
13-17 (Teen),Female,4.04,1,Kids
13-17 (Teen),Female,4.15,1,Kids
13-17 (Teen),Female,4.55,0,Kids
8-12 (Pre-teen),Female,8.79,1,Kids
18-29 (Young Adult),Female,5.61,1,Kids
13-17 (Teen),Female,4.4,1,Kids
13-17 (Teen),Male,3.46,0,Kids
8-12 (Pre-teen),Male,4.11,1,Kids
8-12 (Pre-teen),Male,3.04,0,Kids
8-12 (Pre-teen),Male,2.06,0,Kids
8-12 (Pre-teen),Male,3.03,1,Kids
8-12 (Pre-teen),Female,5.05,1,Kids
8-12 (Pre-teen),Female,0.5,0,Kids
13-17 (Teen),Female,6.04,1,Kids
13-17 (Teen),Female,6.05,0,Kids
8-12 (Pre-teen),Female,5.49,1,Kids
8-12 (Pre-teen),Male,3.6,1,Kids
13-17 (Teen),Male,3.61,1,Kids
13-17 (Teen),Male,3.45,1,Kids
8-12 (Pre-teen),Female,5.83,1,Kids
13-17 (Teen),Female,4.34,0,Kids
13-17 (Teen),Female,4.26,0,Kids
13-17 (Teen),Male,5.23,1,Kids
8-12 (Pre-teen),Female,5.83,0,Kids
13-17 (Teen),Male,4.96,1,Kids
18-29 (Young Adult),Male,3.45,1,Kids
8-12 (Pre-teen),Male,5.17,1,Kids
8-12 (Pre-teen),Female,8.01,0,Kids
13-17 (Teen),Male,4.47,1,Kids
8-12 (Pre-teen),Male,5.5,1,Kids
13-17 (Teen),Male,3.85,1,Kids
8-12 (Pre-teen),Female,4.62,1,Kids
13-17 (Teen),Male,3.12,0,Kids
8-12 (Pre-teen),Female,8.95,1,Kids
8-12 (Pre-teen),Male,2.61,0,Kids
13-17 (Teen),Female,3.28,1,Kids
13-17 (Teen),Male,4.84,1,Kids
8-12 (Pre-teen),Female,7.51,1,Kids
18-29 (Young Adult),Female,5.47,0,Kids
8-12 (Pre-teen),Male,4.05,0,Kids
13-17 (Teen),Male,2.97,0,Kids
13-17 (Teen),Male,4.46,1,Kids
13-17 (Teen),Male,5.31,1,Kids
13-17 (Teen),Female,4.19,1,Kids
8-12 (Pre-teen),Female,4.34,1,Kids
8-12 (Pre-teen),Male,3.3,0,Kids
13-17 (Teen),Male,5.25,0,Kids
13-17 (Teen),Female,7.67,0,Kids
8-12 (Pre-teen),Female,3.58,1,Kids
8-12 (Pre-teen),Female,7.85,1,Kids
13-17 (Teen),Male,4.28,1,Kids
8-12 (Pre-teen),Female,4.84,1,Kids
8-12 (Pre-teen),Male,6.25,1,Kids
8-12 (Pre-teen),Male,5.86,1,Kids
8-12 (Pre-teen),Male,3.62,0,Kids
13-17 (Teen),Female,5.62,0,Kids
13-17 (Teen),Male,4.96,0,Kids
18-29 (Young Adult),Male,5.48,1,Kids
8-12 (Pre-teen),Male,2.38,0,Kids
13-17 (Teen),Male,2.81,0,Kids
13-17 (Teen),Male,4.39,1,Kids
8-12 (Pre-teen),Male,4.92,1,Kids
13-17 (Teen),Female,6.94,1,Kids
8-12 (Pre-teen),Female,0.8,0,Kids
8-12 (Pre-teen),Female,3.79,1,Kids
13-17 (Teen),Male,3.13,1,Kids
13-17 (Teen),Female,1.98,0,Kids
8-12 (Pre-teen),Female,0.0,0,Kids
13-17 (Teen),Male,7.05,1,Kids
8-12 (Pre-teen),Female,3.61,0,Kids
13-17 (Teen),Male,5.89,1,Kids
13-17 (Teen),Male,5.41,1,Kids
8-12 (Pre-teen),Male,5.71,1,Kids
8-12 (Pre-teen),Female,4.75,1,Kids
8-12 (Pre-teen),Female,3.15,1,Kids
8-12 (Pre-teen),Male,3.68,0,Kids
18-29 (Young Adult),Male,3.98,1,Kids
13-17 (Teen),Male,5.43,0,Kids
13-17 (Teen),Female,3.63,0,Kids
8-12 (Pre-teen),Female,0.96,0,Kids
18-29 (Young Adult),Male,4.13,0,Kids
18-29 (Young Adult),Male,5.33,1,Kids
8-12 (Pre-teen),Female,5.88,0,Kids
13-17 (Teen),Female,4.85,1,Kids
18-29 (Young Adult),Female,4.12,1,Kids
13-17 (Teen),Female,5.72,1,Kids
8-12 (Pre-teen),Female,3.38,0,Kids
13-17 (Teen),Male,5.43,1,Kids
8-12 (Pre-teen),Female,3.4,1,Kids
18-29 (Young Adult),Male,2.65,0,Kids
8-12 (Pre-teen),Female,1.77,0,Kids
8-12 (Pre-teen),Female,5.21,0,Kids
8-12 (Pre-teen),Female,5.33,0,Kids
13-17 (Teen),Male,5.85,1,Kids
8-12 (Pre-teen),Male,2.36,0,Kids
8-12 (Pre-teen),Male,6.46,1,Kids
8-12 (Pre-teen),Female,3.88,0,Kids
8-12 (Pre-teen),Female,3.8,1,Kids
8-12 (Pre-teen),Female,2.23,0,Kids
18-29 (Young Adult),Male,5.48,1,Kids
13-17 (Teen),Female,6.11,0,Kids
13-17 (Teen),Male,4.3,1,Kids
8-12 (Pre-teen),Male,4.03,1,Kids
8-12 (Pre-teen),Female,6.3,1,Kids
8-12 (Pre-teen),Male,3.13,0,Kids
8-12 (Pre-teen),Male,6.22,1,Kids
8-12 (Pre-teen),Male,3.72,1,Kids
13-17 (Teen),Male,3.05,1,Kids
13-17 (Teen),Male,5.01,1,Kids
18-29 (Young Adult),Male,2.98,0,Kids
13-17 (Teen),Male,5.57,0,Kids
13-17 (Teen),Female,5.33,1,Kids
13-17 (Teen),Male,2.76,0,Kids
13-17 (Teen),Male,6.21,1,Kids
13-17 (Teen),Male,5.75,0,Kids
8-12 (Pre-teen),Female,5.35,1,Kids
13-17 (Teen),Female,3.73,1,Kids
13-17 (Teen),Male,3.79,1,Kids
13-17 (Teen),Female,4.38,1,Kids
8-12 (Pre-teen),Female,3.91,1,Kids
8-12 (Pre-teen),Male,3.45,1,Kids
8-12 (Pre-teen),Female,5.05,0,Kids
13-17 (Teen),Male,4.3,1,Kids
13-17 (Teen),Male,4.81,0,Kids
13-17 (Teen),Male,4.0,0,Kids
8-12 (Pre-teen),Female,0.0,0,Kids
13-17 (Teen),Female,6.14,1,Kids
13-17 (Teen),Male,4.85,0,Kids
18-29 (Young Adult),Male,2.79,0,Kids
13-17 (Teen),Male,3.83,1,Kids
13-17 (Teen),Female,4.9,1,Kids
13-17 (Teen),Female,2.72,0,Kids
8-12 (Pre-teen),Male,5.09,1,Kids
13-17 (Teen),Female,4.54,0,Kids
13-17 (Teen),Male,4.04,0,Kids
13-17 (Teen),Female,6.02,1,Kids
13-17 (Teen),Female,2.84,0,Kids
13-17 (Teen),Female,6.75,1,Kids
13-17 (Teen),Female,3.58,0,Kids
13-17 (Teen),Female,3.38,1,Kids
13-17 (Teen),Male,5.51,1,Kids
13-17 (Teen),Female,3.11,1,Kids
13-17 (Teen),Male,4.08,0,Kids
13-17 (Teen),Female,6.13,0,Kids
8-12 (Pre-teen),Female,1.32,0,Kids
13-17 (Teen),Male,3.58,0,Kids
18-29 (Young Adult),Male,2.28,0,Kids
8-12 (Pre-teen),Male,6.38,1,Kids
8-12 (Pre-teen),Male,4.0,1,Kids
8-12 (Pre-teen),Male,4.87,1,Kids
13-17 (Teen),Male,3.19,1,Kids
8-12 (Pre-teen),Female,2.29,0,Kids
8-12 (Pre-teen),Female,6.32,1,Kids
13-17 (Teen),Female,3.12,0,Kids
13-17 (Teen),Female,4.22,0,Kids
13-17 (Teen),Female,6.19,1,Kids
8-12 (Pre-teen),Male,7.64,1,Kids
8-12 (Pre-teen),Female,5.33,0,Kids
8-12 (Pre-teen),Male,2.71,0,Kids
13-17 (Teen),Male,4.04,0,Kids
8-12 (Pre-teen),Male,6.81,1,Kids
13-17 (Teen),Female,5.7,1,Kids
8-12 (Pre-teen),Female,7.32,1,Kids
8-12 (Pre-teen),Male,2.7,0,Kids
8-12 (Pre-teen),Female,2.29,0,Kids
8-12 (Pre-teen),Male,5.64,0,Kids
8-12 (Pre-teen),Male,4.07,1,Kids
8-12 (Pre-teen),Female,2.36,0,Kids
13-17 (Teen),Male,4.17,1,Kids
8-12 (Pre-teen),Female,5.64,1,Kids
8-12 (Pre-teen),Female,2.0,0,Kids
13-17 (Teen),Male,4.97,0,Kids
8-12 (Pre-teen),Female,1.99,0,Kids
8-12 (Pre-teen),Male,8.55,1,Kids
13-17 (Teen),Female,3.96,0,Kids
18-29 (Young Adult),Female,5.19,0,Kids
13-17 (Teen),Female,3.69,0,Kids
13-17 (Teen),Male,2.92,0,Kids
13-17 (Teen),Female,5.74,0,Kids
13-17 (Teen),Male,4.67,1,Kids
8-12 (Pre-teen),Female,4.76,1,Kids
8-12 (Pre-teen),Female,0.52,0,Kids
13-17 (Teen),Male,5.72,0,Kids
8-12 (Pre-teen),Male,4.11,1,Kids
8-12 (Pre-teen),Male,0.12,0,Kids
8-12 (Pre-teen),Female,1.9,0,Kids
13-17 (Teen),Male,2.68,0,Kids
13-17 (Teen),Male,3.64,0,Kids
13-17 (Teen),Female,4.51,0,Kids
13-17 (Teen),Female,4.45,1,Kids
8-12 (Pre-teen),Male,8.51,1,Kids
18-29 (Young Adult),Male,5.82,1,Kids
13-17 (Teen),Female,6.66,0,Kids
13-17 (Teen),Male,4.28,1,Kids
8-12 (Pre-teen),Male,5.7,1,Kids
8-12 (Pre-teen),Male,3.46,1,Kids
13-17 (Teen),Male,4.83,0,Kids
13-17 (Teen),Male,4.5,1,Kids
13-17 (Teen),Female,1.06,0,Kids
13-17 (Teen),Male,5.39,0,Kids
8-12 (Pre-teen),Female,5.53,0,Kids
13-17 (Teen),Male,5.0,0,Kids
8-12 (Pre-teen),Male,3.44,1,Kids
8-12 (Pre-teen),Female,0.0,0,Kids
8-12 (Pre-teen),Male,5.0,1,Kids
8-12 (Pre-teen),Male,4.02,0,Kids
13-17 (Teen),Male,4.26,1,Kids
13-17 (Teen),Female,4.93,0,Kids
8-12 (Pre-teen),Male,2.33,0,Kids
18-29 (Young Adult),Male,3.39,1,Kids
13-17 (Teen),Female,5.27,0,Kids
13-17 (Teen),Female,3.07,0,Kids
13-17 (Teen),Male,4.56,0,Kids
8-12 (Pre-teen),Male,3.9,0,Kids
8-12 (Pre-teen),Male,1.91,0,Kids
8-12 (Pre-teen),Female,7.4,1,Kids
8-12 (Pre-teen),Male,5.18,1,Kids
18-29 (Young Adult),Male,4.62,0,Kids
8-12 (Pre-teen),Male,3.37,1,Kids
13-17 (Teen),Female,5.62,1,Kids
13-17 (Teen),Male,4.71,1,Kids
13-17 (Teen),Female,5.35,1,Kids
8-12 (Pre-teen),Male,2.19,0,Kids
8-12 (Pre-teen),Female,6.13,1,Kids
13-17 (Teen),Female,5.16,1,Kids
13-17 (Teen),Male,6.4,1,Kids
8-12 (Pre-teen),Female,5.66,0,Kids
13-17 (Teen),Male,2.58,0,Kids
13-17 (Teen),Male,4.41,1,Kids
8-12 (Pre-teen),Female,1.03,0,Kids
13-17 (Teen),Male,4.37,0,Kids
8-12 (Pre-teen),Male,6.0,0,Kids
13-17 (Teen),Male,3.82,0,Kids
8-12 (Pre-teen),Male,3.55,0,Kids
8-12 (Pre-teen),Male,0.0,0,Kids
8-12 (Pre-teen),Female,1.7,0,Kids
13-17 (Teen),Male,3.48,1,Kids
8-12 (Pre-teen),Female,7.78,0,Kids
13-17 (Teen),Female,4.11,1,Kids
13-17 (Teen),Female,4.92,0,Kids
13-17 (Teen),Male,4.73,1,Kids
8-12 (Pre-teen),Female,5.63,0,Kids
8-12 (Pre-teen),Female,4.75,1,Kids
13-17 (Teen),Male,5.16,1,Kids
13-17 (Teen),Male,4.7,1,Kids
13-17 (Teen),Female,5.18,1,Kids
13-17 (Teen),Male,7.11,1,Kids
13-17 (Teen),Male,5.46,1,Kids
8-12 (Pre-teen),Female,3.19,1,Kids
13-17 (Teen),Female,4.97,0,Kids
8-12 (Pre-teen),Male,6.37,0,Kids
8-12 (Pre-teen),Female,2.67,0,Kids
13-17 (Teen),Female,4.61,1,Kids
8-12 (Pre-teen),Male,3.91,1,Kids
13-17 (Teen),Male,2.16,0,Kids
13-17 (Teen),Female,5.3,0,Kids
8-12 (Pre-teen),Male,4.46,0,Kids
8-12 (Pre-teen),Male,4.55,0,Kids
13-17 (Teen),Male,3.85,0,Kids
13-17 (Teen),Male,3.43,1,Kids
8-12 (Pre-teen),Male,5.92,1,Kids
13-17 (Teen),Female,1.62,0,Kids
8-12 (Pre-teen),Female,4.06,1,Kids
8-12 (Pre-teen),Female,4.49,0,Kids
13-17 (Teen),Male,4.46,0,Kids
13-17 (Teen),Male,3.74,0,Kids
8-12 (Pre-teen),Male,4.35,1,Kids
13-17 (Teen),Male,3.71,1,Kids
13-17 (Teen),Male,5.48,0,Kids
8-12 (Pre-teen),Male,0.0,0,Kids
8-12 (Pre-teen),Male,4.78,0,Kids
13-17 (Teen),Female,2.28,0,Kids
8-12 (Pre-teen),Male,4.8,1,Kids
8-12 (Pre-teen),Male,2.59,0,Kids
8-12 (Pre-teen),Male,7.07,1,Kids
8-12 (Pre-teen),Male,6.63,1,Kids
13-17 (Teen),Male,5.4,0,Kids
8-12 (Pre-teen),Female,5.81,0,Kids
8-12 (Pre-teen),Female,1.47,0,Kids
13-17 (Teen),Male,4.05,1,Kids
8-12 (Pre-teen),Female,3.8,0,Kids
8-12 (Pre-teen),Female,3.74,0,Kids
18-29 (Young Adult),Male,5.36,0,Kids
13-17 (Teen),Male,5.36,0,Kids
13-17 (Teen),Female,4.89,1,Kids
8-12 (Pre-teen),Female,6.49,1,Kids
18-29 (Young Adult),Female,2.87,0,Kids
8-12 (Pre-teen),Female,0.0,0,Kids
8-12 (Pre-teen),Female,3.71,0,Kids
13-17 (Teen),Male,6.35,0,Kids
13-17 (Teen),Female,3.07,1,Kids
8-12 (Pre-teen),Female,4.0,1,Kids
8-12 (Pre-teen),Male,7.12,1,Kids
13-17 (Teen),Male,2.87,0,Kids
13-17 (Teen),Male,6.52,0,Kids
8-12 (Pre-teen),Female,0.0,0,Kids
13-17 (Teen),Female,2.81,0,Kids
18-29 (Young Adult),Female,3.46,1,Kids
13-17 (Teen),Male,6.51,1,Kids
8-12 (Pre-teen),Male,5.39,1,Kids
8-12 (Pre-teen),Male,5.32,1,Kids
13-17 (Teen),Male,4.53,1,Kids
8-12 (Pre-teen),Male,5.89,1,Kids
13-17 (Teen),Male,2.41,0,Kids
13-17 (Teen),Female,5.35,0,Kids
8-12 (Pre-teen),Female,0.0,0,Kids
8-12 (Pre-teen),Male,7.77,1,Kids
13-17 (Teen),Male,5.08,1,Kids
13-17 (Teen),Female,2.92,0,Kids
13-17 (Teen),Female,3.14,1,Kids
8-12 (Pre-teen),Female,4.6,1,Kids
13-17 (Teen),Male,3.11,1,Kids
8-12 (Pre-teen),Male,3.11,0,Kids
13-17 (Teen),Female,4.4,0,Kids
8-12 (Pre-teen),Female,4.59,0,Kids
8-12 (Pre-teen),Male,3.47,0,Kids
8-12 (Pre-teen),Male,3.64,1,Kids
18-29 (Young Adult),Male,3.32,1,Kids
8-12 (Pre-teen),Female,3.62,1,Kids
8-12 (Pre-teen),Female,0.0,0,Kids
8-12 (Pre-teen),Female,0.0,0,Kids
8-12 (Pre-teen),Female,4.02,1,Kids
8-12 (Pre-teen),Female,0.0,0,Kids
13-17 (Teen),Male,5.46,1,Kids
13-17 (Teen),Male,4.94,0,Kids
8-12 (Pre-teen),Male,7.91,1,Kids
13-17 (Teen),Female,4.42,1,Kids
13-17 (Teen),Female,4.49,1,Kids
8-12 (Pre-teen),Male,7.07,0,Kids
8-12 (Pre-teen),Female,4.18,1,Kids
8-12 (Pre-teen),Male,0.68,0,Kids
13-17 (Teen),Female,3.2,1,Kids
8-12 (Pre-teen),Male,4.76,1,Kids
8-12 (Pre-teen),Male,7.08,1,Kids
8-12 (Pre-teen),Female,0.0,0,Kids
13-17 (Teen),Female,4.91,1,Kids
13-17 (Teen),Female,5.41,1,Kids
13-17 (Teen),Female,5.54,0,Kids
8-12 (Pre-teen),Male,4.87,0,Kids
8-12 (Pre-teen),Male,3.78,0,Kids
13-17 (Teen),Female,5.84,1,Kids
8-12 (Pre-teen),Female,4.84,0,Kids
8-12 (Pre-teen),Male,0.75,0,Kids
8-12 (Pre-teen),Female,4.45,1,Kids
13-17 (Teen),Male,2.39,0,Kids
8-12 (Pre-teen),Female,4.14,0,Kids
8-12 (Pre-teen),Female,3.25,0,Kids
8-12 (Pre-teen),Male,3.53,0,Kids
13-17 (Teen),Female,2.51,0,Kids
18-29 (Young Adult),Female,4.08,1,Kids
8-12 (Pre-teen),Female,2.37,0,Kids
13-17 (Teen),Female,3.68,0,Kids
8-12 (Pre-teen),Female,7.18,1,Kids
8-12 (Pre-teen),Female,3.15,1,Kids
8-12 (Pre-teen),Male,5.49,0,Kids
8-12 (Pre-teen),Female,5.14,0,Kids
8-12 (Pre-teen),Female,0.52,0,Kids
13-17 (Teen),Male,4.21,1,Kids
13-17 (Teen),Male,3.57,0,Kids
8-12 (Pre-teen),Male,5.29,0,Kids
18-29 (Young Adult),Male,4.89,0,Kids
8-12 (Pre-teen),Male,3.21,1,Kids
13-17 (Teen),Female,5.65,1,Kids
13-17 (Teen),Male,5.26,1,Kids
13-17 (Teen),Male,5.24,0,Kids
8-12 (Pre-teen),Female,5.01,0,Kids
13-17 (Teen),Male,4.33,0,Kids
8-12 (Pre-teen),Female,4.29,1,Kids
8-12 (Pre-teen),Male,3.14,0,Kids
13-17 (Teen),Female,4.8,1,Kids
8-12 (Pre-teen),Male,6.25,1,Kids
13-17 (Teen),Female,7.3,1,Kids
8-12 (Pre-teen),Female,8.63,1,Kids
8-12 (Pre-teen),Female,5.2,0,Kids
8-12 (Pre-teen),Male,2.89,0,Kids
13-17 (Teen),Female,4.22,0,Kids
13-17 (Teen),Female,4.43,1,Kids
8-12 (Pre-teen),Male,3.41,1,Kids
8-12 (Pre-teen),Female,5.22,0,Kids
13-17 (Teen),Male,4.33,1,Kids
8-12 (Pre-teen),Male,3.25,1,Kids
8-12 (Pre-teen),Male,4.03,0,Kids
8-12 (Pre-teen),Male,4.16,0,Kids
13-17 (Teen),Female,4.41,1,Kids
13-17 (Teen),Female,4.92,1,Kids
8-12 (Pre-teen),Male,2.32,0,Kids
8-12 (Pre-teen),Female,2.41,0,Kids
8-12 (Pre-teen),Male,3.42,0,Kids
8-12 (Pre-teen),Male,5.51,0,Kids
13-17 (Teen),Male,3.67,0,Kids
18-29 (Young Adult),Female,5.05,0,Kids
13-17 (Teen),Female,4.18,1,Kids
13-17 (Teen),Female,6.23,0,Kids
8-12 (Pre-teen),Male,5.85,0,Kids
13-17 (Teen),Female,6.12,1,Kids
8-12 (Pre-teen),Female,4.24,0,Kids
13-17 (Teen),Female,3.39,0,Kids
8-12 (Pre-teen),Male,2.75,0,Kids
18-29 (Young Adult),Male,5.54,0,Kids
8-12 (Pre-teen),Female,1.57,0,Kids
13-17 (Teen),Female,3.79,1,Kids
13-17 (Teen),Male,2.71,0,Kids
8-12 (Pre-teen),Male,5.04,1,Kids
13-17 (Teen),Female,5.83,1,Kids
13-17 (Teen),Male,4.27,1,Kids
13-17 (Teen),Female,5.82,1,Kids
13-17 (Teen),Male,3.06,0,Kids
13-17 (Teen),Female,6.12,1,Kids
8-12 (Pre-teen),Male,4.61,1,Kids
8-12 (Pre-teen),Male,0.0,0,Kids
8-12 (Pre-teen),Female,5.92,1,Kids
13-17 (Teen),Female,5.68,1,Kids
8-12 (Pre-teen),Female,2.37,0,Kids
8-12 (Pre-teen),Male,4.8,1,Kids
8-12 (Pre-teen),Female,6.42,1,Kids
8-12 (Pre-teen),Male,5.65,1,Kids
8-12 (Pre-teen),Male,7.05,0,Kids
8-12 (Pre-teen),Female,4.08,1,Kids
8-12 (Pre-teen),Male,7.65,0,Kids
8-12 (Pre-teen),Male,4.56,1,Kids
8-12 (Pre-teen),Male,6.45,1,Kids
18-29 (Young Adult),Male,4.86,1,Kids
8-12 (Pre-teen),Male,3.88,1,Kids
8-12 (Pre-teen),Female,4.91,0,Kids
13-17 (Teen),Female,5.57,1,Kids
8-12 (Pre-teen),Male,3.26,1,Kids
13-17 (Teen),Male,1.76,0,Kids
8-12 (Pre-teen),Male,6.27,1,Kids
8-12 (Pre-teen),Female,1.78,0,Kids
8-12 (Pre-teen),Female,3.45,0,Kids
8-12 (Pre-teen),Male,4.95,1,Kids
13-17 (Teen),Male,4.45,0,Kids
8-12 (Pre-teen),Male,2.14,0,Kids
13-17 (Teen),Female,4.88,0,Kids
8-12 (Pre-teen),Female,1.6,0,Kids
13-17 (Teen),Male,4.98,0,Kids
13-17 (Teen),Female,5.25,1,Kids
8-12 (Pre-teen),Male,5.85,0,Kids
13-17 (Teen),Female,3.6,0,Kids
8-12 (Pre-teen),Male,0.0,0,Kids
13-17 (Teen),Female,4.17,0,Kids
8-12 (Pre-teen),Female,7.8,1,Kids
13-17 (Teen),Male,5.44,0,Kids
13-17 (Teen),Female,4.95,1,Kids
13-17 (Teen),Female,5.33,0,Kids
8-12 (Pre-teen),Female,5.88,1,Kids
8-12 (Pre-teen),Female,2.34,0,Kids
8-12 (Pre-teen),Female,3.08,1,Kids
13-17 (Teen),Male,4.93,1,Kids
8-12 (Pre-teen),Female,3.93,0,Kids
13-17 (Teen),Female,4.36,1,Kids
13-17 (Teen),Male,4.4,1,Kids
8-12 (Pre-teen),Female,3.72,1,Kids
18-29 (Young Adult),Male,3.81,1,Kids
13-17 (Teen),Female,4.99,1,Kids
8-12 (Pre-teen),Male,7.62,0,Kids
13-17 (Teen),Female,4.73,1,Kids
18-29 (Young Adult),Male,4.32,1,Kids
13-17 (Teen),Female,3.47,0,Kids
13-17 (Teen),Male,3.98,0,Kids
8-12 (Pre-teen),Female,0.8,0,Kids
8-12 (Pre-teen),Male,8.99,0,Kids
13-17 (Teen),Male,2.76,0,Kids
13-17 (Teen),Female,4.69,1,Kids
8-12 (Pre-teen),Female,1.44,0,Kids
8-12 (Pre-teen),Male,3.65,1,Kids
8-12 (Pre-teen),Female,3.71,1,Kids
13-17 (Teen),Male,6.34,1,Kids
8-12 (Pre-teen),Female,2.87,0,Kids
13-17 (Teen),Male,4.16,1,Kids
13-17 (Teen),Male,5.17,1,Kids
13-17 (Teen),Female,5.11,1,Kids
13-17 (Teen),Male,5.07,0,Kids
18-29 (Young Adult),Male,5.22,0,Kids
8-12 (Pre-teen),Male,0.04,0,Kids
8-12 (Pre-teen),Female,0.42,0,Kids
13-17 (Teen),Female,3.7,1,Kids
8-12 (Pre-teen),Male,4.37,1,Kids
13-17 (Teen),Female,5.79,0,Kids
8-12 (Pre-teen),Male,6.33,1,Kids
8-12 (Pre-teen),Female,3.27,1,Kids
8-12 (Pre-teen),Female,4.95,1,Kids
8-12 (Pre-teen),Female,3.24,0,Kids
13-17 (Teen),Female,4.19,1,Kids
13-17 (Teen),Female,3.29,0,Kids
8-12 (Pre-teen),Female,4.38,1,Kids
18-29 (Young Adult),Female,4.45,0,Kids
8-12 (Pre-teen),Female,3.99,1,Kids
8-12 (Pre-teen),Male,3.06,1,Kids
13-17 (Teen),Female,6.32,1,Kids
8-12 (Pre-teen),Female,1.38,0,Kids
8-12 (Pre-teen),Female,8.26,1,Kids
18-29 (Young Adult),Male,3.25,0,Kids
13-17 (Teen),Female,4.75,1,Kids
8-12 (Pre-teen),Female,5.49,1,Kids
8-12 (Pre-teen),Male,4.26,1,Kids
13-17 (Teen),Male,7.41,1,Kids
13-17 (Teen),Female,3.67,0,Kids
13-17 (Teen),Male,4.51,1,Kids
13-17 (Teen),Male,4.38,0,Kids
8-12 (Pre-teen),Male,3.25,0,Kids
13-17 (Teen),Female,4.1,1,Kids
13-17 (Teen),Female,5.91,1,Kids
13-17 (Teen),Female,5.79,1,Kids
13-17 (Teen),Male,5.96,1,Kids
8-12 (Pre-teen),Female,0.0,0,Kids
8-12 (Pre-teen),Female,7.73,1,Kids
8-12 (Pre-teen),Female,4.17,1,Kids
8-12 (Pre-teen),Male,8.12,1,Kids
8-12 (Pre-teen),Female,2.4,0,Kids
8-12 (Pre-teen),Female,4.88,0,Kids
13-17 (Teen),Female,6.64,1,Kids
13-17 (Teen),Male,3.82,1,Kids
13-17 (Teen),Male,5.05,1,Kids
13-17 (Teen),Male,5.69,1,Kids
13-17 (Teen),Female,3.34,1,Kids
8-12 (Pre-teen),Male,0.0,0,Kids
13-17 (Teen),Male,4.23,1,Kids
8-12 (Pre-teen),Male,3.21,1,Kids
8-12 (Pre-teen),Male,3.2,0,Kids
18-29 (Young Adult),Male,3.96,1,Kids
13-17 (Teen),Male,5.98,1,Kids
8-12 (Pre-teen),Female,2.64,0,Kids
13-17 (Teen),Female,5.65,0,Kids
8-12 (Pre-teen),Female,3.22,1,Kids
8-12 (Pre-teen),Male,0.28,0,Kids
18-29 (Young Adult),Male,5.82,0,Kids
13-17 (Teen),Male,4.57,0,Kids
8-12 (Pre-teen),Female,1.65,0,Kids
13-17 (Teen),Male,4.74,1,Kids
8-12 (Pre-teen),Male,5.78,0,Kids
13-17 (Teen),Male,3.26,1,Kids
13-17 (Teen),Male,4.09,0,Kids
13-17 (Teen),Male,5.8,0,Kids
13-17 (Teen),Female,4.07,0,Kids
18-29 (Young Adult),Male,3.41,0,Kids
13-17 (Teen),Female,2.64,0,Kids
13-17 (Teen),Male,5.49,0,Kids
8-12 (Pre-teen),Male,0.0,0,Kids
13-17 (Teen),Male,4.87,1,Kids
8-12 (Pre-teen),Female,2.11,0,Kids
8-12 (Pre-teen),Male,5.61,0,Kids
8-12 (Pre-teen),Female,3.97,0,Kids
8-12 (Pre-teen),Female,5.16,0,Kids
8-12 (Pre-teen),Female,6.72,0,Kids
13-17 (Teen),Male,5.74,1,Kids
8-12 (Pre-teen),Female,4.02,0,Kids
8-12 (Pre-teen),Male,7.53,0,Kids
13-17 (Teen),Female,4.93,1,Kids
13-17 (Teen),Male,4.75,1,Kids
13-17 (Teen),Male,1.55,0,Kids
8-12 (Pre-teen),Female,3.28,0,Kids
13-17 (Teen),Female,3.48,1,Kids
8-12 (Pre-teen),Female,0.36,0,Kids
8-12 (Pre-teen),Female,2.67,0,Kids
8-12 (Pre-teen),Male,5.4,0,Kids
13-17 (Teen),Female,2.14,0,Kids
13-17 (Teen),Female,5.17,1,Kids
13-17 (Teen),Female,2.92,0,Kids
13-17 (Teen),Female,3.3,1,Kids
18-29 (Young Adult),Female,5.35,1,Kids
13-17 (Teen),Male,3.82,0,Kids
13-17 (Teen),Female,3.39,1,Kids
18-29 (Young Adult),Male,5.12,0,Kids
13-17 (Teen),Male,2.51,0,Kids
13-17 (Teen),Female,3.77,1,Kids
8-12 (Pre-teen),Male,4.39,1,Kids
8-12 (Pre-teen),Female,4.35,1,Kids
8-12 (Pre-teen),Male,4.72,1,Kids
8-12 (Pre-teen),Female,4.3,0,Kids
18-29 (Young Adult),Male,3.82,1,Kids
8-12 (Pre-teen),Female,6.33,1,Kids
8-12 (Pre-teen),Male,7.55,0,Kids
13-17 (Teen),Female,5.92,1,Kids
13-17 (Teen),Female,3.39,0,Kids
13-17 (Teen),Female,5.2,1,Kids
18-29 (Young Adult),Male,3.39,1,Kids
8-12 (Pre-teen),Female,5.56,1,Kids
8-12 (Pre-teen),Female,2.1,0,Kids
13-17 (Teen),Male,5.13,1,Kids
8-12 (Pre-teen),Male,0.0,0,Kids
13-17 (Teen),Male,3.35,0,Kids
8-12 (Pre-teen),Female,3.99,1,Kids
13-17 (Teen),Female,2.82,0,Kids
13-17 (Teen),Male,3.19,1,Kids
13-17 (Teen),Male,4.81,0,Kids
8-12 (Pre-teen),Female,3.65,1,Kids
13-17 (Teen),Male,4.98,0,Kids
13-17 (Teen),Female,5.68,1,Kids
13-17 (Teen),Male,4.11,1,Kids
13-17 (Teen),Male,5.99,0,Kids
8-12 (Pre-teen),Male,3.22,0,Kids
8-12 (Pre-teen),Female,4.1,1,Kids
8-12 (Pre-teen),Female,5.11,0,Kids
8-12 (Pre-teen),Male,1.63,0,Kids
8-12 (Pre-teen),Female,4.96,0,Kids
13-17 (Teen),Female,4.02,0,Kids
8-12 (Pre-teen),Female,0.24,0,Kids
13-17 (Teen),Male,4.56,0,Kids
8-12 (Pre-teen),Male,6.62,1,Kids
18-29 (Young Adult),Male,5.5,1,Kids
13-17 (Teen),Female,5.11,0,Kids
13-17 (Teen),Female,2.27,0,Kids
8-12 (Pre-teen),Female,5.25,1,Kids
13-17 (Teen),Female,3.31,1,Kids
18-29 (Young Adult),Male,4.58,1,Kids
18-29 (Young Adult),Male,4.37,1,Kids
8-12 (Pre-teen),Female,1.77,0,Kids
13-17 (Teen),Female,5.7,0,Kids
13-17 (Teen),Male,6.59,1,Kids
8-12 (Pre-teen),Female,3.26,0,Kids
8-12 (Pre-teen),Male,4.71,0,Kids
13-17 (Teen),Female,2.95,0,Kids
13-17 (Teen),Female,4.86,0,Kids
13-17 (Teen),Male,3.92,1,Kids
13-17 (Teen),Female,6.46,1,Kids
13-17 (Teen),Female,4.14,0,Kids
8-12 (Pre-teen),Female,8.24,1,Kids
13-17 (Teen),Male,2.92,0,Kids
8-12 (Pre-teen),Male,5.26,1,Kids
8-12 (Pre-teen),Male,3.59,1,Kids
13-17 (Teen),Female,7.55,1,Kids
8-12 (Pre-teen),Female,5.22,1,Kids
18-29 (Young Adult),Male,5.27,0,Kids
8-12 (Pre-teen),Male,1.98,0,Kids
13-17 (Teen),Male,4.97,1,Kids
13-17 (Teen),Male,2.78,0,Kids
13-17 (Teen),Male,3.96,0,Kids
8-12 (Pre-teen),Female,6.32,1,Kids
8-12 (Pre-teen),Male,4.19,1,Kids
13-17 (Teen),Male,4.75,1,Kids
8-12 (Pre-teen),Female,4.0,1,Kids
8-12 (Pre-teen),Male,4.88,0,Kids
8-12 (Pre-teen),Male,3.74,0,Kids
13-17 (Teen),Male,5.54,1,Kids
13-17 (Teen),Female,5.55,1,Kids
13-17 (Teen),Female,4.27,1,Kids
8-12 (Pre-teen),Female,8.83,1,Kids
13-17 (Teen),Female,6.56,1,Kids
8-12 (Pre-teen),Male,4.52,1,Kids
13-17 (Teen),Male,3.83,1,Kids
8-12 (Pre-teen),Female,2.04,0,Kids
13-17 (Teen),Male,7.06,1,Kids
13-17 (Teen),Female,5.08,1,Kids
13-17 (Teen),Male,3.11,1,Kids
8-12 (Pre-teen),Male,5.25,1,Kids
13-17 (Teen),Female,3.62,1,Kids
13-17 (Teen),Male,2.75,0,Kids
8-12 (Pre-teen),Female,4.17,1,Kids
13-17 (Teen),Female,4.98,1,Kids
8-12 (Pre-teen),Female,6.57,0,Kids
8-12 (Pre-teen),Male,3.94,1,Kids
13-17 (Teen),Female,4.19,0,Kids
13-17 (Teen),Female,4.15,0,Kids
8-12 (Pre-teen),Female,3.61,0,Kids
8-12 (Pre-teen),Female,0.46,0,Kids
13-17 (Teen),Male,6.5,0,Kids
8-12 (Pre-teen),Male,3.99,0,Kids
13-17 (Teen),Female,4.04,1,Kids
13-17 (Teen),Male,2.87,0,Kids
8-12 (Pre-teen),Female,3.25,0,Kids
8-12 (Pre-teen),Male,3.77,1,Kids
13-17 (Teen),Female,3.17,1,Kids
13-17 (Teen),Female,2.38,0,Kids
8-12 (Pre-teen),Male,1.79,0,Kids
8-12 (Pre-teen),Female,0.74,0,Kids
8-12 (Pre-teen),Male,6.41,0,Kids
8-12 (Pre-teen),Male,6.23,0,Kids
8-12 (Pre-teen),Female,0.0,0,Kids
8-12 (Pre-teen),Male,7.27,0,Kids
13-17 (Teen),Female,4.98,1,Kids
13-17 (Teen),Female,2.55,0,Kids
13-17 (Teen),Female,5.73,1,Kids
13-17 (Teen),Male,5.61,1,Kids
8-12 (Pre-teen),Female,5.78,1,Kids
8-12 (Pre-teen),Male,2.69,0,Kids
8-12 (Pre-teen),Female,9.98,0,Kids
8-12 (Pre-teen),Female,3.61,1,Kids
13-17 (Teen),Male,4.9,1,Kids
8-12 (Pre-teen),Female,4.2,0,Kids
13-17 (Teen),Female,2.27,0,Kids
8-12 (Pre-teen),Female,11.77,1,Kids
8-12 (Pre-teen),Female,4.93,0,Kids
8-12 (Pre-teen),Male,4.12,1,Kids
8-12 (Pre-teen),Male,2.99,0,Kids
18-29 (Young Adult),Male,6.64,1,Kids
18-29 (Young Adult),Female,2.9,0,Kids
18-29 (Young Adult),Male,3.18,1,Kids
13-17 (Teen),Female,7.44,1,Kids
13-17 (Teen),Female,5.61,1,Kids
8-12 (Pre-teen),Male,2.67,0,Kids
8-12 (Pre-teen),Female,4.62,0,Kids
13-17 (Teen),Male,4.14,0,Kids
8-12 (Pre-teen),Male,5.1,0,Kids
8-12 (Pre-teen),Female,5.31,1,Kids
18-29 (Young Adult),Male,6.37,0,Kids
13-17 (Teen),Male,5.55,1,Kids
18-29 (Young Adult),Male,3.54,0,Kids
13-17 (Teen),Female,4.68,1,Kids
13-17 (Teen),Male,6.27,1,Kids
13-17 (Teen),Female,4.5,1,Kids
8-12 (Pre-teen),Male,2.94,0,Kids
13-17 (Teen),Female,4.72,0,Kids
8-12 (Pre-teen),Male,4.27,0,Kids
13-17 (Teen),Female,3.28,0,Kids
8-12 (Pre-teen),Female,2.56,0,Kids
8-12 (Pre-teen),Male,5.13,1,Kids
18-29 (Young Adult),Female,2.34,0,Kids
8-12 (Pre-teen),Male,5.28,1,Kids
13-17 (Teen),Female,3.75,1,Kids
13-17 (Teen),Male,5.81,0,Kids
8-12 (Pre-teen),Female,5.55,1,Kids
18-29 (Young Adult),Female,5.05,1,Kids
8-12 (Pre-teen),Female,0.0,0,Kids
8-12 (Pre-teen),Female,3.22,1,Kids
8-12 (Pre-teen),Female,5.16,0,Kids
13-17 (Teen),Female,5.31,0,Kids
8-12 (Pre-teen),Male,0.8,0,Kids
13-17 (Teen),Female,4.0,1,Kids
8-12 (Pre-teen),Male,2.89,0,Kids
8-12 (Pre-teen),Female,6.9,1,Kids
8-12 (Pre-teen),Male,2.01,0,Kids
8-12 (Pre-teen),Female,3.05,1,Kids
8-12 (Pre-teen),Male,4.61,1,Kids
8-12 (Pre-teen),Female,5.62,1,Kids
13-17 (Teen),Male,5.18,1,Kids
8-12 (Pre-teen),Male,4.1,0,Kids
8-12 (Pre-teen),Male,7.15,0,Kids
13-17 (Teen),Female,4.79,0,Kids
13-17 (Teen),Male,5.67,0,Kids
8-12 (Pre-teen),Female,7.15,0,Kids
13-17 (Teen),Female,3.01,1,Kids
13-17 (Teen),Male,4.59,0,Kids
8-12 (Pre-teen),Female,1.62,0,Kids
8-12 (Pre-teen),Male,2.63,0,Kids
8-12 (Pre-teen),Female,4.39,0,Kids
13-17 (Teen),Female,4.56,1,Kids
13-17 (Teen),Male,4.14,1,Kids
8-12 (Pre-teen),Male,4.43,1,Kids
13-17 (Teen),Male,6.84,0,Kids
13-17 (Teen),Female,4.84,0,Kids
13-17 (Teen),Female,3.14,0,Kids
13-17 (Teen),Male,3.56,1,Kids
8-12 (Pre-teen),Female,5.54,0,Kids
13-17 (Teen),Male,1.59,0,Kids
13-17 (Teen),Female,5.73,0,Kids
8-12 (Pre-teen),Male,3.12,0,Kids
8-12 (Pre-teen),Male,5.92,0,Kids
13-17 (Teen),Female,4.76,0,Kids
13-17 (Teen),Male,5.15,1,Kids
13-17 (Teen),Male,4.15,1,Kids
13-17 (Teen),Female,4.75,1,Kids
8-12 (Pre-teen),Male,6.81,0,Kids
13-17 (Teen),Male,5.5,1,Kids
13-17 (Teen),Female,5.08,1,Kids
13-17 (Teen),Male,3.92,0,Kids
13-17 (Teen),Male,5.15,1,Kids
13-17 (Teen),Male,4.04,1,Kids
13-17 (Teen),Female,4.53,1,Kids
13-17 (Teen),Female,3.85,0,Kids
13-17 (Teen),Male,1.92,0,Kids
8-12 (Pre-teen),Male,4.41,0,Kids
13-17 (Teen),Female,3.25,1,Kids
18-29 (Young Adult),Female,3.89,1,Kids
8-12 (Pre-teen),Female,3.2,1,Kids
8-12 (Pre-teen),Male,2.97,0,Kids
13-17 (Teen),Male,4.34,0,Kids
18-29 (Young Adult),Male,5.13,1,Kids
13-17 (Teen),Female,4.62,0,Kids
8-12 (Pre-teen),Female,2.84,0,Kids
8-12 (Pre-teen),Male,6.24,0,Kids
8-12 (Pre-teen),Male,2.03,0,Kids
8-12 (Pre-teen),Male,6.44,1,Kids
18-29 (Young Adult),Female,2.77,0,Kids
13-17 (Teen),Female,5.37,1,Kids
13-17 (Teen),Male,4.56,1,Kids
8-12 (Pre-teen),Female,3.38,1,Kids
13-17 (Teen),Male,5.52,0,Kids
18-29 (Young Adult),Male,6.84,1,Kids
8-12 (Pre-teen),Female,4.57,1,Kids
13-17 (Teen),Female,5.74,0,Kids
13-17 (Teen),Female,5.75,0,Kids
8-12 (Pre-teen),Female,6.5,0,Kids
13-17 (Teen),Female,4.39,0,Kids
13-17 (Teen),Female,3.83,0,Kids
13-17 (Teen),Male,4.59,1,Kids
13-17 (Teen),Male,5.31,1,Kids
8-12 (Pre-teen),Female,4.52,0,Kids
13-17 (Teen),Female,3.6,1,Kids
8-12 (Pre-teen),Female,5.96,1,Kids
8-12 (Pre-teen),Female,0.24,0,Kids
8-12 (Pre-teen),Male,3.55,1,Kids
8-12 (Pre-teen),Male,4.69,0,Kids
13-17 (Teen),Male,5.52,1,Kids
13-17 (Teen),Female,3.12,1,Kids
8-12 (Pre-teen),Female,6.11,0,Kids
13-17 (Teen),Female,4.47,1,Kids
8-12 (Pre-teen),Male,5.37,1,Kids
8-12 (Pre-teen),Female,8.3,0,Kids
8-12 (Pre-teen),Female,8.08,1,Kids
13-17 (Teen),Male,5.04,0,Kids
8-12 (Pre-teen),Male,2.9,0,Kids
13-17 (Teen),Female,3.27,0,Kids
13-17 (Teen),Female,3.39,1,Kids
8-12 (Pre-teen),Male,0.08,0,Kids
8-12 (Pre-teen),Female,6.13,0,Kids
8-12 (Pre-teen),Male,5.15,0,Kids
8-12 (Pre-teen),Female,6.99,1,Kids
13-17 (Teen),Male,4.06,0,Kids
13-17 (Teen),Female,3.88,0,Kids
13-17 (Teen),Male,5.75,1,Kids
13-17 (Teen),Female,6.05,1,Kids
13-17 (Teen),Male,5.39,1,Kids
8-12 (Pre-teen),Female,0.26,0,Kids
8-12 (Pre-teen),Female,0.0,0,Kids
13-17 (Teen),Male,5.12,1,Kids
8-12 (Pre-teen),Male,3.88,0,Kids
13-17 (Teen),Male,3.31,1,Kids
18-29 (Young Adult),Female,6.79,1,Kids
13-17 (Teen),Female,4.24,0,Kids
13-17 (Teen),Female,5.29,1,Kids
13-17 (Teen),Female,4.64,1,Kids
8-12 (Pre-teen),Male,3.24,1,Kids
8-12 (Pre-teen),Male,6.99,0,Kids
8-12 (Pre-teen),Male,2.87,0,Kids
13-17 (Teen),Male,4.84,1,Kids
13-17 (Teen),Male,3.27,0,Kids
8-12 (Pre-teen),Female,7.0,1,Kids
8-12 (Pre-teen),Male,7.6,0,Kids
13-17 (Teen),Male,6.19,0,Kids
8-12 (Pre-teen),Male,5.05,1,Kids
8-12 (Pre-teen),Female,4.46,0,Kids
8-12 (Pre-teen),Male,0.0,0,Kids
13-17 (Teen),Male,5.73,0,Kids
13-17 (Teen),Male,2.68,0,Kids
8-12 (Pre-teen),Male,7.16,1,Kids
13-17 (Teen),Female,5.52,1,Kids
8-12 (Pre-teen),Male,1.07,0,Kids
8-12 (Pre-teen),Male,5.37,1,Kids
13-17 (Teen),Female,3.62,0,Kids
13-17 (Teen),Male,6.5,1,Kids
13-17 (Teen),Female,4.43,1,Kids
13-17 (Teen),Male,2.0,0,Kids
13-17 (Teen),Male,3.48,1,Kids
18-29 (Young Adult),Female,6.33,0,Kids
13-17 (Teen),Male,3.73,0,Kids
8-12 (Pre-teen),Female,7.23,1,Kids
8-12 (Pre-teen),Male,4.38,1,Kids
8-12 (Pre-teen),Female,2.95,0,Kids
13-17 (Teen),Female,3.0,0,Kids
8-12 (Pre-teen),Female,3.61,0,Kids
8-12 (Pre-teen),Female,2.09,0,Kids
13-17 (Teen),Male,4.88,0,Kids
8-12 (Pre-teen),Female,5.45,1,Kids
8-12 (Pre-teen),Female,4.27,1,Kids
13-17 (Teen),Female,5.83,0,Kids
13-17 (Teen),Male,3.86,0,Kids
13-17 (Teen),Female,4.05,1,Kids
8-12 (Pre-teen),Male,2.81,0,Kids
13-17 (Teen),Male,5.02,0,Kids
8-12 (Pre-teen),Male,5.28,1,Kids
18-29 (Young Adult),Female,5.41,0,Kids
13-17 (Teen),Male,2.91,0,Kids
13-17 (Teen),Male,5.87,1,Kids
13-17 (Teen),Male,3.96,1,Kids
13-17 (Teen),Male,4.64,1,Kids
8-12 (Pre-teen),Female,3.68,1,Kids
8-12 (Pre-teen),Male,4.93,0,Kids
13-17 (Teen),Male,4.58,1,Kids
13-17 (Teen),Female,4.07,1,Kids
8-12 (Pre-teen),Male,1.05,0,Kids
13-17 (Teen),Female,3.21,1,Kids
8-12 (Pre-teen),Male,3.83,0,Kids
13-17 (Teen),Female,4.32,0,Kids
8-12 (Pre-teen),Male,4.35,0,Kids
8-12 (Pre-teen),Female,0.08,0,Kids
13-17 (Teen),Female,3.09,1,Kids
13-17 (Teen),Male,5.13,0,Kids
8-12 (Pre-teen),Male,4.21,1,Kids
13-17 (Teen),Female,3.27,1,Kids
13-17 (Teen),Female,3.45,0,Kids
18-29 (Young Adult),Male,4.86,0,Kids
8-12 (Pre-teen),Male,4.72,1,Kids
18-29 (Young Adult),Female,2.87,0,Kids
8-12 (Pre-teen),Female,8.42,0,Kids
8-12 (Pre-teen),Female,5.17,0,Kids
8-12 (Pre-teen),Male,4.66,1,Kids
18-29 (Young Adult),Female,3.82,1,Kids
13-17 (Teen),Male,4.53,1,Kids
13-17 (Teen),Female,6.05,1,Kids
13-17 (Teen),Female,4.69,1,Kids
13-17 (Teen),Male,4.98,1,Kids
13-17 (Teen),Female,3.31,1,Kids
8-12 (Pre-teen),Female,3.34,0,Kids
8-12 (Pre-teen),Male,3.57,1,Kids
8-12 (Pre-teen),Female,3.83,1,Kids
13-17 (Teen),Female,2.28,0,Kids
13-17 (Teen),Male,4.45,1,Kids
13-17 (Teen),Male,4.76,1,Kids
13-17 (Teen),Female,4.71,1,Kids
8-12 (Pre-teen),Male,1.98,0,Kids
13-17 (Teen),Female,4.81,1,Kids
8-12 (Pre-teen),Female,5.38,1,Kids
13-17 (Teen),Male,5.44,1,Kids
8-12 (Pre-teen),Female,4.11,1,Kids
13-17 (Teen),Female,5.33,1,Kids
8-12 (Pre-teen),Female,1.2,0,Kids
8-12 (Pre-teen),Female,4.02,0,Kids
18-29 (Young Adult),Female,5.82,1,Kids
8-12 (Pre-teen),Male,4.42,1,Kids
18-29 (Young Adult),Female,5.18,1,Kids
13-17 (Teen),Male,3.69,1,Kids
13-17 (Teen),Female,3.64,1,Kids
8-12 (Pre-teen),Male,7.05,0,Kids
8-12 (Pre-teen),Male,4.96,0,Kids
13-17 (Teen),Male,6.1,1,Kids
13-17 (Teen),Female,5.25,1,Kids
8-12 (Pre-teen),Female,5.38,1,Kids
18-29 (Young Adult),Female,4.54,1,Kids
8-12 (Pre-teen),Male,6.25,1,Kids
8-12 (Pre-teen),Male,4.34,0,Kids
13-17 (Teen),Female,4.06,0,Kids
13-17 (Teen),Male,6.38,1,Kids
8-12 (Pre-teen),Male,7.78,1,Kids
13-17 (Teen),Male,6.32,1,Kids
18-29 (Young Adult),Male,2.87,0,Kids
13-17 (Teen),Male,3.25,0,Kids
8-12 (Pre-teen),Female,0.42,0,Kids
13-17 (Teen),Male,5.2,0,Kids
8-12 (Pre-teen),Female,4.52,1,Kids
8-12 (Pre-teen),Male,4.76,0,Kids
8-12 (Pre-teen),Male,8.04,0,Kids
8-12 (Pre-teen),Male,5.18,1,Kids
13-17 (Teen),Female,6.46,0,Kids
13-17 (Teen),Female,4.36,0,Kids
18-29 (Young Adult),Male,3.83,0,Kids
13-17 (Teen),Male,5.96,1,Kids
18-29 (Young Adult),Male,4.92,0,Kids
8-12 (Pre-teen),Female,2.95,0,Kids
13-17 (Teen),Female,4.84,0,Kids
8-12 (Pre-teen),Female,1.31,0,Kids
8-12 (Pre-teen),Female,1.88,0,Kids
8-12 (Pre-teen),Male,3.65,1,Kids
13-17 (Teen),Male,3.64,1,Kids
8-12 (Pre-teen),Male,4.95,1,Kids
8-12 (Pre-teen),Male,4.24,1,Kids
13-17 (Teen),Male,4.54,1,Kids
8-12 (Pre-teen),Female,4.6,1,Kids
8-12 (Pre-teen),Female,0.36,0,Kids
13-17 (Teen),Female,6.72,0,Kids
8-12 (Pre-teen),Female,6.86,0,Kids
13-17 (Teen),Male,3.83,1,Kids
8-12 (Pre-teen),Male,5.75,1,Kids
13-17 (Teen),Male,4.62,0,Kids
8-12 (Pre-teen),Male,7.58,1,Kids
13-17 (Teen),Female,3.47,1,Kids
18-29 (Young Adult),Female,4.44,0,Kids
8-12 (Pre-teen),Female,0.62,0,Kids
13-17 (Teen),Female,4.66,1,Kids
8-12 (Pre-teen),Male,5.16,0,Kids
13-17 (Teen),Male,4.16,0,Kids
8-12 (Pre-teen),Female,7.15,0,Kids
13-17 (Teen),Female,2.74,0,Kids
8-12 (Pre-teen),Female,0.78,0,Kids
13-17 (Teen),Female,5.37,0,Kids
8-12 (Pre-teen),Female,4.92,0,Kids
13-17 (Teen),Male,4.64,0,Kids
13-17 (Teen),Male,3.73,1,Kids
8-12 (Pre-teen),Male,0.0,0,Kids
8-12 (Pre-teen),Female,5.33,1,Kids
8-12 (Pre-teen),Male,0.79,0,Kids
8-12 (Pre-teen),Male,4.75,0,Kids
8-12 (Pre-teen),Male,4.67,1,Kids
13-17 (Teen),Male,4.83,1,Kids
8-12 (Pre-teen),Female,4.78,1,Kids
8-12 (Pre-teen),Female,7.54,1,Kids
13-17 (Teen),Female,5.14,1,Kids
18-29 (Young Adult),Female,3.89,0,Kids
13-17 (Teen),Male,5.97,1,Kids
13-17 (Teen),Female,1.5,0,Kids
13-17 (Teen),Male,4.51,0,Kids
8-12 (Pre-teen),Male,2.19,0,Kids
8-12 (Pre-teen),Female,5.31,1,Kids
18-29 (Young Adult),Female,5.44,0,Kids
18-29 (Young Adult),Male,3.22,1,Kids
8-12 (Pre-teen),Male,5.96,1,Kids
8-12 (Pre-teen),Female,5.7,1,Kids
8-12 (Pre-teen),Male,5.85,1,Kids
8-12 (Pre-teen),Male,0.0,0,Kids
8-12 (Pre-teen),Female,5.06,1,Kids
8-12 (Pre-teen),Female,5.33,1,Kids
13-17 (Teen),Female,5.25,1,Kids
13-17 (Teen),Male,3.59,0,Kids
13-17 (Teen),Female,4.41,0,Kids
13-17 (Teen),Female,5.13,0,Kids
13-17 (Teen),Female,4.31,1,Kids
8-12 (Pre-teen),Male,6.69,0,Kids
8-12 (Pre-teen),Female,7.8,1,Kids
13-17 (Teen),Female,2.69,0,Kids
13-17 (Teen),Male,5.07,0,Kids
13-17 (Teen),Female,4.06,0,Kids
8-12 (Pre-teen),Female,3.36,1,Kids
8-12 (Pre-teen),Male,5.51,1,Kids
13-17 (Teen),Male,3.55,1,Kids
13-17 (Teen),Female,4.15,0,Kids
13-17 (Teen),Male,4.24,1,Kids
8-12 (Pre-teen),Male,4.59,0,Kids
8-12 (Pre-teen),Female,3.64,1,Kids
13-17 (Teen),Female,4.17,1,Kids
8-12 (Pre-teen),Male,4.93,0,Kids
8-12 (Pre-teen),Female,5.54,1,Kids
8-12 (Pre-teen),Female,2.45,0,Kids
8-12 (Pre-teen),Female,3.48,1,Kids
8-12 (Pre-teen),Female,8.76,1,Kids
13-17 (Teen),Female,3.7,0,Kids
13-17 (Teen),Male,3.52,1,Kids
8-12 (Pre-teen),Male,5.31,1,Kids
8-12 (Pre-teen),Female,5.38,1,Kids
8-12 (Pre-teen),Male,9.16,1,Kids
8-12 (Pre-teen),Female,7.2,0,Kids
13-17 (Teen),Female,3.6,1,Kids
18-29 (Young Adult),Male,4.21,1,Kids
18-29 (Young Adult),Female,3.51,0,Kids
13-17 (Teen),Male,6.07,1,Kids
18-29 (Young Adult),Female,5.4,1,Kids
18-29 (Young Adult),Female,4.98,1,Kids
8-12 (Pre-teen),Male,2.44,0,Kids
13-17 (Teen),Female,4.03,0,Kids
13-17 (Teen),Male,3.47,1,Kids
8-12 (Pre-teen),Male,3.64,0,Kids
8-12 (Pre-teen),Female,5.76,1,Kids
13-17 (Teen),Female,5.05,1,Kids
8-12 (Pre-teen),Male,5.15,1,Kids
8-12 (Pre-teen),Female,3.79,0,Kids
18-29 (Young Adult),Male,4.95,1,Kids
8-12 (Pre-teen),Male,6.07,1,Kids
8-12 (Pre-teen),Female,3.19,1,Kids
13-17 (Teen),Female,4.49,1,Kids
13-17 (Teen),Male,3.84,1,Kids
13-17 (Teen),Female,3.48,0,Kids
13-17 (Teen),Male,5.83,1,Kids
13-17 (Teen),Male,5.6,1,Kids
13-17 (Teen),Male,2.54,0,Kids
13-17 (Teen),Male,5.65,1,Kids
13-17 (Teen),Male,5.64,0,Kids
8-12 (Pre-teen),Male,1.51,0,Kids
8-12 (Pre-teen),Female,1.76,0,Kids
8-12 (Pre-teen),Male,2.77,0,Kids
13-17 (Teen),Male,5.62,1,Kids
8-12 (Pre-teen),Female,8.14,0,Kids
13-17 (Teen),Male,3.8,1,Kids
8-12 (Pre-teen),Female,4.68,1,Kids
13-17 (Teen),Male,2.54,0,Kids
13-17 (Teen),Female,3.09,0,Kids
18-29 (Young Adult),Male,6.39,1,Kids
13-17 (Teen),Female,4.52,1,Kids
13-17 (Teen),Male,5.9,1,Kids
8-12 (Pre-teen),Male,4.84,0,Kids
8-12 (Pre-teen),Female,5.57,0,Kids
13-17 (Teen),Male,2.72,0,Kids
13-17 (Teen),Female,2.81,0,Kids
8-12 (Pre-teen),Male,4.46,1,Kids
8-12 (Pre-teen),Male,3.93,1,Kids
13-17 (Teen),Male,4.08,1,Kids
8-12 (Pre-teen),Female,4.66,1,Kids
13-17 (Teen),Male,5.49,1,Kids
8-12 (Pre-teen),Female,7.64,0,Kids
13-17 (Teen),Male,3.98,0,Kids
8-12 (Pre-teen),Female,4.5,1,Kids
13-17 (Teen),Female,3.91,1,Kids
18-29 (Young Adult),Female,5.36,1,Kids
8-12 (Pre-teen),Male,4.45,1,Kids
8-12 (Pre-teen),Male,2.35,0,Kids
13-17 (Teen),Male,4.09,1,Kids
18-29 (Young Adult),Male,3.71,0,Kids
13-17 (Teen),Male,4.45,0,Kids
8-12 (Pre-teen),Male,5.03,1,Kids
18-29 (Young Adult),Female,5.38,1,Kids
8-12 (Pre-teen),Male,3.33,1,Kids
13-17 (Teen),Male,3.15,0,Kids
8-12 (Pre-teen),Male,5.06,1,Kids
13-17 (Teen),Male,5.09,1,Kids
13-17 (Teen),Female,3.58,1,Kids
13-17 (Teen),Male,5.64,1,Kids
13-17 (Teen),Female,4.4,0,Kids
13-17 (Teen),Male,5.59,0,Kids
8-12 (Pre-teen),Male,5.85,1,Kids
8-12 (Pre-teen),Male,8.37,1,Kids
18-29 (Young Adult),Female,3.28,1,Kids
8-12 (Pre-teen),Female,3.93,1,Kids
8-12 (Pre-teen),Male,5.4,1,Kids
8-12 (Pre-teen),Male,4.01,1,Kids
8-12 (Pre-teen),Female,4.82,1,Kids
8-12 (Pre-teen),Female,6.84,1,Kids
8-12 (Pre-teen),Male,5.56,0,Kids
8-12 (Pre-teen),Male,2.67,0,Kids
8-12 (Pre-teen),Female,3.57,1,Kids
8-12 (Pre-teen),Female,6.32,0,Kids
13-17 (Teen),Female,5.28,1,Kids
8-12 (Pre-teen),Female,2.59,0,Kids
8-12 (Pre-teen),Male,2.9,0,Kids
8-12 (Pre-teen),Female,0.0,0,Kids
8-12 (Pre-teen),Female,3.43,0,Kids
13-17 (Teen),Male,6.44,0,Kids
8-12 (Pre-teen),Male,6.71,0,Kids
13-17 (Teen),Female,5.15,0,Kids
13-17 (Teen),Female,5.3,1,Kids
13-17 (Teen),Female,3.76,1,Kids
13-17 (Teen),Female,5.3,1,Kids
13-17 (Teen),Male,3.92,1,Kids
8-12 (Pre-teen),Female,3.24,0,Kids
13-17 (Teen),Female,5.57,0,Kids
8-12 (Pre-teen),Female,6.92,1,Kids
13-17 (Teen),Female,3.92,1,Kids
13-17 (Teen),Female,4.64,0,Kids
8-12 (Pre-teen),Male,3.6,1,Kids
8-12 (Pre-teen),Male,0.06,0,Kids
13-17 (Teen),Male,4.66,1,Kids
8-12 (Pre-teen),Male,2.94,0,Kids
13-17 (Teen),Female,3.34,1,Kids
8-12 (Pre-teen),Female,3.24,1,Kids
8-12 (Pre-teen),Male,3.39,1,Kids
13-17 (Teen),Male,4.41,0,Kids
13-17 (Teen),Male,4.78,1,Kids
8-12 (Pre-teen),Male,4.41,1,Kids
13-17 (Teen),Female,4.98,0,Kids
8-12 (Pre-teen),Male,0.62,0,Kids
13-17 (Teen),Male,6.38,1,Kids
8-12 (Pre-teen),Female,3.19,1,Kids
13-17 (Teen),Male,5.28,1,Kids
8-12 (Pre-teen),Male,5.3,1,Kids
18-29 (Young Adult),Female,3.98,1,Kids
13-17 (Teen),Female,5.15,1,Kids
13-17 (Teen),Male,2.84,0,Kids
8-12 (Pre-teen),Male,3.29,0,Kids
13-17 (Teen),Female,4.21,1,Kids
13-17 (Teen),Female,5.19,1,Kids
13-17 (Teen),Female,5.42,0,Kids
13-17 (Teen),Female,5.25,1,Kids
13-17 (Teen),Male,6.91,1,Kids
13-17 (Teen),Female,3.28,1,Kids
8-12 (Pre-teen),Male,6.07,1,Kids
8-12 (Pre-teen),Female,6.51,0,Kids
13-17 (Teen),Male,4.04,1,Kids
13-17 (Teen),Female,5.7,1,Kids
18-29 (Young Adult),Female,4.82,1,Kids
13-17 (Teen),Female,3.52,0,Kids
8-12 (Pre-teen),Male,7.09,1,Kids
13-17 (Teen),Male,4.45,1,Kids
8-12 (Pre-teen),Female,0.0,0,Kids
13-17 (Teen),Male,2.64,0,Kids
8-12 (Pre-teen),Male,3.94,0,Kids
8-12 (Pre-teen),Female,7.43,0,Kids
13-17 (Teen),Male,4.28,0,Kids
8-12 (Pre-teen),Female,7.85,1,Kids
8-12 (Pre-teen),Female,4.88,1,Kids
13-17 (Teen),Female,4.78,0,Kids
8-12 (Pre-teen),Male,4.59,1,Kids
13-17 (Teen),Female,5.87,1,Kids
8-12 (Pre-teen),Female,2.83,0,Kids
8-12 (Pre-teen),Female,5.04,0,Kids
13-17 (Teen),Female,5.19,1,Kids
18-29 (Young Adult),Female,4.36,1,Kids
8-12 (Pre-teen),Female,6.0,1,Kids
8-12 (Pre-teen),Male,4.0,1,Kids
13-17 (Teen),Female,5.68,1,Kids
13-17 (Teen),Female,2.19,0,Kids
8-12 (Pre-teen),Female,4.79,1,Kids
8-12 (Pre-teen),Female,4.84,1,Kids
8-12 (Pre-teen),Male,2.72,0,Kids
13-17 (Teen),Male,4.96,1,Kids
18-29 (Young Adult),Female,6.62,0,Kids
13-17 (Teen),Male,3.93,1,Kids
13-17 (Teen),Female,5.78,1,Kids
13-17 (Teen),Female,3.77,1,Kids
13-17 (Teen),Female,6.08,0,Kids
8-12 (Pre-teen),Male,4.51,0,Kids
8-12 (Pre-teen),Female,0.63,0,Kids
13-17 (Teen),Male,4.3,1,Kids
8-12 (Pre-teen),Female,3.29,0,Kids
13-17 (Teen),Male,4.19,1,Kids
8-12 (Pre-teen),Male,5.1,0,Kids
8-12 (Pre-teen),Female,9.28,0,Kids
18-29 (Young Adult),Male,4.72,1,Kids
13-17 (Teen),Male,4.03,0,Kids
13-17 (Teen),Female,4.6,1,Kids
13-17 (Teen),Female,4.63,1,Kids
13-17 (Teen),Male,3.39,1,Kids
18-29 (Young Adult),Male,3.37,1,Kids
8-12 (Pre-teen),Female,0.0,0,Kids
18-29 (Young Adult),Female,4.05,1,Kids
8-12 (Pre-teen),Female,9.19,1,Kids
13-17 (Teen),Female,3.55,1,Kids
8-12 (Pre-teen),Female,4.51,1,Kids
13-17 (Teen),Female,5.29,1,Kids
13-17 (Teen),Female,5.04,0,Kids
8-12 (Pre-teen),Female,5.09,0,Kids
8-12 (Pre-teen),Male,4.93,1,Kids
13-17 (Teen),Male,5.77,0,Kids
13-17 (Teen),Male,6.07,1,Kids
13-17 (Teen),Female,5.68,1,Kids
8-12 (Pre-teen),Male,2.86,0,Kids
13-17 (Teen),Female,3.72,1,Kids
13-17 (Teen),Male,1.77,0,Kids
18-29 (Young Adult),Female,4.77,1,Kids
13-17 (Teen),Female,4.81,0,Kids
13-17 (Teen),Female,3.49,0,Kids
8-12 (Pre-teen),Male,7.78,1,Kids
8-12 (Pre-teen),Male,3.29,1,Kids
8-12 (Pre-teen),Male,7.12,1,Kids
8-12 (Pre-teen),Male,0.0,0,Kids
8-12 (Pre-teen),Male,0.14,0,Kids
8-12 (Pre-teen),Male,3.41,0,Kids
8-12 (Pre-teen),Male,5.45,1,Kids
8-12 (Pre-teen),Male,2.94,0,Kids
8-12 (Pre-teen),Male,0.66,0,Kids
8-12 (Pre-teen),Male,3.17,1,Kids
8-12 (Pre-teen),Female,0.02,0,Kids
13-17 (Teen),Female,3.28,1,Kids
8-12 (Pre-teen),Male,4.38,0,Kids
8-12 (Pre-teen),Male,4.11,0,Kids
13-17 (Teen),Female,5.34,1,Kids
8-12 (Pre-teen),Female,6.56,1,Kids
13-17 (Teen),Male,4.63,1,Kids
13-17 (Teen),Female,4.48,1,Kids
8-12 (Pre-teen),Female,1.94,0,Kids
13-17 (Teen),Male,4.38,0,Kids
13-17 (Teen),Male,3.47,0,Kids
8-12 (Pre-teen),Female,8.92,1,Kids
8-12 (Pre-teen),Male,9.8,1,Kids
18-29 (Young Adult),Female,3.53,1,Kids
13-17 (Teen),Female,5.65,0,Kids
8-12 (Pre-teen),Male,6.92,1,Kids
8-12 (Pre-teen),Male,1.59,0,Kids
13-17 (Teen),Male,5.99,1,Kids
13-17 (Teen),Female,6.74,0,Kids
13-17 (Teen),Male,3.53,0,Kids
13-17 (Teen),Male,4.93,0,Kids
8-12 (Pre-teen),Female,1.31,0,Kids
8-12 (Pre-teen),Male,4.28,1,Kids
13-17 (Teen),Male,5.0,1,Kids
18-29 (Young Adult),Female,4.67,1,Kids
8-12 (Pre-teen),Male,4.48,1,Kids
8-12 (Pre-teen),Female,2.02,0,Kids
13-17 (Teen),Male,5.53,0,Kids
8-12 (Pre-teen),Male,5.19,1,Kids
13-17 (Teen),Female,6.77,0,Kids
8-12 (Pre-teen),Male,3.17,1,Kids
8-12 (Pre-teen),Female,5.91,1,Kids
13-17 (Teen),Female,3.56,1,Kids
8-12 (Pre-teen),Female,1.3,0,Kids
18-29 (Young Adult),Male,3.68,1,Kids
8-12 (Pre-teen),Male,7.57,1,Kids
13-17 (Teen),Female,4.62,0,Kids
13-17 (Teen),Female,3.45,1,Kids
8-12 (Pre-teen),Female,4.03,1,Kids
8-12 (Pre-teen),Female,6.4,1,Kids
8-12 (Pre-teen),Male,2.1,0,Kids
13-17 (Teen),Male,2.43,0,Kids
13-17 (Teen),Female,2.35,0,Kids
13-17 (Teen),Male,5.63,1,Kids
13-17 (Teen),Female,5.82,1,Kids
13-17 (Teen),Female,4.34,1,Kids
8-12 (Pre-teen),Female,4.97,1,Kids
13-17 (Teen),Female,5.38,1,Kids
18-29 (Young Adult),Female,5.22,0,Kids
8-12 (Pre-teen),Male,2.87,0,Kids
8-12 (Pre-teen),Female,2.62,0,Kids
8-12 (Pre-teen),Male,1.19,0,Kids
13-17 (Teen),Female,4.91,1,Kids
13-17 (Teen),Male,4.51,1,Kids
8-12 (Pre-teen),Female,3.51,1,Kids
13-17 (Teen),Male,4.69,1,Kids
13-17 (Teen),Female,4.3,0,Kids
8-12 (Pre-teen),Female,3.89,0,Kids
8-12 (Pre-teen),Male,6.46,1,Kids
8-12 (Pre-teen),Female,2.31,0,Kids
13-17 (Teen),Female,5.66,1,Kids
13-17 (Teen),Female,5.69,0,Kids
13-17 (Teen),Female,3.12,1,Kids
18-29 (Young Adult),Male,5.29,0,Kids
13-17 (Teen),Male,6.34,0,Kids
18-29 (Young Adult),Female,5.09,0,Kids
13-17 (Teen),Female,3.94,0,Kids
13-17 (Teen),Female,4.98,0,Kids
8-12 (Pre-teen),Female,4.25,1,Kids
8-12 (Pre-teen),Female,6.54,1,Kids
13-17 (Teen),Female,4.79,1,Kids
13-17 (Teen),Male,5.26,0,Kids
8-12 (Pre-teen),Female,2.71,0,Kids
13-17 (Teen),Female,4.44,1,Kids
8-12 (Pre-teen),Female,4.33,1,Kids
13-17 (Teen),Male,3.47,0,Kids
8-12 (Pre-teen),Male,5.91,1,Kids
8-12 (Pre-teen),Female,3.29,0,Kids
13-17 (Teen),Male,6.95,1,Kids
8-12 (Pre-teen),Female,7.3,1,Kids
8-12 (Pre-teen),Male,6.43,1,Kids
8-12 (Pre-teen),Male,6.86,0,Kids
8-12 (Pre-teen),Male,0.0,0,Kids
13-17 (Teen),Female,4.64,1,Kids
8-12 (Pre-teen),Male,0.48,0,Kids
8-12 (Pre-teen),Female,2.45,0,Kids
18-29 (Young Adult),Male,4.65,1,Kids
18-29 (Young Adult),Female,4.68,0,Kids
18-29 (Young Adult),Male,2.48,0,Kids
8-12 (Pre-teen),Female,4.07,0,Kids
8-12 (Pre-teen),Male,5.01,1,Kids
13-17 (Teen),Male,3.99,1,Kids
8-12 (Pre-teen),Male,3.64,1,Kids
13-17 (Teen),Female,5.42,1,Kids
8-12 (Pre-teen),Male,1.09,0,Kids
8-12 (Pre-teen),Female,2.19,0,Kids
13-17 (Teen),Male,5.84,1,Kids
13-17 (Teen),Female,4.48,1,Kids
8-12 (Pre-teen),Male,4.75,1,Kids
8-12 (Pre-teen),Male,4.84,1,Kids
8-12 (Pre-teen),Male,5.44,1,Kids
8-12 (Pre-teen),Female,5.93,1,Kids
13-17 (Teen),Female,3.11,0,Kids
13-17 (Teen),Male,4.32,1,Kids
18-29 (Young Adult),Female,5.07,0,Kids
8-12 (Pre-teen),Male,2.61,0,Kids
18-29 (Young Adult),Female,2.73,0,Kids
8-12 (Pre-teen),Male,4.62,1,Kids
13-17 (Teen),Male,7.48,1,Kids
18-29 (Young Adult),Male,3.29,1,Kids
13-17 (Teen),Female,4.09,0,Kids
18-29 (Young Adult),Female,1.69,0,Kids
18-29 (Young Adult),Male,5.98,1,Kids
13-17 (Teen),Male,7.02,0,Kids
8-12 (Pre-teen),Female,5.41,1,Kids
8-12 (Pre-teen),Female,6.78,1,Kids
13-17 (Teen),Male,4.77,1,Kids
18-29 (Young Adult),Female,4.93,1,Kids
8-12 (Pre-teen),Male,3.69,1,Kids
13-17 (Teen),Female,6.18,0,Kids
8-12 (Pre-teen),Female,7.15,0,Kids
13-17 (Teen),Female,3.92,0,Kids
8-12 (Pre-teen),Female,5.11,1,Kids
13-17 (Teen),Female,5.79,0,Kids
8-12 (Pre-teen),Female,3.08,0,Kids
8-12 (Pre-teen),Male,3.52,0,Kids
13-17 (Teen),Male,6.94,1,Kids
13-17 (Teen),Male,5.83,1,Kids
8-12 (Pre-teen),Female,4.21,1,Kids
8-12 (Pre-teen),Female,8.0,1,Kids
13-17 (Teen),Male,3.65,0,Kids
8-12 (Pre-teen),Male,3.12,0,Kids
18-29 (Young Adult),Female,4.11,1,Kids
8-12 (Pre-teen),Female,4.71,0,Kids
8-12 (Pre-teen),Female,4.79,1,Kids
13-17 (Teen),Male,4.69,1,Kids
8-12 (Pre-teen),Male,3.47,1,Kids
8-12 (Pre-teen),Female,4.94,1,Kids
8-12 (Pre-teen),Female,5.31,0,Kids
13-17 (Teen),Female,2.09,0,Kids
8-12 (Pre-teen),Male,9.06,0,Kids
8-12 (Pre-teen),Male,1.99,0,Kids
13-17 (Teen),Male,5.27,0,Kids
8-12 (Pre-teen),Male,5.96,1,Kids
18-29 (Young Adult),Female,2.88,0,Kids
13-17 (Teen),Female,5.87,1,Kids
8-12 (Pre-teen),Male,5.97,1,Kids
8-12 (Pre-teen),Male,5.14,0,Kids
13-17 (Teen),Male,4.98,1,Kids
8-12 (Pre-teen),Male,0.62,0,Kids
8-12 (Pre-teen),Female,6.77,1,Kids
13-17 (Teen),Male,2.35,0,Kids
8-12 (Pre-teen),Male,1.12,0,Kids
8-12 (Pre-teen),Female,6.25,0,Kids
8-12 (Pre-teen),Female,6.19,1,Kids
18-29 (Young Adult),Male,6.31,1,Kids
13-17 (Teen),Female,6.77,0,Kids
8-12 (Pre-teen),Male,3.73,0,Kids
8-12 (Pre-teen),Female,4.05,0,Kids
8-12 (Pre-teen),Male,6.16,1,Kids
13-17 (Teen),Male,4.32,1,Kids
8-12 (Pre-teen),Male,1.23,0,Kids
8-12 (Pre-teen),Male,6.05,0,Kids
18-29 (Young Adult),Female,3.82,1,Kids
8-12 (Pre-teen),Male,3.91,1,Kids
8-12 (Pre-teen),Female,4.38,0,Kids
8-12 (Pre-teen),Male,2.07,0,Kids
8-12 (Pre-teen),Male,8.37,1,Kids
8-12 (Pre-teen),Male,1.87,0,Kids
13-17 (Teen),Female,4.86,1,Kids
13-17 (Teen),Male,4.46,1,Kids
13-17 (Teen),Male,5.66,1,Kids
13-17 (Teen),Female,2.95,0,Kids
13-17 (Teen),Female,4.52,1,Kids
8-12 (Pre-teen),Male,3.87,1,Kids
8-12 (Pre-teen),Male,5.72,1,Kids
13-17 (Teen),Male,5.71,1,Kids
8-12 (Pre-teen),Male,3.06,0,Kids
13-17 (Teen),Male,6.64,1,Kids
8-12 (Pre-teen),Female,2.16,0,Kids
8-12 (Pre-teen),Female,1.73,0,Kids
8-12 (Pre-teen),Male,4.06,1,Kids
8-12 (Pre-teen),Female,5.2,1,Kids
13-17 (Teen),Female,4.23,0,Kids
8-12 (Pre-teen),Female,3.44,1,Kids
18-29 (Young Adult),Female,3.36,1,Kids
8-12 (Pre-teen),Male,3.2,1,Kids
8-12 (Pre-teen),Female,4.98,0,Kids
18-29 (Young Adult),Female,4.2,1,Kids
13-17 (Teen),Female,4.1,1,Kids
13-17 (Teen),Male,7.06,0,Kids
8-12 (Pre-teen),Male,5.59,1,Kids
13-17 (Teen),Female,6.47,1,Kids
18-29 (Young Adult),Female,6.86,0,Kids
13-17 (Teen),Female,4.81,0,Kids
8-12 (Pre-teen),Female,3.73,1,Kids
8-12 (Pre-teen),Female,0.0,0,Kids
13-17 (Teen),Female,5.41,0,Kids
8-12 (Pre-teen),Male,4.67,1,Kids
13-17 (Teen),Female,3.81,1,Kids
13-17 (Teen),Female,6.4,1,Kids
13-17 (Teen),Male,4.96,0,Kids
8-12 (Pre-teen),Male,7.42,1,Kids
8-12 (Pre-teen),Male,0.68,0,Kids
8-12 (Pre-teen),Female,0.0,0,Kids
13-17 (Teen),Male,3.01,0,Kids
8-12 (Pre-teen),Male,3.37,1,Kids
13-17 (Teen),Female,6.16,1,Kids
13-17 (Teen),Female,5.14,1,Kids
13-17 (Teen),Female,4.89,1,Kids
8-12 (Pre-teen),Male,5.07,0,Kids
13-17 (Teen),Male,1.5,0,Kids
18-29 (Young Adult),Female,3.09,0,Kids
8-12 (Pre-teen),Male,4.47,1,Kids
13-17 (Teen),Female,5.16,1,Kids
13-17 (Teen),Male,5.18,1,Kids
18-29 (Young Adult),Male,3.51,0,Kids
18-29 (Young Adult),Male,5.29,1,Kids
13-17 (Teen),Female,6.34,0,Kids
8-12 (Pre-teen),Female,1.77,0,Kids
8-12 (Pre-teen),Female,6.31,0,Kids
8-12 (Pre-teen),Female,7.07,1,Kids
8-12 (Pre-teen),Male,5.24,1,Kids
8-12 (Pre-teen),Male,6.79,1,Kids
18-29 (Young Adult),Female,4.12,0,Kids
8-12 (Pre-teen),Male,4.1,1,Kids
8-12 (Pre-teen),Female,5.66,1,Kids
8-12 (Pre-teen),Female,7.03,0,Kids
13-17 (Teen),Male,4.96,1,Kids
8-12 (Pre-teen),Female,0.0,0,Kids
13-17 (Teen),Male,5.74,1,Kids
13-17 (Teen),Male,5.49,1,Kids
8-12 (Pre-teen),Female,4.22,0,Kids
8-12 (Pre-teen),Male,6.27,1,Kids
8-12 (Pre-teen),Male,3.8,1,Kids
8-12 (Pre-teen),Male,1.85,0,Kids
8-12 (Pre-teen),Male,7.9,1,Kids
13-17 (Teen),Male,5.48,0,Kids
8-12 (Pre-teen),Male,4.59,1,Kids
13-17 (Teen),Male,6.04,0,Kids
8-12 (Pre-teen),Male,2.72,0,Kids
18-29 (Young Adult),Female,6.61,0,Kids
8-12 (Pre-teen),Male,7.02,1,Kids
13-17 (Teen),Female,4.13,1,Kids
8-12 (Pre-teen),Female,6.63,0,Kids
13-17 (Teen),Female,5.28,0,Kids
13-17 (Teen),Male,4.19,1,Kids
18-29 (Young Adult),Female,3.39,1,Kids
8-12 (Pre-teen),Male,3.52,1,Kids
13-17 (Teen),Female,3.76,0,Kids
13-17 (Teen),Male,5.35,1,Kids
13-17 (Teen),Female,4.99,1,Kids
8-12 (Pre-teen),Female,5.44,1,Kids
8-12 (Pre-teen),Male,2.11,0,Kids
13-17 (Teen),Female,5.13,1,Kids
13-17 (Teen),Male,3.17,0,Kids
8-12 (Pre-teen),Male,0.0,0,Kids
13-17 (Teen),Female,3.49,1,Kids
13-17 (Teen),Female,3.87,1,Kids
8-12 (Pre-teen),Male,1.63,0,Kids
8-12 (Pre-teen),Male,4.39,1,Kids
8-12 (Pre-teen),Male,1.7,0,Kids
13-17 (Teen),Female,5.34,0,Kids
13-17 (Teen),Male,2.04,0,Kids
8-12 (Pre-teen),Female,7.33,1,Kids
13-17 (Teen),Female,4.41,1,Kids
13-17 (Teen),Male,2.45,0,Kids
13-17 (Teen),Male,5.5,0,Kids
8-12 (Pre-teen),Male,8.76,1,Kids
8-12 (Pre-teen),Female,2.03,0,Kids
8-12 (Pre-teen),Female,2.38,0,Kids
13-17 (Teen),Female,4.75,1,Kids
8-12 (Pre-teen),Male,5.45,1,Kids
8-12 (Pre-teen),Female,4.24,0,Kids
8-12 (Pre-teen),Female,4.49,1,Kids
13-17 (Teen),Female,2.92,0,Kids
13-17 (Teen),Female,5.54,1,Kids
8-12 (Pre-teen),Male,4.59,1,Kids
13-17 (Teen),Male,4.54,1,Kids
8-12 (Pre-teen),Female,6.28,0,Kids
8-12 (Pre-teen),Male,6.14,0,Kids
8-12 (Pre-teen),Male,1.92,0,Kids
8-12 (Pre-teen),Female,1.76,0,Kids
13-17 (Teen),Male,3.0,0,Kids
13-17 (Teen),Female,5.2,1,Kids
13-17 (Teen),Male,4.06,0,Kids
8-12 (Pre-teen),Female,2.32,0,Kids
8-12 (Pre-teen),Male,4.27,1,Kids
13-17 (Teen),Female,7.09,0,Kids
18-29 (Young Adult),Male,3.98,0,Kids
8-12 (Pre-teen),Male,7.44,0,Kids
13-17 (Teen),Male,3.12,0,Kids
8-12 (Pre-teen),Female,4.97,1,Kids
8-12 (Pre-teen),Male,2.47,0,Kids
8-12 (Pre-teen),Female,2.7,0,Kids
18-29 (Young Adult),Female,6.04,1,Kids
13-17 (Teen),Female,6.64,0,Kids
8-12 (Pre-teen),Male,0.9,0,Kids
13-17 (Teen),Female,5.24,1,Kids
8-12 (Pre-teen),Female,2.46,0,Kids
13-17 (Teen),Male,3.04,1,Kids
8-12 (Pre-teen),Male,3.67,0,Kids
13-17 (Teen),Female,4.34,0,Kids
13-17 (Teen),Male,5.67,1,Kids
8-12 (Pre-teen),Male,5.68,0,Kids
8-12 (Pre-teen),Male,2.34,0,Kids
13-17 (Teen),Female,5.36,1,Kids
13-17 (Teen),Female,4.01,0,Kids
8-12 (Pre-teen),Female,4.61,0,Kids
13-17 (Teen),Male,4.53,0,Kids
8-12 (Pre-teen),Male,6.04,1,Kids
13-17 (Teen),Female,3.35,0,Kids
13-17 (Teen),Male,5.39,0,Kids
13-17 (Teen),Female,2.89,0,Kids
13-17 (Teen),Female,1.84,0,Kids
18-29 (Young Adult),Male,4.99,1,Kids
13-17 (Teen),Male,5.87,1,Kids
13-17 (Teen),Female,5.41,0,Kids
8-12 (Pre-teen),Male,4.7,1,Kids
13-17 (Teen),Male,3.49,1,Kids
8-12 (Pre-teen),Male,2.47,0,Kids
8-12 (Pre-teen),Male,5.65,0,Kids
13-17 (Teen),Male,3.44,1,Kids
8-12 (Pre-teen),Female,5.27,1,Kids
8-12 (Pre-teen),Female,4.03,0,Kids
8-12 (Pre-teen),Female,1.92,0,Kids
8-12 (Pre-teen),Male,3.98,0,Kids
8-12 (Pre-teen),Female,6.1,0,Kids
13-17 (Teen),Male,4.61,1,Kids
13-17 (Teen),Male,6.07,1,Kids
13-17 (Teen),Male,3.09,0,Kids
8-12 (Pre-teen),Female,10.11,0,Kids
13-17 (Teen),Male,5.98,1,Kids
13-17 (Teen),Female,4.76,1,Kids
13-17 (Teen),Male,4.85,1,Kids
13-17 (Teen),Male,4.22,1,Kids
8-12 (Pre-teen),Female,6.34,1,Kids
13-17 (Teen),Male,4.33,1,Kids
13-17 (Teen),Male,5.09,1,Kids
8-12 (Pre-teen),Female,5.42,1,Kids
8-12 (Pre-teen),Male,4.72,1,Kids
8-12 (Pre-teen),Female,9.08,0,Kids
8-12 (Pre-teen),Female,3.57,1,Kids
8-12 (Pre-teen),Male,5.09,1,Kids
8-12 (Pre-teen),Male,1.71,0,Kids
13-17 (Teen),Male,3.71,0,Kids
13-17 (Teen),Male,6.86,1,Kids
8-12 (Pre-teen),Male,3.62,1,Kids
18-29 (Young Adult),Male,4.43,1,Kids
13-17 (Teen),Female,2.6,0,Kids
13-17 (Teen),Male,3.63,1,Kids
8-12 (Pre-teen),Female,3.89,0,Kids
13-17 (Teen),Male,4.94,0,Kids
8-12 (Pre-teen),Male,6.84,1,Kids
8-12 (Pre-teen),Female,2.32,0,Kids
13-17 (Teen),Female,3.71,1,Kids
8-12 (Pre-teen),Male,1.14,0,Kids
18-29 (Young Adult),Female,2.19,0,Kids
13-17 (Teen),Male,3.48,1,Kids
8-12 (Pre-teen),Female,3.23,1,Kids
13-17 (Teen),Male,4.92,1,Kids
13-17 (Teen),Male,3.42,1,Kids
13-17 (Teen),Male,4.69,0,Kids
8-12 (Pre-teen),Male,1.18,0,Kids
13-17 (Teen),Female,4.38,1,Kids
13-17 (Teen),Male,5.91,0,Kids
8-12 (Pre-teen),Female,5.22,1,Kids
13-17 (Teen),Male,6.36,1,Kids
13-17 (Teen),Female,5.12,1,Kids
8-12 (Pre-teen),Female,3.4,0,Kids
13-17 (Teen),Male,3.39,0,Kids
13-17 (Teen),Male,1.56,0,Kids
13-17 (Teen),Male,4.25,1,Kids
8-12 (Pre-teen),Female,6.46,1,Kids
13-17 (Teen),Male,3.58,0,Kids
18-29 (Young Adult),Female,3.75,0,Kids
13-17 (Teen),Female,5.78,1,Kids
8-12 (Pre-teen),Male,4.96,1,Kids
18-29 (Young Adult),Male,3.02,1,Kids
8-12 (Pre-teen),Male,4.56,0,Kids
13-17 (Teen),Female,4.34,0,Kids
18-29 (Young Adult),Female,4.34,1,Kids
8-12 (Pre-teen),Female,9.6,1,Kids
8-12 (Pre-teen),Male,7.41,1,Kids
8-12 (Pre-teen),Female,3.41,0,Kids
8-12 (Pre-teen),Female,5.97,1,Kids
8-12 (Pre-teen),Male,3.02,0,Kids
8-12 (Pre-teen),Female,5.24,0,Kids
8-12 (Pre-teen),Male,4.24,1,Kids
13-17 (Teen),Female,6.86,1,Kids
13-17 (Teen),Male,3.5,0,Kids
8-12 (Pre-teen),Female,7.65,0,Kids
8-12 (Pre-teen),Male,4.85,1,Kids
8-12 (Pre-teen),Male,0.0,0,Kids
13-17 (Teen),Male,3.93,1,Kids
13-17 (Teen),Female,4.17,0,Kids
13-17 (Teen),Female,3.4,0,Kids
8-12 (Pre-teen),Female,6.9,1,Kids
18-29 (Young Adult),Female,5.76,0,Kids
13-17 (Teen),Female,6.18,0,Kids
13-17 (Teen),Male,5.37,1,Kids
13-17 (Teen),Male,4.6,1,Kids
13-17 (Teen),Female,4.09,1,Kids
13-17 (Teen),Male,1.25,0,Kids
8-12 (Pre-teen),Male,6.02,1,Kids
8-12 (Pre-teen),Male,4.82,0,Kids
18-29 (Young Adult),Male,6.8,0,Kids
8-12 (Pre-teen),Male,4.78,1,Kids
8-12 (Pre-teen),Male,1.95,0,Kids
13-17 (Teen),Female,3.05,1,Kids
18-29 (Young Adult),Female,4.66,0,Kids
8-12 (Pre-teen),Female,3.44,1,Kids
8-12 (Pre-teen),Female,4.62,1,Kids
13-17 (Teen),Female,3.31,0,Kids
13-17 (Teen),Female,5.49,0,Kids
8-12 (Pre-teen),Female,4.69,1,Kids
8-12 (Pre-teen),Male,6.4,1,Kids
8-12 (Pre-teen),Male,4.8,1,Kids
8-12 (Pre-teen),Female,1.16,0,Kids
8-12 (Pre-teen),Female,4.72,1,Kids
13-17 (Teen),Male,3.96,1,Kids
8-12 (Pre-teen),Male,2.05,0,Kids
8-12 (Pre-teen),Male,5.14,1,Kids
13-17 (Teen),Female,4.77,0,Kids
13-17 (Teen),Male,4.48,1,Kids
13-17 (Teen),Male,4.95,1,Kids
8-12 (Pre-teen),Female,1.07,0,Kids
8-12 (Pre-teen),Male,6.97,1,Kids
8-12 (Pre-teen),Female,5.03,0,Kids
13-17 (Teen),Female,3.39,1,Kids
13-17 (Teen),Female,2.43,0,Kids
13-17 (Teen),Male,5.99,1,Kids
8-12 (Pre-teen),Male,3.97,0,Kids
8-12 (Pre-teen),Male,2.19,0,Kids
8-12 (Pre-teen),Female,4.04,0,Kids
8-12 (Pre-teen),Male,0.51,0,Kids
13-17 (Teen),Male,4.93,1,Kids
13-17 (Teen),Female,4.45,0,Kids
13-17 (Teen),Female,3.91,1,Kids
18-29 (Young Adult),Female,4.61,0,Kids
13-17 (Teen),Female,5.72,1,Kids
13-17 (Teen),Female,5.54,0,Kids
13-17 (Teen),Male,3.05,0,Kids
8-12 (Pre-teen),Female,0.8,0,Kids
8-12 (Pre-teen),Female,6.28,0,Kids
13-17 (Teen),Female,4.25,1,Kids
8-12 (Pre-teen),Female,2.39,0,Kids
13-17 (Teen),Female,5.12,0,Kids
13-17 (Teen),Male,5.22,1,Kids
13-17 (Teen),Female,4.32,1,Kids
13-17 (Teen),Male,4.29,0,Kids
8-12 (Pre-teen),Female,3.82,1,Kids
8-12 (Pre-teen),Male,7.97,1,Kids
8-12 (Pre-teen),Male,5.16,1,Kids
13-17 (Teen),Male,4.73,1,Kids
8-12 (Pre-teen),Male,4.91,1,Kids
13-17 (Teen),Female,4.24,1,Kids
13-17 (Teen),Female,2.97,0,Kids
13-17 (Teen),Female,3.83,0,Kids
8-12 (Pre-teen),Male,0.71,0,Kids
8-12 (Pre-teen),Female,4.87,0,Kids
8-12 (Pre-teen),Male,4.53,1,Kids
18-29 (Young Adult),Female,4.96,1,Kids
8-12 (Pre-teen),Male,5.83,0,Kids
13-17 (Teen),Male,4.47,0,Kids
8-12 (Pre-teen),Female,2.47,0,Kids
13-17 (Teen),Female,4.95,1,Kids
13-17 (Teen),Female,6.26,1,Kids
13-17 (Teen),Female,2.87,0,Kids
8-12 (Pre-teen),Male,5.59,1,Kids
8-12 (Pre-teen),Male,5.46,1,Kids
13-17 (Teen),Male,5.97,1,Kids
8-12 (Pre-teen),Male,6.06,1,Kids
13-17 (Teen),Male,3.7,0,Kids
13-17 (Teen),Male,6.73,0,Kids
8-12 (Pre-teen),Female,0.29,0,Kids
13-17 (Teen),Female,4.23,1,Kids
8-12 (Pre-teen),Female,6.17,1,Kids
8-12 (Pre-teen),Female,4.97,1,Kids
13-17 (Teen),Male,3.89,0,Kids
8-12 (Pre-teen),Male,6.65,0,Kids
13-17 (Teen),Female,3.08,1,Kids
8-12 (Pre-teen),Male,1.63,0,Kids
13-17 (Teen),Female,3.2,1,Kids
8-12 (Pre-teen),Male,1.38,0,Kids
13-17 (Teen),Female,4.61,0,Kids
8-12 (Pre-teen),Male,5.6,0,Kids
13-17 (Teen),Female,5.98,1,Kids
18-29 (Young Adult),Female,5.2,0,Kids
13-17 (Teen),Female,4.83,1,Kids
8-12 (Pre-teen),Female,3.76,1,Kids
13-17 (Teen),Male,7.36,0,Kids
13-17 (Teen),Female,4.5,0,Kids
13-17 (Teen),Female,3.17,0,Kids
8-12 (Pre-teen),Female,1.46,0,Kids
8-12 (Pre-teen),Male,4.67,1,Kids
13-17 (Teen),Male,2.85,0,Kids
8-12 (Pre-teen),Female,6.23,1,Kids
13-17 (Teen),Female,6.34,0,Kids
13-17 (Teen),Male,4.72,0,Kids
18-29 (Young Adult),Male,6.29,1,Kids
13-17 (Teen),Male,2.75,0,Kids
8-12 (Pre-teen),Male,3.45,0,Kids
13-17 (Teen),Female,4.82,0,Kids
18-29 (Young Adult),Male,2.64,0,Kids
13-17 (Teen),Male,4.4,1,Kids
8-12 (Pre-teen),Female,4.17,1,Kids
8-12 (Pre-teen),Male,3.52,0,Kids
13-17 (Teen),Female,4.39,0,Kids
13-17 (Teen),Female,4.35,1,Kids
8-12 (Pre-teen),Male,5.6,1,Kids
13-17 (Teen),Male,4.81,0,Kids
8-12 (Pre-teen),Female,7.27,0,Kids
13-17 (Teen),Female,3.7,1,Kids
13-17 (Teen),Male,4.74,1,Kids
13-17 (Teen),Female,4.87,1,Kids
8-12 (Pre-teen),Male,4.03,1,Kids
13-17 (Teen),Female,3.76,1,Kids
18-29 (Young Adult),Female,4.65,1,Kids
8-12 (Pre-teen),Female,3.4,1,Kids
8-12 (Pre-teen),Female,5.13,0,Kids
13-17 (Teen),Female,4.2,0,Kids
8-12 (Pre-teen),Female,2.55,0,Kids
8-12 (Pre-teen),Male,0.36,0,Kids
13-17 (Teen),Male,4.63,1,Kids
18-29 (Young Adult),Male,5.81,0,Kids
13-17 (Teen),Male,5.01,0,Kids
8-12 (Pre-teen),Female,7.83,1,Kids
13-17 (Teen),Female,4.51,0,Kids
13-17 (Teen),Female,6.65,1,Kids
13-17 (Teen),Female,5.35,1,Kids
13-17 (Teen),Male,3.01,1,Kids
13-17 (Teen),Male,4.95,0,Kids
18-29 (Young Adult),Female,5.31,0,Kids
8-12 (Pre-teen),Male,5.46,0,Kids
13-17 (Teen),Female,4.93,1,Kids
8-12 (Pre-teen),Female,5.01,0,Kids
13-17 (Teen),Female,4.22,1,Kids
8-12 (Pre-teen),Male,4.18,1,Kids
8-12 (Pre-teen),Male,1.84,0,Kids
13-17 (Teen),Male,3.78,0,Kids
13-17 (Teen),Male,4.54,1,Kids
8-12 (Pre-teen),Male,4.88,1,Kids
13-17 (Teen),Male,5.39,0,Kids
13-17 (Teen),Male,6.38,1,Kids
13-17 (Teen),Female,2.06,0,Kids
13-17 (Teen),Female,3.81,0,Kids
8-12 (Pre-teen),Male,4.97,1,Kids
13-17 (Teen),Female,6.99,1,Kids
8-12 (Pre-teen),Female,6.62,1,Kids
8-12 (Pre-teen),Female,2.99,0,Kids
18-29 (Young Adult),Female,1.79,0,Kids
13-17 (Teen),Female,3.56,0,Kids
13-17 (Teen),Male,5.61,1,Kids
8-12 (Pre-teen),Female,2.07,0,Kids
18-29 (Young Adult),Male,2.44,0,Kids
13-17 (Teen),Female,2.5,0,Kids
13-17 (Teen),Female,5.31,1,Kids
13-17 (Teen),Female,4.76,1,Kids
13-17 (Teen),Male,3.58,0,Kids
13-17 (Teen),Male,4.57,1,Kids
13-17 (Teen),Female,6.25,1,Kids
13-17 (Teen),Female,7.92,1,Kids
18-29 (Young Adult),Female,4.77,0,Kids
8-12 (Pre-teen),Female,6.5,0,Kids
18-29 (Young Adult),Male,5.25,1,Kids
8-12 (Pre-teen),Male,3.77,0,Kids
13-17 (Teen),Female,5.6,1,Kids
13-17 (Teen),Female,3.16,1,Kids
8-12 (Pre-teen),Female,4.43,1,Kids
18-29 (Young Adult),Female,4.95,1,Kids
18-29 (Young Adult),Female,2.26,0,Kids
8-12 (Pre-teen),Female,1.76,0,Kids
8-12 (Pre-teen),Female,2.7,0,Kids
8-12 (Pre-teen),Female,4.96,1,Kids
13-17 (Teen),Female,3.12,0,Kids
13-17 (Teen),Male,4.93,1,Kids
13-17 (Teen),Male,1.93,0,Kids
13-17 (Teen),Male,4.33,1,Kids
13-17 (Teen),Male,3.67,0,Kids
8-12 (Pre-teen),Male,3.81,0,Kids
13-17 (Teen),Male,6.68,1,Kids
8-12 (Pre-teen),Female,2.93,0,Kids
8-12 (Pre-teen),Male,5.89,1,Kids
8-12 (Pre-teen),Female,4.81,1,Kids
8-12 (Pre-teen),Male,5.71,1,Kids
8-12 (Pre-teen),Male,6.59,0,Kids
13-17 (Teen),Male,5.14,1,Kids
18-29 (Young Adult),Female,4.11,1,Kids
13-17 (Teen),Female,5.56,1,Kids
13-17 (Teen),Male,4.53,0,Kids
8-12 (Pre-teen),Female,2.48,0,Kids
8-12 (Pre-teen),Female,1.35,0,Kids
13-17 (Teen),Female,4.75,1,Kids
18-29 (Young Adult),Male,5.29,1,Kids
8-12 (Pre-teen),Female,4.06,1,Kids
13-17 (Teen),Male,5.29,1,Kids
8-12 (Pre-teen),Female,3.76,1,Kids
8-12 (Pre-teen),Male,4.2,1,Kids
13-17 (Teen),Male,4.51,1,Kids
13-17 (Teen),Male,4.35,0,Kids
13-17 (Teen),Male,3.22,1,Kids
8-12 (Pre-teen),Male,6.19,1,Kids
13-17 (Teen),Female,3.21,0,Kids
8-12 (Pre-teen),Female,5.04,0,Kids
13-17 (Teen),Male,4.41,0,Kids
13-17 (Teen),Female,3.16,1,Kids
18-29 (Young Adult),Male,4.44,1,Kids
8-12 (Pre-teen),Female,1.25,0,Kids
8-12 (Pre-teen),Male,2.82,0,Kids
18-29 (Young Adult),Female,5.38,1,Kids
8-12 (Pre-teen),Male,6.31,1,Kids
18-29 (Young Adult),Male,4.45,0,Kids
13-17 (Teen),Male,4.52,1,Kids
13-17 (Teen),Male,2.37,0,Kids
8-12 (Pre-teen),Male,4.95,1,Kids
8-12 (Pre-teen),Female,0.6,0,Kids
13-17 (Teen),Female,2.77,0,Kids
18-29 (Young Adult),Male,2.04,0,Kids
13-17 (Teen),Male,6.87,1,Kids
13-17 (Teen),Female,4.13,1,Kids
18-29 (Young Adult),Male,2.37,0,Kids
8-12 (Pre-teen),Female,5.47,1,Kids
13-17 (Teen),Female,7.21,0,Kids
8-12 (Pre-teen),Female,9.63,1,Kids
8-12 (Pre-teen),Female,3.23,0,Kids
13-17 (Teen),Male,4.43,1,Kids
13-17 (Teen),Male,5.53,0,Kids
13-17 (Teen),Male,2.78,0,Kids
13-17 (Teen),Female,5.01,0,Kids
8-12 (Pre-teen),Female,6.68,0,Kids
13-17 (Teen),Male,2.64,0,Kids
13-17 (Teen),Female,3.72,1,Kids
8-12 (Pre-teen),Male,7.08,1,Kids
8-12 (Pre-teen),Male,2.7,0,Kids
18-29 (Young Adult),Male,4.81,1,Kids
8-12 (Pre-teen),Male,6.22,1,Kids
8-12 (Pre-teen),Male,2.34,0,Kids
18-29 (Young Adult),Male,4.18,1,Kids
18-29 (Young Adult),Female,2.43,0,Kids
8-12 (Pre-teen),Female,4.97,0,Kids
8-12 (Pre-teen),Female,0.0,0,Kids
8-12 (Pre-teen),Female,3.73,0,Kids
13-17 (Teen),Male,5.36,1,Kids
13-17 (Teen),Male,3.95,1,Kids
13-17 (Teen),Male,5.42,0,Kids
13-17 (Teen),Male,4.68,0,Kids
8-12 (Pre-teen),Male,5.24,1,Kids
8-12 (Pre-teen),Male,6.64,1,Kids
18-29 (Young Adult),Male,5.18,1,Kids
13-17 (Teen),Female,4.52,1,Kids
8-12 (Pre-teen),Female,3.71,1,Kids
18-29 (Young Adult),Male,5.56,0,Kids
8-12 (Pre-teen),Female,6.02,1,Kids
13-17 (Teen),Female,2.46,0,Kids
8-12 (Pre-teen),Male,3.6,0,Kids
13-17 (Teen),Female,4.88,1,Kids
13-17 (Teen),Female,3.31,0,Kids
13-17 (Teen),Female,4.25,1,Kids
8-12 (Pre-teen),Female,3.14,1,Kids
13-17 (Teen),Male,6.8,1,Kids
8-12 (Pre-teen),Male,5.38,1,Kids
8-12 (Pre-teen),Female,4.05,1,Kids
13-17 (Teen),Male,5.07,0,Kids
18-29 (Young Adult),Male,5.32,0,Kids
8-12 (Pre-teen),Male,5.33,1,Kids
13-17 (Teen),Male,3.03,0,Kids
13-17 (Teen),Female,5.78,1,Kids
13-17 (Teen),Male,2.86,0,Kids
8-12 (Pre-teen),Male,7.45,1,Kids
13-17 (Teen),Male,4.39,1,Kids
13-17 (Teen),Male,5.88,0,Kids
18-29 (Young Adult),Male,4.36,1,Kids
13-17 (Teen),Female,3.68,1,Kids
8-12 (Pre-teen),Male,3.24,0,Kids
18-29 (Young Adult),Male,5.75,1,Kids
13-17 (Teen),Male,4.9,1,Kids
8-12 (Pre-teen),Female,10.99,0,Kids
13-17 (Teen),Female,3.92,1,Kids
8-12 (Pre-teen),Female,5.0,1,Kids
13-17 (Teen),Female,4.42,1,Kids
13-17 (Teen),Female,5.12,1,Kids
13-17 (Teen),Male,4.81,1,Kids
13-17 (Teen),Female,4.91,1,Kids
18-29 (Young Adult),Female,2.38,0,Kids
8-12 (Pre-teen),Male,0.87,0,Kids
8-12 (Pre-teen),Male,4.6,1,Kids
8-12 (Pre-teen),Female,0.82,0,Kids
13-17 (Teen),Male,4.48,1,Kids
13-17 (Teen),Male,4.59,1,Kids
8-12 (Pre-teen),Male,5.41,0,Kids
8-12 (Pre-teen),Female,4.22,1,Kids
8-12 (Pre-teen),Male,2.91,0,Kids
8-12 (Pre-teen),Female,4.87,1,Kids
8-12 (Pre-teen),Male,4.99,0,Kids
8-12 (Pre-teen),Female,4.35,1,Kids
8-12 (Pre-teen),Male,6.29,1,Kids
8-12 (Pre-teen),Male,0.22,0,Kids
13-17 (Teen),Male,4.32,1,Kids
18-29 (Young Adult),Female,4.1,0,Kids
13-17 (Teen),Female,3.3,0,Kids
8-12 (Pre-teen),Male,5.36,0,Kids
8-12 (Pre-teen),Male,0.2,0,Kids
8-12 (Pre-teen),Male,4.23,1,Kids
8-12 (Pre-teen),Female,2.96,0,Kids
8-12 (Pre-teen),Female,6.19,1,Kids
18-29 (Young Adult),Male,3.67,0,Kids
8-12 (Pre-teen),Female,5.72,1,Kids
8-12 (Pre-teen),Female,5.87,0,Kids
8-12 (Pre-teen),Male,6.15,1,Kids
8-12 (Pre-teen),Female,3.64,1,Kids
8-12 (Pre-teen),Male,6.65,0,Kids
13-17 (Teen),Male,4.38,1,Kids
13-17 (Teen),Male,3.01,0,Kids
8-12 (Pre-teen),Male,5.15,0,Kids
8-12 (Pre-teen),Male,4.41,0,Kids
13-17 (Teen),Male,4.86,1,Kids
13-17 (Teen),Female,3.23,1,Kids
18-29 (Young Adult),Female,4.71,1,Kids
18-29 (Young Adult),Male,3.44,1,Kids
13-17 (Teen),Female,4.59,1,Kids
13-17 (Teen),Female,2.61,0,Kids
8-12 (Pre-teen),Male,3.25,0,Kids
13-17 (Teen),Female,4.54,1,Kids
8-12 (Pre-teen),Female,1.51,0,Kids
8-12 (Pre-teen),Female,9.68,0,Kids
13-17 (Teen),Male,5.02,1,Kids
8-12 (Pre-teen),Female,3.88,1,Kids
13-17 (Teen),Male,5.03,1,Kids
13-17 (Teen),Male,4.03,1,Kids
8-12 (Pre-teen),Female,5.31,1,Kids
8-12 (Pre-teen),Male,2.31,0,Kids
18-29 (Young Adult),Male,3.25,0,Kids
13-17 (Teen),Male,5.51,0,Kids
8-12 (Pre-teen),Female,4.03,0,Kids
8-12 (Pre-teen),Female,7.12,1,Kids
8-12 (Pre-teen),Male,0.68,0,Kids
13-17 (Teen),Male,6.01,0,Kids
8-12 (Pre-teen),Male,0.0,0,Kids
8-12 (Pre-teen),Female,5.3,1,Kids
13-17 (Teen),Male,6.89,1,Kids
13-17 (Teen),Female,5.1,1,Kids
13-17 (Teen),Female,4.54,0,Kids
13-17 (Teen),Male,4.01,0,Kids
13-17 (Teen),Male,7.14,0,Kids
8-12 (Pre-teen),Male,4.6,1,Kids
8-12 (Pre-teen),Male,3.28,1,Kids
8-12 (Pre-teen),Male,3.91,1,Kids
13-17 (Teen),Female,4.43,1,Kids
13-17 (Teen),Male,6.51,0,Kids
8-12 (Pre-teen),Male,4.94,0,Kids
8-12 (Pre-teen),Male,5.92,0,Kids
8-12 (Pre-teen),Female,5.71,0,Kids
13-17 (Teen),Male,3.76,1,Kids
13-17 (Teen),Male,4.26,0,Kids
8-12 (Pre-teen),Male,5.03,0,Kids
13-17 (Teen),Male,3.48,0,Kids
13-17 (Teen),Male,4.21,0,Kids
18-29 (Young Adult),Male,4.63,1,Kids
8-12 (Pre-teen),Male,3.95,1,Kids
13-17 (Teen),Female,4.61,0,Kids
8-12 (Pre-teen),Female,5.34,0,Kids
8-12 (Pre-teen),Male,4.93,1,Kids
8-12 (Pre-teen),Male,1.6,0,Kids
8-12 (Pre-teen),Male,8.22,1,Kids
13-17 (Teen),Female,6.5,1,Kids
18-29 (Young Adult),Male,4.3,0,Kids
13-17 (Teen),Female,5.93,1,Kids
8-12 (Pre-teen),Male,4.76,0,Kids
8-12 (Pre-teen),Female,5.45,0,Kids
13-17 (Teen),Female,4.9,0,Kids
13-17 (Teen),Female,3.79,0,Kids
13-17 (Teen),Male,0.0,0,Kids
8-12 (Pre-teen),Male,4.66,1,Kids
8-12 (Pre-teen),Female,3.64,1,Kids
8-12 (Pre-teen),Female,2.97,0,Kids
13-17 (Teen),Female,5.27,0,Kids
8-12 (Pre-teen),Female,1.34,0,Kids
13-17 (Teen),Female,4.9,1,Kids
8-12 (Pre-teen),Female,5.86,1,Kids
13-17 (Teen),Male,3.88,1,Kids
8-12 (Pre-teen),Male,5.26,0,Kids
13-17 (Teen),Male,2.85,0,Kids
8-12 (Pre-teen),Male,4.84,1,Kids
8-12 (Pre-teen),Male,5.34,1,Kids
13-17 (Teen),Male,6.14,0,Kids
13-17 (Teen),Female,6.21,0,Kids
13-17 (Teen),Female,3.71,1,Kids
13-17 (Teen),Male,5.02,1,Kids
13-17 (Teen),Male,2.52,0,Kids
8-12 (Pre-teen),Female,3.78,1,Kids
13-17 (Teen),Female,4.38,1,Kids
13-17 (Teen),Female,2.1,0,Kids
13-17 (Teen),Male,4.1,0,Kids
13-17 (Teen),Female,4.98,1,Kids
13-17 (Teen),Female,3.38,1,Kids
13-17 (Teen),Female,2.51,0,Kids
8-12 (Pre-teen),Female,4.64,0,Kids
8-12 (Pre-teen),Male,4.07,0,Kids
8-12 (Pre-teen),Female,1.05,0,Kids
8-12 (Pre-teen),Female,0.0,0,Kids
13-17 (Teen),Female,3.03,1,Kids
8-12 (Pre-teen),Male,1.82,0,Kids
13-17 (Teen),Female,3.53,0,Kids
8-12 (Pre-teen),Female,0.0,0,Kids
8-12 (Pre-teen),Male,4.39,0,Kids
13-17 (Teen),Male,5.4,0,Kids
8-12 (Pre-teen),Male,6.42,0,Kids
13-17 (Teen),Female,2.54,0,Kids
13-17 (Teen),Male,4.23,0,Kids
8-12 (Pre-teen),Male,3.21,1,Kids
8-12 (Pre-teen),Male,4.55,0,Kids
13-17 (Teen),Female,4.66,1,Kids
18-29 (Young Adult),Male,3.16,0,Kids
8-12 (Pre-teen),Female,4.55,0,Kids
13-17 (Teen),Male,4.45,1,Kids
18-29 (Young Adult),Female,3.68,1,Kids
13-17 (Teen),Male,4.44,1,Kids
8-12 (Pre-teen),Female,4.53,1,Kids
13-17 (Teen),Male,4.4,0,Kids
13-17 (Teen),Male,5.17,0,Kids
13-17 (Teen),Male,4.81,0,Kids
8-12 (Pre-teen),Female,4.01,1,Kids
13-17 (Teen),Male,5.45,0,Kids
8-12 (Pre-teen),Male,5.66,1,Kids
13-17 (Teen),Male,5.85,0,Kids
8-12 (Pre-teen),Male,5.72,0,Kids
18-29 (Young Adult),Male,4.49,1,Kids
13-17 (Teen),Female,4.68,0,Kids
13-17 (Teen),Female,4.55,1,Kids
13-17 (Teen),Male,6.6,1,Kids
18-29 (Young Adult),Male,4.86,1,Kids
8-12 (Pre-teen),Male,2.52,0,Kids
13-17 (Teen),Male,4.13,1,Kids
8-12 (Pre-teen),Female,1.17,0,Kids
18-29 (Young Adult),Female,2.87,0,Kids
13-17 (Teen),Male,4.62,1,Kids
13-17 (Teen),Male,5.15,0,Kids
13-17 (Teen),Female,3.98,1,Kids
8-12 (Pre-teen),Male,5.12,1,Kids
8-12 (Pre-teen),Female,4.51,1,Kids
8-12 (Pre-teen),Male,4.11,1,Kids
13-17 (Teen),Male,4.08,1,Kids
18-29 (Young Adult),Male,5.56,1,Kids
8-12 (Pre-teen),Female,3.24,1,Kids
8-12 (Pre-teen),Male,5.59,0,Kids
13-17 (Teen),Female,5.93,1,Kids
8-12 (Pre-teen),Male,4.18,1,Kids
8-12 (Pre-teen),Female,5.72,1,Kids
13-17 (Teen),Female,3.91,0,Kids
8-12 (Pre-teen),Female,2.93,0,Kids
8-12 (Pre-teen),Male,3.26,1,Kids
8-12 (Pre-teen),Female,6.14,1,Kids
13-17 (Teen),Female,3.6,1,Kids
13-17 (Teen),Female,3.78,1,Kids
8-12 (Pre-teen),Female,2.75,0,Kids
13-17 (Teen),Male,3.1,0,Kids
13-17 (Teen),Male,5.16,1,Kids
18-29 (Young Adult),Female,2.46,0,Kids
13-17 (Teen),Female,4.52,1,Kids
8-12 (Pre-teen),Male,8.06,0,Kids
13-17 (Teen),Male,3.3,0,Kids
13-17 (Teen),Female,4.11,1,Kids
13-17 (Teen),Female,6.09,1,Kids
13-17 (Teen),Male,6.07,1,Kids
8-12 (Pre-teen),Male,1.48,0,Kids
8-12 (Pre-teen),Male,2.12,0,Kids
18-29 (Young Adult),Female,6.97,1,Kids
13-17 (Teen),Female,5.24,1,Kids
13-17 (Teen),Male,3.13,1,Kids
13-17 (Teen),Male,2.04,0,Kids
13-17 (Teen),Female,3.66,0,Kids
8-12 (Pre-teen),Male,5.8,1,Kids
8-12 (Pre-teen),Male,4.38,1,Kids
8-12 (Pre-teen),Female,6.47,1,Kids
8-12 (Pre-teen),Female,3.27,0,Kids
8-12 (Pre-teen),Female,3.22,0,Kids
8-12 (Pre-teen),Male,2.31,0,Kids
13-17 (Teen),Female,4.76,1,Kids
8-12 (Pre-teen),Male,0.43,0,Kids
8-12 (Pre-teen),Male,2.39,0,Kids
8-12 (Pre-teen),Male,2.28,0,Kids
13-17 (Teen),Male,4.19,1,Kids
8-12 (Pre-teen),Female,3.07,1,Kids
8-12 (Pre-teen),Male,6.31,0,Kids
8-12 (Pre-teen),Male,8.91,0,Kids
8-12 (Pre-teen),Female,1.51,0,Kids
8-12 (Pre-teen),Male,4.59,1,Kids
18-29 (Young Adult),Male,5.39,0,Kids
8-12 (Pre-teen),Male,5.22,0,Kids
8-12 (Pre-teen),Male,1.86,0,Kids
13-17 (Teen),Female,2.2,0,Kids
13-17 (Teen),Male,3.36,1,Kids
8-12 (Pre-teen),Male,6.8,1,Kids
8-12 (Pre-teen),Male,0.14,0,Kids
13-17 (Teen),Female,3.68,1,Kids
8-12 (Pre-teen),Female,4.31,0,Kids
13-17 (Teen),Male,3.55,0,Kids
18-29 (Young Adult),Female,5.11,1,Kids
8-12 (Pre-teen),Male,4.12,0,Kids
13-17 (Teen),Female,2.59,0,Kids
13-17 (Teen),Male,3.45,1,Kids
8-12 (Pre-teen),Male,3.7,0,Kids
8-12 (Pre-teen),Male,1.21,0,Kids
13-17 (Teen),Male,4.6,1,Kids
8-12 (Pre-teen),Female,5.06,0,Kids
8-12 (Pre-teen),Female,4.65,1,Kids
8-12 (Pre-teen),Male,5.52,0,Kids
8-12 (Pre-teen),Male,3.66,0,Kids
18-29 (Young Adult),Male,4.75,1,Kids
13-17 (Teen),Female,4.83,0,Kids
13-17 (Teen),Male,4.29,1,Kids
8-12 (Pre-teen),Male,6.2,1,Kids
8-12 (Pre-teen),Male,5.57,0,Kids
18-29 (Young Adult),Female,4.65,0,Kids
18-29 (Young Adult),Female,3.63,0,Kids
13-17 (Teen),Male,7.4,0,Kids
13-17 (Teen),Female,5.6,0,Kids
8-12 (Pre-teen),Male,5.29,1,Kids
8-12 (Pre-teen),Male,4.15,1,Kids
13-17 (Teen),Female,4.99,0,Kids
8-12 (Pre-teen),Male,7.02,0,Kids
13-17 (Teen),Male,4.48,0,Kids
13-17 (Teen),Female,4.66,1,Kids
8-12 (Pre-teen),Male,5.74,1,Kids
13-17 (Teen),Male,4.88,0,Kids
8-12 (Pre-teen),Female,5.44,0,Kids
13-17 (Teen),Female,2.79,0,Kids
13-17 (Teen),Male,5.09,1,Kids
13-17 (Teen),Female,2.97,0,Kids
13-17 (Teen),Male,5.43,0,Kids
8-12 (Pre-teen),Male,6.78,1,Kids
8-12 (Pre-teen),Male,7.94,1,Kids
13-17 (Teen),Female,3.47,0,Kids
8-12 (Pre-teen),Male,9.98,0,Kids
8-12 (Pre-teen),Male,2.09,0,Kids
8-12 (Pre-teen),Male,3.98,0,Kids
8-12 (Pre-teen),Female,4.31,1,Kids
13-17 (Teen),Male,4.05,0,Kids
8-12 (Pre-teen),Male,4.71,0,Kids
8-12 (Pre-teen),Male,4.1,0,Kids
8-12 (Pre-teen),Male,3.78,0,Kids
18-29 (Young Adult),Female,4.22,1,Kids
8-12 (Pre-teen),Male,6.26,0,Kids
18-29 (Young Adult),Male,3.07,1,Kids
8-12 (Pre-teen),Male,1.59,0,Kids
13-17 (Teen),Female,1.88,0,Kids
8-12 (Pre-teen),Female,9.23,0,Kids
8-12 (Pre-teen),Male,5.46,1,Kids
13-17 (Teen),Male,1.56,0,Kids
8-12 (Pre-teen),Male,3.52,1,Kids
13-17 (Teen),Male,4.37,0,Kids
13-17 (Teen),Male,3.2,0,Kids
18-29 (Young Adult),Female,4.14,0,Kids
8-12 (Pre-teen),Male,3.14,0,Kids
13-17 (Teen),Female,4.0,1,Kids
8-12 (Pre-teen),Male,0.0,0,Kids
13-17 (Teen),Male,4.76,1,Kids
8-12 (Pre-teen),Male,4.78,0,Kids
18-29 (Young Adult),Male,3.44,1,Kids
8-12 (Pre-teen),Male,4.78,1,Kids
13-17 (Teen),Female,3.65,0,Kids
8-12 (Pre-teen),Male,3.38,1,Kids
8-12 (Pre-teen),Female,2.37,0,Kids
8-12 (Pre-teen),Male,3.68,1,Kids
13-17 (Teen),Female,3.9,0,Kids
13-17 (Teen),Female,3.27,1,Kids
13-17 (Teen),Female,3.71,1,Kids
13-17 (Teen),Male,4.13,1,Kids
8-12 (Pre-teen),Male,10.07,1,Kids
13-17 (Teen),Male,7.54,0,Kids
13-17 (Teen),Male,3.84,1,Kids
8-12 (Pre-teen),Female,3.78,0,Kids
13-17 (Teen),Female,4.32,0,Kids
8-12 (Pre-teen),Female,0.0,0,Kids
13-17 (Teen),Female,5.18,1,Kids
13-17 (Teen),Male,5.17,0,Kids
13-17 (Teen),Male,4.27,0,Kids
13-17 (Teen),Female,5.36,1,Kids
13-17 (Teen),Female,3.54,1,Kids
13-17 (Teen),Male,5.87,1,Kids
8-12 (Pre-teen),Male,0.1,0,Kids
8-12 (Pre-teen),Male,3.34,1,Kids
13-17 (Teen),Female,3.76,0,Kids
13-17 (Teen),Male,3.41,1,Kids
8-12 (Pre-teen),Female,3.36,0,Kids
13-17 (Teen),Male,3.65,1,Kids
8-12 (Pre-teen),Female,3.22,1,Kids
8-12 (Pre-teen),Male,7.1,1,Kids
13-17 (Teen),Male,4.34,1,Kids
8-12 (Pre-teen),Male,5.5,0,Kids
13-17 (Teen),Male,5.61,0,Kids
8-12 (Pre-teen),Male,5.1,1,Kids
18-29 (Young Adult),Male,4.52,0,Kids
8-12 (Pre-teen),Female,6.52,0,Kids
13-17 (Teen),Male,6.43,0,Kids
18-29 (Young Adult),Male,5.67,1,Kids
8-12 (Pre-teen),Female,5.43,1,Kids
13-17 (Teen),Male,6.86,1,Kids
8-12 (Pre-teen),Male,1.87,0,Kids
13-17 (Teen),Male,4.26,1,Kids
8-12 (Pre-teen),Female,4.37,0,Kids
8-12 (Pre-teen),Male,2.98,0,Kids
13-17 (Teen),Female,4.69,1,Kids
13-17 (Teen),Female,4.21,1,Kids
13-17 (Teen),Male,6.28,0,Kids
13-17 (Teen),Male,5.13,1,Kids
13-17 (Teen),Female,2.89,0,Kids
18-29 (Young Adult),Male,5.13,0,Kids
13-17 (Teen),Male,5.98,0,Kids
13-17 (Teen),Male,3.64,0,Kids
18-29 (Young Adult),Female,6.07,1,Kids
13-17 (Teen),Female,6.59,0,Kids
8-12 (Pre-teen),Male,3.44,1,Kids
18-29 (Young Adult),Female,3.91,0,Kids
13-17 (Teen),Male,4.18,1,Kids
13-17 (Teen),Male,5.84,1,Kids
8-12 (Pre-teen),Female,6.05,1,Kids
8-12 (Pre-teen),Female,7.44,1,Kids
8-12 (Pre-teen),Male,4.5,1,Kids
8-12 (Pre-teen),Female,6.04,0,Kids
8-12 (Pre-teen),Female,2.55,0,Kids
8-12 (Pre-teen),Female,4.14,1,Kids
8-12 (Pre-teen),Female,1.96,0,Kids
13-17 (Teen),Female,4.51,1,Kids
8-12 (Pre-teen),Male,1.73,0,Kids
13-17 (Teen),Male,5.48,1,Kids
18-29 (Young Adult),Male,4.08,1,Kids
13-17 (Teen),Female,3.2,1,Kids
13-17 (Teen),Male,3.77,1,Kids
8-12 (Pre-teen),Female,0.16,0,Kids
13-17 (Teen),Female,3.37,0,Kids
13-17 (Teen),Female,3.64,1,Kids
18-29 (Young Adult),Female,2.9,0,Kids
8-12 (Pre-teen),Male,3.33,1,Kids
18-29 (Young Adult),Female,4.68,0,Kids
8-12 (Pre-teen),Male,4.21,0,Kids
8-12 (Pre-teen),Female,4.07,0,Kids
8-12 (Pre-teen),Male,0.0,0,Kids
8-12 (Pre-teen),Female,4.46,0,Kids
13-17 (Teen),Female,4.22,1,Kids
13-17 (Teen),Female,3.42,1,Kids
13-17 (Teen),Female,4.72,0,Kids
8-12 (Pre-teen),Male,3.37,0,Kids
18-29 (Young Adult),Male,3.56,1,Kids
13-17 (Teen),Male,3.25,1,Kids
8-12 (Pre-teen),Female,0.87,0,Kids
8-12 (Pre-teen),Female,2.32,0,Kids
18-29 (Young Adult),Female,5.1,0,Kids
13-17 (Teen),Female,3.77,0,Kids
13-17 (Teen),Female,5.05,1,Kids
8-12 (Pre-teen),Male,4.31,1,Kids
8-12 (Pre-teen),Female,6.86,1,Kids
13-17 (Teen),Male,4.93,1,Kids
8-12 (Pre-teen),Female,1.63,0,Kids
8-12 (Pre-teen),Male,1.72,0,Kids
8-12 (Pre-teen),Male,4.23,0,Kids
13-17 (Teen),Female,5.49,0,Kids
8-12 (Pre-teen),Female,0.27,0,Kids
13-17 (Teen),Male,2.78,0,Kids
8-12 (Pre-teen),Female,7.07,0,Kids
8-12 (Pre-teen),Female,3.14,1,Kids
8-12 (Pre-teen),Male,6.42,1,Kids
13-17 (Teen),Male,5.3,1,Kids
8-12 (Pre-teen),Female,4.94,0,Kids
13-17 (Teen),Female,4.11,0,Kids
13-17 (Teen),Female,4.53,1,Kids
13-17 (Teen),Male,4.67,1,Kids
13-17 (Teen),Female,4.14,1,Kids
8-12 (Pre-teen),Male,4.66,1,Kids
13-17 (Teen),Male,4.2,1,Kids
8-12 (Pre-teen),Female,2.93,0,Kids
18-29 (Young Adult),Male,5.35,1,Kids
13-17 (Teen),Female,3.78,1,Kids
8-12 (Pre-teen),Female,0.0,0,Kids
8-12 (Pre-teen),Female,3.18,1,Kids
8-12 (Pre-teen),Male,7.06,1,Kids
18-29 (Young Adult),Female,6.29,1,Kids
8-12 (Pre-teen),Female,4.44,1,Kids
13-17 (Teen),Male,3.45,1,Kids
8-12 (Pre-teen),Male,2.89,0,Kids
18-29 (Young Adult),Female,5.04,1,Kids
13-17 (Teen),Female,3.9,1,Kids
18-29 (Young Adult),Female,5.53,0,Kids
13-17 (Teen),Female,6.64,1,Kids
8-12 (Pre-teen),Female,13.89,0,Kids
13-17 (Teen),Male,4.29,1,Kids
8-12 (Pre-teen),Female,0.97,0,Kids
18-29 (Young Adult),Male,4.15,1,Kids
13-17 (Teen),Male,3.73,0,Kids
13-17 (Teen),Female,4.99,1,Kids
13-17 (Teen),Female,2.39,0,Kids
8-12 (Pre-teen),Female,0.0,0,Kids
8-12 (Pre-teen),Male,4.05,1,Kids
13-17 (Teen),Female,4.85,1,Kids
13-17 (Teen),Male,4.77,1,Kids
8-12 (Pre-teen),Female,3.56,1,Kids
8-12 (Pre-teen),Female,3.95,0,Kids
13-17 (Teen),Male,5.66,0,Kids
8-12 (Pre-teen),Male,4.48,1,Kids
8-12 (Pre-teen),Male,5.5,1,Kids
13-17 (Teen),Male,5.6,1,Kids
8-12 (Pre-teen),Male,3.89,1,Kids
18-29 (Young Adult),Female,2.68,0,Kids
8-12 (Pre-teen),Male,3.46,1,Kids
13-17 (Teen),Male,4.73,0,Kids
18-29 (Young Adult),Male,4.84,1,Kids
8-12 (Pre-teen),Male,0.94,0,Kids
8-12 (Pre-teen),Female,0.0,0,Kids
13-17 (Teen),Male,3.82,1,Kids
8-12 (Pre-teen),Male,4.41,1,Kids
18-29 (Young Adult),Male,4.76,1,Kids
8-12 (Pre-teen),Female,4.56,0,Kids
13-17 (Teen),Male,3.91,1,Kids
13-17 (Teen),Female,5.58,1,Kids
8-12 (Pre-teen),Male,1.66,0,Kids
13-17 (Teen),Male,3.77,0,Kids
8-12 (Pre-teen),Male,3.24,1,Kids
8-12 (Pre-teen),Female,6.42,1,Kids
18-29 (Young Adult),Female,2.44,0,Kids
13-17 (Teen),Female,6.18,1,Kids
8-12 (Pre-teen),Male,6.55,0,Kids
13-17 (Teen),Female,3.58,1,Kids
13-17 (Teen),Male,2.45,0,Kids
8-12 (Pre-teen),Male,0.0,0,Kids
13-17 (Teen),Male,4.89,0,Kids
13-17 (Teen),Male,4.22,1,Kids
18-29 (Young Adult),Male,3.98,1,Kids
13-17 (Teen),Female,4.67,1,Kids
8-12 (Pre-teen),Male,5.08,1,Kids
13-17 (Teen),Male,6.75,0,Kids
8-12 (Pre-teen),Female,4.65,1,Kids
13-17 (Teen),Male,5.27,1,Kids
13-17 (Teen),Male,4.5,1,Kids
18-29 (Young Adult),Female,2.91,0,Kids
13-17 (Teen),Male,6.06,1,Kids
13-17 (Teen),Male,3.49,1,Kids
8-12 (Pre-teen),Male,4.79,1,Kids
8-12 (Pre-teen),Male,5.11,1,Kids
13-17 (Teen),Female,3.61,0,Kids
8-12 (Pre-teen),Female,3.04,1,Kids
13-17 (Teen),Male,2.98,0,Kids
8-12 (Pre-teen),Male,6.15,0,Kids
13-17 (Teen),Female,2.61,0,Kids
18-29 (Young Adult),Female,3.08,0,Kids
8-12 (Pre-teen),Male,5.53,1,Kids
8-12 (Pre-teen),Male,6.91,0,Kids
13-17 (Teen),Female,3.01,1,Kids
18-29 (Young Adult),Female,5.38,1,Kids
18-29 (Young Adult),Female,3.31,0,Kids
13-17 (Teen),Female,4.99,1,Kids
13-17 (Teen),Female,4.03,0,Kids
13-17 (Teen),Female,3.9,0,Kids
8-12 (Pre-teen),Male,5.34,1,Kids
8-12 (Pre-teen),Female,1.75,0,Kids
18-29 (Young Adult),Female,5.17,0,Kids
8-12 (Pre-teen),Female,4.8,1,Kids
8-12 (Pre-teen),Female,9.15,0,Kids
8-12 (Pre-teen),Female,7.13,0,Kids
13-17 (Teen),Male,3.61,0,Kids
18-29 (Young Adult),Female,7.4,0,Kids
13-17 (Teen),Male,6.31,1,Kids
13-17 (Teen),Male,5.95,1,Kids
8-12 (Pre-teen),Female,6.17,1,Kids
13-17 (Teen),Male,3.81,1,Kids
13-17 (Teen),Female,4.56,1,Kids
18-29 (Young Adult),Female,7.61,1,Kids
13-17 (Teen),Male,6.0,0,Kids
13-17 (Teen),Male,4.56,0,Kids
8-12 (Pre-teen),Male,5.64,1,Kids
8-12 (Pre-teen),Male,7.97,1,Kids
13-17 (Teen),Female,5.12,1,Kids
8-12 (Pre-teen),Female,1.8,0,Kids
13-17 (Teen),Male,5.6,1,Kids
8-12 (Pre-teen),Female,3.15,1,Kids
13-17 (Teen),Female,6.44,1,Kids
8-12 (Pre-teen),Male,1.09,0,Kids
13-17 (Teen),Male,4.17,1,Kids
13-17 (Teen),Male,3.7,0,Kids
8-12 (Pre-teen),Female,2.0,0,Kids
8-12 (Pre-teen),Female,4.22,1,Kids
8-12 (Pre-teen),Female,8.3,1,Kids
13-17 (Teen),Female,4.23,0,Kids
8-12 (Pre-teen),Male,3.72,1,Kids
8-12 (Pre-teen),Female,0.17,0,Kids
13-17 (Teen),Male,4.14,1,Kids
8-12 (Pre-teen),Male,4.95,0,Kids
8-12 (Pre-teen),Female,2.28,0,Kids
8-12 (Pre-teen),Male,7.25,1,Kids
8-12 (Pre-teen),Male,1.19,0,Kids
8-12 (Pre-teen),Female,5.63,1,Kids
8-12 (Pre-teen),Female,6.72,1,Kids
8-12 (Pre-teen),Female,5.2,0,Kids
8-12 (Pre-teen),Female,4.93,1,Kids
18-29 (Young Adult),Male,4.3,0,Kids
13-17 (Teen),Male,4.69,0,Kids
13-17 (Teen),Female,5.23,0,Kids
13-17 (Teen),Female,3.87,1,Kids
13-17 (Teen),Female,5.34,0,Kids
8-12 (Pre-teen),Male,3.71,1,Kids
13-17 (Teen),Male,4.11,1,Kids
8-12 (Pre-teen),Male,4.64,0,Kids
13-17 (Teen),Male,2.61,0,Kids
13-17 (Teen),Female,4.27,0,Kids
13-17 (Teen),Male,5.1,1,Kids
13-17 (Teen),Male,4.65,1,Kids
8-12 (Pre-teen),Female,4.02,0,Kids
8-12 (Pre-teen),Male,4.01,1,Kids
13-17 (Teen),Male,3.78,1,Kids
8-12 (Pre-teen),Male,2.68,0,Kids
13-17 (Teen),Female,3.8,0,Kids
13-17 (Teen),Female,6.99,0,Kids
13-17 (Teen),Female,5.2,1,Kids
8-12 (Pre-teen),Male,10.09,1,Kids
8-12 (Pre-teen),Male,2.22,0,Kids
8-12 (Pre-teen),Male,7.72,0,Kids
13-17 (Teen),Female,4.86,1,Kids
13-17 (Teen),Female,4.71,0,Kids
8-12 (Pre-teen),Female,6.47,0,Kids
8-12 (Pre-teen),Female,4.05,1,Kids
13-17 (Teen),Male,6.02,1,Kids
13-17 (Teen),Male,5.96,0,Kids
13-17 (Teen),Female,5.38,1,Kids
13-17 (Teen),Female,4.44,0,Kids
8-12 (Pre-teen),Female,3.87,1,Kids
13-17 (Teen),Female,5.31,0,Kids
13-17 (Teen),Female,6.0,0,Kids
8-12 (Pre-teen),Female,6.26,1,Kids
13-17 (Teen),Male,3.72,0,Kids
8-12 (Pre-teen),Female,4.86,1,Kids
13-17 (Teen),Male,3.91,1,Kids
13-17 (Teen),Male,5.32,1,Kids
13-17 (Teen),Female,6.71,0,Kids
8-12 (Pre-teen),Female,4.25,0,Kids
13-17 (Teen),Female,3.88,1,Kids
8-12 (Pre-teen),Male,2.94,0,Kids
13-17 (Teen),Female,4.63,1,Kids
8-12 (Pre-teen),Female,0.66,0,Kids
13-17 (Teen),Female,3.0,0,Kids
13-17 (Teen),Male,6.46,1,Kids
8-12 (Pre-teen),Female,4.26,0,Kids
8-12 (Pre-teen),Male,5.63,0,Kids
8-12 (Pre-teen),Male,3.58,1,Kids
13-17 (Teen),Male,4.26,1,Kids
8-12 (Pre-teen),Male,1.76,0,Kids
13-17 (Teen),Male,3.9,0,Kids
13-17 (Teen),Female,4.97,0,Kids
8-12 (Pre-teen),Female,7.4,1,Kids
18-29 (Young Adult),Female,3.26,1,Kids
13-17 (Teen),Male,2.48,0,Kids
8-12 (Pre-teen),Female,3.25,0,Kids
13-17 (Teen),Male,3.7,1,Kids
13-17 (Teen),Male,4.86,1,Kids
8-12 (Pre-teen),Female,6.64,1,Kids
8-12 (Pre-teen),Male,5.12,1,Kids
8-12 (Pre-teen),Male,7.38,1,Kids
13-17 (Teen),Female,4.68,1,Kids
13-17 (Teen),Female,6.48,1,Kids
18-29 (Young Adult),Female,4.87,1,Kids
13-17 (Teen),Male,3.43,1,Kids
13-17 (Teen),Male,5.93,0,Kids
13-17 (Teen),Female,4.83,1,Kids
8-12 (Pre-teen),Male,0.33,0,Kids
13-17 (Teen),Male,6.93,1,Kids
13-17 (Teen),Male,3.12,1,Kids
13-17 (Teen),Male,3.63,0,Kids
18-29 (Young Adult),Male,5.1,0,Kids
13-17 (Teen),Male,5.65,0,Kids
8-12 (Pre-teen),Female,0.99,0,Kids
8-12 (Pre-teen),Female,3.03,0,Kids
8-12 (Pre-teen),Female,1.01,0,Kids
8-12 (Pre-teen),Female,5.56,0,Kids
13-17 (Teen),Male,4.56,1,Kids
13-17 (Teen),Female,3.1,1,Kids
13-17 (Teen),Female,3.36,1,Kids
8-12 (Pre-teen),Male,0.69,0,Kids
8-12 (Pre-teen),Female,9.88,0,Kids
8-12 (Pre-teen),Male,3.29,0,Kids
8-12 (Pre-teen),Female,2.74,0,Kids
13-17 (Teen),Female,5.06,1,Kids
8-12 (Pre-teen),Male,4.2,1,Kids
8-12 (Pre-teen),Female,1.57,0,Kids
8-12 (Pre-teen),Male,4.14,1,Kids
8-12 (Pre-teen),Male,4.64,1,Kids
13-17 (Teen),Female,6.09,0,Kids
13-17 (Teen),Female,1.27,0,Kids
13-17 (Teen),Male,1.85,0,Kids
8-12 (Pre-teen),Female,1.82,0,Kids
13-17 (Teen),Male,3.91,0,Kids
8-12 (Pre-teen),Female,4.17,0,Kids
13-17 (Teen),Male,4.52,1,Kids
8-12 (Pre-teen),Female,2.51,0,Kids
8-12 (Pre-teen),Female,5.42,1,Kids
13-17 (Teen),Male,5.26,0,Kids
13-17 (Teen),Female,1.29,0,Kids
8-12 (Pre-teen),Male,7.35,1,Kids
13-17 (Teen),Female,1.74,0,Kids
8-12 (Pre-teen),Female,4.57,1,Kids
8-12 (Pre-teen),Male,0.0,0,Kids
8-12 (Pre-teen),Male,0.0,0,Kids
8-12 (Pre-teen),Female,0.0,0,Kids
18-29 (Young Adult),Female,5.97,1,Kids
13-17 (Teen),Male,3.41,1,Kids
18-29 (Young Adult),Female,5.39,1,Kids
8-12 (Pre-teen),Female,6.68,1,Kids
8-12 (Pre-teen),Female,4.14,1,Kids
18-29 (Young Adult),Male,4.21,0,Kids
13-17 (Teen),Male,4.71,1,Kids
13-17 (Teen),Male,4.83,1,Kids
13-17 (Teen),Female,2.67,0,Kids
13-17 (Teen),Female,3.88,0,Kids
13-17 (Teen),Male,5.02,1,Kids
13-17 (Teen),Male,2.2,0,Kids
8-12 (Pre-teen),Male,4.74,1,Kids
13-17 (Teen),Male,5.77,1,Kids
13-17 (Teen),Male,4.67,1,Kids
13-17 (Teen),Male,3.91,0,Kids
8-12 (Pre-teen),Female,2.79,0,Kids
8-12 (Pre-teen),Male,1.72,0,Kids
13-17 (Teen),Female,5.08,0,Kids
13-17 (Teen),Female,3.73,0,Kids
13-17 (Teen),Male,4.0,0,Kids
8-12 (Pre-teen),Female,2.1,0,Kids
8-12 (Pre-teen),Male,5.53,0,Kids
8-12 (Pre-teen),Female,0.42,0,Kids
13-17 (Teen),Female,4.87,0,Kids
8-12 (Pre-teen),Male,3.18,1,Kids
18-29 (Young Adult),Female,5.59,1,Kids
8-12 (Pre-teen),Male,3.74,1,Kids
13-17 (Teen),Male,6.07,1,Kids
13-17 (Teen),Female,2.92,0,Kids
8-12 (Pre-teen),Female,1.0,0,Kids
8-12 (Pre-teen),Female,0.0,0,Kids
8-12 (Pre-teen),Male,4.36,1,Kids
13-17 (Teen),Male,4.96,1,Kids
13-17 (Teen),Female,3.54,1,Kids
13-17 (Teen),Female,3.48,0,Kids
13-17 (Teen),Female,3.59,0,Kids
13-17 (Teen),Female,3.25,0,Kids
8-12 (Pre-teen),Male,4.43,0,Kids
8-12 (Pre-teen),Female,4.68,1,Kids
13-17 (Teen),Female,2.44,0,Kids
8-12 (Pre-teen),Female,4.64,0,Kids
8-12 (Pre-teen),Female,2.49,0,Kids
8-12 (Pre-teen),Female,0.42,0,Kids
13-17 (Teen),Male,3.25,1,Kids
8-12 (Pre-teen),Male,4.47,0,Kids
18-29 (Young Adult),Male,3.48,0,Kids
13-17 (Teen),Male,3.92,1,Kids
8-12 (Pre-teen),Male,5.25,1,Kids
8-12 (Pre-teen),Female,2.23,0,Kids
8-12 (Pre-teen),Female,8.7,1,Kids
13-17 (Teen),Female,3.18,1,Kids
13-17 (Teen),Male,4.79,0,Kids
18-29 (Young Adult),Female,5.91,1,Kids
13-17 (Teen),Male,1.95,0,Kids
8-12 (Pre-teen),Female,4.47,1,Kids
18-29 (Young Adult),Female,4.5,0,Kids
8-12 (Pre-teen),Male,4.12,1,Kids
18-29 (Young Adult),Female,2.63,0,Kids
13-17 (Teen),Male,5.88,0,Kids
18-29 (Young Adult),Male,4.37,1,Kids
18-29 (Young Adult),Male,4.31,1,Kids
18-29 (Young Adult),Female,4.69,0,Kids
8-12 (Pre-teen),Male,0.0,0,Kids
8-12 (Pre-teen),Female,5.06,0,Kids
13-17 (Teen),Male,3.94,1,Kids
8-12 (Pre-teen),Female,1.33,0,Kids
13-17 (Teen),Male,4.65,1,Kids
13-17 (Teen),Female,4.42,0,Kids
8-12 (Pre-teen),Female,4.38,1,Kids
13-17 (Teen),Male,3.7,0,Kids
13-17 (Teen),Male,5.8,0,Kids
13-17 (Teen),Male,6.36,0,Kids
13-17 (Teen),Female,6.67,0,Kids
8-12 (Pre-teen),Female,4.5,0,Kids
13-17 (Teen),Female,2.75,0,Kids
13-17 (Teen),Female,1.25,0,Kids
8-12 (Pre-teen),Male,6.24,0,Kids
8-12 (Pre-teen),Male,8.82,1,Kids
8-12 (Pre-teen),Male,2.94,0,Kids
8-12 (Pre-teen),Male,4.42,1,Kids
8-12 (Pre-teen),Female,1.45,0,Kids
18-29 (Young Adult),Male,4.63,1,Kids
13-17 (Teen),Female,3.35,1,Kids
13-17 (Teen),Male,4.26,1,Kids
13-17 (Teen),Female,5.25,1,Kids
13-17 (Teen),Female,5.0,1,Kids
8-12 (Pre-teen),Female,3.33,0,Kids
13-17 (Teen),Male,5.84,0,Kids
8-12 (Pre-teen),Male,1.63,0,Kids
8-12 (Pre-teen),Male,5.28,1,Kids
13-17 (Teen),Female,4.55,1,Kids
8-12 (Pre-teen),Male,5.84,0,Kids
13-17 (Teen),Male,4.99,0,Kids
8-12 (Pre-teen),Female,5.78,1,Kids
8-12 (Pre-teen),Male,3.03,0,Kids
13-17 (Teen),Male,3.52,1,Kids
13-17 (Teen),Female,5.1,1,Kids
13-17 (Teen),Female,2.81,0,Kids
18-29 (Young Adult),Male,3.02,1,Kids
13-17 (Teen),Male,7.81,0,Kids
13-17 (Teen),Female,3.32,0,Kids
13-17 (Teen),Male,3.86,1,Kids
18-29 (Young Adult),Female,4.87,1,Kids
13-17 (Teen),Female,4.57,0,Kids
13-17 (Teen),Male,4.59,0,Kids
18-29 (Young Adult),Male,5.25,0,Kids
8-12 (Pre-teen),Female,5.38,1,Kids
13-17 (Teen),Male,5.43,1,Kids
18-29 (Young Adult),Male,5.7,0,Kids
8-12 (Pre-teen),Female,6.1,1,Kids
13-17 (Teen),Female,4.32,1,Kids
8-12 (Pre-teen),Female,0.0,0,Kids
8-12 (Pre-teen),Female,5.72,1,Kids
8-12 (Pre-teen),Female,4.01,0,Kids
13-17 (Teen),Male,5.86,1,Kids
13-17 (Teen),Male,4.49,0,Kids
8-12 (Pre-teen),Male,3.28,1,Kids
8-12 (Pre-teen),Male,3.56,1,Kids
13-17 (Teen),Female,4.74,1,Kids
13-17 (Teen),Male,3.07,0,Kids
8-12 (Pre-teen),Female,0.0,0,Kids
13-17 (Teen),Female,3.02,0,Kids
8-12 (Pre-teen),Female,0.38,0,Kids
8-12 (Pre-teen),Male,7.12,0,Kids
8-12 (Pre-teen),Male,6.11,0,Kids
13-17 (Teen),Female,5.41,0,Kids
18-29 (Young Adult),Male,5.95,0,Kids
8-12 (Pre-teen),Male,5.99,0,Kids
13-17 (Teen),Female,6.48,1,Kids
13-17 (Teen),Male,4.53,0,Kids
13-17 (Teen),Female,4.91,1,Kids
13-17 (Teen),Male,4.18,1,Kids
8-12 (Pre-teen),Male,4.75,1,Kids
8-12 (Pre-teen),Male,5.6,1,Kids
13-17 (Teen),Female,3.34,0,Kids
13-17 (Teen),Female,4.81,1,Kids
13-17 (Teen),Female,4.58,1,Kids
13-17 (Teen),Male,3.28,1,Kids
8-12 (Pre-teen),Male,3.86,1,Kids
13-17 (Teen),Female,4.09,1,Kids
8-12 (Pre-teen),Female,5.64,1,Kids
8-12 (Pre-teen),Female,4.22,1,Kids
8-12 (Pre-teen),Female,6.36,0,Kids
13-17 (Teen),Male,6.45,1,Kids
8-12 (Pre-teen),Female,5.34,0,Kids
8-12 (Pre-teen),Female,4.44,0,Kids
13-17 (Teen),Male,2.18,0,Kids
13-17 (Teen),Female,3.06,0,Kids
8-12 (Pre-teen),Male,3.25,1,Kids
8-12 (Pre-teen),Male,2.09,0,Kids
8-12 (Pre-teen),Male,4.2,0,Kids
13-17 (Teen),Male,4.26,0,Kids
8-12 (Pre-teen),Female,6.7,1,Kids
13-17 (Teen),Female,6.14,0,Kids
13-17 (Teen),Male,4.76,0,Kids
13-17 (Teen),Female,6.13,0,Kids
18-29 (Young Adult),Female,4.09,1,Kids
13-17 (Teen),Male,5.76,1,Kids
13-17 (Teen),Female,5.34,0,Kids
13-17 (Teen),Female,3.98,1,Kids
13-17 (Teen),Male,2.78,0,Kids
13-17 (Teen),Female,3.3,1,Kids
8-12 (Pre-teen),Female,6.88,0,Kids
8-12 (Pre-teen),Male,5.95,0,Kids
13-17 (Teen),Female,6.14,0,Kids
18-29 (Young Adult),Male,2.98,0,Kids
8-12 (Pre-teen),Female,5.3,0,Kids
13-17 (Teen),Female,3.78,0,Kids
13-17 (Teen),Male,4.18,1,Kids
18-29 (Young Adult),Male,6.44,1,Kids
8-12 (Pre-teen),Male,3.92,1,Kids
18-29 (Young Adult),Female,3.79,1,Kids
18-29 (Young Adult),Male,5.01,0,Kids
13-17 (Teen),Male,6.01,1,Kids
8-12 (Pre-teen),Male,0.0,0,Kids
18-29 (Young Adult),Male,4.92,0,Kids
8-12 (Pre-teen),Male,5.75,0,Kids
8-12 (Pre-teen),Female,0.0,0,Kids
8-12 (Pre-teen),Male,5.06,1,Kids
8-12 (Pre-teen),Female,0.8,0,Kids
18-29 (Young Adult),Male,4.92,0,Kids
18-29 (Young Adult),Male,4.84,0,Kids
8-12 (Pre-teen),Male,4.66,1,Kids
8-12 (Pre-teen),Female,3.91,1,Kids
13-17 (Teen),Female,5.12,1,Kids
18-29 (Young Adult),Male,4.26,0,Kids
8-12 (Pre-teen),Female,4.48,1,Kids
8-12 (Pre-teen),Female,0.0,0,Kids
13-17 (Teen),Male,5.92,1,Kids
13-17 (Teen),Female,3.88,1,Kids
13-17 (Teen),Male,4.91,0,Kids
8-12 (Pre-teen),Female,8.98,1,Kids
8-12 (Pre-teen),Female,9.39,0,Kids
8-12 (Pre-teen),Male,5.28,1,Kids
13-17 (Teen),Male,3.58,1,Kids
18-29 (Young Adult),Female,3.59,1,Kids
13-17 (Teen),Male,4.08,1,Kids
8-12 (Pre-teen),Male,2.46,0,Kids
8-12 (Pre-teen),Male,0.71,0,Kids
8-12 (Pre-teen),Male,2.87,0,Kids
8-12 (Pre-teen),Male,4.85,1,Kids
13-17 (Teen),Male,6.68,1,Kids
8-12 (Pre-teen),Male,2.55,0,Kids
13-17 (Teen),Female,3.82,0,Kids
8-12 (Pre-teen),Female,2.82,0,Kids
8-12 (Pre-teen),Male,5.27,1,Kids
18-29 (Young Adult),Female,4.7,1,Kids
8-12 (Pre-teen),Male,3.81,0,Kids
13-17 (Teen),Male,4.85,1,Kids
18-29 (Young Adult),Female,4.85,0,Kids
13-17 (Teen),Male,6.58,0,Kids
8-12 (Pre-teen),Male,5.0,0,Kids
8-12 (Pre-teen),Female,3.22,1,Kids
13-17 (Teen),Male,5.77,0,Kids
13-17 (Teen),Male,3.39,0,Kids
18-29 (Young Adult),Female,3.95,0,Kids
8-12 (Pre-teen),Female,4.16,1,Kids
13-17 (Teen),Female,2.02,0,Kids
8-12 (Pre-teen),Female,2.49,0,Kids
18-29 (Young Adult),Male,2.44,0,Kids
8-12 (Pre-teen),Female,3.67,1,Kids
8-12 (Pre-teen),Male,3.33,1,Kids
8-12 (Pre-teen),Female,5.65,0,Kids
8-12 (Pre-teen),Male,8.07,1,Kids
8-12 (Pre-teen),Female,1.6,0,Kids
13-17 (Teen),Male,4.05,0,Kids
8-12 (Pre-teen),Female,4.78,1,Kids
13-17 (Teen),Male,4.38,1,Kids
8-12 (Pre-teen),Female,4.77,0,Kids
13-17 (Teen),Male,3.97,1,Kids
13-17 (Teen),Male,3.4,1,Kids
18-29 (Young Adult),Female,7.21,1,Kids
18-29 (Young Adult),Female,4.71,0,Kids
8-12 (Pre-teen),Female,0.22,0,Kids
18-29 (Young Adult),Female,5.07,1,Kids
13-17 (Teen),Male,4.74,0,Kids
13-17 (Teen),Female,4.37,1,Kids
8-12 (Pre-teen),Male,6.41,0,Kids
13-17 (Teen),Male,4.71,0,Kids
13-17 (Teen),Male,3.53,1,Kids
18-29 (Young Adult),Female,5.69,1,Kids
8-12 (Pre-teen),Male,5.89,0,Kids
8-12 (Pre-teen),Female,5.56,1,Kids
13-17 (Teen),Female,3.16,0,Kids
13-17 (Teen),Female,6.05,1,Kids
18-29 (Young Adult),Male,6.08,0,Kids
13-17 (Teen),Female,2.65,0,Kids
13-17 (Teen),Male,5.02,1,Kids
13-17 (Teen),Male,6.55,1,Kids
13-17 (Teen),Male,2.88,0,Kids
13-17 (Teen),Female,4.3,0,Kids
8-12 (Pre-teen),Male,6.32,1,Kids
8-12 (Pre-teen),Male,1.43,0,Kids
13-17 (Teen),Male,3.39,1,Kids
8-12 (Pre-teen),Male,5.73,1,Kids
8-12 (Pre-teen),Male,3.23,1,Kids
13-17 (Teen),Female,4.6,0,Kids
13-17 (Teen),Female,5.44,1,Kids
13-17 (Teen),Male,4.71,1,Kids
8-12 (Pre-teen),Male,4.2,0,Kids
8-12 (Pre-teen),Male,6.48,1,Kids
8-12 (Pre-teen),Female,4.37,1,Kids
8-12 (Pre-teen),Female,3.43,0,Kids
8-12 (Pre-teen),Female,3.09,1,Kids
8-12 (Pre-teen),Female,4.04,1,Kids
13-17 (Teen),Female,3.67,0,Kids
18-29 (Young Adult),Male,3.31,1,Kids
18-29 (Young Adult),Male,4.55,1,Kids
13-17 (Teen),Female,3.03,1,Kids
13-17 (Teen),Female,2.08,0,Kids
8-12 (Pre-teen),Female,2.41,0,Kids
13-17 (Teen),Female,4.13,1,Kids
8-12 (Pre-teen),Male,2.94,0,Kids
13-17 (Teen),Male,3.86,1,Kids
13-17 (Teen),Female,4.93,0,Kids
8-12 (Pre-teen),Female,0.19,0,Kids
8-12 (Pre-teen),Male,3.29,0,Kids
8-12 (Pre-teen),Male,3.83,1,Kids
13-17 (Teen),Female,5.78,0,Kids
8-12 (Pre-teen),Female,3.57,1,Kids
8-12 (Pre-teen),Female,5.08,1,Kids
13-17 (Teen),Female,5.97,1,Kids
13-17 (Teen),Female,5.15,1,Kids
18-29 (Young Adult),Male,4.89,0,Kids
13-17 (Teen),Female,4.64,0,Kids
13-17 (Teen),Female,3.09,0,Kids
18-29 (Young Adult),Female,3.27,0,Kids
13-17 (Teen),Male,6.05,1,Kids
8-12 (Pre-teen),Male,3.19,0,Kids
13-17 (Teen),Female,3.67,1,Kids
13-17 (Teen),Male,5.98,0,Kids
13-17 (Teen),Female,3.03,0,Kids
8-12 (Pre-teen),Male,4.09,1,Kids
8-12 (Pre-teen),Female,4.26,1,Kids
8-12 (Pre-teen),Male,5.15,0,Kids
13-17 (Teen),Male,3.99,0,Kids
18-29 (Young Adult),Female,4.3,0,Kids
13-17 (Teen),Male,3.05,1,Kids
18-29 (Young Adult),Female,5.22,0,Kids
13-17 (Teen),Female,6.67,1,Kids
18-29 (Young Adult),Male,3.43,1,Kids
8-12 (Pre-teen),Female,3.7,0,Kids
13-17 (Teen),Male,1.87,0,Kids
13-17 (Teen),Male,4.52,1,Kids
13-17 (Teen),Female,4.05,1,Kids
8-12 (Pre-teen),Female,2.96,0,Kids
8-12 (Pre-teen),Female,0.0,0,Kids
8-12 (Pre-teen),Male,5.97,0,Kids
8-12 (Pre-teen),Female,2.17,0,Kids
13-17 (Teen),Male,3.87,0,Kids
8-12 (Pre-teen),Male,2.73,0,Kids
13-17 (Teen),Female,3.61,0,Kids
13-17 (Teen),Female,5.26,1,Kids
13-17 (Teen),Male,1.55,0,Kids
8-12 (Pre-teen),Male,4.23,1,Kids
8-12 (Pre-teen),Female,5.41,0,Kids
13-17 (Teen),Male,5.01,1,Kids
8-12 (Pre-teen),Female,4.24,1,Kids
13-17 (Teen),Male,4.76,1,Kids
8-12 (Pre-teen),Female,0.37,0,Kids
8-12 (Pre-teen),Female,4.23,1,Kids
13-17 (Teen),Female,5.19,0,Kids
8-12 (Pre-teen),Male,4.51,1,Kids
18-29 (Young Adult),Male,5.0,1,Kids
8-12 (Pre-teen),Male,1.7,0,Kids
8-12 (Pre-teen),Female,4.48,0,Kids
13-17 (Teen),Female,3.63,1,Kids
13-17 (Teen),Male,3.71,0,Kids
8-12 (Pre-teen),Male,8.48,1,Kids
18-29 (Young Adult),Male,2.58,0,Kids
8-12 (Pre-teen),Male,3.97,1,Kids
8-12 (Pre-teen),Female,2.43,0,Kids
13-17 (Teen),Female,4.47,0,Kids
13-17 (Teen),Female,4.44,1,Kids
13-17 (Teen),Male,4.46,1,Kids
8-12 (Pre-teen),Male,4.76,1,Kids
8-12 (Pre-teen),Male,5.64,0,Kids
8-12 (Pre-teen),Male,3.6,0,Kids
8-12 (Pre-teen),Female,7.16,1,Kids
8-12 (Pre-teen),Male,3.45,0,Kids
13-17 (Teen),Female,4.44,1,Kids
13-17 (Teen),Female,3.34,1,Kids
13-17 (Teen),Male,5.89,0,Kids
13-17 (Teen),Female,2.16,0,Kids
13-17 (Teen),Female,6.75,0,Kids
13-17 (Teen),Female,5.37,1,Kids
13-17 (Teen),Female,2.76,0,Kids
18-29 (Young Adult),Female,4.14,1,Kids
13-17 (Teen),Female,5.5,1,Kids
13-17 (Teen),Male,3.74,0,Kids
13-17 (Teen),Male,6.68,1,Kids
13-17 (Teen),Male,3.08,0,Kids
8-12 (Pre-teen),Female,3.5,1,Kids
8-12 (Pre-teen),Female,4.64,1,Kids
8-12 (Pre-teen),Female,5.76,1,Kids
8-12 (Pre-teen),Female,2.86,0,Kids
13-17 (Teen),Female,3.66,1,Kids
13-17 (Teen),Male,2.55,0,Kids
8-12 (Pre-teen),Female,4.25,0,Kids
8-12 (Pre-teen),Female,0.89,0,Kids
13-17 (Teen),Female,7.05,0,Kids
13-17 (Teen),Female,3.39,1,Kids
13-17 (Teen),Male,3.99,0,Kids
13-17 (Teen),Female,1.64,0,Kids
13-17 (Teen),Male,3.71,1,Kids
8-12 (Pre-teen),Male,0.0,0,Kids
13-17 (Teen),Female,5.03,0,Kids
18-29 (Young Adult),Male,3.62,0,Kids
8-12 (Pre-teen),Female,3.73,0,Kids
13-17 (Teen),Male,6.38,1,Kids
13-17 (Teen),Male,5.66,1,Kids
13-17 (Teen),Female,3.67,0,Kids
13-17 (Teen),Male,3.12,1,Kids
8-12 (Pre-teen),Female,3.85,1,Kids
13-17 (Teen),Male,4.94,1,Kids
8-12 (Pre-teen),Female,0.0,0,Kids
8-12 (Pre-teen),Female,0.0,0,Kids
13-17 (Teen),Female,5.44,1,Kids
13-17 (Teen),Male,5.9,1,Kids
13-17 (Teen),Female,4.54,0,Kids
13-17 (Teen),Male,5.4,1,Kids
13-17 (Teen),Female,3.88,0,Kids
8-12 (Pre-teen),Female,5.16,1,Kids
13-17 (Teen),Male,3.63,1,Kids
8-12 (Pre-teen),Male,3.22,1,Kids
13-17 (Teen),Male,3.31,0,Kids
13-17 (Teen),Male,4.8,0,Kids
13-17 (Teen),Female,6.47,1,Kids
8-12 (Pre-teen),Male,0.4,0,Kids
8-12 (Pre-teen),Female,0.0,0,Kids
13-17 (Teen),Female,5.69,1,Kids
8-12 (Pre-teen),Female,4.8,1,Kids
13-17 (Teen),Male,4.8,1,Kids
13-17 (Teen),Female,3.1,1,Kids
13-17 (Teen),Female,2.93,0,Kids
8-12 (Pre-teen),Female,2.37,0,Kids
13-17 (Teen),Female,4.44,1,Kids
13-17 (Teen),Female,2.82,0,Kids
8-12 (Pre-teen),Female,5.23,0,Kids
13-17 (Teen),Female,2.73,0,Kids
18-29 (Young Adult),Male,4.9,1,Kids
8-12 (Pre-teen),Female,4.94,0,Kids
8-12 (Pre-teen),Female,0.0,0,Kids
13-17 (Teen),Female,5.34,1,Kids
13-17 (Teen),Male,5.49,0,Kids
8-12 (Pre-teen),Female,5.28,1,Kids
13-17 (Teen),Female,3.93,1,Kids
13-17 (Teen),Male,4.04,1,Kids
8-12 (Pre-teen),Male,1.71,0,Kids
8-12 (Pre-teen),Male,8.47,1,Kids
13-17 (Teen),Male,4.31,0,Kids
13-17 (Teen),Male,4.44,1,Kids
8-12 (Pre-teen),Female,2.27,0,Kids
18-29 (Young Adult),Male,5.57,1,Kids
13-17 (Teen),Male,3.66,1,Kids
13-17 (Teen),Male,3.09,1,Kids
8-12 (Pre-teen),Male,0.0,0,Kids
8-12 (Pre-teen),Male,5.81,1,Kids
8-12 (Pre-teen),Female,4.95,0,Kids
13-17 (Teen),Female,4.98,0,Kids
8-12 (Pre-teen),Male,0.45,0,Kids
13-17 (Teen),Male,5.79,0,Kids
13-17 (Teen),Male,5.82,1,Kids
13-17 (Teen),Female,5.25,1,Kids
8-12 (Pre-teen),Male,4.97,1,Kids
13-17 (Teen),Male,2.44,0,Kids
13-17 (Teen),Female,3.73,0,Kids
13-17 (Teen),Female,2.95,0,Kids
18-29 (Young Adult),Male,4.74,1,Kids
13-17 (Teen),Male,2.77,0,Kids
13-17 (Teen),Female,3.54,1,Kids
13-17 (Teen),Male,4.36,1,Kids
8-12 (Pre-teen),Male,6.04,1,Kids
8-12 (Pre-teen),Female,1.91,0,Kids
8-12 (Pre-teen),Male,4.96,1,Kids
13-17 (Teen),Male,4.85,0,Kids
8-12 (Pre-teen),Male,2.4,0,Kids
13-17 (Teen),Female,1.87,0,Kids
13-17 (Teen),Female,5.27,1,Kids
13-17 (Teen),Female,3.72,1,Kids
13-17 (Teen),Female,4.74,1,Kids
13-17 (Teen),Male,4.19,1,Kids
13-17 (Teen),Male,4.07,0,Kids
13-17 (Teen),Male,3.38,0,Kids
13-17 (Teen),Male,5.36,1,Kids
8-12 (Pre-teen),Male,4.35,0,Kids
18-29 (Young Adult),Male,5.17,0,Kids
8-12 (Pre-teen),Female,6.31,0,Kids
18-29 (Young Adult),Female,3.31,0,Kids
8-12 (Pre-teen),Female,6.37,0,Kids
8-12 (Pre-teen),Female,4.09,1,Kids
13-17 (Teen),Female,4.3,1,Kids
13-17 (Teen),Male,1.81,0,Kids
8-12 (Pre-teen),Female,3.58,0,Kids
13-17 (Teen),Male,3.58,1,Kids
8-12 (Pre-teen),Male,5.83,0,Kids
13-17 (Teen),Female,5.25,1,Kids
13-17 (Teen),Male,4.07,0,Kids
8-12 (Pre-teen),Female,6.01,1,Kids
13-17 (Teen),Male,5.38,0,Kids
8-12 (Pre-teen),Male,6.25,1,Kids
8-12 (Pre-teen),Female,4.98,1,Kids
8-12 (Pre-teen),Female,5.91,1,Kids
8-12 (Pre-teen),Male,5.75,1,Kids
8-12 (Pre-teen),Female,4.85,1,Kids
13-17 (Teen),Male,3.23,0,Kids
8-12 (Pre-teen),Female,5.1,1,Kids
8-12 (Pre-teen),Female,6.17,1,Kids
8-12 (Pre-teen),Female,7.33,1,Kids
8-12 (Pre-teen),Male,1.56,0,Kids
13-17 (Teen),Male,5.5,1,Kids
13-17 (Teen),Female,5.14,1,Kids
13-17 (Teen),Male,5.87,1,Kids
8-12 (Pre-teen),Male,8.67,0,Kids
18-29 (Young Adult),Male,3.08,0,Kids
13-17 (Teen),Male,3.61,1,Kids
13-17 (Teen),Female,5.34,1,Kids
13-17 (Teen),Female,3.53,0,Kids
18-29 (Young Adult),Female,6.08,1,Kids
13-17 (Teen),Female,6.26,0,Kids
18-29 (Young Adult),Female,3.44,1,Kids
13-17 (Teen),Male,4.31,1,Kids
8-12 (Pre-teen),Male,2.69,0,Kids
8-12 (Pre-teen),Female,2.73,0,Kids
13-17 (Teen),Male,4.93,1,Kids
13-17 (Teen),Female,4.49,1,Kids
8-12 (Pre-teen),Female,2.42,0,Kids
13-17 (Teen),Male,5.19,0,Kids
8-12 (Pre-teen),Male,4.96,1,Kids
8-12 (Pre-teen),Male,3.53,1,Kids
13-17 (Teen),Male,6.12,0,Kids
8-12 (Pre-teen),Female,6.84,1,Kids
8-12 (Pre-teen),Male,6.5,0,Kids
18-29 (Young Adult),Female,3.6,0,Kids
8-12 (Pre-teen),Male,4.83,0,Kids
8-12 (Pre-teen),Male,2.67,0,Kids
13-17 (Teen),Male,3.03,0,Kids
8-12 (Pre-teen),Female,3.67,1,Kids
13-17 (Teen),Male,5.39,1,Kids
8-12 (Pre-teen),Male,2.32,0,Kids
8-12 (Pre-teen),Male,4.91,1,Kids
13-17 (Teen),Male,6.41,1,Kids
8-12 (Pre-teen),Female,2.83,0,Kids
13-17 (Teen),Male,4.27,1,Kids
8-12 (Pre-teen),Female,5.58,1,Kids
13-17 (Teen),Female,3.44,1,Kids
8-12 (Pre-teen),Female,4.22,0,Kids
8-12 (Pre-teen),Female,3.03,0,Kids
13-17 (Teen),Male,3.89,1,Kids
8-12 (Pre-teen),Male,4.48,0,Kids
13-17 (Teen),Female,4.56,1,Kids
13-17 (Teen),Male,4.14,0,Kids
8-12 (Pre-teen),Female,1.49,0,Kids
8-12 (Pre-teen),Male,5.01,1,Kids
18-29 (Young Adult),Female,7.13,1,Kids
8-12 (Pre-teen),Female,5.11,0,Kids
13-17 (Teen),Male,4.86,1,Kids
8-12 (Pre-teen),Male,1.76,0,Kids
13-17 (Teen),Male,5.94,1,Kids
13-17 (Teen),Male,4.26,1,Kids
13-17 (Teen),Female,4.34,0,Kids
13-17 (Teen),Male,4.0,1,Kids
18-29 (Young Adult),Female,4.79,0,Kids
8-12 (Pre-teen),Male,5.19,1,Kids
18-29 (Young Adult),Female,5.49,0,Kids
13-17 (Teen),Female,3.67,1,Kids
13-17 (Teen),Male,4.24,1,Kids
8-12 (Pre-teen),Male,0.88,0,Kids
18-29 (Young Adult),Male,3.51,0,Kids
13-17 (Teen),Female,2.39,0,Kids
18-29 (Young Adult),Female,5.02,0,Kids
8-12 (Pre-teen),Male,0.06,0,Kids
8-12 (Pre-teen),Male,3.79,1,Kids
13-17 (Teen),Male,2.73,0,Kids
8-12 (Pre-teen),Female,7.13,1,Kids
8-12 (Pre-teen),Male,4.09,1,Kids
13-17 (Teen),Female,2.81,0,Kids
13-17 (Teen),Male,5.92,1,Kids
13-17 (Teen),Male,3.05,1,Kids
13-17 (Teen),Male,6.4,0,Kids
13-17 (Teen),Female,7.02,1,Kids
8-12 (Pre-teen),Male,4.59,1,Kids
13-17 (Teen),Female,5.96,1,Kids
8-12 (Pre-teen),Male,4.45,0,Kids
8-12 (Pre-teen),Female,4.68,0,Kids
13-17 (Teen),Female,5.58,0,Kids
13-17 (Teen),Female,2.89,0,Kids
13-17 (Teen),Male,3.2,1,Kids
8-12 (Pre-teen),Female,4.53,1,Kids
8-12 (Pre-teen),Male,5.92,1,Kids
8-12 (Pre-teen),Male,4.94,1,Kids
18-29 (Young Adult),Male,5.69,1,Kids
13-17 (Teen),Male,4.91,0,Kids
8-12 (Pre-teen),Male,3.56,0,Kids
8-12 (Pre-teen),Female,4.85,1,Kids
13-17 (Teen),Female,5.57,1,Kids
8-12 (Pre-teen),Female,5.24,0,Kids
13-17 (Teen),Female,3.79,1,Kids
18-29 (Young Adult),Female,4.26,1,Kids
8-12 (Pre-teen),Female,1.83,0,Kids
13-17 (Teen),Male,3.24,0,Kids
8-12 (Pre-teen),Male,2.78,0,Kids
13-17 (Teen),Male,5.65,0,Kids
13-17 (Teen),Male,4.71,0,Kids
8-12 (Pre-teen),Female,5.71,1,Kids
13-17 (Teen),Female,4.26,1,Kids
13-17 (Teen),Male,3.76,0,Kids
8-12 (Pre-teen),Male,5.44,1,Kids
8-12 (Pre-teen),Female,1.35,0,Kids
8-12 (Pre-teen),Male,6.01,1,Kids
8-12 (Pre-teen),Male,3.18,0,Kids
13-17 (Teen),Male,2.92,0,Kids
13-17 (Teen),Male,3.58,0,Kids
8-12 (Pre-teen),Male,3.22,1,Kids
18-29 (Young Adult),Female,4.23,0,Kids
8-12 (Pre-teen),Male,4.91,1,Kids
13-17 (Teen),Male,5.39,1,Kids
8-12 (Pre-teen),Female,3.46,0,Kids
13-17 (Teen),Male,1.37,0,Kids
8-12 (Pre-teen),Male,2.77,0,Kids
13-17 (Teen),Female,4.93,1,Kids
8-12 (Pre-teen),Male,5.7,1,Kids
13-17 (Teen),Female,2.21,0,Kids
8-12 (Pre-teen),Female,7.27,0,Kids
13-17 (Teen),Male,5.34,0,Kids
8-12 (Pre-teen),Female,6.47,1,Kids
13-17 (Teen),Female,3.71,1,Kids
13-17 (Teen),Male,3.48,1,Kids
18-29 (Young Adult),Female,2.1,0,Kids
8-12 (Pre-teen),Male,9.94,1,Kids
13-17 (Teen),Male,4.13,0,Kids
8-12 (Pre-teen),Male,2.78,0,Kids
13-17 (Teen),Female,2.65,0,Kids
8-12 (Pre-teen),Female,1.87,0,Kids
13-17 (Teen),Male,5.21,0,Kids
13-17 (Teen),Female,4.75,1,Kids
8-12 (Pre-teen),Male,6.89,1,Kids
8-12 (Pre-teen),Female,7.05,0,Kids
13-17 (Teen),Male,3.89,1,Kids
18-29 (Young Adult),Female,3.21,1,Kids
13-17 (Teen),Male,3.04,1,Kids
13-17 (Teen),Male,4.39,1,Kids
13-17 (Teen),Male,4.41,1,Kids
13-17 (Teen),Male,6.29,1,Kids
13-17 (Teen),Male,6.33,0,Kids
8-12 (Pre-teen),Female,11.25,0,Kids
8-12 (Pre-teen),Male,4.66,1,Kids
13-17 (Teen),Male,5.2,1,Kids
13-17 (Teen),Male,2.88,0,Kids
13-17 (Teen),Female,6.18,1,Kids
13-17 (Teen),Female,6.21,1,Kids
13-17 (Teen),Male,4.27,1,Kids
13-17 (Teen),Female,4.36,1,Kids
8-12 (Pre-teen),Female,6.09,1,Kids
13-17 (Teen),Female,4.34,0,Kids
13-17 (Teen),Male,3.06,1,Kids
8-12 (Pre-teen),Female,3.39,1,Kids
8-12 (Pre-teen),Male,4.23,1,Kids
13-17 (Teen),Female,2.67,0,Kids
8-12 (Pre-teen),Male,4.35,0,Kids
8-12 (Pre-teen),Male,0.0,0,Kids
13-17 (Teen),Male,5.11,0,Kids
18-29 (Young Adult),Female,3.52,1,Kids
8-12 (Pre-teen),Female,2.27,0,Kids
8-12 (Pre-teen),Female,0.0,0,Kids
13-17 (Teen),Male,3.21,0,Kids
8-12 (Pre-teen),Female,3.45,0,Kids
13-17 (Teen),Male,3.25,1,Kids
8-12 (Pre-teen),Male,7.73,1,Kids
13-17 (Teen),Male,3.58,1,Kids
8-12 (Pre-teen),Male,3.52,1,Kids
8-12 (Pre-teen),Female,3.73,1,Kids
13-17 (Teen),Male,5.47,1,Kids
8-12 (Pre-teen),Female,3.7,0,Kids
13-17 (Teen),Male,2.09,0,Kids
13-17 (Teen),Female,2.88,0,Kids
8-12 (Pre-teen),Female,9.33,1,Kids
13-17 (Teen),Male,3.93,1,Kids
13-17 (Teen),Female,5.01,0,Kids
8-12 (Pre-teen),Male,3.93,1,Kids
8-12 (Pre-teen),Female,4.61,1,Kids
13-17 (Teen),Male,4.16,0,Kids
8-12 (Pre-teen),Female,3.34,1,Kids
13-17 (Teen),Female,3.54,1,Kids
8-12 (Pre-teen),Male,4.15,1,Kids
8-12 (Pre-teen),Female,1.84,0,Kids
8-12 (Pre-teen),Female,5.14,0,Kids
13-17 (Teen),Female,7.05,1,Kids
8-12 (Pre-teen),Female,5.74,0,Kids
8-12 (Pre-teen),Male,6.98,1,Kids
8-12 (Pre-teen),Male,5.31,1,Kids
13-17 (Teen),Male,4.34,0,Kids
13-17 (Teen),Male,3.96,1,Kids
13-17 (Teen),Female,7.15,1,Kids
8-12 (Pre-teen),Female,4.6,1,Kids
13-17 (Teen),Male,3.24,1,Kids
8-12 (Pre-teen),Female,4.96,0,Kids
13-17 (Teen),Male,3.23,0,Kids
13-17 (Teen),Male,4.57,1,Kids
13-17 (Teen),Female,6.79,0,Kids
8-12 (Pre-teen),Female,5.6,1,Kids
13-17 (Teen),Female,4.85,1,Kids
8-12 (Pre-teen),Female,6.82,0,Kids
18-29 (Young Adult),Female,4.71,0,Kids
13-17 (Teen),Male,4.46,0,Kids
8-12 (Pre-teen),Female,2.35,0,Kids
18-29 (Young Adult),Female,2.57,0,Kids
8-12 (Pre-teen),Male,7.04,1,Kids
8-12 (Pre-teen),Male,4.69,1,Kids
8-12 (Pre-teen),Male,7.69,1,Kids
13-17 (Teen),Male,4.88,1,Kids
13-17 (Teen),Female,6.67,1,Kids
13-17 (Teen),Female,3.33,0,Kids
8-12 (Pre-teen),Female,0.64,0,Kids
13-17 (Teen),Female,3.08,1,Kids
8-12 (Pre-teen),Male,7.27,1,Kids
13-17 (Teen),Female,3.57,1,Kids
13-17 (Teen),Male,6.42,1,Kids
8-12 (Pre-teen),Male,4.75,1,Kids
8-12 (Pre-teen),Female,1.35,0,Kids
13-17 (Teen),Female,6.09,1,Kids
13-17 (Teen),Female,3.82,0,Kids
18-29 (Young Adult),Male,4.03,1,Kids
8-12 (Pre-teen),Male,4.91,1,Kids
13-17 (Teen),Female,4.77,1,Kids
8-12 (Pre-teen),Male,4.53,1,Kids
13-17 (Teen),Female,6.47,1,Kids
8-12 (Pre-teen),Male,4.56,0,Kids
13-17 (Teen),Male,6.34,1,Kids
18-29 (Young Adult),Male,4.49,1,Kids
13-17 (Teen),Female,2.38,0,Kids
8-12 (Pre-teen),Male,5.33,1,Kids
13-17 (Teen),Male,5.95,0,Kids
18-29 (Young Adult),Female,5.23,0,Kids
8-12 (Pre-teen),Female,6.58,0,Kids
8-12 (Pre-teen),Male,4.75,1,Kids
13-17 (Teen),Female,6.18,1,Kids
8-12 (Pre-teen),Male,5.56,1,Kids
18-29 (Young Adult),Female,4.24,0,Kids
13-17 (Teen),Male,5.93,1,Kids
13-17 (Teen),Male,4.74,0,Kids
18-29 (Young Adult),Male,7.69,0,Kids
13-17 (Teen),Female,3.69,1,Kids
13-17 (Teen),Male,0.65,0,Kids
13-17 (Teen),Female,3.98,0,Kids
13-17 (Teen),Male,4.79,1,Kids
13-17 (Teen),Male,6.72,1,Kids
13-17 (Teen),Female,1.39,0,Kids
8-12 (Pre-teen),Male,5.12,0,Kids
13-17 (Teen),Male,3.22,1,Kids
8-12 (Pre-teen),Female,4.64,1,Kids
13-17 (Teen),Female,3.48,0,Kids
8-12 (Pre-teen),Female,4.09,1,Kids
13-17 (Teen),Female,5.68,0,Kids
8-12 (Pre-teen),Male,2.93,0,Kids
13-17 (Teen),Female,5.0,1,Kids
13-17 (Teen),Female,4.68,1,Kids
13-17 (Teen),Male,6.5,0,Kids
8-12 (Pre-teen),Female,5.88,1,Kids
8-12 (Pre-teen),Female,6.61,0,Kids
8-12 (Pre-teen),Female,1.56,0,Kids
13-17 (Teen),Male,4.52,0,Kids
13-17 (Teen),Female,6.26,0,Kids
13-17 (Teen),Female,1.68,0,Kids
13-17 (Teen),Male,4.31,1,Kids
8-12 (Pre-teen),Male,4.8,1,Kids
8-12 (Pre-teen),Female,4.15,1,Kids
13-17 (Teen),Male,3.2,0,Kids
13-17 (Teen),Female,2.93,0,Kids
8-12 (Pre-teen),Male,1.96,0,Kids
13-17 (Teen),Male,3.6,1,Kids
8-12 (Pre-teen),Male,7.39,0,Kids
8-12 (Pre-teen),Female,2.17,0,Kids
13-17 (Teen),Female,5.62,1,Kids
13-17 (Teen),Female,6.3,0,Kids
8-12 (Pre-teen),Male,2.35,0,Kids
13-17 (Teen),Male,4.41,1,Kids
8-12 (Pre-teen),Male,8.52,1,Kids
13-17 (Teen),Female,4.25,1,Kids
8-12 (Pre-teen),Female,1.9,0,Kids
13-17 (Teen),Male,4.32,1,Kids
13-17 (Teen),Male,2.73,0,Kids
18-29 (Young Adult),Male,6.54,1,Kids
8-12 (Pre-teen),Female,9.4,0,Kids
8-12 (Pre-teen),Male,4.89,1,Kids
13-17 (Teen),Male,6.34,1,Kids
8-12 (Pre-teen),Male,0.0,0,Kids
13-17 (Teen),Male,4.9,0,Kids
8-12 (Pre-teen),Male,6.21,0,Kids
13-17 (Teen),Female,4.7,0,Kids
13-17 (Teen),Male,3.92,1,Kids
8-12 (Pre-teen),Male,2.06,0,Kids
13-17 (Teen),Female,4.17,1,Kids
13-17 (Teen),Male,6.29,1,Kids
8-12 (Pre-teen),Male,6.12,1,Kids
13-17 (Teen),Female,5.35,0,Kids
8-12 (Pre-teen),Female,3.43,1,Kids
13-17 (Teen),Male,4.25,1,Kids
8-12 (Pre-teen),Male,6.72,1,Kids
13-17 (Teen),Male,6.71,1,Kids
13-17 (Teen),Female,4.04,1,Kids
18-29 (Young Adult),Male,7.02,1,Kids
8-12 (Pre-teen),Male,6.9,0,Kids
8-12 (Pre-teen),Male,4.47,0,Kids
8-12 (Pre-teen),Male,4.37,1,Kids
8-12 (Pre-teen),Female,3.15,1,Kids
13-17 (Teen),Male,3.46,1,Kids
13-17 (Teen),Male,4.7,1,Kids
13-17 (Teen),Female,4.42,1,Kids
8-12 (Pre-teen),Male,4.59,1,Kids
18-29 (Young Adult),Female,5.49,1,Kids
8-12 (Pre-teen),Female,6.03,1,Kids
8-12 (Pre-teen),Male,9.16,0,Kids
8-12 (Pre-teen),Female,4.38,0,Kids
8-12 (Pre-teen),Female,4.42,0,Kids
8-12 (Pre-teen),Male,3.56,1,Kids
8-12 (Pre-teen),Female,5.03,1,Kids
13-17 (Teen),Male,4.92,0,Kids
13-17 (Teen),Male,3.65,0,Kids
13-17 (Teen),Female,3.6,0,Kids
8-12 (Pre-teen),Female,4.93,0,Kids
13-17 (Teen),Male,5.58,1,Kids
18-29 (Young Adult),Male,4.08,1,Kids
8-12 (Pre-teen),Male,4.46,0,Kids
8-12 (Pre-teen),Male,7.89,0,Kids
8-12 (Pre-teen),Male,6.81,1,Kids
8-12 (Pre-teen),Female,3.89,1,Kids
13-17 (Teen),Male,6.04,0,Kids
13-17 (Teen),Male,4.9,1,Kids
8-12 (Pre-teen),Female,5.0,1,Kids
8-12 (Pre-teen),Male,5.8,0,Kids
13-17 (Teen),Female,4.68,0,Kids
18-29 (Young Adult),Male,5.82,1,Kids
8-12 (Pre-teen),Female,3.21,1,Kids
13-17 (Teen),Male,6.25,1,Kids
8-12 (Pre-teen),Female,6.54,1,Kids
8-12 (Pre-teen),Male,3.93,1,Kids
13-17 (Teen),Female,2.19,0,Kids
13-17 (Teen),Female,4.99,1,Kids
13-17 (Teen),Female,2.46,0,Kids
18-29 (Young Adult),Female,3.63,1,Kids
13-17 (Teen),Male,4.11,0,Kids
13-17 (Teen),Male,5.15,1,Kids
8-12 (Pre-teen),Male,1.14,0,Kids
13-17 (Teen),Female,3.78,1,Kids
13-17 (Teen),Female,6.21,0,Kids
13-17 (Teen),Male,5.06,0,Kids
8-12 (Pre-teen),Female,0.0,0,Kids
13-17 (Teen),Female,3.29,1,Kids
13-17 (Teen),Male,5.51,1,Kids
13-17 (Teen),Male,5.59,0,Kids
8-12 (Pre-teen),Female,0.0,0,Kids
13-17 (Teen),Female,4.77,1,Kids
13-17 (Teen),Female,3.44,1,Kids
8-12 (Pre-teen),Male,6.97,1,Kids
8-12 (Pre-teen),Female,3.98,0,Kids
8-12 (Pre-teen),Female,3.52,0,Kids
8-12 (Pre-teen),Female,5.88,0,Kids
13-17 (Teen),Female,4.91,1,Kids
8-12 (Pre-teen),Male,6.05,1,Kids
18-29 (Young Adult),Male,3.85,1,Kids
13-17 (Teen),Male,6.09,0,Kids
8-12 (Pre-teen),Male,4.64,1,Kids
13-17 (Teen),Female,4.47,1,Kids
13-17 (Teen),Female,5.6,0,Kids
13-17 (Teen),Male,4.05,1,Kids
8-12 (Pre-teen),Female,6.36,1,Kids
13-17 (Teen),Male,4.29,1,Kids
13-17 (Teen),Male,4.69,1,Kids
13-17 (Teen),Female,4.01,0,Kids
8-12 (Pre-teen),Female,5.38,1,Kids
13-17 (Teen),Male,4.75,0,Kids
13-17 (Teen),Male,4.21,1,Kids
13-17 (Teen),Female,4.3,1,Kids
8-12 (Pre-teen),Male,4.23,1,Kids
13-17 (Teen),Male,4.14,0,Kids
8-12 (Pre-teen),Male,3.38,1,Kids
13-17 (Teen),Male,3.57,1,Kids
13-17 (Teen),Female,3.27,1,Kids
18-29 (Young Adult),Male,5.54,0,Kids
8-12 (Pre-teen),Female,7.69,1,Kids
13-17 (Teen),Female,4.06,0,Kids
18-29 (Young Adult),Male,5.17,0,Kids
18-29 (Young Adult),Female,4.18,0,Kids
8-12 (Pre-teen),Male,3.6,1,Kids
8-12 (Pre-teen),Female,3.57,0,Kids
8-12 (Pre-teen),Male,5.53,0,Kids
8-12 (Pre-teen),Male,5.76,1,Kids
13-17 (Teen),Male,5.6,1,Kids
8-12 (Pre-teen),Male,4.53,0,Kids
8-12 (Pre-teen),Female,3.78,1,Kids
13-17 (Teen),Female,3.68,1,Kids
13-17 (Teen),Female,3.87,1,Kids
13-17 (Teen),Male,4.61,1,Kids
8-12 (Pre-teen),Female,2.24,0,Kids
13-17 (Teen),Female,4.4,1,Kids
8-12 (Pre-teen),Female,7.4,1,Kids
8-12 (Pre-teen),Female,1.95,0,Kids
13-17 (Teen),Male,4.27,1,Kids
13-17 (Teen),Male,4.83,0,Kids
18-29 (Young Adult),Male,5.39,1,Kids
18-29 (Young Adult),Female,4.71,1,Kids
13-17 (Teen),Male,6.48,0,Kids
8-12 (Pre-teen),Male,7.45,1,Kids
13-17 (Teen),Male,4.86,1,Kids
13-17 (Teen),Male,5.01,1,Kids
8-12 (Pre-teen),Male,6.81,1,Kids
8-12 (Pre-teen),Male,6.08,1,Kids
8-12 (Pre-teen),Female,4.82,0,Kids
18-29 (Young Adult),Male,3.36,1,Kids
13-17 (Teen),Male,4.89,0,Kids
13-17 (Teen),Male,6.13,1,Kids
13-17 (Teen),Female,3.74,0,Kids
13-17 (Teen),Female,3.14,0,Kids
8-12 (Pre-teen),Female,6.13,1,Kids
8-12 (Pre-teen),Female,2.4,0,Kids
8-12 (Pre-teen),Male,2.6,0,Kids
13-17 (Teen),Female,3.73,1,Kids
13-17 (Teen),Male,4.22,1,Kids
8-12 (Pre-teen),Male,1.06,0,Kids
13-17 (Teen),Female,6.01,1,Kids
13-17 (Teen),Male,5.06,0,Kids
13-17 (Teen),Male,6.05,1,Kids
13-17 (Teen),Female,5.84,1,Kids
13-17 (Teen),Female,7.69,1,Kids
13-17 (Teen),Male,4.22,0,Kids
13-17 (Teen),Male,4.04,1,Kids
13-17 (Teen),Male,4.36,0,Kids
13-17 (Teen),Female,5.77,1,Kids
8-12 (Pre-teen),Female,9.74,0,Kids
8-12 (Pre-teen),Male,4.54,1,Kids
8-12 (Pre-teen),Male,4.41,1,Kids
13-17 (Teen),Female,5.73,0,Kids
8-12 (Pre-teen),Female,2.14,0,Kids
18-29 (Young Adult),Female,5.92,1,Kids
18-29 (Young Adult),Male,4.47,1,Kids
8-12 (Pre-teen),Female,6.87,1,Kids
8-12 (Pre-teen),Female,3.2,1,Kids
13-17 (Teen),Female,4.4,0,Kids
13-17 (Teen),Male,5.62,1,Kids
13-17 (Teen),Female,4.4,1,Kids
8-12 (Pre-teen),Male,6.54,1,Kids
8-12 (Pre-teen),Female,5.19,1,Kids
13-17 (Teen),Female,4.55,1,Kids
13-17 (Teen),Male,3.98,1,Kids
8-12 (Pre-teen),Male,7.76,0,Kids
13-17 (Teen),Male,3.54,1,Kids
18-29 (Young Adult),Male,3.54,1,Kids
18-29 (Young Adult),Male,3.99,1,Kids
8-12 (Pre-teen),Male,2.49,0,Kids
8-12 (Pre-teen),Female,6.27,1,Kids
8-12 (Pre-teen),Male,3.49,1,Kids
8-12 (Pre-teen),Female,3.8,1,Kids
8-12 (Pre-teen),Male,4.46,1,Kids
18-29 (Young Adult),Female,5.64,0,Kids
13-17 (Teen),Male,6.03,0,Kids
13-17 (Teen),Female,3.89,0,Kids
13-17 (Teen),Male,3.86,0,Kids
18-29 (Young Adult),Male,6.46,1,Kids
13-17 (Teen),Male,4.15,1,Kids
8-12 (Pre-teen),Female,6.06,1,Kids
13-17 (Teen),Female,3.32,1,Kids
13-17 (Teen),Female,3.99,1,Kids
8-12 (Pre-teen),Female,0.91,0,Kids
13-17 (Teen),Male,4.72,1,Kids
18-29 (Young Adult),Female,5.66,1,Kids
18-29 (Young Adult),Female,4.41,1,Kids
18-29 (Young Adult),Female,5.05,0,Kids
13-17 (Teen),Female,6.33,1,Kids
13-17 (Teen),Female,5.17,1,Kids
13-17 (Teen),Male,4.24,0,Kids
13-17 (Teen),Female,3.44,0,Kids
18-29 (Young Adult),Male,6.08,1,Kids
8-12 (Pre-teen),Female,9.05,1,Kids
8-12 (Pre-teen),Male,4.09,1,Kids
13-17 (Teen),Female,3.23,0,Kids
8-12 (Pre-teen),Male,3.69,0,Kids
8-12 (Pre-teen),Female,4.65,1,Kids
13-17 (Teen),Female,4.72,0,Kids
8-12 (Pre-teen),Female,5.33,1,Kids
13-17 (Teen),Female,3.72,1,Kids
8-12 (Pre-teen),Female,0.95,0,Kids
13-17 (Teen),Female,4.82,0,Kids
8-12 (Pre-teen),Male,4.5,1,Kids
13-17 (Teen),Male,6.83,1,Kids
13-17 (Teen),Male,3.59,0,Kids
13-17 (Teen),Male,5.77,0,Kids
8-12 (Pre-teen),Female,5.27,1,Kids
8-12 (Pre-teen),Female,5.27,1,Kids
8-12 (Pre-teen),Female,2.36,0,Kids
8-12 (Pre-teen),Female,5.73,0,Kids
8-12 (Pre-teen),Female,5.66,1,Kids
8-12 (Pre-teen),Male,3.47,1,Kids
13-17 (Teen),Female,3.37,0,Kids
8-12 (Pre-teen),Female,4.15,1,Kids
8-12 (Pre-teen),Female,2.41,0,Kids
18-29 (Young Adult),Male,4.18,0,Kids
13-17 (Teen),Male,4.33,1,Kids
8-12 (Pre-teen),Male,5.63,1,Kids
8-12 (Pre-teen),Female,2.74,0,Kids
13-17 (Teen),Female,3.62,0,Kids
13-17 (Teen),Female,3.17,0,Kids
8-12 (Pre-teen),Male,3.65,0,Kids
8-12 (Pre-teen),Female,7.01,1,Kids
13-17 (Teen),Female,5.52,1,Kids
8-12 (Pre-teen),Female,0.19,0,Kids
8-12 (Pre-teen),Male,5.94,0,Kids
13-17 (Teen),Female,5.29,1,Kids
8-12 (Pre-teen),Male,3.87,0,Kids
8-12 (Pre-teen),Male,5.83,1,Kids
13-17 (Teen),Male,2.43,0,Kids
8-12 (Pre-teen),Male,1.64,0,Kids
18-29 (Young Adult),Female,5.6,1,Kids
13-17 (Teen),Male,3.13,0,Kids
8-12 (Pre-teen),Female,4.72,1,Kids
13-17 (Teen),Male,5.59,1,Kids
8-12 (Pre-teen),Female,3.12,1,Kids
8-12 (Pre-teen),Male,5.46,1,Kids
8-12 (Pre-teen),Female,2.09,0,Kids
13-17 (Teen),Male,5.42,1,Kids
13-17 (Teen),Female,4.7,0,Kids
8-12 (Pre-teen),Male,8.19,1,Kids
8-12 (Pre-teen),Female,4.3,1,Kids
13-17 (Teen),Female,4.92,1,Kids
13-17 (Teen),Male,5.45,0,Kids
8-12 (Pre-teen),Female,6.5,1,Kids
13-17 (Teen),Male,3.78,0,Kids
8-12 (Pre-teen),Male,4.88,1,Kids
13-17 (Teen),Female,5.84,1,Kids
8-12 (Pre-teen),Male,2.88,0,Kids
8-12 (Pre-teen),Male,4.74,1,Kids
8-12 (Pre-teen),Female,6.56,0,Kids
8-12 (Pre-teen),Female,2.73,0,Kids
8-12 (Pre-teen),Female,5.79,1,Kids
13-17 (Teen),Female,3.74,0,Kids
18-29 (Young Adult),Male,4.84,0,Kids
8-12 (Pre-teen),Female,5.08,0,Kids
13-17 (Teen),Male,2.11,0,Kids
13-17 (Teen),Female,2.33,0,Kids
8-12 (Pre-teen),Male,6.16,1,Kids
8-12 (Pre-teen),Female,4.75,1,Kids
13-17 (Teen),Male,5.02,0,Kids
13-17 (Teen),Male,4.97,0,Kids
13-17 (Teen),Female,5.1,0,Kids
13-17 (Teen),Female,3.44,0,Kids
8-12 (Pre-teen),Male,4.61,0,Kids
8-12 (Pre-teen),Male,3.53,1,Kids
13-17 (Teen),Female,4.57,0,Kids
8-12 (Pre-teen),Female,3.53,0,Kids
13-17 (Teen),Female,2.52,0,Kids
8-12 (Pre-teen),Female,5.77,1,Kids
8-12 (Pre-teen),Male,7.52,1,Kids
8-12 (Pre-teen),Female,5.33,1,Kids
8-12 (Pre-teen),Female,7.08,0,Kids
18-29 (Young Adult),Female,3.71,0,Kids
8-12 (Pre-teen),Male,4.82,0,Kids
13-17 (Teen),Female,5.82,0,Kids
8-12 (Pre-teen),Male,3.28,0,Kids
8-12 (Pre-teen),Male,3.43,1,Kids
13-17 (Teen),Female,5.01,1,Kids
8-12 (Pre-teen),Male,5.12,1,Kids
13-17 (Teen),Male,3.94,1,Kids
8-12 (Pre-teen),Female,4.83,1,Kids
18-29 (Young Adult),Female,7.09,0,Kids
13-17 (Teen),Female,3.71,1,Kids
8-12 (Pre-teen),Male,4.55,0,Kids
18-29 (Young Adult),Male,5.79,1,Kids
13-17 (Teen),Male,5.24,1,Kids
8-12 (Pre-teen),Female,4.03,0,Kids
8-12 (Pre-teen),Female,3.62,1,Kids
13-17 (Teen),Female,4.24,0,Kids
13-17 (Teen),Female,3.45,0,Kids
8-12 (Pre-teen),Male,3.35,1,Kids
8-12 (Pre-teen),Male,5.58,0,Kids
8-12 (Pre-teen),Female,2.1,0,Kids
18-29 (Young Adult),Female,6.42,1,Kids
8-12 (Pre-teen),Female,0.4,0,Kids
8-12 (Pre-teen),Female,2.67,0,Kids
13-17 (Teen),Female,4.48,1,Kids
13-17 (Teen),Male,5.0,0,Kids
8-12 (Pre-teen),Male,0.43,0,Kids
13-17 (Teen),Male,7.52,1,Kids
13-17 (Teen),Male,4.96,1,Kids
8-12 (Pre-teen),Male,4.13,0,Kids
8-12 (Pre-teen),Female,5.56,1,Kids
13-17 (Teen),Female,3.89,1,Kids
18-29 (Young Adult),Male,4.53,0,Kids
13-17 (Teen),Female,3.97,1,Kids
8-12 (Pre-teen),Male,9.16,1,Kids
18-29 (Young Adult),Male,5.07,0,Kids
18-29 (Young Adult),Male,6.45,1,Kids
8-12 (Pre-teen),Female,4.71,1,Kids
8-12 (Pre-teen),Male,2.07,0,Kids
13-17 (Teen),Female,4.53,1,Kids
18-29 (Young Adult),Female,4.21,1,Kids
8-12 (Pre-teen),Male,3.35,1,Kids
13-17 (Teen),Male,3.45,0,Kids
8-12 (Pre-teen),Male,7.26,1,Kids
8-12 (Pre-teen),Male,8.53,1,Kids
8-12 (Pre-teen),Female,4.15,1,Kids
13-17 (Teen),Female,5.24,0,Kids
8-12 (Pre-teen),Male,3.52,1,Kids
13-17 (Teen),Female,4.57,0,Kids
13-17 (Teen),Female,6.53,0,Kids
13-17 (Teen),Female,4.47,0,Kids
13-17 (Teen),Female,4.16,1,Kids
13-17 (Teen),Female,4.64,1,Kids
8-12 (Pre-teen),Female,2.6,0,Kids
13-17 (Teen),Female,4.73,0,Kids
13-17 (Teen),Female,4.55,1,Kids
13-17 (Teen),Female,3.57,1,Kids
13-17 (Teen),Female,4.22,0,Kids
8-12 (Pre-teen),Female,4.3,1,Kids
13-17 (Teen),Male,4.74,1,Kids
13-17 (Teen),Female,6.02,1,Kids
13-17 (Teen),Female,3.73,0,Kids
8-12 (Pre-teen),Female,6.24,1,Kids
8-12 (Pre-teen),Male,2.32,0,Kids
18-29 (Young Adult),Female,2.62,0,Kids
18-29 (Young Adult),Male,4.53,1,Kids
13-17 (Teen),Female,3.79,1,Kids
8-12 (Pre-teen),Female,7.85,0,Kids
13-17 (Teen),Male,5.13,1,Kids
13-17 (Teen),Male,6.66,0,Kids
8-12 (Pre-teen),Male,8.66,0,Kids
13-17 (Teen),Male,4.52,1,Kids
13-17 (Teen),Female,2.2,0,Kids
13-17 (Teen),Female,5.52,0,Kids
13-17 (Teen),Female,5.49,1,Kids
13-17 (Teen),Female,5.4,1,Kids
13-17 (Teen),Male,4.23,0,Kids
8-12 (Pre-teen),Female,2.87,0,Kids
8-12 (Pre-teen),Male,3.75,0,Kids
13-17 (Teen),Male,5.12,1,Kids
8-12 (Pre-teen),Male,5.22,1,Kids
8-12 (Pre-teen),Female,4.51,1,Kids
8-12 (Pre-teen),Female,5.54,0,Kids
8-12 (Pre-teen),Female,5.3,1,Kids
13-17 (Teen),Male,4.12,1,Kids
13-17 (Teen),Male,2.75,0,Kids
18-29 (Young Adult),Male,5.72,0,Kids
8-12 (Pre-teen),Male,0.0,0,Kids
13-17 (Teen),Male,5.01,0,Kids
8-12 (Pre-teen),Male,3.17,1,Kids
8-12 (Pre-teen),Male,4.97,0,Kids
8-12 (Pre-teen),Female,3.75,1,Kids
13-17 (Teen),Male,3.04,1,Kids
13-17 (Teen),Female,5.62,0,Kids
8-12 (Pre-teen),Female,4.7,1,Kids
13-17 (Teen),Male,3.11,1,Kids
8-12 (Pre-teen),Female,3.96,0,Kids
8-12 (Pre-teen),Male,5.61,0,Kids
13-17 (Teen),Male,4.33,1,Kids
8-12 (Pre-teen),Female,7.37,1,Kids
13-17 (Teen),Male,2.13,0,Kids
13-17 (Teen),Female,4.05,1,Kids
13-17 (Teen),Male,3.66,0,Kids
13-17 (Teen),Male,3.08,0,Kids
8-12 (Pre-teen),Male,2.99,0,Kids
8-12 (Pre-teen),Male,7.52,1,Kids
13-17 (Teen),Female,3.44,0,Kids
8-12 (Pre-teen),Male,4.05,1,Kids
13-17 (Teen),Male,3.71,1,Kids
13-17 (Teen),Female,5.4,0,Kids
8-12 (Pre-teen),Female,6.92,0,Kids
8-12 (Pre-teen),Male,3.66,1,Kids
8-12 (Pre-teen),Male,5.11,1,Kids
8-12 (Pre-teen),Male,8.31,1,Kids
13-17 (Teen),Female,6.1,1,Kids
8-12 (Pre-teen),Male,1.85,0,Kids
13-17 (Teen),Male,6.7,1,Kids
18-29 (Young Adult),Female,5.37,1,Kids
18-29 (Young Adult),Male,1.89,0,Kids
8-12 (Pre-teen),Male,5.25,1,Kids
8-12 (Pre-teen),Female,4.74,0,Kids
8-12 (Pre-teen),Male,5.6,1,Kids
13-17 (Teen),Male,3.9,0,Kids
8-12 (Pre-teen),Female,3.89,0,Kids
13-17 (Teen),Female,6.27,1,Kids
13-17 (Teen),Male,2.93,0,Kids
8-12 (Pre-teen),Male,3.79,1,Kids
13-17 (Teen),Female,4.95,0,Kids
13-17 (Teen),Female,4.13,1,Kids
8-12 (Pre-teen),Male,5.15,0,Kids
13-17 (Teen),Male,5.12,1,Kids
13-17 (Teen),Male,6.08,0,Kids
8-12 (Pre-teen),Male,5.88,1,Kids
8-12 (Pre-teen),Male,3.97,0,Kids
18-29 (Young Adult),Male,5.27,1,Kids
8-12 (Pre-teen),Female,3.62,1,Kids
13-17 (Teen),Female,3.3,0,Kids
13-17 (Teen),Female,5.12,0,Kids
18-29 (Young Adult),Female,4.06,0,Kids
18-29 (Young Adult),Female,3.26,1,Kids
8-12 (Pre-teen),Male,0.3,0,Kids
8-12 (Pre-teen),Male,5.11,1,Kids
8-12 (Pre-teen),Female,4.39,0,Kids
8-12 (Pre-teen),Male,5.06,0,Kids
8-12 (Pre-teen),Female,0.0,0,Kids
13-17 (Teen),Male,5.95,0,Kids
13-17 (Teen),Male,3.44,1,Kids
13-17 (Teen),Male,4.64,1,Kids
18-29 (Young Adult),Female,4.72,1,Kids
8-12 (Pre-teen),Male,5.48,1,Kids
8-12 (Pre-teen),Female,3.62,0,Kids
8-12 (Pre-teen),Male,4.09,1,Kids
13-17 (Teen),Male,4.11,1,Kids
13-17 (Teen),Female,4.97,0,Kids
13-17 (Teen),Male,5.71,1,Kids
13-17 (Teen),Male,4.7,1,Kids
8-12 (Pre-teen),Female,6.15,1,Kids
8-12 (Pre-teen),Female,5.33,0,Kids
18-29 (Young Adult),Female,2.32,0,Kids
13-17 (Teen),Male,4.36,1,Kids
13-17 (Teen),Female,5.25,1,Kids
13-17 (Teen),Female,4.09,1,Kids
8-12 (Pre-teen),Male,0.0,0,Kids
8-12 (Pre-teen),Female,3.34,1,Kids
13-17 (Teen),Female,8.74,0,Kids
18-29 (Young Adult),Female,8.01,1,Kids
13-17 (Teen),Male,5.69,0,Kids
13-17 (Teen),Female,5.56,0,Kids
13-17 (Teen),Female,4.5,1,Kids
18-29 (Young Adult),Male,4.2,0,Kids
13-17 (Teen),Male,4.53,1,Kids
13-17 (Teen),Male,4.89,1,Kids
8-12 (Pre-teen),Female,3.79,0,Kids
8-12 (Pre-teen),Male,3.82,0,Kids
8-12 (Pre-teen),Male,4.1,1,Kids
8-12 (Pre-teen),Female,0.0,0,Kids
13-17 (Teen),Female,3.99,1,Kids
8-12 (Pre-teen),Female,3.66,0,Kids
8-12 (Pre-teen),Female,3.34,1,Kids
8-12 (Pre-teen),Female,7.78,1,Kids
8-12 (Pre-teen),Male,2.99,0,Kids
8-12 (Pre-teen),Female,5.15,0,Kids
13-17 (Teen),Female,6.09,0,Kids
13-17 (Teen),Female,0.16,0,Kids
8-12 (Pre-teen),Female,7.34,0,Kids
8-12 (Pre-teen),Male,5.0,0,Kids
8-12 (Pre-teen),Female,4.76,1,Kids
8-12 (Pre-teen),Female,5.69,1,Kids
8-12 (Pre-teen),Male,0.91,0,Kids
18-29 (Young Adult),Male,4.31,1,Kids
8-12 (Pre-teen),Female,5.87,1,Kids
8-12 (Pre-teen),Male,3.68,0,Kids
13-17 (Teen),Female,4.44,1,Kids
13-17 (Teen),Male,4.94,1,Kids
8-12 (Pre-teen),Female,4.05,0,Kids
8-12 (Pre-teen),Male,8.44,1,Kids
13-17 (Teen),Male,3.42,0,Kids
8-12 (Pre-teen),Female,3.77,0,Kids
13-17 (Teen),Male,7.35,1,Kids
18-29 (Young Adult),Male,2.39,0,Kids
18-29 (Young Adult),Female,5.1,1,Kids
13-17 (Teen),Male,3.63,0,Kids
13-17 (Teen),Male,4.28,1,Kids
8-12 (Pre-teen),Female,5.52,1,Kids
8-12 (Pre-teen),Female,5.14,1,Kids
13-17 (Teen),Male,2.65,0,Kids
18-29 (Young Adult),Female,5.08,1,Kids
8-12 (Pre-teen),Male,4.02,1,Kids
13-17 (Teen),Male,5.51,1,Kids
8-12 (Pre-teen),Male,3.77,1,Kids
13-17 (Teen),Male,3.09,1,Kids
13-17 (Teen),Male,6.11,1,Kids
13-17 (Teen),Male,4.63,0,Kids
8-12 (Pre-teen),Male,7.67,0,Kids
13-17 (Teen),Female,5.6,1,Kids
13-17 (Teen),Male,4.94,1,Kids
18-29 (Young Adult),Male,3.67,1,Kids
13-17 (Teen),Female,3.23,0,Kids
8-12 (Pre-teen),Male,7.71,1,Kids
13-17 (Teen),Female,5.78,0,Kids
8-12 (Pre-teen),Female,3.04,0,Kids
13-17 (Teen),Male,2.31,0,Kids
8-12 (Pre-teen),Male,1.44,0,Kids
13-17 (Teen),Female,5.06,0,Kids
18-29 (Young Adult),Female,5.75,1,Kids
13-17 (Teen),Male,6.12,1,Kids
13-17 (Teen),Female,5.61,0,Kids
18-29 (Young Adult),Male,5.34,1,Kids
18-29 (Young Adult),Female,6.85,1,Kids
13-17 (Teen),Female,2.89,0,Kids
8-12 (Pre-teen),Male,6.87,1,Kids
18-29 (Young Adult),Female,3.97,0,Kids
8-12 (Pre-teen),Male,2.9,0,Kids
13-17 (Teen),Male,4.03,0,Kids
8-12 (Pre-teen),Female,6.11,1,Kids
13-17 (Teen),Female,3.1,1,Kids
8-12 (Pre-teen),Male,1.32,0,Kids
13-17 (Teen),Male,2.66,0,Kids
8-12 (Pre-teen),Male,2.77,0,Kids
8-12 (Pre-teen),Female,5.83,1,Kids
13-17 (Teen),Male,6.08,0,Kids
13-17 (Teen),Female,3.98,0,Kids
18-29 (Young Adult),Female,4.54,1,Kids
8-12 (Pre-teen),Female,4.17,1,Kids
13-17 (Teen),Female,4.77,1,Kids
13-17 (Teen),Male,5.11,0,Kids
13-17 (Teen),Female,6.76,1,Kids
18-29 (Young Adult),Female,2.01,0,Kids
13-17 (Teen),Female,5.71,0,Kids
8-12 (Pre-teen),Male,3.54,1,Kids
13-17 (Teen),Female,4.38,1,Kids
13-17 (Teen),Female,2.31,0,Kids
13-17 (Teen),Male,4.78,1,Kids
18-29 (Young Adult),Female,5.33,1,Kids
8-12 (Pre-teen),Male,4.92,0,Kids
8-12 (Pre-teen),Female,6.63,1,Kids
8-12 (Pre-teen),Female,4.99,1,Kids
8-12 (Pre-teen),Male,3.17,1,Kids
13-17 (Teen),Female,2.77,0,Kids
13-17 (Teen),Female,5.13,1,Kids
13-17 (Teen),Female,4.51,1,Kids
13-17 (Teen),Female,6.02,0,Kids
13-17 (Teen),Female,4.79,1,Kids
13-17 (Teen),Male,3.74,0,Kids
8-12 (Pre-teen),Female,6.23,1,Kids
13-17 (Teen),Male,3.17,1,Kids
8-12 (Pre-teen),Female,5.36,0,Kids
18-29 (Young Adult),Male,4.41,0,Kids
8-12 (Pre-teen),Male,8.36,1,Kids
13-17 (Teen),Male,3.3,0,Kids
13-17 (Teen),Male,4.18,1,Kids
18-29 (Young Adult),Female,5.12,1,Kids
13-17 (Teen),Male,5.44,0,Kids
13-17 (Teen),Female,3.1,0,Kids
13-17 (Teen),Male,4.23,1,Kids
13-17 (Teen),Male,3.98,1,Kids
8-12 (Pre-teen),Male,5.64,1,Kids
18-29 (Young Adult),Female,3.32,0,Kids
13-17 (Teen),Female,2.55,0,Kids
13-17 (Teen),Male,3.04,1,Kids
13-17 (Teen),Male,5.58,1,Kids
13-17 (Teen),Female,5.97,0,Kids
8-12 (Pre-teen),Male,3.9,1,Kids
8-12 (Pre-teen),Male,1.7,0,Kids
8-12 (Pre-teen),Male,4.21,0,Kids
8-12 (Pre-teen),Female,5.72,1,Kids
8-12 (Pre-teen),Female,3.64,1,Kids
8-12 (Pre-teen),Female,4.24,1,Kids
8-12 (Pre-teen),Male,6.64,0,Kids
13-17 (Teen),Male,5.25,1,Kids
13-17 (Teen),Male,5.52,0,Kids
8-12 (Pre-teen),Female,4.07,0,Kids
13-17 (Teen),Male,4.79,0,Kids
13-17 (Teen),Female,4.57,1,Kids
18-29 (Young Adult),Male,6.4,0,Kids
8-12 (Pre-teen),Male,5.02,1,Kids
13-17 (Teen),Female,5.94,1,Kids
8-12 (Pre-teen),Male,3.16,0,Kids
13-17 (Teen),Male,6.1,1,Kids
13-17 (Teen),Male,6.09,0,Kids
13-17 (Teen),Male,4.13,0,Kids
13-17 (Teen),Female,4.68,1,Kids
13-17 (Teen),Female,6.07,1,Kids
13-17 (Teen),Male,6.46,1,Kids
13-17 (Teen),Female,5.87,0,Kids
8-12 (Pre-teen),Male,2.19,0,Kids
8-12 (Pre-teen),Male,5.59,1,Kids
8-12 (Pre-teen),Female,2.15,0,Kids
13-17 (Teen),Male,4.42,1,Kids
13-17 (Teen),Female,6.33,0,Kids
13-17 (Teen),Male,3.53,1,Kids
13-17 (Teen),Male,4.62,0,Kids
13-17 (Teen),Female,6.9,1,Kids
8-12 (Pre-teen),Female,4.49,0,Kids
13-17 (Teen),Male,5.9,1,Kids
18-29 (Young Adult),Male,4.05,1,Kids
8-12 (Pre-teen),Male,5.19,1,Kids
8-12 (Pre-teen),Female,5.52,0,Kids
8-12 (Pre-teen),Female,7.44,1,Kids
8-12 (Pre-teen),Female,4.78,1,Kids
8-12 (Pre-teen),Female,4.44,1,Kids
8-12 (Pre-teen),Female,4.01,0,Kids
8-12 (Pre-teen),Male,0.52,0,Kids
8-12 (Pre-teen),Female,3.77,0,Kids
18-29 (Young Adult),Female,4.7,1,Kids
13-17 (Teen),Female,3.4,1,Kids
13-17 (Teen),Male,5.72,1,Kids
8-12 (Pre-teen),Female,3.99,0,Kids
8-12 (Pre-teen),Male,5.45,1,Kids
13-17 (Teen),Male,4.94,0,Kids
8-12 (Pre-teen),Male,6.3,1,Kids
13-17 (Teen),Male,4.16,1,Kids
8-12 (Pre-teen),Male,1.45,0,Kids
13-17 (Teen),Male,2.29,0,Kids
13-17 (Teen),Female,5.82,0,Kids
8-12 (Pre-teen),Male,3.71,1,Kids
8-12 (Pre-teen),Male,4.69,1,Kids
8-12 (Pre-teen),Female,3.36,1,Kids
8-12 (Pre-teen),Female,3.74,1,Kids
18-29 (Young Adult),Male,5.34,0,Kids
18-29 (Young Adult),Male,3.79,1,Kids
18-29 (Young Adult),Female,5.95,1,Kids
13-17 (Teen),Male,3.93,1,Kids
8-12 (Pre-teen),Female,5.75,1,Kids
8-12 (Pre-teen),Male,5.98,1,Kids
18-29 (Young Adult),Male,3.38,1,Kids
18-29 (Young Adult),Male,4.05,1,Kids
8-12 (Pre-teen),Male,4.0,0,Kids
8-12 (Pre-teen),Male,5.12,0,Kids
8-12 (Pre-teen),Male,6.45,1,Kids
13-17 (Teen),Male,4.48,0,Kids
13-17 (Teen),Female,4.22,1,Kids
13-17 (Teen),Female,4.32,1,Kids
13-17 (Teen),Female,6.01,1,Kids
8-12 (Pre-teen),Male,6.62,1,Kids
13-17 (Teen),Female,4.91,0,Kids
18-29 (Young Adult),Male,2.81,0,Kids
8-12 (Pre-teen),Female,3.01,1,Kids
8-12 (Pre-teen),Male,4.4,1,Kids
13-17 (Teen),Female,5.88,1,Kids
8-12 (Pre-teen),Female,6.52,1,Kids
13-17 (Teen),Female,4.92,1,Kids
8-12 (Pre-teen),Female,4.66,0,Kids
13-17 (Teen),Female,5.43,1,Kids
13-17 (Teen),Male,4.36,0,Kids
13-17 (Teen),Female,4.43,1,Kids
13-17 (Teen),Female,5.77,1,Kids
13-17 (Teen),Male,3.02,0,Kids
13-17 (Teen),Male,4.73,1,Kids
13-17 (Teen),Female,4.09,0,Kids
13-17 (Teen),Female,3.91,0,Kids
13-17 (Teen),Female,3.88,1,Kids
8-12 (Pre-teen),Female,0.0,0,Kids
8-12 (Pre-teen),Male,4.75,0,Kids
8-12 (Pre-teen),Female,7.32,0,Kids
8-12 (Pre-teen),Male,4.28,1,Kids
13-17 (Teen),Female,4.69,0,Kids
13-17 (Teen),Female,8.27,0,Kids
8-12 (Pre-teen),Female,1.86,0,Kids
13-17 (Teen),Female,5.67,0,Kids
8-12 (Pre-teen),Female,6.57,0,Kids
13-17 (Teen),Female,4.96,0,Kids
18-29 (Young Adult),Male,4.23,1,Kids
13-17 (Teen),Male,4.48,1,Kids
13-17 (Teen),Male,3.87,1,Kids
13-17 (Teen),Female,4.21,1,Kids
8-12 (Pre-teen),Male,3.96,0,Kids
13-17 (Teen),Female,5.54,1,Kids
8-12 (Pre-teen),Female,9.71,1,Kids
18-29 (Young Adult),Female,5.04,1,Kids
8-12 (Pre-teen),Male,4.26,0,Kids
8-12 (Pre-teen),Male,6.19,0,Kids
8-12 (Pre-teen),Male,3.41,0,Kids
13-17 (Teen),Male,4.59,0,Kids
8-12 (Pre-teen),Female,5.16,0,Kids
13-17 (Teen),Female,4.39,0,Kids
8-12 (Pre-teen),Female,6.48,1,Kids
8-12 (Pre-teen),Male,0.0,0,Kids
13-17 (Teen),Male,4.81,0,Kids
18-29 (Young Adult),Male,5.7,1,Kids
8-12 (Pre-teen),Female,0.0,0,Kids
13-17 (Teen),Male,5.09,1,Kids
8-12 (Pre-teen),Male,5.77,0,Kids
13-17 (Teen),Female,5.75,0,Kids
8-12 (Pre-teen),Male,2.16,0,Kids
18-29 (Young Adult),Male,4.52,1,Kids
13-17 (Teen),Female,5.78,0,Kids
18-29 (Young Adult),Female,4.79,1,Kids
8-12 (Pre-teen),Female,1.82,0,Kids
18-29 (Young Adult),Female,3.56,1,Kids
8-12 (Pre-teen),Female,2.48,0,Kids
8-12 (Pre-teen),Female,3.39,1,Kids
8-12 (Pre-teen),Male,0.99,0,Kids
8-12 (Pre-teen),Male,10.49,1,Kids
13-17 (Teen),Male,5.61,1,Kids
13-17 (Teen),Male,4.91,1,Kids
8-12 (Pre-teen),Male,4.76,1,Kids
13-17 (Teen),Male,2.87,0,Kids
13-17 (Teen),Male,4.88,1,Kids
13-17 (Teen),Male,4.87,0,Kids
13-17 (Teen),Male,4.47,1,Kids
13-17 (Teen),Male,2.01,0,Kids
8-12 (Pre-teen),Male,5.34,1,Kids
13-17 (Teen),Female,6.97,0,Kids
18-29 (Young Adult),Male,4.17,0,Kids
13-17 (Teen),Male,4.65,0,Kids
8-12 (Pre-teen),Male,1.0,0,Kids
13-17 (Teen),Male,6.65,1,Kids
8-12 (Pre-teen),Male,1.25,0,Kids
13-17 (Teen),Male,3.55,0,Kids
13-17 (Teen),Female,4.32,1,Kids
13-17 (Teen),Female,3.68,1,Kids
8-12 (Pre-teen),Male,5.04,0,Kids
13-17 (Teen),Male,4.57,0,Kids
8-12 (Pre-teen),Female,2.96,0,Kids
13-17 (Teen),Male,5.98,1,Kids
8-12 (Pre-teen),Female,5.72,0,Kids
18-29 (Young Adult),Male,3.48,1,Kids
13-17 (Teen),Female,6.35,1,Kids
18-29 (Young Adult),Female,5.58,0,Kids
13-17 (Teen),Male,4.97,0,Kids
13-17 (Teen),Female,7.45,1,Kids
13-17 (Teen),Male,4.66,0,Kids
18-29 (Young Adult),Male,4.11,1,Kids
8-12 (Pre-teen),Male,3.26,0,Kids
8-12 (Pre-teen),Female,7.53,1,Kids
13-17 (Teen),Female,4.51,0,Kids
8-12 (Pre-teen),Female,2.69,0,Kids
13-17 (Teen),Female,2.79,0,Kids
13-17 (Teen),Female,5.54,1,Kids
8-12 (Pre-teen),Female,2.16,0,Kids
8-12 (Pre-teen),Male,7.87,0,Kids
13-17 (Teen),Female,4.58,0,Kids
13-17 (Teen),Male,6.0,1,Kids
13-17 (Teen),Male,3.44,1,Kids
13-17 (Teen),Male,1.97,0,Kids
8-12 (Pre-teen),Female,3.11,0,Kids
8-12 (Pre-teen),Female,4.9,1,Kids
8-12 (Pre-teen),Female,1.0,0,Kids
8-12 (Pre-teen),Female,5.22,1,Kids
8-12 (Pre-teen),Female,2.97,0,Kids
13-17 (Teen),Male,5.86,1,Kids
13-17 (Teen),Male,4.96,1,Kids
8-12 (Pre-teen),Male,5.87,0,Kids
13-17 (Teen),Male,3.99,1,Kids
8-12 (Pre-teen),Male,3.73,1,Kids
13-17 (Teen),Female,6.22,0,Kids
13-17 (Teen),Male,5.23,0,Kids
13-17 (Teen),Male,5.12,1,Kids
13-17 (Teen),Male,3.89,1,Kids
8-12 (Pre-teen),Female,4.4,1,Kids
13-17 (Teen),Male,3.58,0,Kids
13-17 (Teen),Female,6.52,0,Kids
13-17 (Teen),Female,3.39,0,Kids
8-12 (Pre-teen),Female,7.25,1,Kids
8-12 (Pre-teen),Female,4.29,1,Kids
8-12 (Pre-teen),Female,3.33,0,Kids
13-17 (Teen),Male,5.34,1,Kids
18-29 (Young Adult),Male,5.55,0,Kids
13-17 (Teen),Female,4.48,1,Kids
13-17 (Teen),Female,3.04,1,Kids
8-12 (Pre-teen),Male,3.0,0,Kids
13-17 (Teen),Female,4.57,0,Kids
8-12 (Pre-teen),Female,1.18,0,Kids
13-17 (Teen),Male,2.76,0,Kids
8-12 (Pre-teen),Female,1.19,0,Kids
13-17 (Teen),Male,4.05,0,Kids
13-17 (Teen),Male,4.09,1,Kids
8-12 (Pre-teen),Male,3.29,1,Kids
13-17 (Teen),Male,4.6,1,Kids
13-17 (Teen),Male,7.4,0,Kids
18-29 (Young Adult),Male,4.2,0,Kids
13-17 (Teen),Male,4.58,1,Kids
8-12 (Pre-teen),Female,2.42,0,Kids
18-29 (Young Adult),Female,3.28,0,Kids
13-17 (Teen),Male,4.0,0,Kids
8-12 (Pre-teen),Female,6.05,1,Kids
18-29 (Young Adult),Male,5.27,1,Kids
8-12 (Pre-teen),Male,1.73,0,Kids
18-29 (Young Adult),Male,5.0,0,Kids
13-17 (Teen),Female,5.47,0,Kids
8-12 (Pre-teen),Male,7.38,1,Kids
13-17 (Teen),Female,4.11,1,Kids
18-29 (Young Adult),Male,3.86,0,Kids
13-17 (Teen),Male,4.98,1,Kids
13-17 (Teen),Male,3.51,0,Kids
8-12 (Pre-teen),Female,8.18,1,Kids
8-12 (Pre-teen),Female,2.69,0,Kids
13-17 (Teen),Female,3.9,1,Kids
8-12 (Pre-teen),Female,6.76,0,Kids
13-17 (Teen),Male,4.43,1,Kids
13-17 (Teen),Female,6.51,1,Kids
13-17 (Teen),Female,5.06,1,Kids
13-17 (Teen),Male,3.58,1,Kids
13-17 (Teen),Male,3.42,0,Kids
8-12 (Pre-teen),Female,6.41,1,Kids
13-17 (Teen),Male,5.33,0,Kids
8-12 (Pre-teen),Male,3.52,1,Kids
13-17 (Teen),Male,4.84,1,Kids
8-12 (Pre-teen),Female,7.83,1,Kids
8-12 (Pre-teen),Male,4.03,0,Kids
8-12 (Pre-teen),Male,0.0,0,Kids
13-17 (Teen),Male,3.14,1,Kids
13-17 (Teen),Male,5.7,1,Kids
8-12 (Pre-teen),Female,6.07,0,Kids
8-12 (Pre-teen),Female,0.0,0,Kids
13-17 (Teen),Male,6.35,1,Kids
13-17 (Teen),Female,3.78,0,Kids
18-29 (Young Adult),Male,4.93,0,Kids
8-12 (Pre-teen),Male,7.65,0,Kids
8-12 (Pre-teen),Male,2.64,0,Kids
13-17 (Teen),Female,4.52,0,Kids
8-12 (Pre-teen),Male,5.02,1,Kids
13-17 (Teen),Male,3.94,0,Kids
13-17 (Teen),Male,4.0,1,Kids
13-17 (Teen),Female,3.95,1,Kids
13-17 (Teen),Female,4.97,1,Kids
8-12 (Pre-teen),Female,2.88,0,Kids
8-12 (Pre-teen),Male,5.77,1,Kids
18-29 (Young Adult),Female,5.01,1,Kids
13-17 (Teen),Female,4.94,1,Kids
13-17 (Teen),Male,4.64,1,Kids
13-17 (Teen),Male,4.56,1,Kids
13-17 (Teen),Male,4.04,1,Kids
13-17 (Teen),Female,4.54,1,Kids
8-12 (Pre-teen),Female,1.91,0,Kids
8-12 (Pre-teen),Female,6.62,1,Kids
13-17 (Teen),Female,5.89,1,Kids
18-29 (Young Adult),Male,4.87,0,Kids
8-12 (Pre-teen),Female,2.67,0,Kids
8-12 (Pre-teen),Female,0.0,0,Kids
18-29 (Young Adult),Male,3.75,0,Kids
8-12 (Pre-teen),Male,4.92,1,Kids
8-12 (Pre-teen),Male,0.16,0,Kids
8-12 (Pre-teen),Female,3.56,0,Kids
13-17 (Teen),Female,4.63,1,Kids
8-12 (Pre-teen),Male,3.33,0,Kids
8-12 (Pre-teen),Male,4.2,1,Kids
8-12 (Pre-teen),Male,0.0,0,Kids
13-17 (Teen),Female,3.77,0,Kids
13-17 (Teen),Male,4.23,0,Kids
13-17 (Teen),Male,4.69,0,Kids
13-17 (Teen),Female,4.56,1,Kids
13-17 (Teen),Male,6.08,0,Kids
8-12 (Pre-teen),Female,4.5,1,Kids
13-17 (Teen),Male,2.31,0,Kids
13-17 (Teen),Female,3.89,0,Kids
13-17 (Teen),Male,3.97,0,Kids
13-17 (Teen),Female,3.88,1,Kids
8-12 (Pre-teen),Male,4.91,1,Kids
13-17 (Teen),Male,4.59,0,Kids
13-17 (Teen),Male,3.63,1,Kids
8-12 (Pre-teen),Male,3.36,1,Kids
13-17 (Teen),Female,2.66,0,Kids
13-17 (Teen),Male,6.55,1,Kids
8-12 (Pre-teen),Male,6.76,1,Kids
13-17 (Teen),Female,5.33,1,Kids
13-17 (Teen),Male,4.85,1,Kids
8-12 (Pre-teen),Male,4.12,1,Kids
13-17 (Teen),Female,6.21,0,Kids
18-29 (Young Adult),Male,5.05,1,Kids
18-29 (Young Adult),Female,5.36,1,Kids
13-17 (Teen),Female,5.21,1,Kids
18-29 (Young Adult),Female,4.68,0,Kids
8-12 (Pre-teen),Male,1.8,0,Kids
13-17 (Teen),Male,3.12,0,Kids
8-12 (Pre-teen),Male,4.51,1,Kids
8-12 (Pre-teen),Male,4.83,1,Kids
13-17 (Teen),Female,3.17,1,Kids
13-17 (Teen),Male,5.66,0,Kids
13-17 (Teen),Male,3.35,0,Kids
18-29 (Young Adult),Female,4.67,1,Kids
8-12 (Pre-teen),Female,3.73,0,Kids
13-17 (Teen),Male,4.95,1,Kids
8-12 (Pre-teen),Male,5.51,0,Kids
13-17 (Teen),Female,2.68,0,Kids
8-12 (Pre-teen),Male,2.85,0,Kids
13-17 (Teen),Female,1.66,0,Kids
13-17 (Teen),Female,4.56,1,Kids
8-12 (Pre-teen),Female,5.68,1,Kids
8-12 (Pre-teen),Male,6.98,1,Kids
18-29 (Young Adult),Female,4.79,1,Kids
13-17 (Teen),Male,4.34,1,Kids
18-29 (Young Adult),Female,5.94,1,Kids
13-17 (Teen),Female,5.53,0,Kids
8-12 (Pre-teen),Male,4.78,0,Kids
13-17 (Teen),Male,4.96,0,Kids
8-12 (Pre-teen),Female,3.36,1,Kids
13-17 (Teen),Male,2.93,0,Kids
13-17 (Teen),Female,3.34,0,Kids
8-12 (Pre-teen),Female,3.33,1,Kids
13-17 (Teen),Male,4.03,1,Kids
8-12 (Pre-teen),Female,3.1,1,Kids
8-12 (Pre-teen),Male,4.93,0,Kids
13-17 (Teen),Female,4.72,1,Kids
8-12 (Pre-teen),Male,3.64,1,Kids
8-12 (Pre-teen),Male,8.52,0,Kids
13-17 (Teen),Female,5.52,1,Kids
8-12 (Pre-teen),Male,1.14,0,Kids
13-17 (Teen),Female,6.38,0,Kids
13-17 (Teen),Female,1.63,0,Kids
8-12 (Pre-teen),Female,8.08,0,Kids
13-17 (Teen),Male,5.18,1,Kids
13-17 (Teen),Male,2.93,0,Kids
18-29 (Young Adult),Male,4.18,0,Kids
13-17 (Teen),Female,4.31,0,Kids
13-17 (Teen),Female,2.45,0,Kids
13-17 (Teen),Male,4.92,1,Kids
18-29 (Young Adult),Female,4.94,1,Kids
8-12 (Pre-teen),Male,3.24,1,Kids
13-17 (Teen),Male,5.04,1,Kids
8-12 (Pre-teen),Male,5.35,1,Kids
13-17 (Teen),Male,5.77,0,Kids
8-12 (Pre-teen),Female,5.63,1,Kids
8-12 (Pre-teen),Male,4.93,0,Kids
8-12 (Pre-teen),Female,6.66,0,Kids
13-17 (Teen),Female,4.46,1,Kids
8-12 (Pre-teen),Female,5.82,1,Kids
8-12 (Pre-teen),Male,4.04,1,Kids
8-12 (Pre-teen),Female,4.31,0,Kids
13-17 (Teen),Female,2.94,0,Kids
8-12 (Pre-teen),Male,7.08,1,Kids
8-12 (Pre-teen),Female,7.35,1,Kids
8-12 (Pre-teen),Male,4.43,1,Kids
13-17 (Teen),Female,5.17,0,Kids
8-12 (Pre-teen),Male,7.01,1,Kids
18-29 (Young Adult),Male,2.85,0,Kids
8-12 (Pre-teen),Male,6.1,0,Kids
13-17 (Teen),Female,5.22,0,Kids
8-12 (Pre-teen),Male,1.12,0,Kids
8-12 (Pre-teen),Male,1.6,0,Kids
13-17 (Teen),Male,4.83,1,Kids
8-12 (Pre-teen),Female,2.78,0,Kids
13-17 (Teen),Male,6.41,0,Kids
13-17 (Teen),Male,6.3,1,Kids
8-12 (Pre-teen),Female,2.17,0,Kids
13-17 (Teen),Female,4.01,0,Kids
8-12 (Pre-teen),Female,6.13,0,Kids
13-17 (Teen),Male,4.31,1,Kids
8-12 (Pre-teen),Female,5.11,1,Kids
8-12 (Pre-teen),Female,2.93,0,Kids
8-12 (Pre-teen),Female,2.11,0,Kids
13-17 (Teen),Male,5.5,0,Kids
13-17 (Teen),Female,5.09,1,Kids
8-12 (Pre-teen),Female,6.81,1,Kids
8-12 (Pre-teen),Male,3.82,1,Kids
13-17 (Teen),Male,3.28,0,Kids
13-17 (Teen),Male,4.52,1,Kids
8-12 (Pre-teen),Male,5.9,0,Kids
13-17 (Teen),Female,6.11,0,Kids
13-17 (Teen),Female,5.22,1,Kids
13-17 (Teen),Male,3.04,1,Kids
18-29 (Young Adult),Male,4.04,1,Kids
13-17 (Teen),Female,4.51,1,Kids
13-17 (Teen),Female,4.26,0,Kids
13-17 (Teen),Female,3.28,0,Kids
13-17 (Teen),Male,3.73,1,Kids
8-12 (Pre-teen),Female,3.8,1,Kids
8-12 (Pre-teen),Male,1.15,0,Kids
13-17 (Teen),Female,4.5,1,Kids
8-12 (Pre-teen),Male,5.53,1,Kids
13-17 (Teen),Female,3.58,0,Kids
8-12 (Pre-teen),Male,6.67,0,Kids
13-17 (Teen),Female,5.25,1,Kids
13-17 (Teen),Female,5.9,1,Kids
13-17 (Teen),Male,3.68,0,Kids
13-17 (Teen),Male,4.23,1,Kids
8-12 (Pre-teen),Female,4.94,1,Kids
8-12 (Pre-teen),Male,5.02,0,Kids
8-12 (Pre-teen),Female,11.33,1,Kids
13-17 (Teen),Male,5.87,0,Kids
8-12 (Pre-teen),Female,5.63,1,Kids
8-12 (Pre-teen),Female,5.92,1,Kids
13-17 (Teen),Male,4.18,1,Kids
8-12 (Pre-teen),Female,4.5,0,Kids
8-12 (Pre-teen),Female,4.52,0,Kids
8-12 (Pre-teen),Female,3.26,1,Kids
8-12 (Pre-teen),Male,8.84,1,Kids
8-12 (Pre-teen),Female,7.13,0,Kids
13-17 (Teen),Female,5.26,0,Kids
13-17 (Teen),Female,4.91,0,Kids
13-17 (Teen),Male,5.18,1,Kids
13-17 (Teen),Male,4.46,0,Kids
8-12 (Pre-teen),Female,0.0,0,Kids
13-17 (Teen),Female,4.6,1,Kids
8-12 (Pre-teen),Female,4.88,0,Kids
18-29 (Young Adult),Male,5.68,0,Kids
8-12 (Pre-teen),Female,0.0,0,Kids
8-12 (Pre-teen),Male,4.03,1,Kids
13-17 (Teen),Male,5.59,1,Kids
8-12 (Pre-teen),Female,5.05,1,Kids
13-17 (Teen),Male,2.58,0,Kids
8-12 (Pre-teen),Female,4.44,1,Kids
13-17 (Teen),Female,6.11,0,Kids
13-17 (Teen),Male,3.63,0,Kids
13-17 (Teen),Male,3.44,1,Kids
8-12 (Pre-teen),Female,4.67,1,Kids
13-17 (Teen),Male,4.63,0,Kids
8-12 (Pre-teen),Male,3.83,1,Kids
13-17 (Teen),Female,3.21,1,Kids
13-17 (Teen),Male,3.8,1,Kids
13-17 (Teen),Male,2.9,0,Kids
13-17 (Teen),Female,5.16,1,Kids
13-17 (Teen),Female,5.21,0,Kids
13-17 (Teen),Male,6.4,1,Kids
8-12 (Pre-teen),Female,4.05,1,Kids
13-17 (Teen),Female,5.46,1,Kids
13-17 (Teen),Male,4.06,1,Kids
8-12 (Pre-teen),Female,2.77,0,Kids
8-12 (Pre-teen),Female,5.41,1,Kids
13-17 (Teen),Female,4.9,0,Kids
13-17 (Teen),Female,6.59,0,Kids
8-12 (Pre-teen),Female,3.45,1,Kids
8-12 (Pre-teen),Female,6.46,1,Kids
13-17 (Teen),Male,6.31,1,Kids
8-12 (Pre-teen),Male,4.15,1,Kids
8-12 (Pre-teen),Male,6.82,1,Kids
13-17 (Teen),Male,3.64,0,Kids
13-17 (Teen),Female,4.21,1,Kids
13-17 (Teen),Male,3.82,0,Kids
13-17 (Teen),Male,4.47,0,Kids
13-17 (Teen),Female,5.96,1,Kids
13-17 (Teen),Female,5.06,0,Kids
8-12 (Pre-teen),Male,5.86,1,Kids
13-17 (Teen),Male,5.4,1,Kids
8-12 (Pre-teen),Male,5.88,1,Kids
8-12 (Pre-teen),Male,4.62,0,Kids
18-29 (Young Adult),Female,4.61,0,Kids
13-17 (Teen),Female,4.56,1,Kids
8-12 (Pre-teen),Female,2.85,0,Kids
8-12 (Pre-teen),Male,5.32,0,Kids
8-12 (Pre-teen),Female,6.03,1,Kids
13-17 (Teen),Female,1.78,0,Kids
18-29 (Young Adult),Male,4.83,1,Kids
8-12 (Pre-teen),Male,3.77,0,Kids
13-17 (Teen),Male,3.94,0,Kids
13-17 (Teen),Male,4.9,1,Kids
8-12 (Pre-teen),Female,4.25,1,Kids
13-17 (Teen),Female,5.57,1,Kids
13-17 (Teen),Female,4.31,1,Kids
8-12 (Pre-teen),Female,2.93,0,Kids
13-17 (Teen),Male,3.01,0,Kids
8-12 (Pre-teen),Female,0.0,0,Kids
8-12 (Pre-teen),Male,8.2,1,Kids
13-17 (Teen),Female,3.93,1,Kids
8-12 (Pre-teen),Female,5.06,1,Kids
13-17 (Teen),Male,6.06,1,Kids
8-12 (Pre-teen),Female,1.99,0,Kids
8-12 (Pre-teen),Male,0.17,0,Kids
13-17 (Teen),Male,5.08,0,Kids
13-17 (Teen),Male,2.77,0,Kids
13-17 (Teen),Female,2.2,0,Kids
8-12 (Pre-teen),Female,3.87,0,Kids
13-17 (Teen),Male,4.71,1,Kids
8-12 (Pre-teen),Female,4.03,1,Kids
8-12 (Pre-teen),Female,4.7,0,Kids
8-12 (Pre-teen),Female,0.0,0,Kids
13-17 (Teen),Male,5.11,1,Kids
8-12 (Pre-teen),Male,3.35,0,Kids
13-17 (Teen),Female,4.03,1,Kids
18-29 (Young Adult),Female,5.7,0,Kids
13-17 (Teen),Male,4.71,1,Kids
8-12 (Pre-teen),Male,7.61,0,Kids
8-12 (Pre-teen),Male,4.21,1,Kids
13-17 (Teen),Female,3.84,1,Kids
13-17 (Teen),Female,2.65,0,Kids
13-17 (Teen),Male,3.58,1,Kids
8-12 (Pre-teen),Male,1.52,0,Kids
13-17 (Teen),Female,4.96,1,Kids
13-17 (Teen),Female,5.56,1,Kids
13-17 (Teen),Male,5.07,1,Kids
13-17 (Teen),Female,4.6,1,Kids
8-12 (Pre-teen),Male,0.0,0,Kids
13-17 (Teen),Male,3.38,1,Kids
18-29 (Young Adult),Male,4.86,0,Kids
13-17 (Teen),Female,3.54,0,Kids
8-12 (Pre-teen),Male,3.24,1,Kids
8-12 (Pre-teen),Male,2.49,0,Kids
8-12 (Pre-teen),Female,3.0,0,Kids
18-29 (Young Adult),Female,5.14,1,Kids
13-17 (Teen),Male,3.59,1,Kids
8-12 (Pre-teen),Male,3.68,0,Kids
13-17 (Teen),Male,4.38,0,Kids
8-12 (Pre-teen),Female,5.65,1,Kids
13-17 (Teen),Female,5.62,1,Kids
13-17 (Teen),Female,1.43,0,Kids
13-17 (Teen),Male,5.16,0,Kids
18-29 (Young Adult),Male,6.22,0,Kids
13-17 (Teen),Female,5.24,0,Kids
8-12 (Pre-teen),Female,6.77,0,Kids
8-12 (Pre-teen),Female,4.15,1,Kids
13-17 (Teen),Male,4.34,1,Kids
18-29 (Young Adult),Female,3.63,0,Kids
13-17 (Teen),Male,5.74,0,Kids
13-17 (Teen),Female,5.9,1,Kids
8-12 (Pre-teen),Male,2.38,0,Kids
13-17 (Teen),Male,5.78,0,Kids
13-17 (Teen),Male,5.15,1,Kids
13-17 (Teen),Male,3.56,1,Kids
8-12 (Pre-teen),Female,6.02,1,Kids
8-12 (Pre-teen),Male,0.85,0,Kids
18-29 (Young Adult),Male,5.52,0,Kids
8-12 (Pre-teen),Female,2.04,0,Kids
13-17 (Teen),Female,5.08,0,Kids
13-17 (Teen),Female,4.86,1,Kids
13-17 (Teen),Male,5.8,1,Kids
18-29 (Young Adult),Male,3.61,0,Kids
8-12 (Pre-teen),Male,5.0,0,Kids
18-29 (Young Adult),Male,4.34,1,Kids
13-17 (Teen),Female,2.16,0,Kids
13-17 (Teen),Male,4.19,0,Kids
13-17 (Teen),Male,2.3,0,Kids
13-17 (Teen),Female,4.49,1,Kids
18-29 (Young Adult),Male,3.91,1,Kids
18-29 (Young Adult),Female,6.86,1,Kids
13-17 (Teen),Male,4.42,1,Kids
8-12 (Pre-teen),Male,4.03,1,Kids
8-12 (Pre-teen),Male,7.65,1,Kids
8-12 (Pre-teen),Male,0.0,0,Kids
8-12 (Pre-teen),Male,5.21,0,Kids
8-12 (Pre-teen),Male,3.42,1,Kids
13-17 (Teen),Female,4.31,0,Kids
18-29 (Young Adult),Female,4.54,1,Kids
8-12 (Pre-teen),Female,6.73,0,Kids
8-12 (Pre-teen),Female,1.88,0,Kids
8-12 (Pre-teen),Male,4.62,0,Kids
8-12 (Pre-teen),Male,3.43,0,Kids
8-12 (Pre-teen),Male,4.73,1,Kids
8-12 (Pre-teen),Male,3.63,1,Kids
8-12 (Pre-teen),Male,4.7,0,Kids
8-12 (Pre-teen),Male,6.59,0,Kids
13-17 (Teen),Female,3.57,1,Kids
8-12 (Pre-teen),Female,1.62,0,Kids
13-17 (Teen),Male,5.58,1,Kids
8-12 (Pre-teen),Male,0.0,0,Kids
8-12 (Pre-teen),Female,4.17,0,Kids
13-17 (Teen),Female,4.97,0,Kids
8-12 (Pre-teen),Female,8.68,0,Kids
13-17 (Teen),Male,4.64,1,Kids
18-29 (Young Adult),Male,5.96,0,Kids
8-12 (Pre-teen),Male,1.01,0,Kids
8-12 (Pre-teen),Female,4.11,1,Kids
13-17 (Teen),Male,3.4,0,Kids
13-17 (Teen),Female,4.42,0,Kids
8-12 (Pre-teen),Male,4.66,1,Kids
13-17 (Teen),Male,3.06,1,Kids
8-12 (Pre-teen),Female,4.97,1,Kids
13-17 (Teen),Female,4.59,0,Kids
13-17 (Teen),Male,4.75,0,Kids
8-12 (Pre-teen),Female,4.44,0,Kids
8-12 (Pre-teen),Male,6.95,1,Kids
8-12 (Pre-teen),Male,2.44,0,Kids
8-12 (Pre-teen),Male,5.73,1,Kids
13-17 (Teen),Male,5.19,0,Kids
8-12 (Pre-teen),Female,2.61,0,Kids
8-12 (Pre-teen),Male,2.03,0,Kids
13-17 (Teen),Male,5.13,1,Kids
13-17 (Teen),Male,4.54,0,Kids
13-17 (Teen),Male,6.51,1,Kids
13-17 (Teen),Female,3.41,1,Kids
13-17 (Teen),Male,5.42,1,Kids
13-17 (Teen),Male,4.83,1,Kids
18-29 (Young Adult),Male,3.69,0,Kids
13-17 (Teen),Female,4.91,1,Kids
8-12 (Pre-teen),Female,3.77,0,Kids
8-12 (Pre-teen),Female,2.73,0,Kids
13-17 (Teen),Female,2.86,0,Kids
13-17 (Teen),Female,5.43,0,Kids
8-12 (Pre-teen),Female,5.23,1,Kids
8-12 (Pre-teen),Female,4.97,1,Kids
8-12 (Pre-teen),Male,1.46,0,Kids
13-17 (Teen),Female,6.35,1,Kids
8-12 (Pre-teen),Female,2.45,0,Kids
8-12 (Pre-teen),Female,5.86,1,Kids
8-12 (Pre-teen),Female,0.11,0,Kids
13-17 (Teen),Male,6.8,1,Kids
8-12 (Pre-teen),Female,4.18,1,Kids
18-29 (Young Adult),Male,2.5,0,Kids
8-12 (Pre-teen),Male,4.24,1,Kids
13-17 (Teen),Male,6.3,1,Kids
13-17 (Teen),Female,3.73,1,Kids
8-12 (Pre-teen),Male,0.61,0,Kids
8-12 (Pre-teen),Female,5.91,1,Kids
8-12 (Pre-teen),Female,4.77,1,Kids
13-17 (Teen),Male,3.54,1,Kids
8-12 (Pre-teen),Female,6.11,1,Kids
13-17 (Teen),Female,3.73,1,Kids
8-12 (Pre-teen),Male,2.99,0,Kids
13-17 (Teen),Female,4.52,0,Kids
13-17 (Teen),Female,4.95,0,Kids
8-12 (Pre-teen),Male,5.23,0,Kids
8-12 (Pre-teen),Male,6.69,1,Kids
8-12 (Pre-teen),Female,4.79,1,Kids
8-12 (Pre-teen),Female,5.42,0,Kids
13-17 (Teen),Male,3.98,1,Kids
8-12 (Pre-teen),Female,4.03,0,Kids
13-17 (Teen),Male,4.61,0,Kids
13-17 (Teen),Female,7.04,1,Kids
8-12 (Pre-teen),Male,4.26,1,Kids
13-17 (Teen),Female,5.12,0,Kids
13-17 (Teen),Male,3.72,0,Kids
8-12 (Pre-teen),Male,3.81,1,Kids
13-17 (Teen),Female,5.93,1,Kids
18-29 (Young Adult),Male,3.54,1,Kids
8-12 (Pre-teen),Female,5.1,1,Kids
13-17 (Teen),Male,5.41,1,Kids
13-17 (Teen),Male,1.47,0,Kids
13-17 (Teen),Female,6.18,1,Kids
8-12 (Pre-teen),Female,4.82,1,Kids
13-17 (Teen),Male,5.1,1,Kids
13-17 (Teen),Male,5.88,1,Kids
18-29 (Young Adult),Male,3.75,1,Kids
8-12 (Pre-teen),Male,8.39,0,Kids
8-12 (Pre-teen),Female,4.73,1,Kids
13-17 (Teen),Male,3.68,0,Kids
8-12 (Pre-teen),Male,2.86,0,Kids
8-12 (Pre-teen),Male,1.25,0,Kids
8-12 (Pre-teen),Female,6.58,1,Kids
13-17 (Teen),Female,3.7,0,Kids
8-12 (Pre-teen),Female,5.54,0,Kids
8-12 (Pre-teen),Female,4.83,0,Kids
8-12 (Pre-teen),Male,3.47,1,Kids
18-29 (Young Adult),Female,5.24,1,Kids
18-29 (Young Adult),Male,4.88,1,Kids
18-29 (Young Adult),Male,4.23,0,Kids
8-12 (Pre-teen),Female,1.81,0,Kids
13-17 (Teen),Male,3.88,1,Kids
13-17 (Teen),Male,4.07,0,Kids
13-17 (Teen),Female,5.46,1,Kids
8-12 (Pre-teen),Female,4.94,1,Kids
13-17 (Teen),Male,4.59,0,Kids
8-12 (Pre-teen),Male,0.0,0,Kids
13-17 (Teen),Female,3.49,0,Kids
8-12 (Pre-teen),Male,5.66,0,Kids
13-17 (Teen),Male,3.35,0,Kids
13-17 (Teen),Male,4.9,1,Kids
13-17 (Teen),Female,2.91,0,Kids
8-12 (Pre-teen),Female,3.18,1,Kids
13-17 (Teen),Male,4.02,1,Kids
8-12 (Pre-teen),Male,9.62,0,Kids
13-17 (Teen),Male,4.56,1,Kids
8-12 (Pre-teen),Male,6.85,0,Kids
8-12 (Pre-teen),Female,5.43,1,Kids
18-29 (Young Adult),Female,5.83,0,Kids
13-17 (Teen),Male,4.24,1,Kids
13-17 (Teen),Male,5.0,0,Kids
8-12 (Pre-teen),Male,2.75,0,Kids
8-12 (Pre-teen),Female,3.57,0,Kids
13-17 (Teen),Male,4.68,1,Kids
13-17 (Teen),Male,4.09,1,Kids
8-12 (Pre-teen),Female,5.36,1,Kids
13-17 (Teen),Female,4.93,1,Kids
8-12 (Pre-teen),Male,3.55,0,Kids
13-17 (Teen),Female,3.45,1,Kids
8-12 (Pre-teen),Male,3.55,1,Kids
8-12 (Pre-teen),Male,8.6,1,Kids
13-17 (Teen),Female,3.45,1,Kids
13-17 (Teen),Male,3.81,1,Kids
8-12 (Pre-teen),Female,4.85,0,Kids
13-17 (Teen),Male,4.31,0,Kids
13-17 (Teen),Male,6.31,1,Kids
13-17 (Teen),Female,4.34,1,Kids
13-17 (Teen),Female,4.88,0,Kids
13-17 (Teen),Male,3.15,1,Kids
13-17 (Teen),Female,3.62,0,Kids
8-12 (Pre-teen),Female,5.9,0,Kids
8-12 (Pre-teen),Male,3.63,1,Kids
8-12 (Pre-teen),Female,2.69,0,Kids
8-12 (Pre-teen),Female,5.96,1,Kids
8-12 (Pre-teen),Female,5.36,1,Kids
18-29 (Young Adult),Male,6.41,1,Kids
8-12 (Pre-teen),Female,4.4,1,Kids
13-17 (Teen),Male,3.87,0,Kids
13-17 (Teen),Male,4.06,1,Kids
18-29 (Young Adult),Male,2.5,0,Kids
13-17 (Teen),Male,2.98,0,Kids
8-12 (Pre-teen),Female,2.7,0,Kids
13-17 (Teen),Male,5.82,0,Kids
8-12 (Pre-teen),Female,2.5,0,Kids
13-17 (Teen),Male,4.69,0,Kids
8-12 (Pre-teen),Male,3.24,1,Kids
13-17 (Teen),Female,5.13,0,Kids
18-29 (Young Adult),Female,4.84,1,Kids
13-17 (Teen),Female,4.09,1,Kids
13-17 (Teen),Female,0.99,0,Kids
8-12 (Pre-teen),Female,3.49,0,Kids
13-17 (Teen),Male,5.25,0,Kids
8-12 (Pre-teen),Female,1.48,0,Kids
8-12 (Pre-teen),Male,3.81,1,Kids
13-17 (Teen),Female,3.79,0,Kids
13-17 (Teen),Male,4.77,0,Kids
8-12 (Pre-teen),Female,0.0,0,Kids
13-17 (Teen),Female,3.37,1,Kids
13-17 (Teen),Female,5.39,1,Kids
13-17 (Teen),Female,3.77,0,Kids
8-12 (Pre-teen),Male,6.26,1,Kids
13-17 (Teen),Female,3.32,0,Kids
18-29 (Young Adult),Male,4.04,1,Kids
8-12 (Pre-teen),Female,3.57,1,Kids
8-12 (Pre-teen),Female,2.25,0,Kids
13-17 (Teen),Male,7.81,0,Kids
13-17 (Teen),Male,4.06,1,Kids
8-12 (Pre-teen),Female,3.22,0,Kids
8-12 (Pre-teen),Female,3.74,0,Kids
8-12 (Pre-teen),Male,4.68,1,Kids
13-17 (Teen),Female,5.27,1,Kids
13-17 (Teen),Male,3.9,0,Kids
8-12 (Pre-teen),Male,2.57,0,Kids
13-17 (Teen),Female,4.18,0,Kids
13-17 (Teen),Female,3.65,1,Kids
13-17 (Teen),Male,3.87,1,Kids
13-17 (Teen),Female,4.54,0,Kids
13-17 (Teen),Male,0.94,0,Kids
8-12 (Pre-teen),Male,3.99,1,Kids
13-17 (Teen),Female,3.48,1,Kids
13-17 (Teen),Male,2.16,0,Kids
8-12 (Pre-teen),Male,1.23,0,Kids
13-17 (Teen),Male,6.14,0,Kids
8-12 (Pre-teen),Male,2.69,0,Kids
8-12 (Pre-teen),Female,8.18,1,Kids
8-12 (Pre-teen),Female,2.35,0,Kids
8-12 (Pre-teen),Male,6.47,1,Kids
8-12 (Pre-teen),Female,5.45,0,Kids
8-12 (Pre-teen),Male,5.56,0,Kids
13-17 (Teen),Female,3.97,1,Kids
8-12 (Pre-teen),Male,2.3,0,Kids
8-12 (Pre-teen),Male,7.94,1,Kids
8-12 (Pre-teen),Male,6.3,1,Kids
8-12 (Pre-teen),Male,3.95,0,Kids
18-29 (Young Adult),Male,3.61,1,Kids
8-12 (Pre-teen),Female,5.23,1,Kids
8-12 (Pre-teen),Male,2.71,0,Kids
18-29 (Young Adult),Male,4.35,1,Kids
13-17 (Teen),Female,5.43,1,Kids
13-17 (Teen),Male,4.03,1,Kids
13-17 (Teen),Female,7.16,1,Kids
8-12 (Pre-teen),Male,0.86,0,Kids
8-12 (Pre-teen),Female,5.49,1,Kids
13-17 (Teen),Male,5.79,1,Kids
18-29 (Young Adult),Male,6.5,1,Kids
8-12 (Pre-teen),Female,5.87,1,Kids
13-17 (Teen),Male,3.79,1,Kids
18-29 (Young Adult),Female,3.57,1,Kids
13-17 (Teen),Male,3.92,0,Kids
13-17 (Teen),Female,5.62,1,Kids
8-12 (Pre-teen),Female,6.6,0,Kids
13-17 (Teen),Male,3.74,1,Kids
8-12 (Pre-teen),Female,9.7,0,Kids
8-12 (Pre-teen),Female,3.92,0,Kids
13-17 (Teen),Male,4.32,1,Kids
8-12 (Pre-teen),Male,0.31,0,Kids
8-12 (Pre-teen),Female,2.57,0,Kids
13-17 (Teen),Male,5.18,1,Kids
8-12 (Pre-teen),Male,1.26,0,Kids
8-12 (Pre-teen),Male,4.83,1,Kids
8-12 (Pre-teen),Male,4.17,1,Kids
13-17 (Teen),Female,4.15,0,Kids
13-17 (Teen),Male,3.8,1,Kids
13-17 (Teen),Female,4.19,0,Kids
8-12 (Pre-teen),Female,4.53,1,Kids
8-12 (Pre-teen),Female,2.51,0,Kids
13-17 (Teen),Female,1.65,0,Kids
8-12 (Pre-teen),Male,3.06,1,Kids
13-17 (Teen),Male,3.33,0,Kids
13-17 (Teen),Female,4.87,1,Kids
8-12 (Pre-teen),Female,3.99,0,Kids
8-12 (Pre-teen),Male,8.15,1,Kids
13-17 (Teen),Female,3.97,1,Kids
8-12 (Pre-teen),Male,0.0,0,Kids
13-17 (Teen),Female,2.71,0,Kids
13-17 (Teen),Male,4.34,1,Kids
13-17 (Teen),Male,5.54,0,Kids
13-17 (Teen),Male,4.02,0,Kids
18-29 (Young Adult),Female,4.3,1,Kids
13-17 (Teen),Male,4.09,1,Kids
8-12 (Pre-teen),Female,9.92,1,Kids
8-12 (Pre-teen),Male,5.85,1,Kids
13-17 (Teen),Male,5.26,0,Kids
18-29 (Young Adult),Female,3.62,0,Kids
13-17 (Teen),Male,4.77,0,Kids
8-12 (Pre-teen),Female,5.3,0,Kids
8-12 (Pre-teen),Male,1.21,0,Kids
13-17 (Teen),Female,3.85,1,Kids
13-17 (Teen),Male,3.88,1,Kids
8-12 (Pre-teen),Male,2.37,0,Kids
13-17 (Teen),Male,5.82,0,Kids
13-17 (Teen),Male,6.1,0,Kids
13-17 (Teen),Female,4.71,0,Kids
13-17 (Teen),Male,3.53,1,Kids
8-12 (Pre-teen),Male,1.15,0,Kids
8-12 (Pre-teen),Male,4.79,1,Kids
13-17 (Teen),Male,5.26,1,Kids
8-12 (Pre-teen),Female,8.52,0,Kids
8-12 (Pre-teen),Female,4.03,0,Kids
13-17 (Teen),Female,4.16,1,Kids
13-17 (Teen),Male,3.33,1,Kids
13-17 (Teen),Female,1.78,0,Kids
13-17 (Teen),Female,3.28,1,Kids
8-12 (Pre-teen),Female,4.75,0,Kids
13-17 (Teen),Male,5.8,0,Kids
8-12 (Pre-teen),Male,0.0,0,Kids
18-29 (Young Adult),Male,4.92,1,Kids
13-17 (Teen),Male,5.27,1,Kids
13-17 (Teen),Female,5.45,1,Kids
8-12 (Pre-teen),Female,7.37,1,Kids
8-12 (Pre-teen),Male,4.86,1,Kids
13-17 (Teen),Female,5.63,1,Kids
13-17 (Teen),Male,4.78,1,Kids
13-17 (Teen),Male,5.31,1,Kids
13-17 (Teen),Female,4.16,1,Kids
13-17 (Teen),Male,6.33,1,Kids
8-12 (Pre-teen),Male,0.9,0,Kids
8-12 (Pre-teen),Male,2.66,0,Kids
8-12 (Pre-teen),Female,4.27,1,Kids
8-12 (Pre-teen),Male,3.9,1,Kids
8-12 (Pre-teen),Male,0.0,0,Kids
13-17 (Teen),Male,2.04,0,Kids
8-12 (Pre-teen),Female,3.67,1,Kids
13-17 (Teen),Male,5.27,1,Kids
8-12 (Pre-teen),Female,6.06,1,Kids
13-17 (Teen),Male,3.57,0,Kids
13-17 (Teen),Male,3.98,1,Kids
18-29 (Young Adult),Female,3.5,1,Kids
8-12 (Pre-teen),Female,0.15,0,Kids
18-29 (Young Adult),Female,4.87,0,Kids
8-12 (Pre-teen),Female,5.08,1,Kids
13-17 (Teen),Female,5.49,0,Kids
8-12 (Pre-teen),Female,5.97,1,Kids
8-12 (Pre-teen),Male,4.68,1,Kids
8-12 (Pre-teen),Male,8.04,1,Kids
13-17 (Teen),Male,5.02,0,Kids
13-17 (Teen),Male,4.5,0,Kids
13-17 (Teen),Male,5.58,0,Kids
13-17 (Teen),Male,4.76,1,Kids
13-17 (Teen),Female,4.45,1,Kids
8-12 (Pre-teen),Female,3.46,0,Kids
18-29 (Young Adult),Female,5.67,1,Kids
13-17 (Teen),Male,4.97,0,Kids
13-17 (Teen),Male,7.19,0,Kids
8-12 (Pre-teen),Male,4.21,1,Kids
18-29 (Young Adult),Male,5.1,1,Kids
8-12 (Pre-teen),Male,5.07,1,Kids
13-17 (Teen),Male,4.82,0,Kids
13-17 (Teen),Female,4.05,0,Kids
13-17 (Teen),Male,4.94,0,Kids
13-17 (Teen),Female,5.77,0,Kids
13-17 (Teen),Male,5.6,1,Kids
8-12 (Pre-teen),Male,1.99,0,Kids
8-12 (Pre-teen),Female,1.87,0,Kids
13-17 (Teen),Female,3.46,1,Kids
8-12 (Pre-teen),Female,6.26,1,Kids
13-17 (Teen),Female,4.31,1,Kids
8-12 (Pre-teen),Male,1.08,0,Kids
13-17 (Teen),Female,5.98,0,Kids
13-17 (Teen),Female,3.59,0,Kids
13-17 (Teen),Male,3.78,0,Kids
8-12 (Pre-teen),Male,3.99,1,Kids
8-12 (Pre-teen),Male,4.27,0,Kids
8-12 (Pre-teen),Male,2.05,0,Kids
8-12 (Pre-teen),Male,6.29,0,Kids
8-12 (Pre-teen),Female,0.0,0,Kids
13-17 (Teen),Male,3.21,1,Kids
13-17 (Teen),Male,5.39,0,Kids
18-29 (Young Adult),Male,3.5,1,Kids
8-12 (Pre-teen),Male,3.82,0,Kids
8-12 (Pre-teen),Male,3.08,1,Kids
8-12 (Pre-teen),Male,0.93,0,Kids
13-17 (Teen),Female,3.08,1,Kids
13-17 (Teen),Female,3.36,0,Kids
13-17 (Teen),Male,4.56,1,Kids
8-12 (Pre-teen),Male,5.91,1,Kids
8-12 (Pre-teen),Female,5.58,1,Kids
13-17 (Teen),Male,4.49,0,Kids
8-12 (Pre-teen),Female,4.32,0,Kids
8-12 (Pre-teen),Female,2.27,0,Kids
8-12 (Pre-teen),Female,1.7,0,Kids
8-12 (Pre-teen),Female,3.41,0,Kids
13-17 (Teen),Male,2.94,0,Kids
8-12 (Pre-teen),Female,0.0,0,Kids
8-12 (Pre-teen),Female,5.17,0,Kids
8-12 (Pre-teen),Male,1.91,0,Kids
18-29 (Young Adult),Male,4.96,0,Kids
8-12 (Pre-teen),Male,3.19,1,Kids
13-17 (Teen),Female,2.77,0,Kids
13-17 (Teen),Female,4.19,1,Kids
18-29 (Young Adult),Male,3.51,0,Kids
13-17 (Teen),Male,5.3,1,Kids
18-29 (Young Adult),Male,4.42,1,Kids
8-12 (Pre-teen),Female,6.53,1,Kids
13-17 (Teen),Male,4.05,0,Kids
8-12 (Pre-teen),Female,3.49,0,Kids
13-17 (Teen),Female,5.91,0,Kids
8-12 (Pre-teen),Female,6.74,1,Kids
13-17 (Teen),Female,8.03,1,Kids
13-17 (Teen),Male,4.75,1,Kids
13-17 (Teen),Female,3.34,0,Kids
13-17 (Teen),Female,2.99,0,Kids
8-12 (Pre-teen),Male,6.02,0,Kids
8-12 (Pre-teen),Female,6.41,1,Kids
8-12 (Pre-teen),Female,3.81,1,Kids
8-12 (Pre-teen),Male,3.3,0,Kids
8-12 (Pre-teen),Female,5.68,1,Kids
8-12 (Pre-teen),Male,2.78,0,Kids
13-17 (Teen),Female,4.46,0,Kids
8-12 (Pre-teen),Female,0.0,0,Kids
8-12 (Pre-teen),Female,0.48,0,Kids
8-12 (Pre-teen),Female,1.23,0,Kids
8-12 (Pre-teen),Male,8.92,1,Kids
13-17 (Teen),Male,4.01,1,Kids
8-12 (Pre-teen),Female,0.48,0,Kids
18-29 (Young Adult),Male,4.78,1,Kids
8-12 (Pre-teen),Female,5.2,1,Kids
13-17 (Teen),Female,4.91,1,Kids
13-17 (Teen),Female,4.71,0,Kids
8-12 (Pre-teen),Female,11.02,1,Kids
13-17 (Teen),Male,5.29,1,Kids
8-12 (Pre-teen),Female,6.71,1,Kids
8-12 (Pre-teen),Male,4.07,0,Kids
8-12 (Pre-teen),Male,4.32,0,Kids
13-17 (Teen),Female,7.97,1,Kids
13-17 (Teen),Female,4.98,0,Kids
8-12 (Pre-teen),Female,5.11,1,Kids
13-17 (Teen),Female,4.28,1,Kids
13-17 (Teen),Male,2.64,0,Kids
8-12 (Pre-teen),Female,6.63,1,Kids
8-12 (Pre-teen),Male,2.61,0,Kids
13-17 (Teen),Male,2.81,0,Kids
13-17 (Teen),Female,3.09,0,Kids
13-17 (Teen),Female,6.53,1,Kids
13-17 (Teen),Male,5.08,1,Kids
13-17 (Teen),Female,4.62,1,Kids
13-17 (Teen),Male,5.62,1,Kids
13-17 (Teen),Male,2.05,0,Kids
8-12 (Pre-teen),Male,6.4,1,Kids
13-17 (Teen),Female,3.62,1,Kids
13-17 (Teen),Female,5.57,1,Kids
18-29 (Young Adult),Female,3.25,1,Kids
13-17 (Teen),Male,4.89,0,Kids
13-17 (Teen),Male,3.17,1,Kids
13-17 (Teen),Female,4.03,1,Kids
8-12 (Pre-teen),Female,1.75,0,Kids
13-17 (Teen),Female,4.75,0,Kids
13-17 (Teen),Male,4.67,1,Kids
8-12 (Pre-teen),Male,2.28,0,Kids
8-12 (Pre-teen),Male,4.81,1,Kids
8-12 (Pre-teen),Male,2.86,0,Kids
8-12 (Pre-teen),Female,4.79,0,Kids
13-17 (Teen),Female,3.77,1,Kids
18-29 (Young Adult),Male,3.65,0,Kids
8-12 (Pre-teen),Female,3.7,0,Kids
8-12 (Pre-teen),Male,2.38,0,Kids
13-17 (Teen),Male,5.78,0,Kids
8-12 (Pre-teen),Male,2.84,0,Kids
13-17 (Teen),Female,5.42,1,Kids
8-12 (Pre-teen),Male,11.22,1,Kids
13-17 (Teen),Male,5.72,1,Kids
8-12 (Pre-teen),Male,4.82,1,Kids
8-12 (Pre-teen),Female,6.56,1,Kids
13-17 (Teen),Female,2.35,0,Kids
8-12 (Pre-teen),Female,7.96,0,Kids
13-17 (Teen),Female,4.97,0,Kids
13-17 (Teen),Female,4.57,0,Kids
13-17 (Teen),Female,5.53,1,Kids
13-17 (Teen),Female,3.71,1,Kids
8-12 (Pre-teen),Male,3.52,0,Kids
8-12 (Pre-teen),Female,0.52,0,Kids
8-12 (Pre-teen),Male,3.25,0,Kids
8-12 (Pre-teen),Female,3.91,1,Kids
18-29 (Young Adult),Female,5.59,0,Kids
8-12 (Pre-teen),Male,3.36,1,Kids
13-17 (Teen),Female,4.1,0,Kids
13-17 (Teen),Female,4.96,0,Kids
8-12 (Pre-teen),Male,5.73,0,Kids
8-12 (Pre-teen),Male,3.12,1,Kids
8-12 (Pre-teen),Male,1.13,0,Kids
8-12 (Pre-teen),Male,6.98,1,Kids
13-17 (Teen),Male,3.39,1,Kids
8-12 (Pre-teen),Male,4.55,0,Kids
13-17 (Teen),Female,5.11,0,Kids
8-12 (Pre-teen),Male,7.54,0,Kids
8-12 (Pre-teen),Female,5.73,1,Kids
18-29 (Young Adult),Male,4.54,1,Kids
13-17 (Teen),Female,5.39,0,Kids
8-12 (Pre-teen),Female,4.83,1,Kids
8-12 (Pre-teen),Male,5.52,1,Kids
13-17 (Teen),Male,5.35,1,Kids
13-17 (Teen),Male,3.57,1,Kids
8-12 (Pre-teen),Female,4.08,0,Kids
13-17 (Teen),Female,6.16,0,Kids
8-12 (Pre-teen),Male,4.72,1,Kids
18-29 (Young Adult),Male,3.78,0,Kids
8-12 (Pre-teen),Male,5.25,1,Kids
18-29 (Young Adult),Male,1.87,0,Kids
8-12 (Pre-teen),Male,5.17,0,Kids
13-17 (Teen),Male,5.23,0,Kids
18-29 (Young Adult),Male,3.79,1,Kids
8-12 (Pre-teen),Male,5.03,0,Kids
18-29 (Young Adult),Female,4.95,1,Kids
8-12 (Pre-teen),Male,7.19,1,Kids
13-17 (Teen),Female,6.61,1,Kids
8-12 (Pre-teen),Female,6.44,0,Kids
13-17 (Teen),Male,4.75,1,Kids
8-12 (Pre-teen),Male,4.0,1,Kids
8-12 (Pre-teen),Female,1.51,0,Kids
13-17 (Teen),Male,5.48,0,Kids
8-12 (Pre-teen),Female,2.82,0,Kids
13-17 (Teen),Female,5.58,1,Kids
8-12 (Pre-teen),Female,4.52,1,Kids
13-17 (Teen),Male,5.11,1,Kids
8-12 (Pre-teen),Male,6.26,0,Kids
13-17 (Teen),Female,3.87,1,Kids
8-12 (Pre-teen),Male,7.96,0,Kids
13-17 (Teen),Male,5.12,1,Kids
18-29 (Young Adult),Male,5.07,1,Kids
13-17 (Teen),Female,3.86,0,Kids
13-17 (Teen),Female,3.34,0,Kids
13-17 (Teen),Male,5.3,1,Kids
13-17 (Teen),Female,5.21,1,Kids
8-12 (Pre-teen),Female,4.5,0,Kids
13-17 (Teen),Male,3.21,1,Kids
13-17 (Teen),Male,2.49,0,Kids
13-17 (Teen),Male,4.99,0,Kids
13-17 (Teen),Female,3.36,1,Kids
8-12 (Pre-teen),Female,2.51,0,Kids
13-17 (Teen),Female,4.49,0,Kids
13-17 (Teen),Male,5.86,1,Kids
13-17 (Teen),Male,4.33,1,Kids
8-12 (Pre-teen),Male,5.54,1,Kids
8-12 (Pre-teen),Male,3.77,0,Kids
8-12 (Pre-teen),Male,1.58,0,Kids
8-12 (Pre-teen),Female,6.43,0,Kids
8-12 (Pre-teen),Male,5.48,0,Kids
13-17 (Teen),Female,5.17,0,Kids
8-12 (Pre-teen),Male,3.02,0,Kids
13-17 (Teen),Female,3.21,1,Kids
8-12 (Pre-teen),Male,4.64,0,Kids
13-17 (Teen),Male,5.72,1,Kids
8-12 (Pre-teen),Male,3.12,1,Kids
13-17 (Teen),Male,4.06,0,Kids
13-17 (Teen),Female,7.29,1,Kids
8-12 (Pre-teen),Male,4.32,1,Kids
8-12 (Pre-teen),Male,3.4,0,Kids
8-12 (Pre-teen),Male,5.11,1,Kids
8-12 (Pre-teen),Male,0.0,0,Kids
8-12 (Pre-teen),Female,6.72,0,Kids
8-12 (Pre-teen),Female,4.58,1,Kids
13-17 (Teen),Male,4.25,0,Kids
8-12 (Pre-teen),Female,6.11,0,Kids
13-17 (Teen),Female,4.12,1,Kids
13-17 (Teen),Male,5.23,1,Kids
8-12 (Pre-teen),Female,6.38,1,Kids
18-29 (Young Adult),Female,2.77,0,Kids
13-17 (Teen),Male,4.42,0,Kids
13-17 (Teen),Male,7.53,1,Kids
8-12 (Pre-teen),Male,7.46,1,Kids
13-17 (Teen),Male,2.07,0,Kids
13-17 (Teen),Female,6.08,1,Kids
18-29 (Young Adult),Male,6.91,0,Kids
8-12 (Pre-teen),Female,4.93,1,Kids
8-12 (Pre-teen),Male,4.85,1,Kids
13-17 (Teen),Female,3.34,0,Kids
8-12 (Pre-teen),Female,5.06,1,Kids
8-12 (Pre-teen),Male,3.61,1,Kids
13-17 (Teen),Male,5.04,0,Kids
8-12 (Pre-teen),Male,3.74,1,Kids
13-17 (Teen),Male,3.35,1,Kids
13-17 (Teen),Female,4.25,1,Kids
8-12 (Pre-teen),Male,4.64,1,Kids
13-17 (Teen),Male,3.67,1,Kids
8-12 (Pre-teen),Male,4.58,1,Kids
8-12 (Pre-teen),Female,8.97,0,Kids
13-17 (Teen),Female,4.45,0,Kids
8-12 (Pre-teen),Male,5.21,1,Kids
13-17 (Teen),Female,4.96,1,Kids
13-17 (Teen),Male,3.95,1,Kids
13-17 (Teen),Male,4.96,0,Kids
13-17 (Teen),Male,3.87,1,Kids
8-12 (Pre-teen),Male,4.17,0,Kids
13-17 (Teen),Male,6.38,1,Kids
13-17 (Teen),Male,3.29,1,Kids
13-17 (Teen),Male,5.79,1,Kids
13-17 (Teen),Female,5.02,1,Kids
13-17 (Teen),Female,5.02,1,Kids
13-17 (Teen),Male,3.15,1,Kids
13-17 (Teen),Female,4.45,0,Kids
13-17 (Teen),Male,4.39,1,Kids
13-17 (Teen),Female,5.41,0,Kids
8-12 (Pre-teen),Female,0.38,0,Kids
8-12 (Pre-teen),Female,1.55,0,Kids
8-12 (Pre-teen),Male,7.61,1,Kids
13-17 (Teen),Female,4.46,1,Kids
13-17 (Teen),Female,3.66,1,Kids
8-12 (Pre-teen),Male,0.55,0,Kids
13-17 (Teen),Male,2.09,0,Kids
13-17 (Teen),Female,3.4,0,Kids
13-17 (Teen),Male,5.75,0,Kids
8-12 (Pre-teen),Female,4.34,0,Kids
13-17 (Teen),Female,5.05,0,Kids
13-17 (Teen),Male,3.69,0,Kids
8-12 (Pre-teen),Male,3.4,1,Kids
13-17 (Teen),Female,3.68,1,Kids
13-17 (Teen),Female,7.68,1,Kids
13-17 (Teen),Male,2.25,0,Kids
8-12 (Pre-teen),Male,3.2,1,Kids
18-29 (Young Adult),Female,4.55,0,Kids
8-12 (Pre-teen),Female,6.01,0,Kids
13-17 (Teen),Male,2.38,0,Kids
13-17 (Teen),Male,4.33,1,Kids
8-12 (Pre-teen),Female,3.39,1,Kids
13-17 (Teen),Male,4.41,1,Kids
18-29 (Young Adult),Female,4.7,1,Kids
13-17 (Teen),Female,3.58,0,Kids
13-17 (Teen),Female,5.59,0,Kids
8-12 (Pre-teen),Female,5.12,1,Kids
13-17 (Teen),Female,3.57,1,Kids
13-17 (Teen),Male,6.2,0,Kids
13-17 (Teen),Female,4.96,1,Kids
13-17 (Teen),Male,4.34,1,Kids
18-29 (Young Adult),Male,5.79,1,Kids
13-17 (Teen),Female,4.0,1,Kids
8-12 (Pre-teen),Male,3.15,0,Kids
13-17 (Teen),Female,3.02,0,Kids
8-12 (Pre-teen),Female,2.25,0,Kids
13-17 (Teen),Female,5.13,0,Kids
13-17 (Teen),Male,5.02,0,Kids
13-17 (Teen),Female,5.85,1,Kids
13-17 (Teen),Female,6.3,0,Kids
8-12 (Pre-teen),Male,6.59,0,Kids
8-12 (Pre-teen),Male,5.94,0,Kids
8-12 (Pre-teen),Female,2.19,0,Kids
8-12 (Pre-teen),Male,5.13,1,Kids
8-12 (Pre-teen),Male,4.48,1,Kids
8-12 (Pre-teen),Male,4.78,1,Kids
8-12 (Pre-teen),Female,4.92,1,Kids
8-12 (Pre-teen),Female,4.93,0,Kids
8-12 (Pre-teen),Male,0.7,0,Kids
8-12 (Pre-teen),Female,1.98,0,Kids
8-12 (Pre-teen),Male,3.91,0,Kids
13-17 (Teen),Male,5.02,1,Kids
8-12 (Pre-teen),Male,0.8,0,Kids
13-17 (Teen),Female,4.42,1,Kids
13-17 (Teen),Female,4.62,0,Kids
8-12 (Pre-teen),Male,4.42,0,Kids
13-17 (Teen),Female,2.29,0,Kids
13-17 (Teen),Male,2.14,0,Kids
8-12 (Pre-teen),Female,3.5,1,Kids
8-12 (Pre-teen),Male,1.67,0,Kids
18-29 (Young Adult),Female,4.64,0,Kids
8-12 (Pre-teen),Male,1.74,0,Kids
13-17 (Teen),Female,6.57,1,Kids
13-17 (Teen),Male,7.21,1,Kids
8-12 (Pre-teen),Female,3.24,1,Kids
8-12 (Pre-teen),Male,2.82,0,Kids
13-17 (Teen),Male,3.04,1,Kids
13-17 (Teen),Female,5.86,1,Kids
8-12 (Pre-teen),Female,5.22,1,Kids
13-17 (Teen),Male,5.32,0,Kids
8-12 (Pre-teen),Male,5.22,1,Kids
8-12 (Pre-teen),Female,4.63,1,Kids
8-12 (Pre-teen),Female,3.61,0,Kids
13-17 (Teen),Female,4.29,0,Kids
13-17 (Teen),Male,4.9,1,Kids
18-29 (Young Adult),Female,3.67,0,Kids
13-17 (Teen),Male,2.28,0,Kids
8-12 (Pre-teen),Male,0.95,0,Kids
13-17 (Teen),Female,5.11,1,Kids
8-12 (Pre-teen),Female,2.67,0,Kids
8-12 (Pre-teen),Male,5.48,1,Kids
13-17 (Teen),Female,6.42,0,Kids
13-17 (Teen),Male,3.71,0,Kids
8-12 (Pre-teen),Male,5.69,1,Kids
13-17 (Teen),Male,3.02,0,Kids
8-12 (Pre-teen),Female,4.72,1,Kids
13-17 (Teen),Female,3.18,1,Kids
13-17 (Teen),Male,4.14,0,Kids
8-12 (Pre-teen),Male,4.54,1,Kids
8-12 (Pre-teen),Male,1.17,0,Kids
13-17 (Teen),Female,4.86,1,Kids
13-17 (Teen),Male,7.52,1,Kids
18-29 (Young Adult),Female,3.19,0,Kids
13-17 (Teen),Male,3.86,1,Kids
13-17 (Teen),Female,3.42,1,Kids
8-12 (Pre-teen),Female,1.39,0,Kids
18-29 (Young Adult),Female,3.83,1,Kids
8-12 (Pre-teen),Female,1.48,0,Kids
8-12 (Pre-teen),Male,5.33,1,Kids
13-17 (Teen),Male,4.42,1,Kids
8-12 (Pre-teen),Male,0.47,0,Kids
8-12 (Pre-teen),Female,4.32,1,Kids
13-17 (Teen),Male,5.44,1,Kids
13-17 (Teen),Female,5.02,1,Kids
13-17 (Teen),Male,2.14,0,Kids
13-17 (Teen),Male,4.76,1,Kids
13-17 (Teen),Male,4.64,0,Kids
13-17 (Teen),Female,5.99,1,Kids
13-17 (Teen),Female,3.9,1,Kids
8-12 (Pre-teen),Male,4.98,1,Kids
8-12 (Pre-teen),Male,3.5,1,Kids
18-29 (Young Adult),Female,4.27,1,Kids
13-17 (Teen),Female,6.3,1,Kids
8-12 (Pre-teen),Male,4.72,1,Kids
13-17 (Teen),Male,3.41,1,Kids
8-12 (Pre-teen),Male,3.71,0,Kids
8-12 (Pre-teen),Male,2.05,0,Kids
13-17 (Teen),Male,3.72,0,Kids
13-17 (Teen),Female,4.95,0,Kids
13-17 (Teen),Female,4.08,0,Kids
13-17 (Teen),Male,1.72,0,Kids
8-12 (Pre-teen),Male,8.29,1,Kids
8-12 (Pre-teen),Male,3.91,0,Kids
8-12 (Pre-teen),Male,6.3,0,Kids
13-17 (Teen),Male,4.37,1,Kids
8-12 (Pre-teen),Male,6.57,1,Kids
8-12 (Pre-teen),Male,3.65,1,Kids
18-29 (Young Adult),Female,6.33,0,Kids
13-17 (Teen),Female,2.65,0,Kids
8-12 (Pre-teen),Female,4.74,0,Kids
13-17 (Teen),Female,5.52,1,Kids
8-12 (Pre-teen),Male,3.82,1,Kids
8-12 (Pre-teen),Male,0.94,0,Kids
18-29 (Young Adult),Female,4.03,0,Kids
13-17 (Teen),Male,4.97,1,Kids
13-17 (Teen),Female,6.59,1,Kids
13-17 (Teen),Female,2.97,0,Kids
18-29 (Young Adult),Male,5.15,0,Kids
8-12 (Pre-teen),Female,3.94,1,Kids
13-17 (Teen),Male,3.6,0,Kids
8-12 (Pre-teen),Female,4.27,0,Kids
13-17 (Teen),Male,4.03,1,Kids
13-17 (Teen),Male,3.93,0,Kids
13-17 (Teen),Female,5.06,0,Kids
8-12 (Pre-teen),Female,4.55,1,Kids
8-12 (Pre-teen),Female,1.04,0,Kids
13-17 (Teen),Male,3.65,0,Kids
8-12 (Pre-teen),Male,5.36,0,Kids
13-17 (Teen),Female,3.89,1,Kids
8-12 (Pre-teen),Male,3.38,1,Kids
13-17 (Teen),Female,2.43,0,Kids
13-17 (Teen),Female,4.05,1,Kids
8-12 (Pre-teen),Female,0.0,0,Kids
8-12 (Pre-teen),Male,4.45,1,Kids
8-12 (Pre-teen),Female,2.0,0,Kids
13-17 (Teen),Female,4.72,0,Kids
13-17 (Teen),Female,2.86,0,Kids
13-17 (Teen),Male,4.99,0,Kids
18-29 (Young Adult),Female,5.15,1,Kids
13-17 (Teen),Male,2.5,0,Kids
13-17 (Teen),Male,3.04,0,Kids
8-12 (Pre-teen),Female,4.96,1,Kids
8-12 (Pre-teen),Female,5.64,1,Kids
8-12 (Pre-teen),Male,4.89,1,Kids
13-17 (Teen),Male,3.39,1,Kids
13-17 (Teen),Male,3.42,1,Kids
13-17 (Teen),Male,2.62,0,Kids
13-17 (Teen),Male,4.73,0,Kids
8-12 (Pre-teen),Female,1.63,0,Kids
8-12 (Pre-teen),Male,5.68,0,Kids
13-17 (Teen),Male,5.01,1,Kids
18-29 (Young Adult),Female,5.79,0,Kids
13-17 (Teen),Female,5.5,1,Kids
13-17 (Teen),Female,6.15,1,Kids
8-12 (Pre-teen),Female,3.04,1,Kids
8-12 (Pre-teen),Female,4.38,1,Kids
13-17 (Teen),Female,4.0,0,Kids
8-12 (Pre-teen),Female,6.74,1,Kids
13-17 (Teen),Male,2.16,0,Kids
13-17 (Teen),Female,6.17,1,Kids
8-12 (Pre-teen),Female,4.95,1,Kids
8-12 (Pre-teen),Male,4.97,1,Kids
13-17 (Teen),Male,4.49,1,Kids
8-12 (Pre-teen),Female,4.09,0,Kids
13-17 (Teen),Male,4.99,1,Kids
13-17 (Teen),Male,4.66,0,Kids
8-12 (Pre-teen),Male,3.66,1,Kids
8-12 (Pre-teen),Male,5.06,1,Kids
8-12 (Pre-teen),Male,6.18,0,Kids
8-12 (Pre-teen),Male,2.98,0,Kids
13-17 (Teen),Male,4.95,1,Kids
8-12 (Pre-teen),Female,5.4,1,Kids
8-12 (Pre-teen),Male,0.06,0,Kids
18-29 (Young Adult),Female,6.77,1,Kids
8-12 (Pre-teen),Male,8.75,1,Kids
13-17 (Teen),Male,4.9,1,Kids
13-17 (Teen),Male,3.59,0,Kids
8-12 (Pre-teen),Female,3.95,0,Kids
13-17 (Teen),Male,3.47,0,Kids
8-12 (Pre-teen),Female,5.85,0,Kids
13-17 (Teen),Female,4.98,0,Kids
8-12 (Pre-teen),Male,2.72,0,Kids
13-17 (Teen),Male,2.88,0,Kids
8-12 (Pre-teen),Male,6.17,1,Kids
8-12 (Pre-teen),Male,6.56,1,Kids
8-12 (Pre-teen),Female,0.85,0,Kids
13-17 (Teen),Female,4.54,0,Kids
8-12 (Pre-teen),Female,0.78,0,Kids
13-17 (Teen),Female,4.4,1,Kids
13-17 (Teen),Female,1.44,0,Kids
8-12 (Pre-teen),Female,9.41,1,Kids
18-29 (Young Adult),Male,5.52,1,Kids
18-29 (Young Adult),Female,6.48,1,Kids
13-17 (Teen),Male,3.27,1,Kids
8-12 (Pre-teen),Male,5.33,1,Kids
13-17 (Teen),Female,3.55,1,Kids
13-17 (Teen),Female,1.78,0,Kids
13-17 (Teen),Male,4.03,1,Kids
13-17 (Teen),Male,5.18,1,Kids
8-12 (Pre-teen),Male,5.28,1,Kids
13-17 (Teen),Female,3.81,0,Kids
13-17 (Teen),Male,5.28,1,Kids
13-17 (Teen),Male,4.6,1,Kids
8-12 (Pre-teen),Female,6.28,0,Kids
8-12 (Pre-teen),Female,3.13,1,Kids
18-29 (Young Adult),Male,3.76,1,Kids
13-17 (Teen),Male,2.09,0,Kids
8-12 (Pre-teen),Female,6.54,1,Kids
13-17 (Teen),Female,2.44,0,Kids
13-17 (Teen),Female,5.18,1,Kids
8-12 (Pre-teen),Female,4.73,0,Kids
8-12 (Pre-teen),Male,3.91,1,Kids
13-17 (Teen),Male,4.99,1,Kids
13-17 (Teen),Female,2.94,0,Kids
13-17 (Teen),Male,3.57,1,Kids
13-17 (Teen),Male,6.42,1,Kids
8-12 (Pre-teen),Male,0.0,0,Kids
18-29 (Young Adult),Female,5.04,1,Kids
8-12 (Pre-teen),Female,0.0,0,Kids
13-17 (Teen),Female,5.27,1,Kids
13-17 (Teen),Male,4.04,1,Kids
8-12 (Pre-teen),Male,1.98,0,Kids
13-17 (Teen),Female,4.42,1,Kids
13-17 (Teen),Male,4.49,0,Kids
18-29 (Young Adult),Male,3.1,0,Kids
8-12 (Pre-teen),Male,5.41,0,Kids
8-12 (Pre-teen),Female,4.73,1,Kids
8-12 (Pre-teen),Male,3.59,0,Kids
13-17 (Teen),Female,4.2,1,Kids
8-12 (Pre-teen),Female,3.21,1,Kids
13-17 (Teen),Male,2.2,0,Kids
8-12 (Pre-teen),Male,2.66,0,Kids
13-17 (Teen),Male,4.45,0,Kids
8-12 (Pre-teen),Male,1.0,0,Kids
13-17 (Teen),Female,4.81,1,Kids
8-12 (Pre-teen),Male,5.18,1,Kids
13-17 (Teen),Male,4.19,1,Kids
8-12 (Pre-teen),Male,4.38,1,Kids
13-17 (Teen),Female,2.41,0,Kids
8-12 (Pre-teen),Female,3.89,1,Kids
13-17 (Teen),Female,5.9,0,Kids
13-17 (Teen),Male,3.7,1,Kids
13-17 (Teen),Male,5.61,1,Kids
8-12 (Pre-teen),Male,5.39,1,Kids
8-12 (Pre-teen),Female,4.64,0,Kids
13-17 (Teen),Male,5.95,0,Kids
8-12 (Pre-teen),Male,4.11,0,Kids
8-12 (Pre-teen),Female,3.32,0,Kids
8-12 (Pre-teen),Female,3.7,1,Kids
8-12 (Pre-teen),Female,2.88,0,Kids
8-12 (Pre-teen),Male,3.02,1,Kids
8-12 (Pre-teen),Male,4.52,0,Kids
8-12 (Pre-teen),Female,3.78,1,Kids
8-12 (Pre-teen),Male,6.12,1,Kids
8-12 (Pre-teen),Male,5.19,1,Kids
8-12 (Pre-teen),Female,4.77,0,Kids
8-12 (Pre-teen),Female,4.46,0,Kids
13-17 (Teen),Male,2.82,0,Kids
13-17 (Teen),Female,4.02,1,Kids
8-12 (Pre-teen),Female,4.32,0,Kids
8-12 (Pre-teen),Male,5.06,0,Kids
18-29 (Young Adult),Female,4.28,1,Kids
8-12 (Pre-teen),Female,7.76,1,Kids
8-12 (Pre-teen),Female,2.0,0,Kids
8-12 (Pre-teen),Female,6.58,1,Kids
13-17 (Teen),Male,4.84,1,Kids
13-17 (Teen),Male,2.5,0,Kids
13-17 (Teen),Male,4.73,0,Kids
13-17 (Teen),Female,5.91,0,Kids
13-17 (Teen),Female,4.91,0,Kids
8-12 (Pre-teen),Male,4.19,1,Kids
13-17 (Teen),Female,4.81,1,Kids
13-17 (Teen),Male,3.27,1,Kids
13-17 (Teen),Female,5.15,0,Kids
13-17 (Teen),Female,5.07,1,Kids
18-29 (Young Adult),Female,4.36,0,Kids
8-12 (Pre-teen),Female,6.7,1,Kids
8-12 (Pre-teen),Male,4.32,1,Kids
13-17 (Teen),Male,4.81,1,Kids
8-12 (Pre-teen),Female,4.57,1,Kids
8-12 (Pre-teen),Male,8.15,0,Kids
13-17 (Teen),Female,6.27,0,Kids
8-12 (Pre-teen),Male,2.47,0,Kids
8-12 (Pre-teen),Female,4.5,1,Kids
8-12 (Pre-teen),Male,0.0,0,Kids
13-17 (Teen),Female,3.86,0,Kids
8-12 (Pre-teen),Male,3.28,1,Kids
8-12 (Pre-teen),Female,6.53,1,Kids
13-17 (Teen),Male,4.73,0,Kids
13-17 (Teen),Female,4.73,0,Kids
8-12 (Pre-teen),Male,1.48,0,Kids
13-17 (Teen),Female,3.74,1,Kids
13-17 (Teen),Female,3.9,1,Kids
18-29 (Young Adult),Male,4.54,1,Kids
8-12 (Pre-teen),Male,4.13,1,Kids
8-12 (Pre-teen),Male,2.64,0,Kids
8-12 (Pre-teen),Female,3.37,1,Kids
13-17 (Teen),Male,5.45,1,Kids
8-12 (Pre-teen),Male,3.16,0,Kids
18-29 (Young Adult),Male,1.71,0,Kids
8-12 (Pre-teen),Male,9.35,1,Kids
8-12 (Pre-teen),Male,3.71,1,Kids
13-17 (Teen),Female,5.42,1,Kids
13-17 (Teen),Male,5.74,1,Kids
13-17 (Teen),Male,3.05,0,Kids
13-17 (Teen),Male,4.64,0,Kids
8-12 (Pre-teen),Female,7.27,1,Kids
13-17 (Teen),Male,5.26,0,Kids
13-17 (Teen),Female,4.73,1,Kids
18-29 (Young Adult),Female,3.66,0,Kids
8-12 (Pre-teen),Male,4.5,1,Kids
13-17 (Teen),Male,6.45,1,Kids
13-17 (Teen),Male,3.35,0,Kids
8-12 (Pre-teen),Female,4.17,0,Kids
8-12 (Pre-teen),Male,4.87,1,Kids
13-17 (Teen),Female,3.64,1,Kids
13-17 (Teen),Male,6.68,0,Kids
13-17 (Teen),Female,4.5,1,Kids
8-12 (Pre-teen),Female,4.86,1,Kids
13-17 (Teen),Male,4.23,0,Kids
8-12 (Pre-teen),Female,3.57,0,Kids
8-12 (Pre-teen),Female,5.02,1,Kids
13-17 (Teen),Male,3.49,0,Kids
13-17 (Teen),Male,4.06,1,Kids
8-12 (Pre-teen),Male,7.84,0,Kids
8-12 (Pre-teen),Female,10.49,1,Kids
8-12 (Pre-teen),Male,6.99,1,Kids
8-12 (Pre-teen),Male,3.3,1,Kids
13-17 (Teen),Male,4.66,0,Kids
8-12 (Pre-teen),Female,4.6,1,Kids
8-12 (Pre-teen),Female,7.06,1,Kids
13-17 (Teen),Male,2.7,0,Kids
13-17 (Teen),Female,3.46,1,Kids
8-12 (Pre-teen),Male,0.0,0,Kids
13-17 (Teen),Male,3.53,1,Kids
13-17 (Teen),Female,6.29,1,Kids
13-17 (Teen),Female,3.9,1,Kids
8-12 (Pre-teen),Male,3.64,1,Kids
8-12 (Pre-teen),Male,5.76,1,Kids
8-12 (Pre-teen),Male,2.28,0,Kids
8-12 (Pre-teen),Female,4.07,1,Kids
13-17 (Teen),Female,3.12,0,Kids
13-17 (Teen),Male,4.97,1,Kids
13-17 (Teen),Male,4.03,1,Kids
13-17 (Teen),Female,5.01,0,Kids
8-12 (Pre-teen),Female,7.12,0,Kids
8-12 (Pre-teen),Female,3.37,1,Kids
8-12 (Pre-teen),Female,2.52,0,Kids
13-17 (Teen),Male,3.43,1,Kids
13-17 (Teen),Male,6.99,1,Kids
8-12 (Pre-teen),Male,5.11,1,Kids
8-12 (Pre-teen),Female,6.68,0,Kids
8-12 (Pre-teen),Male,7.67,1,Kids
8-12 (Pre-teen),Male,6.33,1,Kids
13-17 (Teen),Male,6.62,1,Kids
13-17 (Teen),Male,4.68,0,Kids
13-17 (Teen),Male,5.2,0,Kids
13-17 (Teen),Female,4.83,1,Kids
13-17 (Teen),Male,4.93,1,Kids
18-29 (Young Adult),Male,5.22,0,Kids
8-12 (Pre-teen),Female,5.09,0,Kids
13-17 (Teen),Male,3.79,1,Kids
8-12 (Pre-teen),Male,3.71,0,Kids
18-29 (Young Adult),Female,5.36,0,Kids
8-12 (Pre-teen),Male,7.2,0,Kids
8-12 (Pre-teen),Female,3.25,1,Kids
8-12 (Pre-teen),Male,4.32,1,Kids
8-12 (Pre-teen),Female,3.65,0,Kids
8-12 (Pre-teen),Female,5.45,0,Kids
13-17 (Teen),Male,3.32,1,Kids
8-12 (Pre-teen),Male,3.64,0,Kids
8-12 (Pre-teen),Female,6.01,0,Kids
13-17 (Teen),Male,5.55,0,Kids
18-29 (Young Adult),Male,3.95,0,Kids
13-17 (Teen),Female,3.89,0,Kids
8-12 (Pre-teen),Male,8.12,1,Kids
13-17 (Teen),Female,4.3,1,Kids
8-12 (Pre-teen),Female,4.21,1,Kids
13-17 (Teen),Female,6.14,1,Kids
8-12 (Pre-teen),Male,4.73,0,Kids
13-17 (Teen),Male,4.33,1,Kids
13-17 (Teen),Female,7.24,1,Kids
8-12 (Pre-teen),Male,6.53,1,Kids
8-12 (Pre-teen),Female,4.81,0,Kids
13-17 (Teen),Male,6.96,1,Kids
13-17 (Teen),Female,5.0,0,Kids
8-12 (Pre-teen),Male,2.59,0,Kids
8-12 (Pre-teen),Female,2.43,0,Kids
13-17 (Teen),Female,5.45,1,Kids
8-12 (Pre-teen),Female,4.98,1,Kids
8-12 (Pre-teen),Female,3.16,0,Kids
13-17 (Teen),Female,4.5,1,Kids
13-17 (Teen),Male,5.02,0,Kids
8-12 (Pre-teen),Male,3.72,0,Kids
8-12 (Pre-teen),Male,0.0,0,Kids
8-12 (Pre-teen),Female,6.24,1,Kids
13-17 (Teen),Female,5.29,1,Kids
18-29 (Young Adult),Male,5.19,0,Kids
8-12 (Pre-teen),Male,1.63,0,Kids
13-17 (Teen),Male,3.57,1,Kids
8-12 (Pre-teen),Female,5.62,1,Kids
8-12 (Pre-teen),Male,9.15,0,Kids
13-17 (Teen),Male,4.75,1,Kids
13-17 (Teen),Male,5.0,1,Kids
8-12 (Pre-teen),Male,6.57,1,Kids
13-17 (Teen),Female,7.77,0,Kids
18-29 (Young Adult),Male,3.99,0,Kids
8-12 (Pre-teen),Female,4.21,1,Kids
8-12 (Pre-teen),Male,2.95,0,Kids
8-12 (Pre-teen),Female,3.93,1,Kids
8-12 (Pre-teen),Female,6.34,1,Kids
8-12 (Pre-teen),Male,1.24,0,Kids
8-12 (Pre-teen),Female,9.26,0,Kids
13-17 (Teen),Female,5.46,1,Kids
18-29 (Young Adult),Male,4.25,1,Kids
18-29 (Young Adult),Male,3.82,1,Kids
13-17 (Teen),Male,4.61,0,Kids
13-17 (Teen),Male,4.58,0,Kids
8-12 (Pre-teen),Female,4.44,1,Kids
18-29 (Young Adult),Male,3.53,1,Kids
8-12 (Pre-teen),Female,0.0,0,Kids
18-29 (Young Adult),Male,4.0,1,Kids
13-17 (Teen),Male,4.61,1,Kids
8-12 (Pre-teen),Female,0.92,0,Kids
8-12 (Pre-teen),Male,8.54,1,Kids
13-17 (Teen),Female,3.55,1,Kids
13-17 (Teen),Female,3.85,1,Kids
8-12 (Pre-teen),Female,4.31,1,Kids
13-17 (Teen),Female,5.21,1,Kids
8-12 (Pre-teen),Female,4.92,1,Kids
8-12 (Pre-teen),Male,4.36,1,Kids
13-17 (Teen),Female,6.34,0,Kids
18-29 (Young Adult),Male,6.32,1,Kids
13-17 (Teen),Male,4.19,1,Kids
18-29 (Young Adult),Male,3.51,0,Kids
13-17 (Teen),Female,2.19,0,Kids
13-17 (Teen),Female,3.18,1,Kids
8-12 (Pre-teen),Male,0.29,0,Kids
8-12 (Pre-teen),Female,3.57,1,Kids
8-12 (Pre-teen),Female,1.62,0,Kids
8-12 (Pre-teen),Female,4.59,0,Kids
8-12 (Pre-teen),Female,4.76,0,Kids
13-17 (Teen),Male,4.95,1,Kids
8-12 (Pre-teen),Male,4.65,1,Kids
13-17 (Teen),Male,3.78,1,Kids
8-12 (Pre-teen),Female,3.25,1,Kids
18-29 (Young Adult),Male,4.41,1,Kids
13-17 (Teen),Female,2.83,0,Kids
13-17 (Teen),Female,4.8,1,Kids
8-12 (Pre-teen),Male,5.09,1,Kids
13-17 (Teen),Female,3.59,0,Kids
13-17 (Teen),Female,6.55,1,Kids
8-12 (Pre-teen),Female,4.3,1,Kids
13-17 (Teen),Male,5.85,1,Kids
13-17 (Teen),Female,4.58,0,Kids
8-12 (Pre-teen),Female,3.45,1,Kids
13-17 (Teen),Male,7.37,1,Kids
13-17 (Teen),Male,4.97,0,Kids
13-17 (Teen),Female,6.36,0,Kids
8-12 (Pre-teen),Female,6.24,1,Kids
8-12 (Pre-teen),Female,4.48,1,Kids
13-17 (Teen),Male,4.48,1,Kids
13-17 (Teen),Female,3.9,1,Kids
13-17 (Teen),Female,5.57,0,Kids
8-12 (Pre-teen),Female,6.87,1,Kids
8-12 (Pre-teen),Male,6.05,1,Kids
13-17 (Teen),Female,5.75,0,Kids
13-17 (Teen),Female,1.45,0,Kids
8-12 (Pre-teen),Male,4.94,1,Kids
8-12 (Pre-teen),Female,4.91,0,Kids
13-17 (Teen),Male,6.27,1,Kids
13-17 (Teen),Female,5.39,0,Kids
8-12 (Pre-teen),Female,6.92,0,Kids
18-29 (Young Adult),Male,3.37,1,Kids
13-17 (Teen),Female,6.44,1,Kids
13-17 (Teen),Female,5.76,1,Kids
13-17 (Teen),Male,2.83,0,Kids
8-12 (Pre-teen),Male,0.0,0,Kids
13-17 (Teen),Female,5.13,1,Kids
8-12 (Pre-teen),Male,1.39,0,Kids
13-17 (Teen),Female,3.94,1,Kids
13-17 (Teen),Female,3.75,1,Kids
8-12 (Pre-teen),Male,2.23,0,Kids
8-12 (Pre-teen),Male,2.08,0,Kids
13-17 (Teen),Female,4.2,1,Kids
8-12 (Pre-teen),Female,3.8,0,Kids
8-12 (Pre-teen),Female,3.12,1,Kids
8-12 (Pre-teen),Male,5.82,1,Kids
8-12 (Pre-teen),Female,3.92,1,Kids
8-12 (Pre-teen),Male,7.4,0,Kids
13-17 (Teen),Male,5.71,1,Kids
13-17 (Teen),Female,2.48,0,Kids
13-17 (Teen),Female,5.83,0,Kids
8-12 (Pre-teen),Male,0.0,0,Kids
8-12 (Pre-teen),Female,0.96,0,Kids
8-12 (Pre-teen),Female,0.0,0,Kids
13-17 (Teen),Female,2.42,0,Kids
13-17 (Teen),Male,4.89,0,Kids
8-12 (Pre-teen),Male,5.81,1,Kids
8-12 (Pre-teen),Male,2.75,0,Kids
13-17 (Teen),Female,2.09,0,Kids
13-17 (Teen),Male,5.16,1,Kids
13-17 (Teen),Male,5.37,1,Kids
8-12 (Pre-teen),Male,0.24,0,Kids
8-12 (Pre-teen),Male,3.66,1,Kids
13-17 (Teen),Male,3.99,1,Kids
8-12 (Pre-teen),Female,3.95,0,Kids
8-12 (Pre-teen),Male,4.71,0,Kids
13-17 (Teen),Female,4.18,1,Kids
13-17 (Teen),Female,4.8,1,Kids
18-29 (Young Adult),Male,6.6,1,Kids
8-12 (Pre-teen),Male,0.0,0,Kids
8-12 (Pre-teen),Male,5.29,1,Kids
13-17 (Teen),Female,4.94,1,Kids
13-17 (Teen),Female,4.56,0,Kids
8-12 (Pre-teen),Female,3.06,0,Kids
13-17 (Teen),Male,4.67,1,Kids
18-29 (Young Adult),Female,4.59,1,Kids
8-12 (Pre-teen),Female,4.51,1,Kids
8-12 (Pre-teen),Female,3.57,1,Kids
8-12 (Pre-teen),Male,4.07,1,Kids
13-17 (Teen),Male,4.83,1,Kids
8-12 (Pre-teen),Male,2.96,0,Kids
13-17 (Teen),Female,2.86,0,Kids
13-17 (Teen),Female,5.04,0,Kids
8-12 (Pre-teen),Male,7.21,0,Kids
13-17 (Teen),Female,2.59,0,Kids
13-17 (Teen),Female,7.07,1,Kids
13-17 (Teen),Female,6.67,1,Kids
8-12 (Pre-teen),Male,3.86,1,Kids
18-29 (Young Adult),Male,3.21,0,Kids
13-17 (Teen),Male,3.83,1,Kids
8-12 (Pre-teen),Female,3.02,1,Kids
8-12 (Pre-teen),Female,4.94,1,Kids
13-17 (Teen),Male,5.36,1,Kids
8-12 (Pre-teen),Male,11.5,0,Kids
8-12 (Pre-teen),Male,7.17,1,Kids
8-12 (Pre-teen),Female,0.4,0,Kids
13-17 (Teen),Male,4.03,0,Kids
8-12 (Pre-teen),Female,5.45,1,Kids
13-17 (Teen),Female,4.73,0,Kids
8-12 (Pre-teen),Female,4.42,0,Kids
8-12 (Pre-teen),Male,3.01,1,Kids
8-12 (Pre-teen),Female,5.39,1,Kids
18-29 (Young Adult),Female,3.26,1,Kids
18-29 (Young Adult),Female,4.18,1,Kids
13-17 (Teen),Male,3.67,1,Kids
13-17 (Teen),Male,5.23,0,Kids
18-29 (Young Adult),Female,5.87,1,Kids
13-17 (Teen),Male,6.07,0,Kids
8-12 (Pre-teen),Female,4.86,1,Kids
8-12 (Pre-teen),Female,6.66,1,Kids
13-17 (Teen),Female,5.5,1,Kids
13-17 (Teen),Female,4.46,1,Kids
8-12 (Pre-teen),Male,3.77,1,Kids
8-12 (Pre-teen),Female,3.85,0,Kids
13-17 (Teen),Male,6.37,0,Kids
13-17 (Teen),Male,4.26,1,Kids
13-17 (Teen),Female,1.86,0,Kids
13-17 (Teen),Male,6.21,1,Kids
8-12 (Pre-teen),Male,5.01,0,Kids
13-17 (Teen),Female,3.84,1,Kids
13-17 (Teen),Male,4.85,1,Kids
8-12 (Pre-teen),Male,1.59,0,Kids
13-17 (Teen),Male,3.22,1,Kids
13-17 (Teen),Female,2.51,0,Kids
13-17 (Teen),Female,6.17,1,Kids
8-12 (Pre-teen),Female,5.34,1,Kids
8-12 (Pre-teen),Male,7.46,1,Kids
13-17 (Teen),Male,2.35,0,Kids
8-12 (Pre-teen),Male,4.54,0,Kids
13-17 (Teen),Female,4.16,0,Kids
18-29 (Young Adult),Male,4.48,1,Kids
13-17 (Teen),Male,4.66,0,Kids
8-12 (Pre-teen),Male,1.86,0,Kids
13-17 (Teen),Male,4.97,1,Kids
13-17 (Teen),Male,5.96,1,Kids
13-17 (Teen),Male,6.35,1,Kids
8-12 (Pre-teen),Male,5.6,0,Kids
8-12 (Pre-teen),Female,7.62,0,Kids
8-12 (Pre-teen),Male,0.0,0,Kids
13-17 (Teen),Female,6.79,1,Kids
18-29 (Young Adult),Male,4.18,0,Kids
13-17 (Teen),Male,4.05,1,Kids
8-12 (Pre-teen),Female,3.24,1,Kids
13-17 (Teen),Female,2.97,0,Kids
13-17 (Teen),Male,4.55,1,Kids
8-12 (Pre-teen),Female,3.52,0,Kids
13-17 (Teen),Female,5.57,0,Kids
8-12 (Pre-teen),Male,4.65,1,Kids
8-12 (Pre-teen),Female,5.17,0,Kids
13-17 (Teen),Female,5.69,1,Kids
13-17 (Teen),Male,4.22,1,Kids
13-17 (Teen),Male,3.58,1,Kids
8-12 (Pre-teen),Male,5.88,1,Kids
18-29 (Young Adult),Female,5.5,1,Kids
13-17 (Teen),Male,4.2,1,Kids
13-17 (Teen),Male,5.61,0,Kids
18-29 (Young Adult),Female,4.59,1,Kids
13-17 (Teen),Male,5.02,0,Kids
13-17 (Teen),Female,3.37,1,Kids
8-12 (Pre-teen),Male,1.41,0,Kids
13-17 (Teen),Male,5.56,0,Kids
8-12 (Pre-teen),Male,5.89,0,Kids
13-17 (Teen),Male,3.18,1,Kids
8-12 (Pre-teen),Female,1.65,0,Kids
13-17 (Teen),Female,2.07,0,Kids
8-12 (Pre-teen),Female,3.42,1,Kids
8-12 (Pre-teen),Male,7.83,1,Kids
8-12 (Pre-teen),Female,4.41,1,Kids
8-12 (Pre-teen),Male,3.39,0,Kids
13-17 (Teen),Female,3.0,0,Kids
8-12 (Pre-teen),Male,8.04,1,Kids
8-12 (Pre-teen),Male,5.54,0,Kids
13-17 (Teen),Male,7.1,0,Kids
8-12 (Pre-teen),Female,4.69,1,Kids
13-17 (Teen),Male,3.09,1,Kids
13-17 (Teen),Male,4.7,0,Kids
8-12 (Pre-teen),Male,4.61,1,Kids
8-12 (Pre-teen),Female,5.61,1,Kids
8-12 (Pre-teen),Female,3.17,1,Kids
13-17 (Teen),Male,2.62,0,Kids
13-17 (Teen),Female,4.27,1,Kids
18-29 (Young Adult),Male,6.46,0,Kids
8-12 (Pre-teen),Female,10.66,0,Kids
13-17 (Teen),Male,5.59,0,Kids
8-12 (Pre-teen),Female,5.74,1,Kids
13-17 (Teen),Female,4.95,1,Kids
13-17 (Teen),Male,5.07,1,Kids
8-12 (Pre-teen),Female,4.23,1,Kids
8-12 (Pre-teen),Female,0.6,0,Kids
8-12 (Pre-teen),Female,3.51,0,Kids
13-17 (Teen),Female,4.41,1,Kids
18-29 (Young Adult),Female,4.67,1,Kids
8-12 (Pre-teen),Female,4.41,1,Kids
13-17 (Teen),Male,5.69,0,Kids
8-12 (Pre-teen),Male,5.02,1,Kids
13-17 (Teen),Female,5.12,1,Kids
8-12 (Pre-teen),Male,5.66,0,Kids
13-17 (Teen),Male,3.6,1,Kids
18-29 (Young Adult),Male,3.69,1,Kids
13-17 (Teen),Female,6.24,0,Kids
18-29 (Young Adult),Male,6.36,1,Kids
13-17 (Teen),Male,4.33,1,Kids
13-17 (Teen),Female,5.88,0,Kids
13-17 (Teen),Female,2.31,0,Kids
8-12 (Pre-teen),Female,7.33,1,Kids
18-29 (Young Adult),Female,4.04,1,Kids
13-17 (Teen),Female,6.68,1,Kids
8-12 (Pre-teen),Female,5.83,0,Kids
13-17 (Teen),Female,4.56,1,Kids
8-12 (Pre-teen),Male,3.96,0,Kids
8-12 (Pre-teen),Male,3.29,0,Kids
13-17 (Teen),Female,5.39,0,Kids
8-12 (Pre-teen),Female,0.94,0,Kids
13-17 (Teen),Female,3.21,0,Kids
13-17 (Teen),Female,2.95,0,Kids
13-17 (Teen),Female,4.99,1,Kids
8-12 (Pre-teen),Female,2.42,0,Kids
13-17 (Teen),Male,5.49,0,Kids
8-12 (Pre-teen),Female,2.45,0,Kids
13-17 (Teen),Male,5.39,1,Kids
8-12 (Pre-teen),Female,4.16,1,Kids
18-29 (Young Adult),Female,5.22,0,Kids
8-12 (Pre-teen),Female,6.82,1,Kids
13-17 (Teen),Female,4.94,0,Kids
13-17 (Teen),Male,4.32,1,Kids
18-29 (Young Adult),Male,4.81,1,Kids
18-29 (Young Adult),Female,3.86,0,Kids
8-12 (Pre-teen),Female,2.97,0,Kids
8-12 (Pre-teen),Male,2.76,0,Kids
13-17 (Teen),Female,4.84,1,Kids
13-17 (Teen),Male,3.68,1,Kids
8-12 (Pre-teen),Female,6.74,1,Kids
18-29 (Young Adult),Male,4.49,0,Kids
8-12 (Pre-teen),Female,5.04,0,Kids
18-29 (Young Adult),Male,5.76,1,Kids
8-12 (Pre-teen),Female,7.4,1,Kids
18-29 (Young Adult),Female,5.59,0,Kids
8-12 (Pre-teen),Male,0.48,0,Kids
8-12 (Pre-teen),Female,3.74,0,Kids
8-12 (Pre-teen),Female,0.03,0,Kids
13-17 (Teen),Male,5.85,1,Kids
8-12 (Pre-teen),Male,1.05,0,Kids
13-17 (Teen),Male,3.23,1,Kids
18-29 (Young Adult),Female,5.22,0,Kids
13-17 (Teen),Female,3.53,1,Kids
8-12 (Pre-teen),Female,4.76,0,Kids
8-12 (Pre-teen),Male,2.35,0,Kids
8-12 (Pre-teen),Female,0.0,0,Kids
8-12 (Pre-teen),Male,5.23,1,Kids
8-12 (Pre-teen),Male,0.97,0,Kids
13-17 (Teen),Male,4.93,1,Kids
8-12 (Pre-teen),Female,4.78,0,Kids
13-17 (Teen),Female,5.56,1,Kids
8-12 (Pre-teen),Female,6.73,1,Kids
8-12 (Pre-teen),Male,5.14,1,Kids
13-17 (Teen),Male,4.15,0,Kids
13-17 (Teen),Female,5.0,1,Kids
8-12 (Pre-teen),Male,3.86,0,Kids
8-12 (Pre-teen),Male,2.94,0,Kids
13-17 (Teen),Female,5.15,1,Kids
8-12 (Pre-teen),Female,4.69,1,Kids
8-12 (Pre-teen),Male,5.91,1,Kids
13-17 (Teen),Male,3.7,1,Kids
8-12 (Pre-teen),Female,7.92,1,Kids
8-12 (Pre-teen),Male,5.05,1,Kids
13-17 (Teen),Male,3.95,1,Kids
8-12 (Pre-teen),Male,6.31,0,Kids
13-17 (Teen),Female,2.08,0,Kids
8-12 (Pre-teen),Female,3.62,1,Kids
13-17 (Teen),Female,6.14,1,Kids
13-17 (Teen),Male,4.76,1,Kids
13-17 (Teen),Male,5.72,0,Kids
13-17 (Teen),Female,3.13,1,Kids
8-12 (Pre-teen),Female,3.73,1,Kids
18-29 (Young Adult),Male,3.79,1,Kids
8-12 (Pre-teen),Male,6.73,1,Kids
8-12 (Pre-teen),Female,5.82,0,Kids
8-12 (Pre-teen),Male,2.53,0,Kids
8-12 (Pre-teen),Male,3.45,0,Kids
13-17 (Teen),Female,2.92,0,Kids
13-17 (Teen),Female,1.25,0,Kids
18-29 (Young Adult),Male,4.72,1,Kids
8-12 (Pre-teen),Male,6.14,0,Kids
8-12 (Pre-teen),Male,8.46,0,Kids
13-17 (Teen),Female,3.9,0,Kids
18-29 (Young Adult),Female,4.62,1,Kids
13-17 (Teen),Male,4.47,1,Kids
13-17 (Teen),Male,4.86,1,Kids
13-17 (Teen),Male,2.59,0,Kids
18-29 (Young Adult),Female,6.87,1,Kids
13-17 (Teen),Female,4.22,1,Kids
13-17 (Teen),Female,6.89,1,Kids
18-29 (Young Adult),Female,3.61,1,Kids
13-17 (Teen),Male,4.97,0,Kids
13-17 (Teen),Male,4.98,0,Kids
8-12 (Pre-teen),Female,3.31,1,Kids
8-12 (Pre-teen),Female,3.5,0,Kids
13-17 (Teen),Female,4.12,0,Kids
13-17 (Teen),Male,4.62,1,Kids
8-12 (Pre-teen),Male,2.96,0,Kids
13-17 (Teen),Female,2.31,0,Kids
8-12 (Pre-teen),Female,0.0,0,Kids
13-17 (Teen),Female,4.15,1,Kids
8-12 (Pre-teen),Male,5.03,0,Kids
13-17 (Teen),Male,5.44,1,Kids
13-17 (Teen),Male,6.26,0,Kids
13-17 (Teen),Female,6.49,0,Kids
8-12 (Pre-teen),Male,5.19,0,Kids
13-17 (Teen),Male,5.07,0,Kids
13-17 (Teen),Male,5.34,1,Kids
13-17 (Teen),Female,5.96,1,Kids
13-17 (Teen),Male,3.18,0,Kids
13-17 (Teen),Female,4.34,0,Kids
8-12 (Pre-teen),Female,7.91,0,Kids
8-12 (Pre-teen),Male,4.57,1,Kids
13-17 (Teen),Male,3.44,0,Kids
8-12 (Pre-teen),Male,3.45,1,Kids
13-17 (Teen),Male,4.99,1,Kids
13-17 (Teen),Female,4.08,0,Kids
13-17 (Teen),Male,5.62,1,Kids
13-17 (Teen),Female,7.23,0,Kids
13-17 (Teen),Male,4.67,0,Kids
13-17 (Teen),Female,5.93,1,Kids
13-17 (Teen),Male,3.75,1,Kids
8-12 (Pre-teen),Male,4.19,1,Kids
8-12 (Pre-teen),Female,0.91,0,Kids
13-17 (Teen),Female,4.63,0,Kids
13-17 (Teen),Male,5.11,0,Kids
13-17 (Teen),Female,3.79,0,Kids
18-29 (Young Adult),Male,3.78,0,Kids
13-17 (Teen),Female,5.35,0,Kids
13-17 (Teen),Female,5.4,1,Kids
8-12 (Pre-teen),Male,7.93,1,Kids
8-12 (Pre-teen),Male,8.46,1,Kids
18-29 (Young Adult),Female,4.97,1,Kids
13-17 (Teen),Male,5.05,0,Kids
13-17 (Teen),Female,3.23,1,Kids
8-12 (Pre-teen),Female,4.09,0,Kids
13-17 (Teen),Male,2.41,0,Kids
13-17 (Teen),Female,5.54,1,Kids
13-17 (Teen),Female,5.11,1,Kids
8-12 (Pre-teen),Male,3.69,0,Kids
13-17 (Teen),Male,5.22,1,Kids
18-29 (Young Adult),Male,3.94,1,Kids
13-17 (Teen),Female,8.26,1,Kids
8-12 (Pre-teen),Female,0.76,0,Kids
13-17 (Teen),Female,2.51,0,Kids
13-17 (Teen),Male,4.24,1,Kids
8-12 (Pre-teen),Male,6.71,1,Kids
18-29 (Young Adult),Male,7.13,0,Kids
8-12 (Pre-teen),Female,6.25,1,Kids
13-17 (Teen),Female,5.51,0,Kids
13-17 (Teen),Male,4.86,1,Kids
13-17 (Teen),Female,5.68,1,Kids
8-12 (Pre-teen),Female,6.09,1,Kids
13-17 (Teen),Female,4.23,0,Kids
13-17 (Teen),Male,4.46,1,Kids
8-12 (Pre-teen),Male,4.78,1,Kids
13-17 (Teen),Female,4.11,1,Kids
13-17 (Teen),Female,4.81,1,Kids
13-17 (Teen),Female,6.06,1,Kids
8-12 (Pre-teen),Male,7.72,1,Kids
8-12 (Pre-teen),Female,4.78,1,Kids
13-17 (Teen),Female,6.89,0,Kids
13-17 (Teen),Male,4.08,1,Kids
8-12 (Pre-teen),Female,1.59,0,Kids
13-17 (Teen),Male,6.75,1,Kids
8-12 (Pre-teen),Male,6.12,0,Kids
13-17 (Teen),Female,3.53,1,Kids
8-12 (Pre-teen),Male,2.81,0,Kids
8-12 (Pre-teen),Male,4.63,0,Kids
13-17 (Teen),Male,3.85,1,Kids
13-17 (Teen),Female,6.56,0,Kids
8-12 (Pre-teen),Female,4.65,1,Kids
8-12 (Pre-teen),Female,5.33,0,Kids
8-12 (Pre-teen),Male,3.15,1,Kids
8-12 (Pre-teen),Male,2.32,0,Kids
18-29 (Young Adult),Female,5.33,1,Kids
8-12 (Pre-teen),Female,0.71,0,Kids
8-12 (Pre-teen),Female,6.0,1,Kids
8-12 (Pre-teen),Female,3.56,0,Kids
13-17 (Teen),Female,2.74,0,Kids
8-12 (Pre-teen),Male,0.89,0,Kids
13-17 (Teen),Female,2.27,0,Kids
18-29 (Young Adult),Female,2.94,0,Kids
13-17 (Teen),Female,3.75,0,Kids
13-17 (Teen),Female,4.96,0,Kids
13-17 (Teen),Female,4.2,1,Kids
8-12 (Pre-teen),Male,6.03,0,Kids
13-17 (Teen),Male,2.71,0,Kids
13-17 (Teen),Female,3.45,1,Kids
8-12 (Pre-teen),Male,3.85,1,Kids
13-17 (Teen),Male,3.91,1,Kids
8-12 (Pre-teen),Female,3.24,1,Kids
13-17 (Teen),Female,5.23,1,Kids
18-29 (Young Adult),Male,2.15,0,Kids
8-12 (Pre-teen),Male,0.6,0,Kids
8-12 (Pre-teen),Male,3.38,1,Kids
13-17 (Teen),Male,4.58,1,Kids
13-17 (Teen),Male,5.9,0,Kids
8-12 (Pre-teen),Female,2.1,0,Kids
18-29 (Young Adult),Female,3.95,1,Kids
8-12 (Pre-teen),Male,2.68,0,Kids
13-17 (Teen),Male,2.85,0,Kids
8-12 (Pre-teen),Male,3.96,0,Kids
8-12 (Pre-teen),Male,1.36,0,Kids
18-29 (Young Adult),Male,3.88,0,Kids
8-12 (Pre-teen),Female,5.72,1,Kids
8-12 (Pre-teen),Female,2.65,0,Kids
13-17 (Teen),Male,2.45,0,Kids
18-29 (Young Adult),Female,4.67,1,Kids
8-12 (Pre-teen),Female,2.44,0,Kids
8-12 (Pre-teen),Female,0.0,0,Kids
13-17 (Teen),Male,4.5,0,Kids
13-17 (Teen),Male,4.19,1,Kids
13-17 (Teen),Male,2.07,0,Kids
8-12 (Pre-teen),Male,4.73,0,Kids
13-17 (Teen),Male,4.58,1,Kids
13-17 (Teen),Female,8.36,0,Kids
18-29 (Young Adult),Female,3.42,1,Kids
13-17 (Teen),Female,4.71,1,Kids
8-12 (Pre-teen),Male,3.85,1,Kids
13-17 (Teen),Male,3.76,1,Kids
13-17 (Teen),Female,4.02,0,Kids
8-12 (Pre-teen),Female,7.52,1,Kids
8-12 (Pre-teen),Male,5.85,0,Kids
8-12 (Pre-teen),Male,3.12,1,Kids
13-17 (Teen),Female,4.74,0,Kids
13-17 (Teen),Male,3.8,1,Kids
8-12 (Pre-teen),Male,5.38,1,Kids
8-12 (Pre-teen),Female,4.91,1,Kids
8-12 (Pre-teen),Male,3.57,1,Kids
8-12 (Pre-teen),Male,2.55,0,Kids
8-12 (Pre-teen),Female,5.37,0,Kids
8-12 (Pre-teen),Male,2.97,0,Kids
13-17 (Teen),Male,3.77,1,Kids
8-12 (Pre-teen),Male,6.7,1,Kids
13-17 (Teen),Female,5.75,1,Kids
8-12 (Pre-teen),Female,2.92,0,Kids
13-17 (Teen),Female,0.65,0,Kids
13-17 (Teen),Female,5.16,0,Kids
13-17 (Teen),Male,3.75,1,Kids
13-17 (Teen),Male,3.51,0,Kids
8-12 (Pre-teen),Male,6.72,0,Kids
8-12 (Pre-teen),Male,0.0,0,Kids
8-12 (Pre-teen),Male,2.34,0,Kids
8-12 (Pre-teen),Male,0.05,0,Kids
13-17 (Teen),Male,4.02,1,Kids
13-17 (Teen),Male,3.61,1,Kids
18-29 (Young Adult),Male,5.78,1,Kids
8-12 (Pre-teen),Male,4.42,0,Kids
8-12 (Pre-teen),Female,4.02,1,Kids
8-12 (Pre-teen),Female,3.97,0,Kids
8-12 (Pre-teen),Male,6.97,0,Kids
8-12 (Pre-teen),Female,3.46,0,Kids
8-12 (Pre-teen),Male,4.48,0,Kids
8-12 (Pre-teen),Female,5.23,1,Kids
8-12 (Pre-teen),Male,5.91,0,Kids
8-12 (Pre-teen),Female,5.75,0,Kids
8-12 (Pre-teen),Male,5.97,1,Kids
8-12 (Pre-teen),Male,6.51,0,Kids
13-17 (Teen),Male,5.22,0,Kids
8-12 (Pre-teen),Male,4.21,1,Kids
13-17 (Teen),Male,2.86,0,Kids
8-12 (Pre-teen),Male,6.04,0,Kids
8-12 (Pre-teen),Male,4.25,0,Kids
8-12 (Pre-teen),Female,4.62,0,Kids
13-17 (Teen),Male,6.94,0,Kids
13-17 (Teen),Female,4.61,1,Kids
13-17 (Teen),Female,4.81,1,Kids
13-17 (Teen),Male,6.52,0,Kids
8-12 (Pre-teen),Male,4.05,1,Kids
8-12 (Pre-teen),Female,4.89,1,Kids
8-12 (Pre-teen),Female,3.85,1,Kids
13-17 (Teen),Female,3.74,1,Kids
8-12 (Pre-teen),Female,2.25,0,Kids
8-12 (Pre-teen),Male,2.79,0,Kids
8-12 (Pre-teen),Female,3.32,0,Kids
8-12 (Pre-teen),Male,3.78,0,Kids
18-29 (Young Adult),Female,3.97,1,Kids
8-12 (Pre-teen),Male,3.13,1,Kids
8-12 (Pre-teen),Male,0.0,0,Kids
13-17 (Teen),Female,5.72,0,Kids
13-17 (Teen),Male,3.84,1,Kids
13-17 (Teen),Female,0.99,0,Kids
8-12 (Pre-teen),Male,5.9,0,Kids
8-12 (Pre-teen),Female,3.58,1,Kids
8-12 (Pre-teen),Female,1.56,0,Kids
8-12 (Pre-teen),Female,2.84,0,Kids
13-17 (Teen),Female,4.91,1,Kids
8-12 (Pre-teen),Male,6.33,1,Kids
18-29 (Young Adult),Female,3.51,0,Kids
8-12 (Pre-teen),Female,6.43,1,Kids
8-12 (Pre-teen),Female,3.41,1,Kids
8-12 (Pre-teen),Female,2.31,0,Kids
13-17 (Teen),Female,3.91,0,Kids
13-17 (Teen),Female,6.23,1,Kids
8-12 (Pre-teen),Female,0.11,0,Kids
8-12 (Pre-teen),Female,2.08,0,Kids
8-12 (Pre-teen),Male,7.5,1,Kids
13-17 (Teen),Male,4.53,1,Kids
13-17 (Teen),Male,5.96,1,Kids
13-17 (Teen),Female,5.17,1,Kids
18-29 (Young Adult),Male,1.61,0,Kids
8-12 (Pre-teen),Male,6.45,0,Kids
8-12 (Pre-teen),Female,7.4,1,Kids
13-17 (Teen),Male,4.06,1,Kids
13-17 (Teen),Male,3.13,1,Kids
8-12 (Pre-teen),Male,3.48,1,Kids
8-12 (Pre-teen),Female,3.23,1,Kids
8-12 (Pre-teen),Male,5.16,1,Kids
8-12 (Pre-teen),Male,3.96,1,Kids
8-12 (Pre-teen),Female,0.0,0,Kids
13-17 (Teen),Female,4.01,1,Kids
13-17 (Teen),Female,5.1,1,Kids
8-12 (Pre-teen),Male,5.96,0,Kids
13-17 (Teen),Female,4.01,1,Kids
13-17 (Teen),Male,4.18,1,Kids
13-17 (Teen),Male,5.67,0,Kids
13-17 (Teen),Female,5.73,1,Kids
8-12 (Pre-teen),Male,4.59,1,Kids
8-12 (Pre-teen),Female,5.4,1,Kids
8-12 (Pre-teen),Female,6.2,1,Kids
13-17 (Teen),Male,5.45,1,Kids
8-12 (Pre-teen),Female,9.17,1,Kids
13-17 (Teen),Female,2.43,0,Kids
18-29 (Young Adult),Female,3.6,1,Kids
8-12 (Pre-teen),Male,2.94,0,Kids
8-12 (Pre-teen),Female,1.46,0,Kids
13-17 (Teen),Female,4.76,1,Kids
13-17 (Teen),Female,4.86,1,Kids
13-17 (Teen),Female,6.68,1,Kids
8-12 (Pre-teen),Female,4.99,1,Kids
13-17 (Teen),Female,5.27,1,Kids
8-12 (Pre-teen),Female,2.98,0,Kids
13-17 (Teen),Male,5.84,1,Kids
13-17 (Teen),Male,5.37,0,Kids
13-17 (Teen),Female,6.08,1,Kids
13-17 (Teen),Male,4.85,1,Kids
8-12 (Pre-teen),Female,5.19,1,Kids
13-17 (Teen),Male,5.7,1,Kids
8-12 (Pre-teen),Male,4.22,1,Kids
8-12 (Pre-teen),Male,5.6,1,Kids
8-12 (Pre-teen),Female,3.57,1,Kids
13-17 (Teen),Female,3.9,1,Kids
8-12 (Pre-teen),Male,8.78,0,Kids
8-12 (Pre-teen),Female,4.09,1,Kids
13-17 (Teen),Male,3.7,0,Kids
8-12 (Pre-teen),Female,5.66,0,Kids
13-17 (Teen),Female,4.72,1,Kids
13-17 (Teen),Male,3.24,0,Kids
8-12 (Pre-teen),Female,1.67,0,Kids
8-12 (Pre-teen),Female,0.0,0,Kids
8-12 (Pre-teen),Female,6.13,0,Kids
8-12 (Pre-teen),Male,7.67,1,Kids
13-17 (Teen),Male,2.95,0,Kids
13-17 (Teen),Male,3.42,1,Kids
13-17 (Teen),Male,2.48,0,Kids
13-17 (Teen),Female,3.64,1,Kids
8-12 (Pre-teen),Male,5.56,1,Kids
8-12 (Pre-teen),Female,0.0,0,Kids
8-12 (Pre-teen),Male,4.99,0,Kids
13-17 (Teen),Female,4.9,1,Kids
8-12 (Pre-teen),Male,5.05,1,Kids
13-17 (Teen),Male,3.95,0,Kids
8-12 (Pre-teen),Female,4.51,1,Kids
13-17 (Teen),Female,0.48,0,Kids
13-17 (Teen),Female,5.97,0,Kids
13-17 (Teen),Male,5.12,0,Kids
8-12 (Pre-teen),Male,0.92,0,Kids
13-17 (Teen),Female,3.99,1,Kids
13-17 (Teen),Male,5.46,1,Kids
8-12 (Pre-teen),Male,10.21,1,Kids
8-12 (Pre-teen),Female,3.01,1,Kids
8-12 (Pre-teen),Female,3.19,0,Kids
13-17 (Teen),Male,5.24,1,Kids
13-17 (Teen),Male,4.56,1,Kids
13-17 (Teen),Female,4.33,1,Kids
13-17 (Teen),Male,4.73,0,Kids
18-29 (Young Adult),Male,3.33,1,Kids
13-17 (Teen),Male,4.87,1,Kids
8-12 (Pre-teen),Female,6.51,0,Kids
8-12 (Pre-teen),Female,4.47,1,Kids
13-17 (Teen),Female,6.69,1,Kids
13-17 (Teen),Male,3.4,1,Kids
13-17 (Teen),Male,3.79,0,Kids
13-17 (Teen),Female,3.72,0,Kids
8-12 (Pre-teen),Female,5.53,0,Kids
8-12 (Pre-teen),Female,2.71,0,Kids
13-17 (Teen),Male,5.57,0,Kids
13-17 (Teen),Female,4.38,0,Kids
13-17 (Teen),Female,5.63,1,Kids
8-12 (Pre-teen),Male,4.01,1,Kids
13-17 (Teen),Male,3.39,1,Kids
18-29 (Young Adult),Female,3.91,1,Kids
13-17 (Teen),Male,4.05,1,Kids
8-12 (Pre-teen),Female,1.2,0,Kids
13-17 (Teen),Male,4.92,1,Kids
8-12 (Pre-teen),Female,1.82,0,Kids
8-12 (Pre-teen),Male,4.15,0,Kids
8-12 (Pre-teen),Male,0.34,0,Kids
18-29 (Young Adult),Female,4.77,1,Kids
13-17 (Teen),Male,5.4,1,Kids
8-12 (Pre-teen),Female,2.78,0,Kids
13-17 (Teen),Male,4.92,0,Kids
8-12 (Pre-teen),Male,0.01,0,Kids
8-12 (Pre-teen),Female,5.06,0,Kids
8-12 (Pre-teen),Female,4.2,1,Kids
13-17 (Teen),Female,5.66,0,Kids
8-12 (Pre-teen),Female,3.47,1,Kids
13-17 (Teen),Male,5.42,0,Kids
8-12 (Pre-teen),Male,5.64,0,Kids
18-29 (Young Adult),Female,3.48,0,Kids
8-12 (Pre-teen),Male,2.74,0,Kids
18-29 (Young Adult),Male,4.31,0,Kids
13-17 (Teen),Male,2.59,0,Kids
8-12 (Pre-teen),Female,1.07,0,Kids
13-17 (Teen),Male,3.94,1,Kids
13-17 (Teen),Female,3.01,0,Kids
8-12 (Pre-teen),Female,5.27,0,Kids
8-12 (Pre-teen),Female,4.72,0,Kids
13-17 (Teen),Male,3.79,1,Kids
13-17 (Teen),Female,3.72,0,Kids
8-12 (Pre-teen),Female,5.43,0,Kids
8-12 (Pre-teen),Female,4.79,1,Kids
18-29 (Young Adult),Male,5.86,1,Kids
13-17 (Teen),Male,3.02,1,Kids
13-17 (Teen),Female,4.02,1,Kids
18-29 (Young Adult),Male,4.23,1,Kids
13-17 (Teen),Female,4.95,0,Kids
13-17 (Teen),Female,6.1,1,Kids
18-29 (Young Adult),Female,5.31,0,Kids
8-12 (Pre-teen),Female,5.32,1,Kids
8-12 (Pre-teen),Male,2.6,0,Kids
13-17 (Teen),Male,4.25,0,Kids
13-17 (Teen),Female,2.77,0,Kids
13-17 (Teen),Male,5.4,1,Kids
8-12 (Pre-teen),Male,6.21,1,Kids
8-12 (Pre-teen),Female,0.0,0,Kids
8-12 (Pre-teen),Male,2.31,0,Kids
8-12 (Pre-teen),Female,2.85,0,Kids
8-12 (Pre-teen),Female,1.89,0,Kids
13-17 (Teen),Female,4.73,1,Kids
13-17 (Teen),Female,3.43,1,Kids
13-17 (Teen),Male,1.71,0,Kids
13-17 (Teen),Female,4.54,0,Kids
8-12 (Pre-teen),Female,6.61,0,Kids
13-17 (Teen),Female,3.73,1,Kids
8-12 (Pre-teen),Female,5.54,1,Kids
8-12 (Pre-teen),Male,4.94,0,Kids
8-12 (Pre-teen),Female,4.32,0,Kids
13-17 (Teen),Female,3.87,1,Kids
8-12 (Pre-teen),Male,6.42,1,Kids
13-17 (Teen),Female,3.63,1,Kids
8-12 (Pre-teen),Male,6.5,0,Kids
18-29 (Young Adult),Male,6.33,1,Kids
8-12 (Pre-teen),Female,5.34,1,Kids
18-29 (Young Adult),Male,5.03,1,Kids
8-12 (Pre-teen),Male,1.44,0,Kids
8-12 (Pre-teen),Male,0.0,0,Kids
8-12 (Pre-teen),Female,3.49,1,Kids
13-17 (Teen),Female,4.58,0,Kids
13-17 (Teen),Male,5.6,1,Kids
8-12 (Pre-teen),Female,6.96,0,Kids
13-17 (Teen),Male,4.68,0,Kids
8-12 (Pre-teen),Male,2.7,0,Kids
8-12 (Pre-teen),Female,4.33,0,Kids
13-17 (Teen),Male,4.06,1,Kids
8-12 (Pre-teen),Male,1.51,0,Kids
8-12 (Pre-teen),Female,0.51,0,Kids
13-17 (Teen),Male,5.05,1,Kids
8-12 (Pre-teen),Female,4.13,0,Kids
13-17 (Teen),Female,2.91,0,Kids
13-17 (Teen),Male,3.46,1,Kids
13-17 (Teen),Female,3.91,1,Kids
8-12 (Pre-teen),Male,2.57,0,Kids
18-29 (Young Adult),Male,6.07,0,Kids
13-17 (Teen),Male,3.65,1,Kids
13-17 (Teen),Female,3.16,1,Kids
13-17 (Teen),Male,2.1,0,Kids
8-12 (Pre-teen),Female,7.69,1,Kids
13-17 (Teen),Male,5.52,1,Kids
13-17 (Teen),Female,2.86,0,Kids
13-17 (Teen),Male,3.81,0,Kids
13-17 (Teen),Male,6.51,1,Kids
13-17 (Teen),Female,5.95,1,Kids
13-17 (Teen),Female,5.53,0,Kids
13-17 (Teen),Male,5.64,0,Kids
13-17 (Teen),Male,2.57,0,Kids
8-12 (Pre-teen),Male,5.7,1,Kids
13-17 (Teen),Male,4.61,0,Kids
8-12 (Pre-teen),Male,4.03,0,Kids
13-17 (Teen),Male,4.9,1,Kids
13-17 (Teen),Female,5.84,1,Kids
13-17 (Teen),Female,4.35,1,Kids
8-12 (Pre-teen),Female,7.32,1,Kids
13-17 (Teen),Male,4.93,1,Kids
8-12 (Pre-teen),Female,3.23,0,Kids
13-17 (Teen),Female,8.67,1,Kids
13-17 (Teen),Female,3.51,1,Kids
8-12 (Pre-teen),Female,5.8,1,Kids
13-17 (Teen),Female,5.66,0,Kids
18-29 (Young Adult),Female,5.04,0,Kids
13-17 (Teen),Female,4.1,0,Kids
8-12 (Pre-teen),Female,4.2,1,Kids
8-12 (Pre-teen),Female,0.69,0,Kids
13-17 (Teen),Female,5.13,1,Kids
8-12 (Pre-teen),Female,1.6,0,Kids
13-17 (Teen),Male,5.1,0,Kids
8-12 (Pre-teen),Male,5.36,0,Kids
8-12 (Pre-teen),Male,5.4,0,Kids
13-17 (Teen),Male,5.46,0,Kids
8-12 (Pre-teen),Male,0.0,0,Kids
13-17 (Teen),Male,3.67,0,Kids
13-17 (Teen),Female,4.04,1,Kids
18-29 (Young Adult),Female,6.1,0,Kids
13-17 (Teen),Male,4.5,1,Kids
13-17 (Teen),Female,4.06,0,Kids
8-12 (Pre-teen),Male,7.18,1,Kids
8-12 (Pre-teen),Male,7.39,1,Kids
8-12 (Pre-teen),Male,3.11,1,Kids
8-12 (Pre-teen),Female,4.05,0,Kids
13-17 (Teen),Male,6.53,1,Kids
13-17 (Teen),Female,2.13,0,Kids
8-12 (Pre-teen),Male,2.89,0,Kids
8-12 (Pre-teen),Male,3.44,1,Kids
8-12 (Pre-teen),Male,4.4,1,Kids
18-29 (Young Adult),Male,5.87,0,Kids
13-17 (Teen),Male,1.78,0,Kids
8-12 (Pre-teen),Male,3.96,0,Kids
8-12 (Pre-teen),Male,4.76,0,Kids
8-12 (Pre-teen),Female,2.01,0,Kids
18-29 (Young Adult),Male,3.64,1,Kids
8-12 (Pre-teen),Male,3.13,1,Kids
13-17 (Teen),Male,5.24,1,Kids
8-12 (Pre-teen),Male,0.03,0,Kids
8-12 (Pre-teen),Female,2.81,0,Kids
13-17 (Teen),Female,4.59,1,Kids
8-12 (Pre-teen),Male,3.91,1,Kids
13-17 (Teen),Female,4.53,1,Kids
8-12 (Pre-teen),Female,5.27,1,Kids
18-29 (Young Adult),Male,4.81,1,Kids
13-17 (Teen),Male,5.85,0,Kids
13-17 (Teen),Female,4.55,1,Kids
8-12 (Pre-teen),Male,2.35,0,Kids
13-17 (Teen),Male,4.13,0,Kids
13-17 (Teen),Male,4.07,1,Kids
13-17 (Teen),Male,4.61,1,Kids
18-29 (Young Adult),Female,3.22,1,Kids
13-17 (Teen),Female,4.55,1,Kids
8-12 (Pre-teen),Male,4.2,0,Kids
8-12 (Pre-teen),Female,5.25,1,Kids
8-12 (Pre-teen),Male,5.38,0,Kids
13-17 (Teen),Male,5.78,1,Kids
13-17 (Teen),Female,4.44,1,Kids
8-12 (Pre-teen),Male,2.88,0,Kids
13-17 (Teen),Male,3.29,1,Kids
8-12 (Pre-teen),Male,0.72,0,Kids
13-17 (Teen),Female,3.51,1,Kids
13-17 (Teen),Female,4.76,0,Kids
8-12 (Pre-teen),Male,4.12,1,Kids
13-17 (Teen),Female,4.08,1,Kids
13-17 (Teen),Female,5.84,1,Kids
8-12 (Pre-teen),Male,3.0,0,Kids
8-12 (Pre-teen),Male,2.24,0,Kids
8-12 (Pre-teen),Male,3.4,0,Kids
13-17 (Teen),Male,6.18,1,Kids
13-17 (Teen),Female,5.23,1,Kids
8-12 (Pre-teen),Female,3.78,1,Kids
13-17 (Teen),Female,3.86,0,Kids
13-17 (Teen),Male,5.3,0,Kids
13-17 (Teen),Female,2.05,0,Kids
8-12 (Pre-teen),Male,6.15,1,Kids
13-17 (Teen),Male,3.88,0,Kids
8-12 (Pre-teen),Male,4.89,1,Kids
8-12 (Pre-teen),Male,4.06,1,Kids
18-29 (Young Adult),Female,5.05,1,Kids
13-17 (Teen),Male,4.29,0,Kids
18-29 (Young Adult),Female,5.23,1,Kids
13-17 (Teen),Female,4.58,1,Kids
13-17 (Teen),Female,5.11,1,Kids
8-12 (Pre-teen),Female,6.47,1,Kids
8-12 (Pre-teen),Female,4.43,1,Kids
18-29 (Young Adult),Male,5.82,1,Kids
13-17 (Teen),Female,4.75,1,Kids
13-17 (Teen),Female,4.68,1,Kids
8-12 (Pre-teen),Female,1.9,0,Kids
8-12 (Pre-teen),Male,1.04,0,Kids
13-17 (Teen),Female,5.81,1,Kids
8-12 (Pre-teen),Female,5.36,1,Kids
13-17 (Teen),Female,4.92,0,Kids
13-17 (Teen),Male,3.62,0,Kids
13-17 (Teen),Male,6.78,1,Kids
8-12 (Pre-teen),Male,4.1,0,Kids
13-17 (Teen),Male,4.66,1,Kids
8-12 (Pre-teen),Female,5.02,1,Kids
18-29 (Young Adult),Male,0.47,0,Kids
8-12 (Pre-teen),Male,4.64,1,Kids
8-12 (Pre-teen),Female,0.68,0,Kids
18-29 (Young Adult),Male,5.16,1,Kids
8-12 (Pre-teen),Male,1.82,0,Kids
8-12 (Pre-teen),Female,4.6,1,Kids
13-17 (Teen),Male,5.46,0,Kids
8-12 (Pre-teen),Female,1.73,0,Kids
13-17 (Teen),Male,6.17,0,Kids
8-12 (Pre-teen),Female,3.23,0,Kids
8-12 (Pre-teen),Female,5.27,0,Kids
18-29 (Young Adult),Male,4.81,0,Kids
13-17 (Teen),Male,3.79,1,Kids
13-17 (Teen),Female,3.01,0,Kids
8-12 (Pre-teen),Female,3.76,0,Kids
13-17 (Teen),Male,4.1,1,Kids
13-17 (Teen),Female,2.79,0,Kids
18-29 (Young Adult),Male,4.96,1,Kids
8-12 (Pre-teen),Male,7.28,1,Kids
8-12 (Pre-teen),Male,2.76,0,Kids
13-17 (Teen),Male,5.59,1,Kids
8-12 (Pre-teen),Male,5.42,0,Kids
8-12 (Pre-teen),Female,4.92,1,Kids
13-17 (Teen),Male,6.08,0,Kids
8-12 (Pre-teen),Female,5.24,0,Kids
8-12 (Pre-teen),Female,5.54,1,Kids
8-12 (Pre-teen),Female,5.5,0,Kids
8-12 (Pre-teen),Female,3.28,0,Kids
13-17 (Teen),Male,3.84,1,Kids
8-12 (Pre-teen),Female,6.86,1,Kids
8-12 (Pre-teen),Female,6.86,1,Kids
13-17 (Teen),Male,6.41,1,Kids
8-12 (Pre-teen),Male,0.0,0,Kids
13-17 (Teen),Male,3.91,1,Kids
13-17 (Teen),Male,5.05,0,Kids
13-17 (Teen),Male,5.65,1,Kids
13-17 (Teen),Female,4.74,0,Kids
13-17 (Teen),Female,2.63,0,Kids
8-12 (Pre-teen),Male,6.25,1,Kids
8-12 (Pre-teen),Male,3.35,0,Kids
8-12 (Pre-teen),Female,8.25,1,Kids
8-12 (Pre-teen),Female,1.51,0,Kids
8-12 (Pre-teen),Female,5.02,0,Kids
8-12 (Pre-teen),Female,2.16,0,Kids
13-17 (Teen),Female,5.64,1,Kids
13-17 (Teen),Female,4.24,0,Kids
8-12 (Pre-teen),Male,0.05,0,Kids
8-12 (Pre-teen),Female,3.76,1,Kids
8-12 (Pre-teen),Male,3.45,0,Kids
13-17 (Teen),Male,5.23,1,Kids
13-17 (Teen),Male,4.89,1,Kids
13-17 (Teen),Female,5.48,1,Kids
13-17 (Teen),Female,3.3,1,Kids
8-12 (Pre-teen),Male,3.9,0,Kids
8-12 (Pre-teen),Female,5.57,0,Kids
8-12 (Pre-teen),Male,7.16,1,Kids
8-12 (Pre-teen),Female,4.31,0,Kids
13-17 (Teen),Male,3.1,0,Kids
13-17 (Teen),Female,5.01,0,Kids
13-17 (Teen),Female,3.58,0,Kids
8-12 (Pre-teen),Female,0.98,0,Kids
13-17 (Teen),Female,4.3,1,Kids
13-17 (Teen),Female,3.83,0,Kids
8-12 (Pre-teen),Male,0.72,0,Kids
8-12 (Pre-teen),Female,3.19,0,Kids
8-12 (Pre-teen),Male,3.36,0,Kids
8-12 (Pre-teen),Male,3.35,0,Kids
13-17 (Teen),Male,2.3,0,Kids
13-17 (Teen),Male,4.74,1,Kids
13-17 (Teen),Male,5.06,1,Kids
13-17 (Teen),Female,4.29,1,Kids
13-17 (Teen),Male,4.56,1,Kids
13-17 (Teen),Male,4.43,0,Kids
8-12 (Pre-teen),Female,6.01,0,Kids
13-17 (Teen),Male,4.9,1,Kids
8-12 (Pre-teen),Male,6.24,1,Kids
18-29 (Young Adult),Female,4.09,1,Kids
8-12 (Pre-teen),Male,2.88,0,Kids
8-12 (Pre-teen),Female,3.57,1,Kids
8-12 (Pre-teen),Male,4.08,1,Kids
13-17 (Teen),Male,5.07,0,Kids
13-17 (Teen),Female,6.63,1,Kids
13-17 (Teen),Male,5.2,1,Kids
13-17 (Teen),Male,4.06,0,Kids
8-12 (Pre-teen),Male,0.0,0,Kids
8-12 (Pre-teen),Female,4.27,1,Kids
8-12 (Pre-teen),Female,5.33,1,Kids
13-17 (Teen),Female,5.2,1,Kids
8-12 (Pre-teen),Female,5.62,0,Kids
13-17 (Teen),Female,3.22,1,Kids
8-12 (Pre-teen),Female,4.83,1,Kids
13-17 (Teen),Female,2.73,0,Kids
8-12 (Pre-teen),Female,4.81,1,Kids
13-17 (Teen),Male,4.16,0,Kids
8-12 (Pre-teen),Female,8.08,1,Kids
13-17 (Teen),Male,5.31,1,Kids
8-12 (Pre-teen),Female,5.19,1,Kids
8-12 (Pre-teen),Male,4.26,0,Kids
8-12 (Pre-teen),Male,3.77,1,Kids
13-17 (Teen),Male,4.59,1,Kids
8-12 (Pre-teen),Male,5.64,0,Kids
8-12 (Pre-teen),Male,6.3,1,Kids
13-17 (Teen),Male,3.75,1,Kids
13-17 (Teen),Male,5.49,0,Kids
18-29 (Young Adult),Female,4.63,0,Kids
8-12 (Pre-teen),Female,4.96,1,Kids
13-17 (Teen),Female,4.43,1,Kids
8-12 (Pre-teen),Female,3.34,1,Kids
8-12 (Pre-teen),Male,2.15,0,Kids
8-12 (Pre-teen),Female,0.32,0,Kids
13-17 (Teen),Female,5.27,1,Kids
13-17 (Teen),Male,2.5,0,Kids
8-12 (Pre-teen),Female,9.23,0,Kids
13-17 (Teen),Female,4.93,0,Kids
8-12 (Pre-teen),Male,0.0,0,Kids
13-17 (Teen),Female,4.66,0,Kids
13-17 (Teen),Female,5.56,0,Kids
8-12 (Pre-teen),Male,1.56,0,Kids
13-17 (Teen),Female,3.43,1,Kids
8-12 (Pre-teen),Male,8.35,0,Kids
13-17 (Teen),Female,4.56,1,Kids
8-12 (Pre-teen),Male,2.1,0,Kids
8-12 (Pre-teen),Male,5.69,0,Kids
18-29 (Young Adult),Male,5.54,1,Kids
13-17 (Teen),Female,4.37,1,Kids
8-12 (Pre-teen),Female,3.99,0,Kids
13-17 (Teen),Female,6.26,0,Kids
8-12 (Pre-teen),Male,7.49,0,Kids
8-12 (Pre-teen),Male,4.96,0,Kids
8-12 (Pre-teen),Female,5.53,1,Kids
13-17 (Teen),Female,2.67,0,Kids
8-12 (Pre-teen),Male,3.99,1,Kids
13-17 (Teen),Female,2.76,0,Kids
13-17 (Teen),Female,5.01,0,Kids
13-17 (Teen),Female,4.49,1,Kids
8-12 (Pre-teen),Male,5.9,1,Kids
18-29 (Young Adult),Male,4.03,0,Kids
18-29 (Young Adult),Female,3.38,0,Kids
13-17 (Teen),Female,4.33,1,Kids
8-12 (Pre-teen),Male,2.46,0,Kids
13-17 (Teen),Female,4.42,1,Kids
8-12 (Pre-teen),Male,3.4,1,Kids
13-17 (Teen),Female,5.69,0,Kids
13-17 (Teen),Male,2.36,0,Kids
8-12 (Pre-teen),Male,8.57,1,Kids
8-12 (Pre-teen),Female,6.23,0,Kids
8-12 (Pre-teen),Female,4.02,1,Kids
8-12 (Pre-teen),Female,1.54,0,Kids
18-29 (Young Adult),Male,3.2,0,Kids
8-12 (Pre-teen),Female,5.09,1,Kids
8-12 (Pre-teen),Male,0.42,0,Kids
13-17 (Teen),Female,3.56,1,Kids
13-17 (Teen),Male,4.24,0,Kids
13-17 (Teen),Female,3.56,1,Kids
18-29 (Young Adult),Male,3.22,0,Kids
8-12 (Pre-teen),Male,3.42,0,Kids
13-17 (Teen),Female,1.53,0,Kids
8-12 (Pre-teen),Male,2.28,0,Kids
13-17 (Teen),Female,2.47,0,Kids
8-12 (Pre-teen),Male,5.44,1,Kids
13-17 (Teen),Female,4.54,1,Kids
8-12 (Pre-teen),Male,3.32,0,Kids
8-12 (Pre-teen),Male,2.57,0,Kids
13-17 (Teen),Female,4.49,1,Kids
13-17 (Teen),Male,6.49,1,Kids
8-12 (Pre-teen),Female,0.0,0,Kids
13-17 (Teen),Female,3.39,0,Kids
8-12 (Pre-teen),Male,7.66,0,Kids
8-12 (Pre-teen),Male,3.51,0,Kids
13-17 (Teen),Female,7.54,0,Kids
8-12 (Pre-teen),Female,5.35,0,Kids
13-17 (Teen),Female,5.83,1,Kids
13-17 (Teen),Male,3.71,1,Kids
13-17 (Teen),Male,5.04,1,Kids
13-17 (Teen),Male,2.52,0,Kids
13-17 (Teen),Male,5.39,0,Kids
13-17 (Teen),Male,2.71,0,Kids
13-17 (Teen),Male,4.3,1,Kids
18-29 (Young Adult),Female,4.86,0,Kids
13-17 (Teen),Male,4.31,0,Kids
8-12 (Pre-teen),Male,0.57,0,Kids
13-17 (Teen),Male,4.21,1,Kids
8-12 (Pre-teen),Male,3.23,1,Kids
13-17 (Teen),Female,4.84,1,Kids
13-17 (Teen),Female,4.04,0,Kids
13-17 (Teen),Female,7.02,1,Kids
18-29 (Young Adult),Female,5.67,0,Kids
13-17 (Teen),Female,5.38,1,Kids
18-29 (Young Adult),Male,2.82,0,Kids
8-12 (Pre-teen),Female,3.8,1,Kids
8-12 (Pre-teen),Male,0.62,0,Kids
8-12 (Pre-teen),Female,4.43,1,Kids
8-12 (Pre-teen),Female,5.89,1,Kids
13-17 (Teen),Female,3.97,1,Kids
13-17 (Teen),Male,5.04,1,Kids
8-12 (Pre-teen),Male,2.98,0,Kids
13-17 (Teen),Female,5.31,0,Kids
8-12 (Pre-teen),Female,5.47,0,Kids
13-17 (Teen),Male,4.34,1,Kids
13-17 (Teen),Male,4.83,0,Kids
13-17 (Teen),Male,4.64,1,Kids
8-12 (Pre-teen),Male,1.52,0,Kids
8-12 (Pre-teen),Male,6.61,0,Kids
8-12 (Pre-teen),Female,5.52,1,Kids
18-29 (Young Adult),Female,4.01,0,Kids
18-29 (Young Adult),Female,2.49,0,Kids
8-12 (Pre-teen),Female,3.27,0,Kids
13-17 (Teen),Female,5.56,1,Kids
8-12 (Pre-teen),Female,5.94,1,Kids
13-17 (Teen),Female,3.21,1,Kids
8-12 (Pre-teen),Female,5.19,0,Kids
18-29 (Young Adult),Female,5.34,0,Kids
8-12 (Pre-teen),Female,4.37,1,Kids
8-12 (Pre-teen),Male,5.58,1,Kids
8-12 (Pre-teen),Male,4.11,0,Kids
18-29 (Young Adult),Male,2.89,0,Kids
13-17 (Teen),Male,3.47,1,Kids
8-12 (Pre-teen),Female,5.33,1,Kids
8-12 (Pre-teen),Male,4.14,1,Kids
8-12 (Pre-teen),Female,3.92,1,Kids
8-12 (Pre-teen),Female,2.64,0,Kids
13-17 (Teen),Male,4.07,1,Kids
8-12 (Pre-teen),Female,0.0,0,Kids
13-17 (Teen),Female,4.85,0,Kids
13-17 (Teen),Male,6.94,1,Kids
18-29 (Young Adult),Female,3.28,0,Kids
13-17 (Teen),Female,5.17,1,Kids
8-12 (Pre-teen),Male,0.0,0,Kids
18-29 (Young Adult),Male,5.03,0,Kids
13-17 (Teen),Female,5.7,1,Kids
8-12 (Pre-teen),Male,9.28,0,Kids
18-29 (Young Adult),Male,3.57,1,Kids
13-17 (Teen),Female,7.89,0,Kids
18-29 (Young Adult),Female,5.4,1,Kids
8-12 (Pre-teen),Female,3.74,1,Kids
8-12 (Pre-teen),Male,6.5,0,Kids
13-17 (Teen),Male,5.21,0,Kids
8-12 (Pre-teen),Male,4.74,1,Kids
13-17 (Teen),Male,3.35,1,Kids
13-17 (Teen),Male,4.32,1,Kids
8-12 (Pre-teen),Female,3.4,1,Kids
13-17 (Teen),Female,7.36,0,Kids
8-12 (Pre-teen),Male,4.4,1,Kids
18-29 (Young Adult),Female,5.74,0,Kids
8-12 (Pre-teen),Female,1.83,0,Kids
8-12 (Pre-teen),Male,3.88,0,Kids
13-17 (Teen),Female,3.39,0,Kids
13-17 (Teen),Female,4.87,0,Kids
18-29 (Young Adult),Female,3.7,1,Kids
13-17 (Teen),Female,3.78,0,Kids
13-17 (Teen),Female,3.94,1,Kids
8-12 (Pre-teen),Male,5.47,1,Kids
13-17 (Teen),Female,6.98,1,Kids
18-29 (Young Adult),Female,5.55,0,Kids
8-12 (Pre-teen),Male,1.44,0,Kids
13-17 (Teen),Female,5.24,1,Kids
8-12 (Pre-teen),Male,4.4,0,Kids
8-12 (Pre-teen),Male,4.07,0,Kids
8-12 (Pre-teen),Female,6.69,1,Kids
13-17 (Teen),Male,6.66,1,Kids
8-12 (Pre-teen),Male,4.83,0,Kids
8-12 (Pre-teen),Male,4.75,0,Kids
13-17 (Teen),Male,6.43,0,Kids
13-17 (Teen),Male,3.18,1,Kids
13-17 (Teen),Female,3.91,0,Kids
8-12 (Pre-teen),Male,2.65,0,Kids
8-12 (Pre-teen),Female,4.56,1,Kids
8-12 (Pre-teen),Male,4.69,1,Kids
8-12 (Pre-teen),Male,2.43,0,Kids
13-17 (Teen),Male,3.88,1,Kids
8-12 (Pre-teen),Male,1.66,0,Kids
8-12 (Pre-teen),Male,2.22,0,Kids
13-17 (Teen),Female,8.04,1,Kids
8-12 (Pre-teen),Male,2.12,0,Kids
8-12 (Pre-teen),Female,1.92,0,Kids
8-12 (Pre-teen),Male,5.37,1,Kids
18-29 (Young Adult),Female,2.65,0,Kids
8-12 (Pre-teen),Male,3.08,1,Kids
13-17 (Teen),Female,3.58,0,Kids
13-17 (Teen),Female,4.3,1,Kids
8-12 (Pre-teen),Male,5.94,1,Kids
8-12 (Pre-teen),Male,5.14,0,Kids
8-12 (Pre-teen),Female,7.19,1,Kids
8-12 (Pre-teen),Male,4.03,1,Kids
13-17 (Teen),Male,3.63,1,Kids
8-12 (Pre-teen),Male,3.74,0,Kids
13-17 (Teen),Male,5.71,1,Kids
8-12 (Pre-teen),Female,3.86,0,Kids
13-17 (Teen),Female,5.02,0,Kids
8-12 (Pre-teen),Male,5.76,1,Kids
13-17 (Teen),Male,4.94,0,Kids
13-17 (Teen),Male,4.72,0,Kids
18-29 (Young Adult),Female,4.0,1,Kids
8-12 (Pre-teen),Female,5.24,1,Kids
13-17 (Teen),Male,4.68,1,Kids
8-12 (Pre-teen),Male,4.92,1,Kids
13-17 (Teen),Female,3.8,1,Kids
13-17 (Teen),Female,4.34,0,Kids
13-17 (Teen),Female,3.73,0,Kids
8-12 (Pre-teen),Female,4.5,0,Kids
13-17 (Teen),Male,3.01,0,Kids
18-29 (Young Adult),Male,3.55,0,Kids
13-17 (Teen),Female,4.62,1,Kids
13-17 (Teen),Female,3.86,1,Kids
13-17 (Teen),Female,3.96,0,Kids
8-12 (Pre-teen),Female,4.13,1,Kids
8-12 (Pre-teen),Female,5.03,1,Kids
13-17 (Teen),Female,4.4,1,Kids
18-29 (Young Adult),Female,6.08,1,Kids
13-17 (Teen),Male,3.92,1,Kids
13-17 (Teen),Female,0.84,0,Kids
13-17 (Teen),Female,4.97,1,Kids
8-12 (Pre-teen),Female,4.13,1,Kids
8-12 (Pre-teen),Male,2.01,0,Kids
18-29 (Young Adult),Female,3.73,1,Kids
13-17 (Teen),Male,2.88,0,Kids
13-17 (Teen),Male,4.86,1,Kids
8-12 (Pre-teen),Female,2.6,0,Kids
8-12 (Pre-teen),Female,4.73,1,Kids
13-17 (Teen),Female,5.66,0,Kids
18-29 (Young Adult),Male,3.84,0,Kids
8-12 (Pre-teen),Male,0.86,0,Kids
8-12 (Pre-teen),Female,3.91,0,Kids
13-17 (Teen),Female,4.37,0,Kids
13-17 (Teen),Male,4.29,0,Kids
13-17 (Teen),Male,5.19,1,Kids
13-17 (Teen),Male,5.84,0,Kids
8-12 (Pre-teen),Female,4.74,1,Kids
13-17 (Teen),Female,5.96,1,Kids
8-12 (Pre-teen),Female,6.37,0,Kids
18-29 (Young Adult),Male,4.98,0,Kids
8-12 (Pre-teen),Male,2.12,0,Kids
8-12 (Pre-teen),Male,4.62,1,Kids
8-12 (Pre-teen),Female,4.48,0,Kids
8-12 (Pre-teen),Female,7.69,1,Kids
8-12 (Pre-teen),Female,2.73,0,Kids
13-17 (Teen),Male,5.12,0,Kids
13-17 (Teen),Male,3.88,1,Kids
13-17 (Teen),Female,6.99,0,Kids
13-17 (Teen),Male,5.91,1,Kids
8-12 (Pre-teen),Female,4.97,1,Kids
8-12 (Pre-teen),Male,4.27,1,Kids
13-17 (Teen),Female,5.13,1,Kids
13-17 (Teen),Female,5.32,0,Kids
13-17 (Teen),Female,4.98,0,Kids
13-17 (Teen),Male,5.05,1,Kids
8-12 (Pre-teen),Female,5.48,1,Kids
8-12 (Pre-teen),Female,2.13,0,Kids
13-17 (Teen),Female,7.7,1,Kids
8-12 (Pre-teen),Female,3.8,0,Kids
13-17 (Teen),Female,3.9,1,Kids
8-12 (Pre-teen),Male,4.97,1,Kids
13-17 (Teen),Female,3.56,0,Kids
13-17 (Teen),Male,1.98,0,Kids
13-17 (Teen),Male,6.42,0,Kids
8-12 (Pre-teen),Female,3.85,1,Kids
8-12 (Pre-teen),Female,4.59,1,Kids
13-17 (Teen),Male,5.4,0,Kids
13-17 (Teen),Female,4.82,1,Kids
8-12 (Pre-teen),Female,3.62,1,Kids
8-12 (Pre-teen),Male,1.92,0,Kids
18-29 (Young Adult),Male,3.95,1,Kids
13-17 (Teen),Female,4.93,0,Kids
8-12 (Pre-teen),Female,1.69,0,Kids
13-17 (Teen),Male,3.64,1,Kids
13-17 (Teen),Female,5.89,1,Kids
13-17 (Teen),Male,2.73,0,Kids
13-17 (Teen),Male,4.86,1,Kids
8-12 (Pre-teen),Female,4.51,1,Kids
13-17 (Teen),Male,3.66,1,Kids
8-12 (Pre-teen),Female,0.0,0,Kids
13-17 (Teen),Female,4.86,1,Kids
13-17 (Teen),Female,4.09,1,Kids
8-12 (Pre-teen),Female,3.68,1,Kids
8-12 (Pre-teen),Female,3.59,1,Kids
13-17 (Teen),Female,2.46,0,Kids
13-17 (Teen),Male,4.39,1,Kids
13-17 (Teen),Female,6.13,1,Kids
8-12 (Pre-teen),Female,4.66,1,Kids
13-17 (Teen),Female,5.27,0,Kids
8-12 (Pre-teen),Male,1.43,0,Kids
13-17 (Teen),Female,1.39,0,Kids
13-17 (Teen),Male,2.11,0,Kids
18-29 (Young Adult),Female,5.3,1,Kids
13-17 (Teen),Male,5.39,0,Kids
13-17 (Teen),Male,4.12,1,Kids
8-12 (Pre-teen),Male,4.73,1,Kids
8-12 (Pre-teen),Female,2.68,0,Kids
8-12 (Pre-teen),Female,1.78,0,Kids
8-12 (Pre-teen),Male,4.46,0,Kids
18-29 (Young Adult),Male,4.78,1,Kids
8-12 (Pre-teen),Male,9.58,1,Kids
13-17 (Teen),Male,5.05,1,Kids
8-12 (Pre-teen),Male,5.61,1,Kids
13-17 (Teen),Male,4.94,1,Kids
8-12 (Pre-teen),Male,1.37,0,Kids
8-12 (Pre-teen),Male,4.57,1,Kids
13-17 (Teen),Female,5.18,1,Kids
8-12 (Pre-teen),Male,4.47,1,Kids
18-29 (Young Adult),Male,3.04,1,Kids
8-12 (Pre-teen),Male,6.37,1,Kids
13-17 (Teen),Male,6.26,1,Kids
13-17 (Teen),Female,5.25,1,Kids
18-29 (Young Adult),Female,3.7,0,Kids
18-29 (Young Adult),Female,3.86,1,Kids
13-17 (Teen),Male,5.0,1,Kids
18-29 (Young Adult),Female,5.87,0,Kids
8-12 (Pre-teen),Female,0.13,0,Kids
13-17 (Teen),Male,4.33,0,Kids
8-12 (Pre-teen),Female,4.66,0,Kids
8-12 (Pre-teen),Male,2.62,0,Kids
13-17 (Teen),Male,5.23,1,Kids
8-12 (Pre-teen),Female,1.21,0,Kids
13-17 (Teen),Female,6.53,0,Kids
13-17 (Teen),Female,5.52,0,Kids
8-12 (Pre-teen),Male,5.57,0,Kids
13-17 (Teen),Male,4.74,1,Kids
8-12 (Pre-teen),Female,3.32,0,Kids
13-17 (Teen),Male,6.12,1,Kids
13-17 (Teen),Female,3.34,0,Kids
8-12 (Pre-teen),Female,2.17,0,Kids
18-29 (Young Adult),Female,2.08,0,Kids
8-12 (Pre-teen),Male,7.72,0,Kids
18-29 (Young Adult),Male,3.97,1,Kids
8-12 (Pre-teen),Female,3.57,1,Kids
8-12 (Pre-teen),Female,5.27,1,Kids
13-17 (Teen),Female,5.47,1,Kids
8-12 (Pre-teen),Female,6.14,1,Kids
8-12 (Pre-teen),Male,0.48,0,Kids
13-17 (Teen),Female,4.67,1,Kids
13-17 (Teen),Female,3.53,1,Kids
13-17 (Teen),Male,4.2,1,Kids
8-12 (Pre-teen),Female,3.43,1,Kids
13-17 (Teen),Male,4.2,1,Kids
13-17 (Teen),Female,4.27,0,Kids
13-17 (Teen),Male,4.64,1,Kids
8-12 (Pre-teen),Female,1.92,0,Kids
8-12 (Pre-teen),Female,1.94,0,Kids
13-17 (Teen),Female,3.79,0,Kids
8-12 (Pre-teen),Male,3.42,0,Kids
13-17 (Teen),Female,3.8,0,Kids
8-12 (Pre-teen),Male,4.27,0,Kids
8-12 (Pre-teen),Male,2.57,0,Kids
13-17 (Teen),Male,6.96,1,Kids
8-12 (Pre-teen),Female,6.07,0,Kids
13-17 (Teen),Female,2.95,0,Kids
13-17 (Teen),Male,4.61,0,Kids
8-12 (Pre-teen),Female,2.3,0,Kids
13-17 (Teen),Male,4.36,0,Kids
18-29 (Young Adult),Female,5.51,0,Kids
13-17 (Teen),Female,4.99,1,Kids
13-17 (Teen),Male,3.25,0,Kids
18-29 (Young Adult),Female,5.77,0,Kids
8-12 (Pre-teen),Male,0.97,0,Kids
8-12 (Pre-teen),Female,3.97,1,Kids
13-17 (Teen),Male,3.07,0,Kids
13-17 (Teen),Male,5.87,1,Kids
13-17 (Teen),Female,3.96,1,Kids
8-12 (Pre-teen),Male,4.07,0,Kids
18-29 (Young Adult),Male,4.03,1,Kids
13-17 (Teen),Male,3.54,0,Kids
8-12 (Pre-teen),Male,2.03,0,Kids
8-12 (Pre-teen),Male,5.78,1,Kids
8-12 (Pre-teen),Male,7.68,0,Kids
8-12 (Pre-teen),Female,5.19,1,Kids
13-17 (Teen),Female,1.93,0,Kids
13-17 (Teen),Male,5.31,1,Kids
8-12 (Pre-teen),Female,6.36,1,Kids
8-12 (Pre-teen),Male,4.56,0,Kids
8-12 (Pre-teen),Male,2.44,0,Kids
13-17 (Teen),Female,3.72,1,Kids
8-12 (Pre-teen),Female,3.34,1,Kids
8-12 (Pre-teen),Male,3.21,0,Kids
13-17 (Teen),Male,2.33,0,Kids
13-17 (Teen),Female,5.85,0,Kids
13-17 (Teen),Male,5.81,0,Kids
8-12 (Pre-teen),Female,1.32,0,Kids
13-17 (Teen),Female,5.96,1,Kids
8-12 (Pre-teen),Female,3.14,1,Kids
8-12 (Pre-teen),Male,2.96,0,Kids
13-17 (Teen),Female,4.15,1,Kids
13-17 (Teen),Female,4.26,1,Kids
13-17 (Teen),Male,6.99,1,Kids
13-17 (Teen),Male,4.29,1,Kids
8-12 (Pre-teen),Female,0.0,0,Kids
13-17 (Teen),Male,5.04,1,Kids
8-12 (Pre-teen),Male,6.56,0,Kids
18-29 (Young Adult),Male,5.06,0,Kids
13-17 (Teen),Female,3.49,1,Kids
13-17 (Teen),Male,6.22,0,Kids
8-12 (Pre-teen),Female,4.54,1,Kids
8-12 (Pre-teen),Female,5.39,0,Kids
13-17 (Teen),Female,4.69,0,Kids
18-29 (Young Adult),Female,4.04,1,Kids
13-17 (Teen),Female,4.87,1,Kids
8-12 (Pre-teen),Female,5.54,1,Kids
13-17 (Teen),Male,4.6,1,Kids
8-12 (Pre-teen),Female,5.18,0,Kids
13-17 (Teen),Female,4.93,1,Kids
13-17 (Teen),Male,4.86,1,Kids
13-17 (Teen),Female,5.17,0,Kids
13-17 (Teen),Female,5.86,1,Kids
8-12 (Pre-teen),Female,2.32,0,Kids
13-17 (Teen),Female,5.51,1,Kids
13-17 (Teen),Female,3.67,1,Kids
8-12 (Pre-teen),Male,4.08,1,Kids
13-17 (Teen),Female,3.41,1,Kids
8-12 (Pre-teen),Male,6.12,1,Kids
8-12 (Pre-teen),Female,4.77,1,Kids
13-17 (Teen),Male,3.11,0,Kids
18-29 (Young Adult),Female,4.01,1,Kids
13-17 (Teen),Female,3.24,0,Kids
8-12 (Pre-teen),Female,4.12,0,Kids
8-12 (Pre-teen),Male,2.95,0,Kids
13-17 (Teen),Male,2.42,0,Kids
13-17 (Teen),Male,6.41,1,Kids
18-29 (Young Adult),Female,5.11,0,Kids
13-17 (Teen),Female,2.54,0,Kids
8-12 (Pre-teen),Female,2.89,0,Kids
13-17 (Teen),Male,6.03,1,Kids
18-29 (Young Adult),Male,5.19,1,Kids
13-17 (Teen),Male,3.74,1,Kids
13-17 (Teen),Female,3.8,0,Kids
18-29 (Young Adult),Male,4.42,0,Kids
13-17 (Teen),Male,5.84,1,Kids
13-17 (Teen),Female,4.43,1,Kids
13-17 (Teen),Male,5.26,1,Kids
13-17 (Teen),Female,4.59,0,Kids
13-17 (Teen),Male,6.09,1,Kids
13-17 (Teen),Female,4.5,1,Kids
13-17 (Teen),Male,5.32,1,Kids
8-12 (Pre-teen),Female,0.25,0,Kids
13-17 (Teen),Female,2.98,0,Kids
13-17 (Teen),Male,4.09,1,Kids
8-12 (Pre-teen),Male,5.27,1,Kids
13-17 (Teen),Female,5.92,1,Kids
13-17 (Teen),Male,3.68,1,Kids
8-12 (Pre-teen),Female,0.1,0,Kids
8-12 (Pre-teen),Female,3.94,1,Kids
8-12 (Pre-teen),Female,1.81,0,Kids
18-29 (Young Adult),Female,3.98,0,Kids
13-17 (Teen),Female,3.87,1,Kids
8-12 (Pre-teen),Male,5.75,1,Kids
8-12 (Pre-teen),Female,5.09,1,Kids
13-17 (Teen),Male,3.99,1,Kids
8-12 (Pre-teen),Female,3.01,1,Kids
13-17 (Teen),Female,2.37,0,Kids
13-17 (Teen),Female,4.61,1,Kids
13-17 (Teen),Male,5.65,1,Kids
18-29 (Young Adult),Female,2.91,0,Kids
13-17 (Teen),Male,5.64,1,Kids
13-17 (Teen),Female,4.52,0,Kids
8-12 (Pre-teen),Male,4.57,1,Kids
8-12 (Pre-teen),Male,2.33,0,Kids
13-17 (Teen),Male,3.76,1,Kids
18-29 (Young Adult),Female,5.47,1,Kids
13-17 (Teen),Female,6.18,1,Kids
8-12 (Pre-teen),Female,3.62,1,Kids
18-29 (Young Adult),Female,4.69,1,Kids
13-17 (Teen),Female,5.65,1,Kids
8-12 (Pre-teen),Male,7.72,1,Kids
8-12 (Pre-teen),Male,0.0,0,Kids
13-17 (Teen),Female,5.77,1,Kids
13-17 (Teen),Male,4.18,1,Kids
13-17 (Teen),Female,5.21,1,Kids
8-12 (Pre-teen),Female,4.7,1,Kids
13-17 (Teen),Female,5.05,1,Kids
8-12 (Pre-teen),Female,3.86,1,Kids
13-17 (Teen),Male,3.4,0,Kids
8-12 (Pre-teen),Male,0.0,0,Kids
13-17 (Teen),Female,3.2,1,Kids
13-17 (Teen),Male,6.94,1,Kids
8-12 (Pre-teen),Female,1.13,0,Kids
8-12 (Pre-teen),Female,4.31,0,Kids
18-29 (Young Adult),Female,3.0,0,Kids
8-12 (Pre-teen),Male,2.46,0,Kids
8-12 (Pre-teen),Female,4.02,1,Kids
13-17 (Teen),Male,3.43,1,Kids
18-29 (Young Adult),Female,4.02,1,Kids
13-17 (Teen),Female,3.24,1,Kids
13-17 (Teen),Male,3.82,1,Kids
13-17 (Teen),Female,2.39,0,Kids
8-12 (Pre-teen),Male,6.57,0,Kids
18-29 (Young Adult),Female,4.52,0,Kids
8-12 (Pre-teen),Female,4.76,1,Kids
8-12 (Pre-teen),Female,4.29,1,Kids
8-12 (Pre-teen),Male,5.44,0,Kids
8-12 (Pre-teen),Male,0.0,0,Kids
13-17 (Teen),Male,2.19,0,Kids
13-17 (Teen),Male,5.71,1,Kids
13-17 (Teen),Female,5.66,1,Kids
13-17 (Teen),Male,3.95,1,Kids
13-17 (Teen),Female,4.93,0,Kids
8-12 (Pre-teen),Male,3.21,0,Kids
13-17 (Teen),Male,2.35,0,Kids
8-12 (Pre-teen),Female,5.2,0,Kids
13-17 (Teen),Male,3.73,0,Kids
13-17 (Teen),Female,5.56,0,Kids
8-12 (Pre-teen),Male,7.65,1,Kids
13-17 (Teen),Male,4.13,0,Kids
13-17 (Teen),Male,4.32,0,Kids
13-17 (Teen),Male,3.75,0,Kids
13-17 (Teen),Male,5.05,1,Kids
13-17 (Teen),Male,5.82,1,Kids
8-12 (Pre-teen),Male,5.53,1,Kids
13-17 (Teen),Female,3.88,1,Kids
13-17 (Teen),Female,5.31,0,Kids
18-29 (Young Adult),Male,4.67,0,Kids
8-12 (Pre-teen),Male,4.91,0,Kids
8-12 (Pre-teen),Male,2.1,0,Kids
13-17 (Teen),Female,4.3,0,Kids
13-17 (Teen),Female,2.32,0,Kids
13-17 (Teen),Male,5.72,1,Kids
13-17 (Teen),Male,4.42,1,Kids
8-12 (Pre-teen),Male,5.86,1,Kids
8-12 (Pre-teen),Male,1.93,0,Kids
13-17 (Teen),Male,5.58,0,Kids
13-17 (Teen),Female,4.93,0,Kids
13-17 (Teen),Male,3.64,0,Kids
8-12 (Pre-teen),Female,4.91,1,Kids
13-17 (Teen),Male,4.8,1,Kids
18-29 (Young Adult),Female,4.41,1,Kids
13-17 (Teen),Female,1.67,0,Kids
13-17 (Teen),Male,4.63,1,Kids
13-17 (Teen),Male,6.28,0,Kids
8-12 (Pre-teen),Male,5.53,1,Kids
13-17 (Teen),Male,4.34,0,Kids
18-29 (Young Adult),Female,4.44,0,Kids
8-12 (Pre-teen),Female,4.09,1,Kids
8-12 (Pre-teen),Male,3.7,1,Kids
13-17 (Teen),Male,6.14,1,Kids
13-17 (Teen),Female,3.53,1,Kids
13-17 (Teen),Male,6.69,1,Kids
18-29 (Young Adult),Female,3.44,1,Kids
13-17 (Teen),Male,3.7,1,Kids
13-17 (Teen),Male,6.52,0,Kids
13-17 (Teen),Male,3.81,1,Kids
18-29 (Young Adult),Male,4.32,1,Kids
8-12 (Pre-teen),Male,6.03,0,Kids
8-12 (Pre-teen),Male,4.44,0,Kids
13-17 (Teen),Female,5.64,1,Kids
8-12 (Pre-teen),Female,4.21,1,Kids
8-12 (Pre-teen),Male,0.72,0,Kids
8-12 (Pre-teen),Male,2.44,0,Kids
18-29 (Young Adult),Female,4.65,0,Kids
13-17 (Teen),Male,3.09,0,Kids
13-17 (Teen),Male,4.53,1,Kids
8-12 (Pre-teen),Male,1.88,0,Kids
18-29 (Young Adult),Male,4.43,0,Kids
13-17 (Teen),Male,3.45,1,Kids
8-12 (Pre-teen),Female,5.08,0,Kids
8-12 (Pre-teen),Male,0.88,0,Kids
13-17 (Teen),Female,6.31,1,Kids
13-17 (Teen),Female,4.63,1,Kids
8-12 (Pre-teen),Male,4.57,1,Kids
13-17 (Teen),Female,6.11,0,Kids
13-17 (Teen),Female,2.96,0,Kids
13-17 (Teen),Female,5.07,1,Kids
13-17 (Teen),Male,6.85,1,Kids
13-17 (Teen),Female,3.5,1,Kids
13-17 (Teen),Male,3.19,1,Kids
8-12 (Pre-teen),Male,9.07,0,Kids
18-29 (Young Adult),Male,5.75,1,Kids
13-17 (Teen),Female,5.31,0,Kids
8-12 (Pre-teen),Male,5.11,1,Kids
8-12 (Pre-teen),Male,6.33,1,Kids
8-12 (Pre-teen),Male,0.36,0,Kids
8-12 (Pre-teen),Male,3.07,0,Kids
18-29 (Young Adult),Male,3.44,0,Kids
13-17 (Teen),Male,6.07,1,Kids
8-12 (Pre-teen),Female,7.67,1,Kids
8-12 (Pre-teen),Female,2.45,0,Kids
8-12 (Pre-teen),Male,7.14,1,Kids
18-29 (Young Adult),Male,3.22,1,Kids
18-29 (Young Adult),Female,3.97,1,Kids
18-29 (Young Adult),Female,5.3,1,Kids
8-12 (Pre-teen),Female,4.18,0,Kids
13-17 (Teen),Male,4.89,1,Kids
13-17 (Teen),Male,2.76,0,Kids
18-29 (Young Adult),Male,3.39,0,Kids
13-17 (Teen),Female,4.67,1,Kids
13-17 (Teen),Male,6.19,0,Kids
18-29 (Young Adult),Male,4.96,0,Kids
13-17 (Teen),Female,5.93,1,Kids
8-12 (Pre-teen),Male,6.33,1,Kids
8-12 (Pre-teen),Male,4.82,1,Kids
8-12 (Pre-teen),Male,1.44,0,Kids
8-12 (Pre-teen),Male,7.25,1,Kids
13-17 (Teen),Male,4.93,0,Kids
13-17 (Teen),Female,5.35,0,Kids
13-17 (Teen),Female,4.94,1,Kids
8-12 (Pre-teen),Female,5.3,0,Kids
13-17 (Teen),Male,2.74,0,Kids
8-12 (Pre-teen),Female,3.95,0,Kids
8-12 (Pre-teen),Male,2.84,0,Kids
8-12 (Pre-teen),Male,7.55,1,Kids
8-12 (Pre-teen),Female,5.35,1,Kids
8-12 (Pre-teen),Male,0.0,0,Kids
8-12 (Pre-teen),Male,0.0,0,Kids
13-17 (Teen),Male,2.36,0,Kids
13-17 (Teen),Male,3.91,0,Kids
8-12 (Pre-teen),Male,2.37,0,Kids
8-12 (Pre-teen),Female,7.69,1,Kids
18-29 (Young Adult),Male,4.87,0,Kids
13-17 (Teen),Female,3.96,1,Kids
8-12 (Pre-teen),Male,7.75,1,Kids
8-12 (Pre-teen),Male,9.28,1,Kids
13-17 (Teen),Female,4.9,0,Kids
13-17 (Teen),Female,3.73,1,Kids
13-17 (Teen),Male,4.96,0,Kids
8-12 (Pre-teen),Female,2.95,0,Kids
8-12 (Pre-teen),Female,3.47,1,Kids
8-12 (Pre-teen),Male,3.31,0,Kids
8-12 (Pre-teen),Female,4.35,0,Kids
8-12 (Pre-teen),Female,4.97,0,Kids
13-17 (Teen),Female,6.92,1,Kids
13-17 (Teen),Male,4.35,1,Kids
13-17 (Teen),Male,3.66,0,Kids
13-17 (Teen),Female,5.82,0,Kids
13-17 (Teen),Male,5.29,1,Kids
8-12 (Pre-teen),Female,6.52,1,Kids
13-17 (Teen),Male,3.38,0,Kids
8-12 (Pre-teen),Male,3.67,1,Kids
13-17 (Teen),Female,3.37,0,Kids
13-17 (Teen),Female,4.22,1,Kids
13-17 (Teen),Female,3.9,0,Kids
18-29 (Young Adult),Male,5.01,1,Kids
13-17 (Teen),Female,3.64,0,Kids
8-12 (Pre-teen),Female,6.39,1,Kids
8-12 (Pre-teen),Male,5.35,1,Kids
8-12 (Pre-teen),Female,3.76,0,Kids
13-17 (Teen),Male,1.49,0,Kids
13-17 (Teen),Female,4.28,1,Kids
8-12 (Pre-teen),Female,9.88,1,Kids
13-17 (Teen),Female,5.39,1,Kids
8-12 (Pre-teen),Male,5.0,0,Kids
13-17 (Teen),Female,3.85,1,Kids
13-17 (Teen),Female,2.45,0,Kids
8-12 (Pre-teen),Female,4.1,0,Kids
8-12 (Pre-teen),Male,5.06,0,Kids
13-17 (Teen),Male,4.51,1,Kids
18-29 (Young Adult),Female,5.41,0,Kids
8-12 (Pre-teen),Female,0.0,0,Kids
13-17 (Teen),Male,4.43,0,Kids
13-17 (Teen),Male,4.32,1,Kids
18-29 (Young Adult),Male,3.39,1,Kids
8-12 (Pre-teen),Male,0.0,0,Kids
13-17 (Teen),Male,4.41,1,Kids
8-12 (Pre-teen),Female,5.45,0,Kids
18-29 (Young Adult),Male,6.49,1,Kids
8-12 (Pre-teen),Male,4.71,1,Kids
13-17 (Teen),Male,2.07,0,Kids
8-12 (Pre-teen),Female,2.07,0,Kids
8-12 (Pre-teen),Male,2.82,0,Kids
8-12 (Pre-teen),Female,4.46,1,Kids
8-12 (Pre-teen),Female,2.21,0,Kids
13-17 (Teen),Female,3.99,0,Kids
13-17 (Teen),Male,4.26,1,Kids
13-17 (Teen),Male,4.9,1,Kids
8-12 (Pre-teen),Female,3.57,0,Kids
8-12 (Pre-teen),Female,1.62,0,Kids
13-17 (Teen),Male,2.28,0,Kids
18-29 (Young Adult),Female,3.57,1,Kids
13-17 (Teen),Female,2.72,0,Kids
13-17 (Teen),Female,3.23,1,Kids
13-17 (Teen),Male,2.9,0,Kids
13-17 (Teen),Male,3.77,0,Kids
13-17 (Teen),Male,4.14,0,Kids
13-17 (Teen),Female,3.39,1,Kids
13-17 (Teen),Male,4.81,0,Kids
18-29 (Young Adult),Male,7.26,1,Kids
18-29 (Young Adult),Female,5.35,0,Kids
13-17 (Teen),Male,4.97,1,Kids
8-12 (Pre-teen),Male,1.37,0,Kids
8-12 (Pre-teen),Male,6.5,0,Kids
8-12 (Pre-teen),Female,6.31,1,Kids
13-17 (Teen),Female,3.93,1,Kids
13-17 (Teen),Female,6.88,1,Kids
8-12 (Pre-teen),Female,4.88,0,Kids
13-17 (Teen),Male,2.37,0,Kids
8-12 (Pre-teen),Male,3.69,0,Kids
13-17 (Teen),Male,3.02,1,Kids
13-17 (Teen),Female,4.98,0,Kids
13-17 (Teen),Male,5.14,0,Kids
8-12 (Pre-teen),Female,1.46,0,Kids
8-12 (Pre-teen),Male,0.5,0,Kids
8-12 (Pre-teen),Female,2.99,0,Kids
13-17 (Teen),Male,4.71,1,Kids
8-12 (Pre-teen),Female,5.0,1,Kids
13-17 (Teen),Male,6.87,0,Kids
18-29 (Young Adult),Male,4.87,0,Kids
8-12 (Pre-teen),Female,3.73,0,Kids
8-12 (Pre-teen),Female,4.15,1,Kids
8-12 (Pre-teen),Male,3.17,1,Kids
8-12 (Pre-teen),Male,2.03,0,Kids
8-12 (Pre-teen),Female,5.7,1,Kids
8-12 (Pre-teen),Female,0.38,0,Kids
8-12 (Pre-teen),Female,4.4,1,Kids
13-17 (Teen),Female,3.75,1,Kids
18-29 (Young Adult),Male,4.04,1,Kids
8-12 (Pre-teen),Male,6.76,1,Kids
13-17 (Teen),Female,2.31,0,Kids
8-12 (Pre-teen),Female,5.36,1,Kids
8-12 (Pre-teen),Male,4.55,1,Kids
13-17 (Teen),Male,3.71,0,Kids
8-12 (Pre-teen),Male,3.0,0,Kids
8-12 (Pre-teen),Male,5.75,1,Kids
13-17 (Teen),Female,5.0,0,Kids
13-17 (Teen),Male,4.25,1,Kids
8-12 (Pre-teen),Male,5.6,0,Kids
13-17 (Teen),Female,4.11,0,Kids
13-17 (Teen),Male,3.94,0,Kids
8-12 (Pre-teen),Female,5.77,1,Kids
8-12 (Pre-teen),Male,5.45,1,Kids
8-12 (Pre-teen),Male,5.77,1,Kids
13-17 (Teen),Female,4.57,1,Kids
8-12 (Pre-teen),Male,4.12,0,Kids
8-12 (Pre-teen),Male,5.02,0,Kids
13-17 (Teen),Female,5.59,0,Kids
8-12 (Pre-teen),Female,7.62,0,Kids
13-17 (Teen),Female,4.85,1,Kids
13-17 (Teen),Female,2.91,0,Kids
13-17 (Teen),Male,5.17,0,Kids
13-17 (Teen),Male,1.95,0,Kids
13-17 (Teen),Female,6.15,0,Kids
8-12 (Pre-teen),Male,5.2,1,Kids
8-12 (Pre-teen),Female,9.73,1,Kids
13-17 (Teen),Female,4.33,1,Kids
8-12 (Pre-teen),Female,3.35,1,Kids
8-12 (Pre-teen),Male,0.31,0,Kids
8-12 (Pre-teen),Female,2.43,0,Kids
13-17 (Teen),Female,2.05,0,Kids
8-12 (Pre-teen),Male,3.94,1,Kids
13-17 (Teen),Female,2.8,0,Kids
13-17 (Teen),Male,2.45,0,Kids
8-12 (Pre-teen),Female,1.18,0,Kids
13-17 (Teen),Male,2.82,0,Kids
8-12 (Pre-teen),Female,5.11,0,Kids
8-12 (Pre-teen),Female,3.0,0,Kids
8-12 (Pre-teen),Female,4.07,0,Kids
13-17 (Teen),Female,4.38,0,Kids
13-17 (Teen),Female,2.98,0,Kids
8-12 (Pre-teen),Female,1.99,0,Kids
13-17 (Teen),Male,3.94,1,Kids
8-12 (Pre-teen),Male,5.59,0,Kids
18-29 (Young Adult),Male,5.69,1,Kids
8-12 (Pre-teen),Male,4.98,0,Kids
8-12 (Pre-teen),Male,4.14,0,Kids
13-17 (Teen),Female,5.13,1,Kids
18-29 (Young Adult),Female,3.87,1,Kids
13-17 (Teen),Female,3.92,1,Kids
13-17 (Teen),Male,8.03,1,Kids
8-12 (Pre-teen),Female,3.03,0,Kids
8-12 (Pre-teen),Male,3.82,0,Kids
8-12 (Pre-teen),Male,2.6,0,Kids
8-12 (Pre-teen),Female,1.17,0,Kids
18-29 (Young Adult),Female,4.85,1,Kids
8-12 (Pre-teen),Female,2.22,0,Kids
13-17 (Teen),Male,3.95,0,Kids
8-12 (Pre-teen),Male,7.54,1,Kids
8-12 (Pre-teen),Female,5.52,1,Kids
13-17 (Teen),Female,4.16,0,Kids
13-17 (Teen),Male,3.36,1,Kids
8-12 (Pre-teen),Female,3.96,0,Kids
18-29 (Young Adult),Female,4.32,1,Kids
13-17 (Teen),Female,5.9,1,Kids
13-17 (Teen),Female,3.74,1,Kids
8-12 (Pre-teen),Male,2.76,0,Kids
13-17 (Teen),Male,3.3,1,Kids
13-17 (Teen),Male,4.82,1,Kids
18-29 (Young Adult),Male,5.18,1,Kids
13-17 (Teen),Female,5.52,0,Kids
8-12 (Pre-teen),Female,1.97,0,Kids
13-17 (Teen),Male,4.7,1,Kids
18-29 (Young Adult),Male,2.88,0,Kids
13-17 (Teen),Male,3.34,0,Kids
13-17 (Teen),Male,3.74,0,Kids
18-29 (Young Adult),Male,6.02,1,Kids
13-17 (Teen),Male,2.28,0,Kids
13-17 (Teen),Male,3.69,1,Kids
8-12 (Pre-teen),Male,4.69,1,Kids
13-17 (Teen),Female,5.12,0,Kids
8-12 (Pre-teen),Female,0.99,0,Kids
13-17 (Teen),Male,4.68,1,Kids
8-12 (Pre-teen),Female,8.63,1,Kids
13-17 (Teen),Male,7.21,0,Kids
13-17 (Teen),Female,7.36,1,Kids
13-17 (Teen),Female,4.97,0,Kids
13-17 (Teen),Male,6.32,1,Kids
13-17 (Teen),Female,4.94,1,Kids
13-17 (Teen),Female,4.16,0,Kids
8-12 (Pre-teen),Female,3.61,0,Kids
13-17 (Teen),Female,6.8,1,Kids
13-17 (Teen),Female,3.19,0,Kids
13-17 (Teen),Female,5.09,0,Kids
13-17 (Teen),Male,5.44,1,Kids
8-12 (Pre-teen),Female,0.55,0,Kids
13-17 (Teen),Female,5.14,1,Kids
8-12 (Pre-teen),Female,6.19,0,Kids
8-12 (Pre-teen),Female,3.61,1,Kids
13-17 (Teen),Female,4.2,0,Kids
13-17 (Teen),Male,5.83,0,Kids
18-29 (Young Adult),Male,6.12,1,Kids
13-17 (Teen),Male,4.7,0,Kids
8-12 (Pre-teen),Male,1.6,0,Kids
13-17 (Teen),Female,4.09,0,Kids
13-17 (Teen),Male,3.81,1,Kids
18-29 (Young Adult),Male,4.7,0,Kids
8-12 (Pre-teen),Male,6.57,0,Kids
8-12 (Pre-teen),Male,4.78,0,Kids
8-12 (Pre-teen),Male,4.18,1,Kids
8-12 (Pre-teen),Female,4.18,0,Kids
13-17 (Teen),Female,4.61,0,Kids
13-17 (Teen),Female,3.22,0,Kids
13-17 (Teen),Male,3.39,0,Kids
13-17 (Teen),Female,5.09,0,Kids
13-17 (Teen),Female,5.52,1,Kids
13-17 (Teen),Female,5.97,1,Kids
13-17 (Teen),Female,3.77,0,Kids
13-17 (Teen),Female,3.22,1,Kids
8-12 (Pre-teen),Female,0.81,0,Kids
13-17 (Teen),Male,4.92,1,Kids
8-12 (Pre-teen),Male,4.65,1,Kids
18-29 (Young Adult),Male,3.2,1,Kids
13-17 (Teen),Female,2.39,0,Kids
8-12 (Pre-teen),Male,3.06,0,Kids
13-17 (Teen),Male,4.35,0,Kids
18-29 (Young Adult),Female,5.22,1,Kids
8-12 (Pre-teen),Female,3.62,0,Kids
13-17 (Teen),Male,3.11,0,Kids
13-17 (Teen),Male,6.83,1,Kids
13-17 (Teen),Male,4.35,0,Kids
8-12 (Pre-teen),Female,2.88,0,Kids
8-12 (Pre-teen),Male,10.2,1,Kids
13-17 (Teen),Male,4.96,1,Kids
8-12 (Pre-teen),Male,4.92,0,Kids
8-12 (Pre-teen),Male,2.7,0,Kids
8-12 (Pre-teen),Male,5.98,1,Kids
13-17 (Teen),Male,5.36,1,Kids
13-17 (Teen),Female,4.07,1,Kids
8-12 (Pre-teen),Male,6.63,1,Kids
13-17 (Teen),Male,5.33,0,Kids
8-12 (Pre-teen),Male,4.84,0,Kids
8-12 (Pre-teen),Female,4.14,1,Kids
18-29 (Young Adult),Male,5.41,1,Kids
13-17 (Teen),Female,4.32,0,Kids
13-17 (Teen),Female,4.18,1,Kids
13-17 (Teen),Male,4.29,1,Kids
13-17 (Teen),Male,6.95,1,Kids
8-12 (Pre-teen),Female,6.21,0,Kids
18-29 (Young Adult),Male,3.24,0,Kids
8-12 (Pre-teen),Female,0.1,0,Kids
8-12 (Pre-teen),Female,4.72,1,Kids
13-17 (Teen),Female,7.34,0,Kids
8-12 (Pre-teen),Female,4.58,1,Kids
8-12 (Pre-teen),Female,0.0,0,Kids
8-12 (Pre-teen),Male,3.53,0,Kids
8-12 (Pre-teen),Female,6.23,0,Kids
8-12 (Pre-teen),Male,5.71,0,Kids
13-17 (Teen),Male,6.14,0,Kids
8-12 (Pre-teen),Male,3.09,0,Kids
13-17 (Teen),Male,4.99,1,Kids
8-12 (Pre-teen),Female,4.99,0,Kids
13-17 (Teen),Female,2.73,0,Kids
8-12 (Pre-teen),Female,6.09,0,Kids
8-12 (Pre-teen),Male,7.56,1,Kids
8-12 (Pre-teen),Female,8.89,1,Kids
8-12 (Pre-teen),Female,2.56,0,Kids
13-17 (Teen),Female,4.3,0,Kids
8-12 (Pre-teen),Male,5.55,0,Kids
8-12 (Pre-teen),Female,4.45,1,Kids
18-29 (Young Adult),Male,2.35,0,Kids
13-17 (Teen),Female,5.55,1,Kids
13-17 (Teen),Female,5.7,1,Kids
13-17 (Teen),Male,3.95,1,Kids
13-17 (Teen),Female,4.23,0,Kids
13-17 (Teen),Male,3.58,1,Kids
13-17 (Teen),Male,3.28,0,Kids
8-12 (Pre-teen),Male,2.73,0,Kids
13-17 (Teen),Female,6.06,0,Kids
8-12 (Pre-teen),Female,1.42,0,Kids
8-12 (Pre-teen),Female,1.2,0,Kids
18-29 (Young Adult),Female,6.55,1,Kids
8-12 (Pre-teen),Male,4.64,1,Kids
8-12 (Pre-teen),Male,8.78,0,Kids
18-29 (Young Adult),Female,3.72,1,Kids
8-12 (Pre-teen),Male,5.68,0,Kids
8-12 (Pre-teen),Male,5.38,0,Kids
13-17 (Teen),Female,4.82,1,Kids
13-17 (Teen),Female,4.43,1,Kids
13-17 (Teen),Female,4.92,1,Kids
13-17 (Teen),Male,2.3,0,Kids
18-29 (Young Adult),Female,7.03,0,Kids
8-12 (Pre-teen),Female,6.8,1,Kids
8-12 (Pre-teen),Male,6.76,1,Kids
13-17 (Teen),Male,5.86,0,Kids
18-29 (Young Adult),Male,3.91,1,Kids
13-17 (Teen),Female,5.85,1,Kids
13-17 (Teen),Male,2.12,0,Kids
13-17 (Teen),Female,4.44,0,Kids
13-17 (Teen),Female,3.59,1,Kids
8-12 (Pre-teen),Female,2.4,0,Kids
8-12 (Pre-teen),Male,4.53,0,Kids
13-17 (Teen),Male,4.47,1,Kids
13-17 (Teen),Male,5.71,1,Kids
13-17 (Teen),Female,4.55,1,Kids
8-12 (Pre-teen),Female,3.05,0,Kids
8-12 (Pre-teen),Male,2.04,0,Kids
13-17 (Teen),Female,5.76,1,Kids
13-17 (Teen),Female,6.03,1,Kids
13-17 (Teen),Male,5.16,1,Kids
8-12 (Pre-teen),Male,3.91,1,Kids
18-29 (Young Adult),Male,4.65,0,Kids
13-17 (Teen),Male,1.92,0,Kids
13-17 (Teen),Male,4.67,0,Kids
8-12 (Pre-teen),Female,1.65,0,Kids
8-12 (Pre-teen),Male,6.13,1,Kids
8-12 (Pre-teen),Female,0.95,0,Kids
13-17 (Teen),Male,6.85,1,Kids
8-12 (Pre-teen),Female,3.95,1,Kids
8-12 (Pre-teen),Female,6.21,1,Kids
8-12 (Pre-teen),Male,2.88,0,Kids
8-12 (Pre-teen),Female,5.8,1,Kids
13-17 (Teen),Female,4.24,0,Kids
8-12 (Pre-teen),Male,4.5,0,Kids
13-17 (Teen),Male,4.84,1,Kids
13-17 (Teen),Male,4.82,0,Kids
13-17 (Teen),Male,4.57,1,Kids
8-12 (Pre-teen),Female,4.91,0,Kids
13-17 (Teen),Female,5.34,1,Kids
18-29 (Young Adult),Female,4.58,0,Kids
13-17 (Teen),Female,6.05,1,Kids
13-17 (Teen),Male,6.34,0,Kids
13-17 (Teen),Male,4.21,1,Kids
8-12 (Pre-teen),Female,0.26,0,Kids
13-17 (Teen),Male,4.19,0,Kids
8-12 (Pre-teen),Female,5.17,1,Kids
8-12 (Pre-teen),Female,7.59,0,Kids
8-12 (Pre-teen),Female,7.02,0,Kids
8-12 (Pre-teen),Female,4.77,0,Kids
13-17 (Teen),Female,5.42,1,Kids
8-12 (Pre-teen),Female,6.7,1,Kids
13-17 (Teen),Female,4.77,1,Kids
8-12 (Pre-teen),Male,4.53,1,Kids
8-12 (Pre-teen),Male,1.88,0,Kids
13-17 (Teen),Female,4.93,0,Kids
13-17 (Teen),Male,4.19,1,Kids
13-17 (Teen),Male,4.9,0,Kids
8-12 (Pre-teen),Female,6.26,0,Kids
8-12 (Pre-teen),Female,4.18,1,Kids
8-12 (Pre-teen),Male,3.09,1,Kids
8-12 (Pre-teen),Female,3.49,1,Kids
18-29 (Young Adult),Female,5.07,1,Kids
13-17 (Teen),Male,5.67,0,Kids
13-17 (Teen),Female,4.67,1,Kids
13-17 (Teen),Female,5.63,1,Kids
13-17 (Teen),Male,3.51,0,Kids
8-12 (Pre-teen),Male,3.23,1,Kids
8-12 (Pre-teen),Male,4.29,1,Kids
8-12 (Pre-teen),Male,5.17,1,Kids
13-17 (Teen),Female,7.46,0,Kids
8-12 (Pre-teen),Male,0.0,0,Kids
18-29 (Young Adult),Male,2.68,0,Kids
13-17 (Teen),Male,3.59,1,Kids
8-12 (Pre-teen),Female,0.66,0,Kids
8-12 (Pre-teen),Female,6.71,1,Kids
13-17 (Teen),Male,5.52,1,Kids
8-12 (Pre-teen),Female,5.23,0,Kids
13-17 (Teen),Male,2.68,0,Kids
8-12 (Pre-teen),Male,0.04,0,Kids
13-17 (Teen),Female,1.39,0,Kids
13-17 (Teen),Male,4.87,1,Kids
13-17 (Teen),Male,5.11,0,Kids
8-12 (Pre-teen),Female,1.94,0,Kids
13-17 (Teen),Male,1.54,0,Kids
8-12 (Pre-teen),Female,2.69,0,Kids
13-17 (Teen),Male,5.39,0,Kids
8-12 (Pre-teen),Male,6.16,1,Kids
13-17 (Teen),Female,5.15,1,Kids
8-12 (Pre-teen),Male,4.06,1,Kids
13-17 (Teen),Female,3.65,0,Kids
13-17 (Teen),Male,6.42,1,Kids
13-17 (Teen),Female,3.69,0,Kids
13-17 (Teen),Female,3.94,1,Kids
13-17 (Teen),Female,3.46,1,Kids
13-17 (Teen),Female,3.88,1,Kids
13-17 (Teen),Male,4.61,0,Kids
13-17 (Teen),Female,4.62,1,Kids
13-17 (Teen),Male,5.31,1,Kids
18-29 (Young Adult),Male,3.66,0,Kids
13-17 (Teen),Male,3.38,0,Kids
13-17 (Teen),Male,5.85,0,Kids
13-17 (Teen),Female,4.6,0,Kids
8-12 (Pre-teen),Female,4.93,1,Kids
13-17 (Teen),Female,4.8,1,Kids
8-12 (Pre-teen),Male,4.79,0,Kids
8-12 (Pre-teen),Male,0.04,0,Kids
8-12 (Pre-teen),Male,2.31,0,Kids
13-17 (Teen),Female,6.17,0,Kids
8-12 (Pre-teen),Male,5.88,0,Kids
8-12 (Pre-teen),Male,6.26,0,Kids
13-17 (Teen),Female,3.82,1,Kids
13-17 (Teen),Female,6.07,1,Kids
8-12 (Pre-teen),Male,4.57,1,Kids
8-12 (Pre-teen),Male,3.71,1,Kids
8-12 (Pre-teen),Female,3.25,0,Kids
13-17 (Teen),Male,4.08,1,Kids
13-17 (Teen),Male,3.92,0,Kids
8-12 (Pre-teen),Male,3.77,1,Kids
8-12 (Pre-teen),Female,4.49,1,Kids
8-12 (Pre-teen),Male,3.95,1,Kids
13-17 (Teen),Male,5.29,0,Kids
8-12 (Pre-teen),Female,7.81,1,Kids
13-17 (Teen),Male,1.8,0,Kids
13-17 (Teen),Female,5.56,0,Kids
13-17 (Teen),Female,4.13,1,Kids
8-12 (Pre-teen),Female,5.64,1,Kids
8-12 (Pre-teen),Female,9.65,1,Kids
13-17 (Teen),Female,5.59,0,Kids
13-17 (Teen),Male,4.01,1,Kids
13-17 (Teen),Female,4.12,0,Kids
8-12 (Pre-teen),Female,5.1,1,Kids
8-12 (Pre-teen),Male,0.0,0,Kids
13-17 (Teen),Female,5.75,1,Kids
8-12 (Pre-teen),Male,4.39,1,Kids
8-12 (Pre-teen),Female,3.8,1,Kids
8-12 (Pre-teen),Male,4.82,0,Kids
8-12 (Pre-teen),Male,2.83,0,Kids
13-17 (Teen),Female,5.17,1,Kids
13-17 (Teen),Female,3.58,0,Kids
13-17 (Teen),Female,4.71,0,Kids
8-12 (Pre-teen),Male,1.95,0,Kids
8-12 (Pre-teen),Male,4.56,1,Kids
8-12 (Pre-teen),Male,7.28,0,Kids
13-17 (Teen),Female,2.81,0,Kids
13-17 (Teen),Male,4.11,0,Kids
13-17 (Teen),Female,4.88,0,Kids
8-12 (Pre-teen),Female,8.0,0,Kids
8-12 (Pre-teen),Female,5.84,1,Kids
8-12 (Pre-teen),Female,3.61,1,Kids
8-12 (Pre-teen),Male,4.7,1,Kids
8-12 (Pre-teen),Female,5.57,1,Kids
13-17 (Teen),Female,6.51,1,Kids
18-29 (Young Adult),Male,3.99,0,Kids
8-12 (Pre-teen),Male,0.0,0,Kids
8-12 (Pre-teen),Male,5.74,0,Kids
8-12 (Pre-teen),Male,5.24,1,Kids
18-29 (Young Adult),Female,4.25,1,Kids
13-17 (Teen),Male,6.19,1,Kids
8-12 (Pre-teen),Female,3.81,0,Kids
18-29 (Young Adult),Female,4.81,0,Kids
8-12 (Pre-teen),Male,0.0,0,Kids
13-17 (Teen),Male,5.0,1,Kids
13-17 (Teen),Male,5.86,0,Kids
13-17 (Teen),Female,2.72,0,Kids
8-12 (Pre-teen),Male,4.51,0,Kids
18-29 (Young Adult),Female,4.65,1,Kids
8-12 (Pre-teen),Female,9.29,1,Kids
8-12 (Pre-teen),Male,3.62,0,Kids
13-17 (Teen),Male,4.6,1,Kids
8-12 (Pre-teen),Female,4.7,1,Kids
18-29 (Young Adult),Female,4.36,1,Kids
8-12 (Pre-teen),Male,4.03,1,Kids
13-17 (Teen),Female,4.84,0,Kids
8-12 (Pre-teen),Male,3.72,1,Kids
8-12 (Pre-teen),Male,4.79,0,Kids
8-12 (Pre-teen),Female,7.35,0,Kids
8-12 (Pre-teen),Female,6.24,0,Kids
8-12 (Pre-teen),Female,5.69,1,Kids
13-17 (Teen),Male,4.82,1,Kids
13-17 (Teen),Female,4.29,1,Kids
13-17 (Teen),Male,4.73,1,Kids
8-12 (Pre-teen),Female,1.82,0,Kids
13-17 (Teen),Female,3.31,1,Kids
13-17 (Teen),Male,1.61,0,Kids
13-17 (Teen),Female,4.81,1,Kids
13-17 (Teen),Male,2.72,0,Kids
8-12 (Pre-teen),Male,0.48,0,Kids
18-29 (Young Adult),Male,5.09,1,Kids
13-17 (Teen),Male,3.71,0,Kids
13-17 (Teen),Female,1.73,0,Kids
13-17 (Teen),Male,4.69,1,Kids
8-12 (Pre-teen),Female,3.13,1,Kids
8-12 (Pre-teen),Male,5.99,1,Kids
8-12 (Pre-teen),Male,0.15,0,Kids
13-17 (Teen),Female,3.46,0,Kids
8-12 (Pre-teen),Female,6.29,0,Kids
8-12 (Pre-teen),Male,3.25,1,Kids
13-17 (Teen),Female,3.37,1,Kids
8-12 (Pre-teen),Male,3.97,0,Kids
8-12 (Pre-teen),Male,4.02,0,Kids
13-17 (Teen),Male,3.32,0,Kids
13-17 (Teen),Female,3.25,0,Kids
8-12 (Pre-teen),Female,5.25,0,Kids
8-12 (Pre-teen),Male,5.11,0,Kids
8-12 (Pre-teen),Female,1.11,0,Kids
13-17 (Teen),Female,5.93,0,Kids
18-29 (Young Adult),Female,5.7,0,Kids
18-29 (Young Adult),Female,4.99,1,Kids
8-12 (Pre-teen),Female,1.94,0,Kids
18-29 (Young Adult),Female,3.12,1,Kids
8-12 (Pre-teen),Female,3.43,0,Kids
8-12 (Pre-teen),Female,3.87,1,Kids
8-12 (Pre-teen),Female,5.72,0,Kids
8-12 (Pre-teen),Female,0.72,0,Kids
13-17 (Teen),Female,4.3,1,Kids
8-12 (Pre-teen),Male,0.78,0,Kids
13-17 (Teen),Female,3.55,0,Kids
8-12 (Pre-teen),Male,2.98,0,Kids
13-17 (Teen),Male,1.63,0,Kids
13-17 (Teen),Male,6.33,1,Kids
8-12 (Pre-teen),Male,6.51,0,Kids
13-17 (Teen),Male,4.21,0,Kids
13-17 (Teen),Male,3.03,1,Kids
8-12 (Pre-teen),Male,3.09,1,Kids
13-17 (Teen),Male,4.84,1,Kids
8-12 (Pre-teen),Male,4.18,0,Kids
13-17 (Teen),Male,7.78,1,Kids
13-17 (Teen),Male,4.0,1,Kids
8-12 (Pre-teen),Male,6.3,1,Kids
8-12 (Pre-teen),Female,4.19,1,Kids
8-12 (Pre-teen),Male,2.08,0,Kids
8-12 (Pre-teen),Female,6.94,0,Kids
13-17 (Teen),Female,5.17,0,Kids
18-29 (Young Adult),Male,5.36,0,Kids
13-17 (Teen),Male,4.64,0,Kids
13-17 (Teen),Male,3.74,0,Kids
18-29 (Young Adult),Male,4.88,0,Kids
13-17 (Teen),Male,3.65,1,Kids
13-17 (Teen),Male,4.92,1,Kids
13-17 (Teen),Male,4.75,1,Kids
13-17 (Teen),Male,4.88,1,Kids
13-17 (Teen),Male,3.85,0,Kids
13-17 (Teen),Female,4.29,1,Kids
13-17 (Teen),Female,5.26,0,Kids
13-17 (Teen),Male,5.0,1,Kids
8-12 (Pre-teen),Male,4.43,0,Kids
13-17 (Teen),Male,4.69,1,Kids
13-17 (Teen),Female,6.37,1,Kids
8-12 (Pre-teen),Male,4.43,0,Kids
8-12 (Pre-teen),Male,6.34,1,Kids
13-17 (Teen),Male,5.44,1,Kids
8-12 (Pre-teen),Male,6.79,0,Kids
13-17 (Teen),Female,3.57,1,Kids
8-12 (Pre-teen),Female,3.17,1,Kids
13-17 (Teen),Female,6.13,1,Kids
13-17 (Teen),Female,2.29,0,Kids
18-29 (Young Adult),Female,4.04,0,Kids
13-17 (Teen),Female,4.35,1,Kids
8-12 (Pre-teen),Male,4.38,1,Kids
13-17 (Teen),Female,4.81,1,Kids
13-17 (Teen),Female,4.53,0,Kids
13-17 (Teen),Female,6.13,0,Kids
13-17 (Teen),Female,5.69,0,Kids
8-12 (Pre-teen),Female,6.23,1,Kids
13-17 (Teen),Female,3.25,0,Kids
8-12 (Pre-teen),Male,0.0,0,Kids
13-17 (Teen),Female,4.95,1,Kids
13-17 (Teen),Male,5.75,1,Kids
13-17 (Teen),Female,3.84,0,Kids
8-12 (Pre-teen),Male,6.28,1,Kids
8-12 (Pre-teen),Male,4.51,0,Kids
13-17 (Teen),Male,3.19,1,Kids
18-29 (Young Adult),Male,5.75,0,Kids
13-17 (Teen),Male,5.17,0,Kids
8-12 (Pre-teen),Female,0.0,0,Kids
8-12 (Pre-teen),Female,6.34,1,Kids
8-12 (Pre-teen),Male,0.63,0,Kids
18-29 (Young Adult),Male,5.55,0,Kids
13-17 (Teen),Male,4.79,1,Kids
8-12 (Pre-teen),Male,4.29,1,Kids
8-12 (Pre-teen),Female,2.95,0,Kids
8-12 (Pre-teen),Male,4.6,1,Kids
8-12 (Pre-teen),Female,6.21,1,Kids
8-12 (Pre-teen),Male,2.26,0,Kids
13-17 (Teen),Female,5.4,1,Kids
13-17 (Teen),Male,5.85,1,Kids
13-17 (Teen),Female,4.88,1,Kids
13-17 (Teen),Female,3.29,1,Kids
13-17 (Teen),Female,5.95,0,Kids
8-12 (Pre-teen),Male,3.2,0,Kids
13-17 (Teen),Male,4.39,0,Kids
8-12 (Pre-teen),Male,2.09,0,Kids
13-17 (Teen),Female,5.51,0,Kids
13-17 (Teen),Male,6.65,0,Kids
8-12 (Pre-teen),Male,2.78,0,Kids
8-12 (Pre-teen),Male,3.86,0,Kids
13-17 (Teen),Female,4.79,1,Kids
8-12 (Pre-teen),Male,5.78,0,Kids
8-12 (Pre-teen),Male,5.71,1,Kids
8-12 (Pre-teen),Female,3.73,1,Kids
13-17 (Teen),Male,3.36,0,Kids
8-12 (Pre-teen),Female,5.09,0,Kids
8-12 (Pre-teen),Female,3.84,1,Kids
18-29 (Young Adult),Male,3.89,0,Kids
8-12 (Pre-teen),Male,1.99,0,Kids
8-12 (Pre-teen),Female,6.87,1,Kids
8-12 (Pre-teen),Female,5.16,0,Kids
18-29 (Young Adult),Male,5.22,1,Kids
8-12 (Pre-teen),Female,4.54,0,Kids
13-17 (Teen),Male,2.59,0,Kids
8-12 (Pre-teen),Female,2.83,0,Kids
18-29 (Young Adult),Female,5.43,0,Kids
13-17 (Teen),Female,4.32,0,Kids
13-17 (Teen),Male,5.45,0,Kids
8-12 (Pre-teen),Male,6.24,1,Kids
8-12 (Pre-teen),Female,5.05,0,Kids
8-12 (Pre-teen),Female,4.5,0,Kids
8-12 (Pre-teen),Female,4.7,1,Kids
18-29 (Young Adult),Female,3.58,1,Kids
13-17 (Teen),Male,4.86,1,Kids
8-12 (Pre-teen),Female,1.29,0,Kids
13-17 (Teen),Female,3.53,0,Kids
13-17 (Teen),Male,3.11,1,Kids
13-17 (Teen),Male,4.44,0,Kids
13-17 (Teen),Female,4.84,1,Kids
13-17 (Teen),Male,5.76,0,Kids
13-17 (Teen),Female,4.75,0,Kids
8-12 (Pre-teen),Male,5.73,1,Kids
13-17 (Teen),Male,4.96,0,Kids
8-12 (Pre-teen),Female,2.44,0,Kids
8-12 (Pre-teen),Female,6.17,1,Kids
13-17 (Teen),Female,3.51,1,Kids
8-12 (Pre-teen),Female,2.66,0,Kids
8-12 (Pre-teen),Female,3.67,0,Kids
13-17 (Teen),Female,5.72,1,Kids
13-17 (Teen),Female,2.21,0,Kids
13-17 (Teen),Male,4.45,0,Kids
13-17 (Teen),Male,4.76,1,Kids
8-12 (Pre-teen),Male,0.21,0,Kids
8-12 (Pre-teen),Female,4.24,0,Kids
8-12 (Pre-teen),Female,7.24,1,Kids
8-12 (Pre-teen),Female,1.73,0,Kids
13-17 (Teen),Male,4.85,1,Kids
18-29 (Young Adult),Male,3.63,1,Kids
8-12 (Pre-teen),Male,3.63,0,Kids
8-12 (Pre-teen),Male,6.71,0,Kids
18-29 (Young Adult),Male,5.45,1,Kids
13-17 (Teen),Female,4.78,0,Kids
8-12 (Pre-teen),Male,5.72,0,Kids
8-12 (Pre-teen),Male,3.51,1,Kids
8-12 (Pre-teen),Female,4.52,0,Kids
18-29 (Young Adult),Male,4.14,0,Kids
8-12 (Pre-teen),Female,3.64,1,Kids
8-12 (Pre-teen),Female,7.21,1,Kids
18-29 (Young Adult),Male,4.73,0,Kids
8-12 (Pre-teen),Female,7.46,0,Kids
8-12 (Pre-teen),Male,4.77,0,Kids
13-17 (Teen),Female,3.63,0,Kids
8-12 (Pre-teen),Female,2.83,0,Kids
18-29 (Young Adult),Female,3.85,1,Kids
8-12 (Pre-teen),Male,8.91,1,Kids
13-17 (Teen),Male,5.88,1,Kids
8-12 (Pre-teen),Male,10.18,0,Kids
13-17 (Teen),Male,2.63,0,Kids
8-12 (Pre-teen),Female,4.83,1,Kids
13-17 (Teen),Female,5.64,0,Kids
13-17 (Teen),Male,4.03,1,Kids
13-17 (Teen),Female,5.28,1,Kids
13-17 (Teen),Male,4.33,0,Kids
13-17 (Teen),Male,2.04,0,Kids
18-29 (Young Adult),Male,4.48,1,Kids
13-17 (Teen),Male,3.38,1,Kids
8-12 (Pre-teen),Female,3.26,1,Kids
13-17 (Teen),Female,4.44,0,Kids
13-17 (Teen),Female,3.55,1,Kids
13-17 (Teen),Female,6.52,0,Kids
8-12 (Pre-teen),Female,1.67,0,Kids
8-12 (Pre-teen),Male,8.61,1,Kids
13-17 (Teen),Female,3.47,0,Kids
8-12 (Pre-teen),Female,4.63,1,Kids
8-12 (Pre-teen),Female,4.85,0,Kids
13-17 (Teen),Female,6.99,0,Kids
13-17 (Teen),Female,2.5,0,Kids
13-17 (Teen),Male,4.91,0,Kids
8-12 (Pre-teen),Female,6.66,1,Kids
13-17 (Teen),Female,3.89,0,Kids
13-17 (Teen),Female,4.6,1,Kids
8-12 (Pre-teen),Male,6.8,1,Kids
13-17 (Teen),Female,3.5,1,Kids
13-17 (Teen),Male,5.27,1,Kids
13-17 (Teen),Male,3.88,0,Kids
13-17 (Teen),Male,3.16,0,Kids
8-12 (Pre-teen),Male,4.23,1,Kids
8-12 (Pre-teen),Female,1.72,0,Kids
13-17 (Teen),Female,3.51,1,Kids
8-12 (Pre-teen),Female,0.42,0,Kids
13-17 (Teen),Male,3.36,1,Kids
13-17 (Teen),Male,4.51,0,Kids
8-12 (Pre-teen),Female,4.79,1,Kids
8-12 (Pre-teen),Male,7.47,0,Kids
13-17 (Teen),Male,4.9,0,Kids
8-12 (Pre-teen),Female,6.41,1,Kids
8-12 (Pre-teen),Male,3.52,0,Kids
13-17 (Teen),Female,4.93,1,Kids
8-12 (Pre-teen),Female,0.33,0,Kids
13-17 (Teen),Female,4.22,1,Kids
8-12 (Pre-teen),Male,4.94,0,Kids
18-29 (Young Adult),Female,4.06,1,Kids
13-17 (Teen),Male,3.22,0,Kids
18-29 (Young Adult),Male,3.67,0,Kids
18-29 (Young Adult),Female,4.62,1,Kids
8-12 (Pre-teen),Male,9.7,1,Kids
8-12 (Pre-teen),Male,5.22,1,Kids
13-17 (Teen),Male,3.8,1,Kids
13-17 (Teen),Male,4.79,0,Kids
13-17 (Teen),Male,4.05,1,Kids
8-12 (Pre-teen),Male,4.02,1,Kids
8-12 (Pre-teen),Female,2.08,0,Kids
13-17 (Teen),Female,2.51,0,Kids
8-12 (Pre-teen),Female,4.46,0,Kids
8-12 (Pre-teen),Female,4.03,1,Kids
13-17 (Teen),Male,5.3,1,Kids
13-17 (Teen),Female,4.66,1,Kids
13-17 (Teen),Male,5.26,0,Kids
13-17 (Teen),Male,4.73,0,Kids
13-17 (Teen),Female,5.8,1,Kids
8-12 (Pre-teen),Male,4.34,0,Kids
13-17 (Teen),Female,3.96,1,Kids
13-17 (Teen),Male,3.85,1,Kids
18-29 (Young Adult),Male,2.84,0,Kids
8-12 (Pre-teen),Female,3.83,1,Kids
13-17 (Teen),Male,4.2,1,Kids
18-29 (Young Adult),Male,3.75,1,Kids
8-12 (Pre-teen),Female,4.22,1,Kids
8-12 (Pre-teen),Female,5.27,1,Kids
8-12 (Pre-teen),Female,0.73,0,Kids
13-17 (Teen),Male,4.56,1,Kids
8-12 (Pre-teen),Male,5.62,1,Kids
8-12 (Pre-teen),Male,0.0,0,Kids
8-12 (Pre-teen),Female,0.0,0,Kids
8-12 (Pre-teen),Male,4.11,1,Kids
13-17 (Teen),Female,5.66,0,Kids
13-17 (Teen),Male,4.29,0,Kids
13-17 (Teen),Male,4.4,0,Kids
18-29 (Young Adult),Female,5.94,1,Kids
8-12 (Pre-teen),Male,4.6,1,Kids
8-12 (Pre-teen),Female,0.89,0,Kids
13-17 (Teen),Female,5.02,0,Kids
8-12 (Pre-teen),Male,2.5,0,Kids
8-12 (Pre-teen),Male,6.84,0,Kids
13-17 (Teen),Female,3.43,0,Kids
13-17 (Teen),Male,6.6,1,Kids
8-12 (Pre-teen),Male,6.98,0,Kids
8-12 (Pre-teen),Male,5.22,1,Kids
13-17 (Teen),Male,4.5,1,Kids
18-29 (Young Adult),Male,0.86,0,Kids
8-12 (Pre-teen),Male,5.18,0,Kids
8-12 (Pre-teen),Male,5.32,1,Kids
8-12 (Pre-teen),Female,6.02,0,Kids
13-17 (Teen),Male,5.85,0,Kids
8-12 (Pre-teen),Male,4.97,1,Kids
13-17 (Teen),Female,6.69,1,Kids
18-29 (Young Adult),Male,5.11,0,Kids
13-17 (Teen),Female,3.71,0,Kids
8-12 (Pre-teen),Male,5.58,0,Kids
13-17 (Teen),Female,5.69,1,Kids
8-12 (Pre-teen),Male,2.33,0,Kids
8-12 (Pre-teen),Female,3.17,0,Kids
8-12 (Pre-teen),Male,1.9,0,Kids
8-12 (Pre-teen),Female,5.57,0,Kids
8-12 (Pre-teen),Female,2.26,0,Kids
13-17 (Teen),Female,4.59,1,Kids
18-29 (Young Adult),Female,7.54,1,Kids
13-17 (Teen),Female,7.09,1,Kids
8-12 (Pre-teen),Female,2.69,0,Kids
8-12 (Pre-teen),Female,5.05,1,Kids
13-17 (Teen),Female,4.74,0,Kids
8-12 (Pre-teen),Male,3.66,1,Kids
8-12 (Pre-teen),Female,2.85,0,Kids
13-17 (Teen),Female,5.3,1,Kids
13-17 (Teen),Male,6.08,0,Kids
13-17 (Teen),Male,6.17,1,Kids
8-12 (Pre-teen),Male,6.62,1,Kids
8-12 (Pre-teen),Female,4.23,0,Kids
8-12 (Pre-teen),Female,8.07,1,Kids
8-12 (Pre-teen),Male,4.84,0,Kids
13-17 (Teen),Male,3.26,1,Kids
13-17 (Teen),Female,4.43,1,Kids
13-17 (Teen),Male,5.62,1,Kids
13-17 (Teen),Male,5.6,1,Kids
13-17 (Teen),Female,6.12,0,Kids
